Date,Receipt number,Receipt type,Gross sales,Discounts,Net sales,Taxes,Total collected,Cost of goods,Gross profit,Payment type,Description,Dining option,POS,Store,Cashier name,Customer name,Customer contacts,Status
24/09/2026 23:38,2-1314,Sale,33.50,0.00,33.50,0.00,33.50,25.65,7.85,Cash,1 x OISHI FISH CRACKERS 90G,Dine in,POS 2,Route 98 - Minimart,Owner,,,Closed
24/09/2026 23:37,2-1313,Sale,50.00,0.00,50.00,0.00,50.00,28.52,21.48,Cash,2 x NATURE'S SPRING PURE 1000ML,Dine in,POS 2,Route 98 - Minimart,Owner,,,Closed
24/09/2026 23:35,2-1312,Sale,268.00,0.00,268.00,0.00,268.00,203.90,64.10,Cash,"1 x GSM BLUE MOJITO, 4 x DINGDONG MIXNUTS 5G, 1 x FISH CRACKERS 24G, 10 x DINGDONG MIXNUTS 5G, 10 x HAPPY CHICKEN ADOBO 5G, 1 x ICE CUBE 1KG, 1 x CREAMLINE JUMBO CONE UBE QUESO 140ML",Dine in,POS 2,Route 98 - Minimart,Owner,,,Closed
24/09/2026 23:32,2-1311,Sale,2.00,0.00,2.00,0.00,2.00,0.00,2.00,Cash,1 x #misc,Dine in,POS 2,Route 98 - Minimart,Owner,,,Closed
24/09/2026 23:29,2-1310,Sale,36.00,0.00,36.00,0.00,36.00,27.30,8.70,Cash,3 x WINSTON RED STICK,Dine in,POS 2,Route 98 - Minimart,Owner,,,Closed
24/09/2026 23:17,2-1309,Sale,39.00,0.00,39.00,0.00,39.00,25.80,13.20,Cash,"1 x PILLOWS UBE 24G, 3 x CLOUD 9 CLASSIC",Dine in,POS 2,Route 98 - Minimart,Owner,,,Closed
24/09/2026 23:14,2-1308,Sale,12.00,0.00,12.00,0.00,12.00,9.10,2.90,Cash,1 x WINSTON RED STICK,Dine in,POS 2,Route 98 - Minimart,Owner,,,Closed
24/09/2026 23:01,2-1307,Sale,65.00,0.00,65.00,0.00,65.00,45.50,19.50,Cash,"5 x WINSTON RED STICK, 1 x #misc",Dine in,POS 2,Route 98 - Minimart,Owner,,,Closed
24/09/2026 22:55,2-1306,Sale,87.00,0.00,87.00,0.00,87.00,69.10,17.90,Cash,"1 x RED HORSE 500, 1 x WINSTON RED STICK",Dine in,POS 2,Route 98 - Minimart,Owner,,,Closed
24/09/2026 22:32,2-1305,Sale,148.25,0.00,148.25,0.00,148.25,116.70,31.55,Cash,"3 x CREAMLINE JUMBO CONE UBE QUESO 140ML, 1 x MANG JUAN SUKANG PAOMBONG 90G, 1 x MARTY'S CRACKLINGS SPCY VNGR 90G",Dine in,POS 2,Route 98 - Minimart,Owner,,,Closed
24/09/2026 22:00,2-1304,Sale,264.75,0.00,264.75,0.00,264.75,206.44,58.31,Cash,"1 x TANDUAY SELECT 700ML, 1 x COCA COLA 1L BOTTLE, 1 x ICE CUBE 1KG, 2 x PLASTIC CUPS, 1 x CHIPPY BBQ 108G",Dine in,POS 2,Route 98 - Minimart,Owner,,,Closed
24/09/2026 21:56,2-1303,Sale,51.00,0.00,51.00,0.00,51.00,36.26,14.74,Cash,"1 x #misc, 1 x COCA COLA 290ML, 2 x NIPS PEANUT 14G, 1 x MIGHTY PULA  STICK",Dine in,POS 2,Route 98 - Minimart,Owner,,,Closed
24/09/2026 21:31,2-1302,Sale,24.00,0.00,24.00,0.00,24.00,18.20,5.80,Cash,2 x WINSTON RED STICK,Dine in,POS 2,Route 98 - Minimart,Owner,,,Closed
24/09/2026 21:31,2-1301,Sale,3.00,0.00,3.00,0.00,3.00,0.00,3.00,Cash,1 x PLASTIC CUPS,Dine in,POS 2,Route 98 - Minimart,Owner,,,Closed
24/09/2026 21:29,2-1300,Sale,28.50,0.00,28.50,0.00,28.50,24.00,4.50,Card,"1 x PIATTOS SOUR CREAM 40G, 1 x CHEEZ IT",Dine in,POS 2,Route 98 - Minimart,Owner,,,Closed
24/09/2026 21:28,2-1299,Sale,20.00,0.00,20.00,0.00,20.00,16.04,3.96,Cash,"1 x MIGHTY PULA  STICK, 1 x MIGHTY PUTI STICK",Dine in,POS 2,Route 98 - Minimart,Owner,,,Closed
24/09/2026 21:27,2-1298,Sale,110.00,0.00,110.00,0.00,110.00,86.90,23.10,Cash,1 x KULAFU 700ML,Dine in,POS 2,Route 98 - Minimart,Owner,,,Closed
24/09/2026 21:27,2-1297,Sale,220.00,0.00,220.00,0.00,220.00,130.80,89.20,Cash,"1 x VINO KULAFU 350, 1 x KULAFU 700ML, 1 x Royal 1.25L",Dine in,POS 2,Route 98 - Minimart,Owner,,,Closed
24/09/2026 21:14,2-1296,Sale,88.92,0.00,88.92,0.00,88.92,64.50,24.42,Cash,"1 x C2 SOLO APPLE 230ML, 4 x PANTENE SHAMPOO NOURISHED SHINE, 3 x ENERGEN CHOCO",Dine in,POS 2,Route 98 - Minimart,Owner,,,Closed
24/09/2026 21:10,2-1295,Sale,905.00,0.00,905.00,0.00,905.00,744.00,161.00,Cash,"6 x RED HORSE LITRO, 1 x ICE CUBE 2KG",Dine in,POS 2,Route 98 - Minimart,Owner,,,Closed
24/09/2026 21:06,2-1294,Sale,71.75,0.00,71.75,0.00,71.75,53.47,18.28,Cash,"1 x RICHEE 60G, 6 x NIPS PEANUT 14G",Dine in,POS 2,Route 98 - Minimart,Owner,,,Closed
24/09/2026 21:03,2-1293,Sale,100.00,0.00,100.00,0.00,100.00,87.80,12.20,Cash,2 x VINO KULAFU 350,Dine in,POS 2,Route 98 - Minimart,Owner,,,Closed
24/09/2026 20:34,2-1292,Sale,24.00,0.00,24.00,0.00,24.00,18.20,5.80,Cash,2 x WINSTON RED STICK,Dine in,POS 2,Route 98 - Minimart,Owner,,,Closed
24/09/2026 20:23,2-1291,Sale,70.00,0.00,70.00,0.00,70.00,56.40,13.60,Cash,"1 x CREAMLINE JUMBO CONE UBE QUESO 140ML, 2 x CREAMLINE PINIPIG CHOCOLATE 70ML",Dine in,POS 2,Route 98 - Minimart,Owner,,,Closed
24/09/2026 20:17,2-1290,Sale,95.00,0.00,95.00,0.00,95.00,78.15,16.85,Cash,"1 x POCARI SWEAT 350ML, 1 x VINO KULAFU 350",Dine in,POS 2,Route 98 - Minimart,Owner,,,Closed
24/09/2026 20:15,2-1289,Sale,85.00,0.00,85.00,0.00,85.00,64.05,20.95,Cash,"2 x CREAMLINE JUMBO CONE DOUBLE DUTCH 140ML, 1 x CREAMLINE SUNDAE STRAWBERRY 120ML",Dine in,POS 2,Route 98 - Minimart,Owner,,,Closed
24/09/2026 20:10,2-1288,Sale,68.00,0.00,68.00,0.00,68.00,45.33,22.67,Cash,"1 x NATURE'S SPRING DISTILLED 1000ML, 2 x CREAMLINE COOLERS MANGO 70ML, 1 x WINSTON RED STICK",Dine in,POS 2,Route 98 - Minimart,Owner,,,Closed
24/09/2026 19:56,2-1287,Sale,60.00,0.00,60.00,0.00,60.00,48.00,12.00,Card,1 x DELIGHT PROBIOTIC 400ML,Dine in,POS 2,Route 98 - Minimart,Owner,,,Closed
24/09/2026 19:55,2-1286,Sale,150.00,0.00,150.00,0.00,150.00,100.50,49.50,Cash,3 x COCA COLA 1L BOTTLE,Dine in,POS 2,Route 98 - Minimart,Owner,,,Closed
24/09/2026 19:43,2-1285,Sale,167.00,0.00,167.00,0.00,167.00,120.95,46.05,Cash,"1 x #StyroCups w/ stirrer, 1 x MAGIC CREAMS CONDENSED, 1 x PRESTO CHOCO PEANUT BUTTER, 1 x CREAMLINE SUNDAE CARAMEL 120ML, 1 x NISSIN BUTTER COCONUT 28G, 1 x DELIGHT PROBIOTIC 400ML, 1 x NESTLE FRESH MILK 250ML",Dine in,POS 2,Route 98 - Minimart,Owner,,,Closed
24/09/2026 19:36,2-1284,Sale,15.00,0.00,15.00,0.00,15.00,0.00,15.00,Cash,1 x NUTRIBOOST STRWBRRY 110,Dine in,POS 2,Route 98 - Minimart,Owner,,,Closed
24/09/2026 19:25,2-1283,Sale,48.00,0.00,48.00,0.00,48.00,32.78,15.22,Cash,"1 x NATURE'S SPRING DISTILLED 1000ML, 1 x MOUNTAIN DEW (290ML)",Dine in,POS 2,Route 98 - Minimart,Owner,,,Closed
24/09/2026 19:25,2-1282,Sale,9.00,0.00,9.00,0.00,9.00,5.55,3.45,Cash,1 x MAGIC CREAMS CONDENSED,Dine in,POS 2,Route 98 - Minimart,Owner,,,Closed
24/09/2026 19:07,2-1281,Sale,33.75,0.00,33.75,0.00,33.75,23.65,10.10,Cash,"1 x MR. CHIPS  NACHO CHEEZE 4G, 2 x WINSTON RED STICK",Dine in,POS 2,Route 98 - Minimart,Owner,,,Closed
24/09/2026 18:21,2-1280,Sale,12.50,0.00,12.50,0.00,12.50,8.19,4.31,Cash,1 x MR CHIPS MANAMIS MAIS 45G,Dine in,POS 2,Route 98 - Minimart,Owner,,,Closed
24/09/2026 18:06,2-1279,Sale,50.00,0.00,50.00,0.00,50.00,33.50,16.50,Cash,2 x STING 290ML,Dine in,POS 2,Route 98 - Minimart,Owner,,,Closed
24/09/2026 17:15,2-1278,Sale,17.00,0.00,17.00,0.00,17.00,11.60,5.40,Cash,1 x CREAMLINE BAR ROCKY ROAD,Dine in,POS 2,Route 98 - Minimart,Owner,,,Closed
24/09/2026 16:47,2-1277,Sale,20.00,0.00,20.00,0.00,20.00,16.04,3.96,Cash,"1 x MIGHTY PULA  STICK, 1 x MIGHTY PUTI STICK",Dine in,POS 2,Route 98 - Minimart,Owner,,,Closed
24/09/2026 16:42,2-1276,Sale,48.00,0.00,48.00,0.00,48.00,36.40,11.60,Cash,4 x WINSTON RED STICK,Dine in,POS 2,Route 98 - Minimart,Owner,,,Closed
24/09/2026 16:41,2-1275,Sale,210.98,0.00,210.98,0.00,210.98,168.00,42.98,Cash,1 x NOBRELLI CHOCO-MANGGA-UBE 1.3L,Dine in,POS 2,Route 98 - Minimart,Owner,,,Closed
24/09/2026 15:40,2-1274,Sale,16.98,0.00,16.98,0.00,16.98,13.40,3.58,Card,1 x KOPIKO BLACK 2PK,Dine in,POS 2,Route 98 - Minimart,Owner,,,Closed
24/09/2026 15:29,2-1273,Sale,30.00,0.00,30.00,0.00,30.00,24.50,5.50,Cash,1 x NESTLE MILO 180ML,Dine in,POS 2,Route 98 - Minimart,Owner,,,Closed
24/09/2026 15:28,2-1272,Sale,36.00,0.00,36.00,0.00,36.00,27.30,8.70,Cash,3 x WINSTON RED STICK,Dine in,POS 2,Route 98 - Minimart,Owner,,,Closed
24/09/2026 15:06,2-1271,Sale,39.00,0.00,39.00,0.00,39.00,32.87,6.13,Cash,"1 x TROPICANA TWISTER ORANGE, 1 x OISHI RINBEE",Dine in,POS 2,Route 98 - Minimart,Owner,,,Closed
24/09/2026 14:49,2-1270,Sale,30.00,0.00,30.00,0.00,30.00,22.96,7.04,Cash,"1 x NATURE'S SPRING PURE 350ML, 2 x MIGHTY PULA  STICK",Dine in,POS 2,Route 98 - Minimart,Owner,,,Closed
24/09/2026 14:48,2-1269,Sale,94.00,0.00,94.00,0.00,94.00,57.20,36.80,Cash,"1 x DAILY SCENT 50ML, 1 x LIFT CITRUS BLAST 320, 2 x MIGHTY PUTI STICK",Dine in,POS 2,Route 98 - Minimart,Owner,,,Closed
24/09/2026 14:04,2-1268,Sale,332.00,0.00,332.00,0.00,332.00,73.37,258.63,Cash,"1 x TROPICANA TWISTER ORANGE, 1 x DELIGHT PROBIOTIC 400ML, 1 x #misc, 1 x #misc, 1 x #misc",Dine in,POS 2,Route 98 - Minimart,Owner,,,Closed
24/09/2026 13:50,2-1267,Sale,220.00,0.00,220.00,0.00,220.00,184.00,36.00,Cash,1 x WINSTON WHITE KAHA,Dine in,POS 2,Route 98 - Minimart,Owner,,,Closed
24/09/2026 13:48,2-1266,Sale,153.75,0.00,153.75,0.00,153.75,113.47,40.28,Cash,"1 x COCA COLA 1.75L, 1 x NESTLE MILO 180ML, 3 x WINSTON RED STICK, 1 x FUEGO MATCH - PIECE",Dine in,POS 2,Route 98 - Minimart,Owner,,,Closed
24/09/2026 13:46,2-1265,Sale,96.00,0.00,96.00,0.00,96.00,70.44,25.56,Cash,12 x NIPS MILK CHOCO 14G,Dine in,POS 2,Route 98 - Minimart,Owner,,,Closed
24/09/2026 13:29,2-1264,Sale,12.00,0.00,12.00,0.00,12.00,9.10,2.90,Cash,1 x WINSTON RED STICK,Dine in,POS 2,Route 98 - Minimart,Owner,,,Closed
24/09/2026 13:28,2-1263,Sale,41.50,0.00,41.50,0.00,41.50,31.95,9.55,Cash,1 x VCUT SPICY BARBEQUE 60G,Dine in,POS 2,Route 98 - Minimart,Owner,,,Closed
24/09/2026 12:35,2-1262,Sale,84.75,0.00,84.75,0.00,84.75,61.67,23.08,Cash,1 x COCA COLA 1.75L,Dine in,POS 2,Route 98 - Minimart,Owner,,,Closed
24/09/2026 10:14,2-1261,Sale,10.00,0.00,10.00,0.00,10.00,8.02,1.98,Cash,1 x MIGHTY PULA  STICK,Dine in,POS 2,Route 98 - Minimart,Owner,,,Closed
24/09/2026 10:12,2-1260,Sale,89.98,0.00,89.98,0.00,89.98,43.79,46.19,Cash,"1 x MONGGO, 1 x PEPSI EXTRA FIZZ 195ML, 1 x STING 290ML, 2 x MIGHTY PULA  STICK, 1 x AJINOMOTO SEASONING",Dine in,POS 2,Route 98 - Minimart,Owner,,,Closed
24/09/2026 00:42,2-1259,Sale,29.94,0.00,29.94,0.00,29.94,23.25,6.69,Cash,3 x CRISPY PATATA 24G,Dine in,POS 2,Route 98 - Minimart,Owner,,,Closed
24/09/2026 00:42,2-1258,Sale,19.50,0.00,19.50,0.00,19.50,12.60,6.90,Cash,2 x CHIPPY BBQ 25G,Dine in,POS 2,Route 98 - Minimart,Owner,,,Closed
24/09/2026 00:40,2-1257,Sale,275.00,0.00,275.00,0.00,275.00,241.00,34.00,Cash,"2 x BAGUIO PURE COCONUT 175ML, 1 x CAMEL PREMIUM TABACCOS KAHA",Dine in,POS 2,Route 98 - Minimart,Owner,,,Closed
24/09/2026 00:08,2-1256,Sale,164.96,0.00,164.96,0.00,164.96,135.50,29.46,Cash,"2 x CRISPY PATATA 24G, 1 x RED HORSE LITRO",Dine in,POS 2,Route 98 - Minimart,Owner,,,Closed
24/09/2026 00:03,2-1255,Sale,78.98,0.00,78.98,0.00,78.98,49.42,29.56,Cash,"2 x NATURE'S SPRING PURE 1000ML, 1 x FISH CRACKERS 24G, 1 x OISHI CRACKLINGS, 1 x SKYFLAKES CRACKER",Dine in,POS 2,Route 98 - Minimart,Owner,,,Closed
23/09/2026 23:48,2-1254,Sale,97.44,0.00,97.44,0.00,97.44,47.19,50.25,Cash,"12 x NESCAFE STICK, 3 x AJINOMOTO SEASONING, 1 x SALT 1/4, 1 x MR CHIPS MANAMIS MAIS 45G",Dine in,POS 2,Route 98 - Minimart,Owner,,,Closed
23/09/2026 23:44,2-1253,Sale,40.00,0.00,40.00,0.00,40.00,32.08,7.92,Cash,4 x MIGHTY PULA  STICK,Dine in,POS 2,Route 98 - Minimart,Owner,,,Closed
23/09/2026 23:32,2-1252,Sale,35.00,0.00,35.00,0.00,35.00,18.50,16.50,Cash,"1 x ICE CUBE 1KG, 5 x HAPPY NUTS SWEET CHILI 5G",Dine in,POS 2,Route 98 - Minimart,Owner,,,Closed
23/09/2026 23:22,2-1251,Sale,145.00,0.00,145.00,0.00,145.00,120.00,25.00,Cash,1 x RED HORSE LITRO,Dine in,POS 2,Route 98 - Minimart,Owner,,,Closed
23/09/2026 23:21,2-1250,Sale,10.00,0.00,10.00,0.00,10.00,2.71,7.29,Cash,"1 x #StyroCups w/ stirrer, 1 x GREAT TASTE STICK",Dine in,POS 2,Route 98 - Minimart,Owner,,,Closed
23/09/2026 23:04,2-1249,Sale,164.96,0.00,164.96,0.00,164.96,135.50,29.46,Cash,"2 x CRISPY PATATA 24G, 1 x RED HORSE LITRO",Dine in,POS 2,Route 98 - Minimart,Owner,,,Closed
23/09/2026 22:45,2-1248,Sale,60.00,0.00,60.00,0.00,60.00,45.50,14.50,Cash,5 x WINSTON RED STICK,Dine in,POS 2,Route 98 - Minimart,Owner,,,Closed
23/09/2026 22:34,2-1247,Sale,25.00,0.00,25.00,0.00,25.00,16.75,8.25,Cash,1 x STING 290ML,Dine in,POS 2,Route 98 - Minimart,Owner,,,Closed
23/09/2026 22:17,2-1246,Sale,172.00,0.00,172.00,0.00,172.00,121.44,50.56,Cash,"14 x DINGDONG MIXNUTS 5G, 12 x SUPER BAWANG 5G, 6 x WINSTON RED STICK, 4 x WINSTON WHITE STICK",Dine in,POS 2,Route 98 - Minimart,Owner,,,Closed
23/09/2026 22:11,2-1245,Sale,435.00,0.00,435.00,0.00,435.00,360.00,75.00,Cash,3 x RED HORSE LITRO,Dine in,POS 2,Route 98 - Minimart,Owner,,,Closed
23/09/2026 22:06,2-1244,Sale,236.00,0.00,236.00,0.00,236.00,184.36,51.64,Cash,"1 x RED HORSE LITRO, 1 x ICE CUBE 1KG, 3 x WINSTON RED STICK, 3 x MIGHTY PUTI STICK",Dine in,POS 2,Route 98 - Minimart,Owner,,,Closed
23/09/2026 21:58,2-1243,Sale,24.00,0.00,24.00,0.00,24.00,18.20,5.80,Cash,2 x WINSTON RED STICK,Dine in,POS 2,Route 98 - Minimart,Owner,,,Closed
23/09/2026 21:33,2-1242,Sale,249.88,0.00,249.88,0.00,249.88,187.13,62.75,Cash,"6 x DOWNY SUNRISE FRESH 26ML, 6 x SURF POWDER KALAMANSI, 3 x NESCAFE CREAMY WHITE TWIN PACK, 5 x NESCAFE STICK, 1 x DELIGHT PROBIOTIC 400ML",Dine in,POS 2,Route 98 - Minimart,Owner,,,Closed
23/09/2026 21:21,2-1241,Sale,90.00,0.00,90.00,0.00,90.00,72.18,17.82,Cash,9 x MIGHTY PULA  STICK,Dine in,POS 2,Route 98 - Minimart,Owner,,,Closed
23/09/2026 21:13,2-1240,Sale,135.00,0.00,135.00,0.00,135.00,0.00,135.00,Cash,1 x #misc,Dine in,POS 2,Route 98 - Minimart,Owner,,,Closed
23/09/2026 21:12,2-1239,Sale,59.00,0.00,59.00,0.00,59.00,41.00,18.00,Cash,"1 x COCA COLA 1L BOTTLE, 1 x OISHI CRACKLINGS",Dine in,POS 2,Route 98 - Minimart,Owner,,,Closed
23/09/2026 21:05,2-1238,Sale,3.00,0.00,3.00,0.00,3.00,0.00,3.00,Cash,1 x FUEGO MATCH - PIECE,Dine in,POS 2,Route 98 - Minimart,Owner,,,Closed
23/09/2026 21:05,2-1237,Sale,40.00,0.00,40.00,0.00,40.00,32.39,7.61,Cash,"2 x MIGHTY PULA  STICK, 1 x MOUNTAIN DEW (290ML)",Dine in,POS 2,Route 98 - Minimart,Owner,,,Closed
23/09/2026 21:05,2-1236,Sale,36.00,0.00,36.00,0.00,36.00,27.30,8.70,Cash,3 x WINSTON RED STICK,Dine in,POS 2,Route 98 - Minimart,Owner,,,Closed
23/09/2026 21:03,2-1235,Sale,163.71,0.00,163.71,0.00,163.71,126.51,37.20,Cash,"1 x C2 GREEN TEA APPLE 1L, 1 x DELIGHT PROBIOTIC 400ML, 2 x JOY KALAMANSI DISHWASHING LIQUID 40ML, 1 x COLGATE FRESH CONFIDENCE",Dine in,POS 2,Route 98 - Minimart,Owner,,,Closed
23/09/2026 21:02,2-1234,Sale,324.00,0.00,324.00,0.00,324.00,235.92,88.08,Cash,"1 x CLVB 1 LTR, 1 x COCA COLA 1L BOTTLE, 1 x #misc, 4 x WINSTON RED STICK, 1 x MIGHTY PULA  STICK, 1 x ICE CUBE 1KG",Dine in,POS 2,Route 98 - Minimart,Owner,,,Closed
23/09/2026 20:56,2-1233,Sale,10.00,0.00,10.00,0.00,10.00,8.02,1.98,Cash,1 x MIGHTY PULA  STICK,Dine in,POS 2,Route 98 - Minimart,Owner,,,Closed
23/09/2026 20:56,2-1232,Sale,186.50,0.00,186.50,0.00,186.50,148.12,38.38,Cash,"1 x PIATTOS CHEESE 85G, 2 x DINGDONG SNACK MIX WITH  CHIPS CURLS 100G, 1 x MARTY'S CRACKLINGS PLN SLTD 90G, 2 x MANG JUAN SUKAT SILI 90G",Dine in,POS 2,Route 98 - Minimart,Owner,,,Closed
23/09/2026 20:47,2-1231,Sale,36.00,0.00,36.00,0.00,36.00,27.30,8.70,Cash,3 x WINSTON RED STICK,Dine in,POS 2,Route 98 - Minimart,Owner,,,Closed
23/09/2026 20:46,2-1230,Sale,20.00,0.00,20.00,0.00,20.00,16.04,3.96,Cash,2 x MIGHTY PUTI STICK,Dine in,POS 2,Route 98 - Minimart,Owner,,,Closed
23/09/2026 20:44,2-1229,Sale,646.00,0.00,646.00,0.00,646.00,405.40,240.60,Cash,"1 x DELIGHT PROBIOTIC 100ML, 1 x SMIRNOFF, 2 x RED HORSE 500, 5 x YAKULT, 2 x SAMYANG BULDAK CARBONBARA, 1 x #misc",Dine in,POS 2,Route 98 - Minimart,Owner,,,Closed
23/09/2026 20:00,2-1228,Sale,74.00,0.00,74.00,0.00,74.00,59.10,14.90,Cash,"2 x PIATTOS ROADHOUSE BBQ 40G, 2 x PIATTOS SOUR CREAM 40G",Dine in,POS 2,Route 98 - Minimart,Owner,,,Closed
23/09/2026 19:26,2-1227,Sale,24.50,0.00,24.50,0.00,24.50,14.30,10.20,Cash,"1 x MANG JUAN SUKAT SILI 26G, 1 x MANG JUAN SUKANG PAOMBONG 26G",Dine in,POS 2,Route 98 - Minimart,Owner,,,Closed
23/09/2026 19:17,2-1226,Sale,77.00,0.00,77.00,0.00,77.00,59.10,17.90,Cash,2 x NOVA COUNTRY CHEDDAR 78G,Dine in,POS 2,Route 98 - Minimart,Owner,,,Closed
23/09/2026 18:40,2-1225,Sale,50.00,0.00,50.00,0.00,50.00,27.40,22.60,Cash,"5 x DINGDONG MIXNUTS 5G, 10 x CORN BITS HALO HALO, 10 x HAPPY NUTS SWEET CHILI 5G",Dine in,POS 2,Route 98 - Minimart,Owner,,,Closed
23/09/2026 18:18,2-1224,Sale,78.00,0.00,78.00,0.00,78.00,60.90,17.10,Cash,"4 x WINSTON RED STICK, 1 x NESTLE MILO 180ML",Dine in,POS 2,Route 98 - Minimart,Owner,,,Closed
23/09/2026 17:57,2-1223,Sale,89.00,0.00,89.00,0.00,89.00,69.45,19.55,Cash,"1 x NIPS WHITE CHOCO PACK, 6 x PILLOWS UBE 24G",Dine in,POS 2,Route 98 - Minimart,Owner,,,Closed
23/09/2026 17:55,2-1222,Sale,10.00,0.00,10.00,0.00,10.00,8.02,1.98,Cash,1 x MIGHTY PULA  STICK,Dine in,POS 2,Route 98 - Minimart,Owner,,,Closed
23/09/2026 17:54,2-1221,Sale,280.00,0.00,280.00,0.00,280.00,200.38,79.62,Cash,"3 x MILO, 8 x ENERGEN VNLA, 1 x DELIGHT PROBIOTIC 400ML, 1 x NATURE'S SPRING DISTILLED 1000ML, 12 x NESCAFE STICK",Dine in,POS 2,Route 98 - Minimart,Owner,,,Closed
23/09/2026 17:35,2-1220,Sale,17.98,0.00,17.98,0.00,17.98,13.40,4.58,Card,"1 x KOPIKO BROWN 2PK, 1 x #misc",Dine in,POS 2,Route 98 - Minimart,Owner,,,Closed
23/09/2026 16:53,2-1219,Sale,43.50,0.00,43.50,0.00,43.50,32.98,10.52,Cash,"2 x NOVA COUNTRY CHEDDAR 20G, 2 x NIPS MILK CHOCO 14G, 1 x OVERLOAD CHOCO STRWBRRY",Dine in,POS 2,Route 98 - Minimart,Owner,,,Closed
23/09/2026 16:52,2-1218,Sale,50.71,0.00,50.71,0.00,50.71,38.40,12.31,Cash,"1 x CREAMLINE BAR ROCKY ROAD, 2 x KOPIKO BLANCA 2PK",Dine in,POS 2,Route 98 - Minimart,Owner,,,Closed
23/09/2026 16:46,2-1217,Sale,60.00,0.00,60.00,0.00,60.00,48.00,12.00,Cash,1 x DELIGHT PROBIOTIC 400ML,Dine in,POS 2,Route 98 - Minimart,Owner,,,Closed
23/09/2026 15:56,2-1216,Sale,10.00,0.00,10.00,0.00,10.00,7.25,2.75,Cash,1 x CAMEL PREMIUM TABACCOS STICK,Dine in,POS 2,Route 98 - Minimart,Owner,,,Closed
23/09/2026 15:51,2-1215,Sale,72.25,0.00,72.25,0.00,72.25,54.30,17.95,Cash,"1 x MANG JUAN SUKAT SILI 26G, 1 x DELIGHT PROBIOTIC 400ML",Dine in,POS 2,Route 98 - Minimart,Owner,,,Closed
23/09/2026 15:45,2-1214,Sale,15.00,0.00,15.00,0.00,15.00,9.06,5.94,Cash,1 x NATURE'S SPRING PURE 500ML,Dine in,POS 2,Route 98 - Minimart,Owner,,,Closed
23/09/2026 15:36,2-1213,Sale,39.50,0.00,39.50,0.00,39.50,30.36,9.14,Cash,"1 x NATURE'S SPRING PURE 350ML, 1 x CREAMLINE CUP CHOCO MUD PIE 210ML",Dine in,POS 2,Route 98 - Minimart,Owner,,,Closed
23/09/2026 15:36,2-1212,Sale,136.75,0.00,136.75,0.00,136.75,92.05,44.70,Cash,"1 x COCA COLA 1.75L, 10 x HAPPY CHICKEN ADOBO 5G, 6 x XSAKTO 8G, 1 x DINGDONG SNACK MIX 30G, 1 x DINGDONG MIXED NUT 30G",Dine in,POS 2,Route 98 - Minimart,Owner,,,Closed
23/09/2026 15:08,2-1211,Sale,75.00,0.00,75.00,0.00,75.00,60.00,15.00,Cash,1 x RED HORSE 500,Dine in,POS 2,Route 98 - Minimart,Owner,,,Closed
23/09/2026 14:36,2-1210,Sale,10.00,0.00,10.00,0.00,10.00,6.35,3.65,Cash,1 x CLOUD 9 CLASSIC,Dine in,POS 2,Route 98 - Minimart,Owner,,,Closed
23/09/2026 14:23,2-1209,Sale,18.00,0.00,18.00,0.00,18.00,41.16,-23.16,Cash,1 x LIFT CITRUS BLAST 320,Dine in,POS 2,Route 98 - Minimart,Owner,,,Closed
23/09/2026 13:17,2-1208,Sale,48.00,0.00,48.00,0.00,48.00,36.40,11.60,Cash,4 x WINSTON RED STICK,Dine in,POS 2,Route 98 - Minimart,Owner,,,Closed
23/09/2026 13:12,2-1207,Sale,10.00,0.00,10.00,0.00,10.00,6.45,3.55,Cash,1 x PRESTO CHOCO PEANUT BUTTER,Dine in,POS 2,Route 98 - Minimart,Owner,,,Closed
23/09/2026 13:04,2-1206,Sale,50.00,0.00,50.00,0.00,50.00,16.35,33.65,Cash,"1 x MOUNTAIN DEW (290ML), 2 x ROYAL 190",Dine in,POS 2,Route 98 - Minimart,Owner,,,Closed
23/09/2026 12:43,2-1205,Sale,10.00,0.00,10.00,0.00,10.00,8.02,1.98,Cash,1 x MIGHTY PULA  STICK,Dine in,POS 2,Route 98 - Minimart,Owner,,,Closed
23/09/2026 12:28,2-1204,Sale,59.96,0.00,59.96,0.00,59.96,48.20,11.76,Cash,"1 x CREAMLINE JUMBO CONE UBE QUESO 140ML, 1 x CREAMLINE JUMBO CONE DOUBLE DUTCH 140ML",Dine in,POS 2,Route 98 - Minimart,Owner,,,Closed
23/09/2026 11:42,2-1203,Sale,50.00,0.00,50.00,0.00,50.00,43.90,6.10,Cash,1 x VINO KULAFU 350,Dine in,POS 2,Route 98 - Minimart,Owner,,,Closed
23/09/2026 11:36,2-1202,Sale,162.23,0.00,162.23,0.00,162.23,118.11,44.12,Cash,"1 x PEEWEE SIZZLING BARBEQUE 25G, 2 x OISHI PRAWN CRACKERS  NATURAL  24G, 1 x DINGDONG MIXED NUT 30G, 2 x FUN SIZE! PIATTOS CHEESE 18G, 2 x NOVA COUNTRY CHEDDAR 20G, 1 x COCA COLA 1.75L",Dine in,POS 2,Route 98 - Minimart,Owner,,,Closed
23/09/2026 11:27,2-1201,Sale,123.98,0.00,123.98,0.00,123.98,109.25,14.73,Cash,"1 x LUCKYME MAC & CHEESE, 1 x SAMYANG BULDAK CHEESE",Dine in,POS 2,Route 98 - Minimart,Owner,,,Closed
23/09/2026 10:05,2-1200,Sale,50.00,0.00,50.00,0.00,50.00,35.75,14.25,Cash,"1 x COCA COLA 290ML, 2 x PRESTO CHOCO PEANUT BUTTER, 1 x CLOUD 9 CLASSIC",Dine in,POS 2,Route 98 - Minimart,Owner,,,Closed
22/09/2026 22:41,2-1199,Sale,155.00,0.00,155.00,0.00,155.00,125.50,29.50,Cash,"1 x RED HORSE LITRO, 5 x HAPPY BBQ",Dine in,POS 2,Route 98 - Minimart,Owner,,,Closed
22/09/2026 22:28,2-1198,Sale,20.00,0.00,20.00,0.00,20.00,16.04,3.96,Cash,2 x MIGHTY PULA  STICK,Dine in,POS 2,Route 98 - Minimart,Owner,,,Closed
22/09/2026 22:20,2-1197,Sale,120.00,0.00,120.00,0.00,120.00,94.92,25.08,Cash,"1 x KULAFU 700ML, 1 x MIGHTY PULA  STICK",Dine in,POS 2,Route 98 - Minimart,Owner,,,Closed
22/09/2026 22:20,2-1196,Sale,72.00,0.00,72.00,0.00,72.00,54.60,17.40,Cash,6 x WINSTON RED STICK,Dine in,POS 2,Route 98 - Minimart,Owner,,,Closed
22/09/2026 22:04,2-1195,Sale,90.00,0.00,90.00,0.00,90.00,61.46,28.54,Cash,"1 x NATURE'S SPRING PURE 1000ML, 1 x PRESTO CHOCO PEANUT BUTTER, 1 x PILLOWS CHOCO 38G, 1 x STING 290ML, 2 x OISHI ONION RNGS",Dine in,POS 2,Route 98 - Minimart,Owner,,,Closed
22/09/2026 21:28,2-1194,Sale,35.00,0.00,35.00,0.00,35.00,24.00,11.00,Cash,1 x ICE CUBE 2KG,Dine in,POS 2,Route 98 - Minimart,Owner,,,Closed
22/09/2026 21:22,2-1193,Sale,60.00,0.00,60.00,0.00,60.00,0.00,60.00,Cash,1 x Royal 1.25L,Dine in,POS 2,Route 98 - Minimart,Owner,,,Closed
22/09/2026 21:21,2-1192,Sale,130.00,0.00,130.00,0.00,130.00,115.00,15.00,Cash,1 x SM PALE PILSEN GRANDE,Dine in,POS 2,Route 98 - Minimart,Owner,,,Closed
22/09/2026 21:17,2-1191,Sale,172.00,0.00,172.00,0.00,172.00,142.40,29.60,Cash,"2 x VINO KULAFU 350, 6 x WINSTON RED STICK",Dine in,POS 2,Route 98 - Minimart,Owner,,,Closed
22/09/2026 21:06,2-1190,Sale,130.00,0.00,130.00,0.00,130.00,115.00,15.00,Card,1 x SM PALE PILSEN GRANDE,Dine in,POS 2,Route 98 - Minimart,Owner,,,Closed
22/09/2026 20:15,2-1189,Sale,110.50,0.00,110.50,0.00,110.50,85.03,25.47,Cash,"1 x DINGDONG MIXED NUTS 100G, 2 x MAGIC CHIPS BBQ, 2 x MAGIC CHIPS CHEESE, 1 x SISTERS OVERNIGHT DRY",Dine in,POS 2,Route 98 - Minimart,Owner,,,Closed
22/09/2026 20:11,2-1188,Sale,356.62,0.00,356.62,0.00,356.62,190.00,166.62,Cash,"6 x MAGIC SARAP SACHET, 18 x AJINOMOTO SEASONING, 1 x SPEED BAR BLUE, 1 x OREO ICE CREAM 450ML",Dine in,POS 2,Route 98 - Minimart,Owner,,,Closed
22/09/2026 19:51,2-1187,Sale,20.00,0.00,20.00,0.00,20.00,13.52,6.48,Cash,"1 x MIGHTY PULA  STICK, 5 x HAPPY CHICKEN ADOBO 5G",Dine in,POS 2,Route 98 - Minimart,Owner,,,Closed
22/09/2026 19:40,2-1186,Sale,10.00,0.00,10.00,0.00,10.00,0.00,10.00,Cash,1 x #misc,Dine in,POS 2,Route 98 - Minimart,Owner,,,Closed
22/09/2026 19:40,2-1185,Sale,50.00,0.00,50.00,0.00,50.00,33.50,16.50,Cash,1 x COCA COLA 1L BOTTLE,Dine in,POS 2,Route 98 - Minimart,Owner,,,Closed
22/09/2026 19:37,2-1184,Sale,12.00,0.00,12.00,0.00,12.00,9.10,2.90,Cash,1 x WINSTON RED STICK,Dine in,POS 2,Route 98 - Minimart,Owner,,,Closed
22/09/2026 19:12,2-1183,Sale,145.00,0.00,145.00,0.00,145.00,120.00,25.00,Cash,1 x RED HORSE LITRO,Dine in,POS 2,Route 98 - Minimart,Owner,,,Closed
22/09/2026 19:10,2-1182,Sale,31.00,0.00,31.00,0.00,31.00,24.00,7.00,Cash,1 x DINGDONG MIX NUTS REAL GARLIC 100G,Dine in,POS 2,Route 98 - Minimart,Owner,,,Closed
22/09/2026 19:09,2-1181,Sale,99.75,0.00,99.75,0.00,99.75,61.67,38.08,Cash,"1 x COCA COLA 1.75L, 1 x #misc",Dine in,POS 2,Route 98 - Minimart,Owner,,,Closed
22/09/2026 19:04,2-1180,Sale,119.00,0.00,119.00,0.00,119.00,93.65,25.35,Cash,"1 x RED HORSE 500, 3 x NIPS MILK CHOCO 14G, 2 x MIGHTY PULA  STICK",Dine in,POS 2,Route 98 - Minimart,Owner,,,Closed
22/09/2026 19:00,2-1179,Sale,120.00,0.00,120.00,0.00,120.00,91.00,29.00,Cash,10 x WINSTON RED STICK,Dine in,POS 2,Route 98 - Minimart,Owner,,,Closed
22/09/2026 18:58,2-1178,Sale,235.00,0.00,235.00,0.00,235.00,145.00,90.00,Cash,"1 x CLVB 1 LTR, 1 x COCA COLA 1L",Dine in,POS 2,Route 98 - Minimart,Owner,,,Closed
22/09/2026 18:46,2-1177,Sale,24.00,0.00,24.00,0.00,24.00,18.20,5.80,Cash,2 x WINSTON RED STICK,Dine in,POS 2,Route 98 - Minimart,Owner,,,Closed
22/09/2026 18:41,2-1176,Sale,28.00,0.00,28.00,0.00,28.00,13.00,15.00,Cash,"1 x ICE CUBE 1KG, 1 x #misc",Dine in,POS 2,Route 98 - Minimart,Owner,,,Closed
22/09/2026 18:39,2-1175,Sale,74.73,0.00,74.73,0.00,74.73,45.51,29.22,Cash,"1 x MANG JUAN SUKANG PAOMBONG 90G, 1 x KROPEK NI MANGJUAN 90G, 1 x NUTRIBOOST CHOCO 110",Dine in,POS 2,Route 98 - Minimart,Owner,,,Closed
22/09/2026 18:36,2-1174,Sale,252.00,0.00,252.00,0.00,252.00,198.66,53.34,Cash,"3 x RED HORSE 500, 3 x MAGIC CHIPS CHEESE",Dine in,POS 2,Route 98 - Minimart,Owner,,,Closed
22/09/2026 18:31,2-1173,Sale,25.00,0.00,25.00,0.00,25.00,14.26,10.74,Cash,1 x NATURE'S SPRING PURE 1000ML,Dine in,POS 2,Route 98 - Minimart,Owner,,,Closed
22/09/2026 18:06,2-1172,Sale,24.00,0.00,24.00,0.00,24.00,18.20,5.80,Cash,2 x WINSTON RED STICK,Dine in,POS 2,Route 98 - Minimart,Owner,,,Closed
22/09/2026 18:05,2-1171,Sale,243.25,0.00,243.25,0.00,243.25,194.00,49.25,Cash,"3 x RED HORSE 500, 1 x NOVA COUNTRY CHEDDAR 38G",Dine in,POS 2,Route 98 - Minimart,Owner,,,Closed
22/09/2026 17:27,2-1170,Sale,12.00,0.00,12.00,0.00,12.00,9.10,2.90,Cash,1 x WINSTON RED STICK,Dine in,POS 2,Route 98 - Minimart,Owner,,,Closed
22/09/2026 17:20,2-1169,Sale,86.00,0.00,86.00,0.00,86.00,70.72,15.28,Cash,"1 x DELIGHT PROBIOTIC 400ML, 1 x C2 SOLO LEMON 230ML, 1 x OISHI PRAWN CRACKERS  NATURAL  24G",Dine in,POS 2,Route 98 - Minimart,Owner,,,Closed
21/09/2026 22:39,2-1168,Sale,28.00,0.00,28.00,0.00,28.00,16.43,11.57,Cash,1 x NATURE'S SPRING DISTILLED 1000ML,Dine in,POS 2,Route 98 - Minimart,Owner,,,Closed
21/09/2026 22:39,2-1167,Sale,36.00,0.00,36.00,0.00,36.00,27.30,8.70,Cash,3 x WINSTON RED STICK,Dine in,POS 2,Route 98 - Minimart,Owner,,,Closed
21/09/2026 22:37,2-1166,Sale,19.98,0.00,19.98,0.00,19.98,14.75,5.23,Cash,"1 x TORTILLOS, 1 x PEEWEE SPICY CHILI 25G",Dine in,POS 2,Route 98 - Minimart,Owner,,,Closed
21/09/2026 22:35,2-1165,Sale,535.00,0.00,535.00,0.00,535.00,440.20,94.80,Cash,"3 x RED HORSE LITRO, 10 x MIGHTY PULA  STICK",Dine in,POS 2,Route 98 - Minimart,Owner,,,Closed
21/09/2026 22:08,2-1164,Sale,21.98,0.00,21.98,0.00,21.98,16.65,5.33,Cash,"1 x NESCAFE STICK, 1 x KOPIKO BLACK 2PK",Dine in,POS 2,Route 98 - Minimart,Owner,,,Closed
21/09/2026 22:05,2-1163,Sale,53.75,0.00,53.75,0.00,53.75,43.62,10.13,Cash,"1 x TROPICANA TWISTER ORANGE, 1 x PEEWEE SIZZLING BBQ 60G",Dine in,POS 2,Route 98 - Minimart,Owner,,,Closed
21/09/2026 21:51,2-1162,Sale,40.00,0.00,40.00,0.00,40.00,32.08,7.92,Cash,"2 x MIGHTY PULA  STICK, 2 x MIGHTY PUTI STICK",Dine in,POS 2,Route 98 - Minimart,Owner,,,Closed
21/09/2026 21:36,2-1161,Sale,36.00,0.00,36.00,0.00,36.00,27.30,8.70,Cash,3 x WINSTON RED STICK,Dine in,POS 2,Route 98 - Minimart,Owner,,,Closed
21/09/2026 21:20,2-1160,Sale,108.00,0.00,108.00,0.00,108.00,80.50,27.50,Cash,"2 x NESCAFE ORIGINAL TWIN PACK, 2 x NESCAFE CREAMY WHITE TWIN PACK, 1 x UNILOVE SQUALANE WIPES",Dine in,POS 2,Route 98 - Minimart,Owner,,,Closed
21/09/2026 21:18,2-1159,Sale,136.00,0.00,136.00,0.00,136.00,109.79,26.21,Card,"1 x DELIGHT PROBIOTIC 400ML, 2 x MAGIC CHIPS CHEESE, 1 x NUTRI STAR CHICKEN BBQ, 1 x OVERLOAD BLKFRST, 1 x LA MIA TUNA AFRTDA",Dine in,POS 2,Route 98 - Minimart,Owner,,,Closed
21/09/2026 21:11,2-1158,Sale,12.00,0.00,12.00,0.00,12.00,9.10,2.90,Cash,1 x WINSTON RED STICK,Dine in,POS 2,Route 98 - Minimart,Owner,,,Closed
21/09/2026 20:31,2-1157,Sale,20.00,0.00,20.00,0.00,20.00,5.45,14.55,Cash,"5 x TAGAY CHILIGARLIC 7G, 5 x MUNCHER GREEN PEAS",Dine in,POS 2,Route 98 - Minimart,Owner,,,Closed
21/09/2026 20:27,2-1156,Sale,3.00,0.00,3.00,0.00,3.00,0.00,3.00,Cash,1 x #misc,Dine in,POS 2,Route 98 - Minimart,Owner,,,Closed
21/09/2026 20:26,2-1155,Sale,262.50,0.00,262.50,0.00,262.50,209.81,52.69,Cash,"1 x DELIGHT PROBIOTIC 400ML, 1 x NATURE'S SPRING PURE 500ML, 1 x SISTERS OVERNIGHT DRY, 1 x RED HORSE LITRO",Dine in,POS 2,Route 98 - Minimart,Owner,,,Closed
21/09/2026 20:06,2-1154,Sale,75.50,0.00,75.50,0.00,75.50,56.37,19.13,Cash,"1 x PIATTOS SOUR CREAM 85G, 1 x MAGIC CHIPS BBQ, 1 x MOBY CRUNCHY CHOCOLATE, 1 x DELIGHT PROBIOTIC 100ML",Dine in,POS 2,Route 98 - Minimart,Owner,,,Closed
21/09/2026 20:02,2-1153,Sale,119.25,0.00,119.25,0.00,119.25,81.40,37.85,Cash,"2 x ICE CUBE 2KG, 1 x MANG JUAN SUKANG PAOMBONG 90G, 2 x MR. CHIPS  NACHO CHEEZE 4G",Dine in,POS 2,Route 98 - Minimart,Owner,,,Closed
21/09/2026 19:56,2-1152,Sale,84.98,0.00,84.98,0.00,84.98,72.00,12.98,Cash,1 x ABSOLUTE 6000ML,Dine in,POS 2,Route 98 - Minimart,Owner,,,Closed
21/09/2026 19:50,2-1151,Sale,95.00,0.00,95.00,0.00,95.00,76.04,18.96,Cash,"1 x RED HORSE 500, 2 x MIGHTY PULA  STICK",Dine in,POS 2,Route 98 - Minimart,Owner,,,Closed
21/09/2026 19:47,2-1150,Sale,93.00,0.00,93.00,0.00,93.00,61.02,31.98,Cash,"2 x MAGIC FLAKES, 5 x YAKULT",Dine in,POS 2,Route 98 - Minimart,Owner,,,Closed
21/09/2026 19:39,2-1149,Sale,36.50,0.00,36.50,0.00,36.50,28.00,8.50,Cash,2 x NOVA COUNTRY CHEDDAR 38G,Dine in,POS 2,Route 98 - Minimart,Owner,,,Closed
21/09/2026 19:35,2-1148,Sale,278.00,0.00,278.00,0.00,278.00,232.70,45.30,Cash,"1 x VITAMILK(DOUBLECHOCO) 300ML, 1 x SMIRNOFF, 1 x DELIGHT PROBIOTIC 400ML, 2 x CLOUD 9 CLASSIC, 1 x SAMYANG SWICY (SWTSPCY)",Dine in,POS 2,Route 98 - Minimart,Owner,,,Closed
21/09/2026 19:34,2-1147,Sale,75.00,0.00,75.00,0.00,75.00,60.00,15.00,Cash,1 x RED HORSE 500,Dine in,POS 2,Route 98 - Minimart,Owner,,,Closed
21/09/2026 19:33,2-1146,Sale,154.71,0.00,154.71,0.00,154.71,130.57,24.14,Cash,"1 x CREAMLINE JUMBO CONE MANGO PEANUT 140ML, 1 x OREO ICE CREAM 110ML, 1 x PIATTOS ROADHOUSE BBQ 85G, 1 x CREAMLINE CONE UBE MACAPUNO 110ML",Dine in,POS 2,Route 98 - Minimart,Owner,,,Closed
21/09/2026 19:30,2-1145,Sale,127.00,0.00,127.00,0.00,127.00,95.52,31.48,Cash,"1 x PIATTOS SOUR CREAM 85G, 1 x PIATTOS CHEESE 85G, 2 x STING 290ML",Dine in,POS 2,Route 98 - Minimart,Owner,,,Closed
21/09/2026 18:37,2-1144,Sale,19.98,0.00,19.98,0.00,19.98,16.15,3.83,Card,1 x CREAMLINE PINIPIG CHOCOLATE 70ML,Dine in,POS 2,Route 98 - Minimart,Owner,,,Closed
21/09/2026 18:16,2-1143,Sale,10.00,0.00,10.00,0.00,10.00,8.25,1.75,Card,1 x NUTRI STAR CHICKEN BBQ,Dine in,POS 2,Route 98 - Minimart,Owner,,,Closed
21/09/2026 17:42,2-1142,Sale,23.96,0.00,23.96,0.00,23.96,17.90,6.06,Cash,2 x LUCKYME CHICKEN NOODLES,Dine in,POS 2,Route 98 - Minimart,Owner,,,Closed
21/09/2026 17:42,2-1141,Sale,52.50,0.00,52.50,0.00,52.50,36.58,15.92,Cash,"1 x GREAT TASTE PREMIUM ROAST, 1 x #misc, 1 x MR CHIPS MANAMIS MAIS 45G, 2 x MIGHTY PULA  STICK",Dine in,POS 2,Route 98 - Minimart,Owner,,,Closed
21/09/2026 15:50,2-1140,Sale,87.75,0.00,87.75,0.00,87.75,63.63,24.12,Cash,"1 x MOUNTAIN DEW (290ML), 4 x CHIPPY CHILI CHEESE 25G, 1 x C2 GREEN TEA APPLE 335ML",Dine in,POS 2,Route 98 - Minimart,Owner,,,Closed
21/09/2026 14:33,2-1139,Sale,30.00,0.00,30.00,0.00,30.00,11.00,19.00,Cash,"1 x COCA COLA 190ML, 1 x ROYAL 190",Dine in,POS 2,Route 98 - Minimart,Owner,,,Closed
21/09/2026 14:14,2-1138,Sale,43.96,0.00,43.96,0.00,43.96,31.90,12.06,Cash,"1 x COCA COLA 290ML, 2 x LEMON SQUARE CHEESE CAKE",Dine in,POS 2,Route 98 - Minimart,Owner,,,Closed
21/09/2026 12:51,2-1137,Sale,144.75,0.00,144.75,0.00,144.75,107.17,37.58,Cash,"1 x COCA COLA 1.75L, 5 x WINSTON RED STICK",Dine in,POS 2,Route 98 - Minimart,Owner,,,Closed
21/09/2026 10:55,2-1136,Sale,308.86,0.00,308.86,0.00,308.86,242.43,66.43,Cash,"1 x LA MIA TUNA HOTSPCY, 1 x NOBRELLI CHOCO-KESO-UBE 1.3L, 3 x CRISPY PATATA 24G, 3 x SKYFLAKES CRACKER",Dine in,POS 2,Route 98 - Minimart,Owner,,,Closed
21/09/2026 10:50,2-1135,Sale,114.86,0.00,114.86,0.00,114.86,43.85,71.01,Cash,"1 x ZONROX ORIG 250, 4 x NISSIN BUTTER COCONUT 14G, 1 x OISHI PRAWN CRACKERS  NATURAL  24G, 1 x MOBY CARAMEL, 1 x #misc, 2 x PALMOLIVE IM, 1 x ARIEL TWIN JUMBO POWDER SUNRISE FRESH 66G",Dine in,POS 2,Route 98 - Minimart,Owner,,,Closed
21/09/2026 10:04,2-1134,Sale,485.00,0.00,485.00,0.00,485.00,426.32,58.68,Cash,"1 x NATURE'S SPRING DISTILLED 5LTRS, 1 x IVORY GRAINS CLASSIC 5KG",Dine in,POS 2,Route 98 - Minimart,Owner,,,Closed
21/09/2026 09:51,2-1133,Sale,24.98,0.00,24.98,0.00,24.98,15.85,9.13,Cash,1 x CREAMLINE SUNDAE CARAMEL 120ML,Dine in,POS 2,Route 98 - Minimart,Owner,,,Closed
21/09/2026 09:49,2-1132,Sale,357.46,0.00,357.46,0.00,357.46,258.90,98.56,Cash,"1 x NOVA COUNTRY CHEDDAR 78G, 1 x CREAMLINE PINIPIG CHOCOLATE 70ML, 1 x CREAMLINE JUMBO CONE MANGO PEANUT 140ML, 1 x PIATTOS CHEESE 40G, 1 x CHIPPY CHILI & CHEESE 108G, 1 x NOVA COUNTRY CHEDDAR 38G, 1 x VCUT CHEESE FLAVOR 60G, 6 x NIPS MILK CHOCO 14G, 3 x NUTRI STAR CHICKEN BBQ, 20 x HAPPY NUTS SWEET CHILI 5G, 10 x HAPPY CHICKEN ADOBO 5G, 12 x CORN BITS HALO HALO",Dine in,POS 2,Route 98 - Minimart,Owner,,,Closed
20/09/2026 22:49,2-1131,Sale,12.00,0.00,12.00,0.00,12.00,9.10,2.90,Cash,1 x WINSTON RED STICK,Dine in,POS 2,Route 98 - Minimart,Owner,,,Closed
20/09/2026 22:49,2-1130,Sale,35.00,0.00,35.00,0.00,35.00,24.00,11.00,Cash,1 x ICE CUBE 2KG,Dine in,POS 2,Route 98 - Minimart,Owner,,,Closed
20/09/2026 22:49,2-1129,Sale,76.00,0.00,76.00,0.00,76.00,59.38,16.62,Cash,"3 x WINSTON RED STICK, 4 x MIGHTY PULA  STICK",Dine in,POS 2,Route 98 - Minimart,Owner,,,Closed
20/09/2026 22:47,2-1128,Sale,155.00,0.00,155.00,0.00,155.00,128.02,26.98,Cash,"1 x RED HORSE LITRO, 1 x MIGHTY PUTI STICK",Dine in,POS 2,Route 98 - Minimart,Owner,,,Closed
20/09/2026 22:42,2-1127,Sale,125.00,0.00,125.00,0.00,125.00,99.00,26.00,Cash,1 x TODAY'S MIXED FRUITS 836G,Dine in,POS 2,Route 98 - Minimart,Owner,,,Closed
20/09/2026 22:40,2-1126,Sale,20.00,0.00,20.00,0.00,20.00,9.92,10.08,Cash,"1 x WINSTON WHITE STICK, 1 x FUEGO MATCH - PIECE, 1 x #misc",Dine in,POS 2,Route 98 - Minimart,Owner,,,Closed
20/09/2026 22:15,2-1125,Sale,36.00,0.00,36.00,0.00,36.00,27.30,8.70,Cash,3 x WINSTON RED STICK,Dine in,POS 2,Route 98 - Minimart,Owner,,,Closed
20/09/2026 21:56,2-1124,Sale,40.00,0.00,40.00,0.00,40.00,34.75,5.25,Cash,1 x STAR CORNED BEEF 150G,Dine in,POS 2,Route 98 - Minimart,Owner,,,Closed
20/09/2026 21:37,2-1123,Sale,30.00,0.00,30.00,0.00,30.00,20.25,9.75,Cash,3 x DINGDONG MIXED NUT 30G,Dine in,POS 2,Route 98 - Minimart,Owner,,,Closed
20/09/2026 21:36,2-1122,Sale,56.00,0.00,56.00,0.00,56.00,39.60,16.40,Cash,"2 x CREAMLINE COOLERS STRAWBERRY 50ML, 1 x CREAMLINE COOLERS MELON 70ML, 1 x CREAMLINE COOLERS CHOCOLATE 50ML",Dine in,POS 2,Route 98 - Minimart,Owner,,,Closed
20/09/2026 21:32,2-1121,Sale,102.96,0.00,102.96,0.00,102.96,78.90,24.06,Card,"2 x LUCKYME MAC & CHEESE, 5 x NESTLE KOKO CRUNCH",Dine in,POS 2,Route 98 - Minimart,Owner,,,Closed
20/09/2026 21:21,2-1120,Sale,55.00,0.00,55.00,0.00,55.00,38.50,16.50,Cash,"3 x SURF POWDER ROSE FRESH 65G, 1 x STING 290ML",Dine in,POS 2,Route 98 - Minimart,Owner,,,Closed
20/09/2026 21:04,2-1119,Sale,147.50,0.00,147.50,0.00,147.50,113.95,33.55,Cash,"2 x SM FLAVORED BEER APPLE, 1 x VCUT CHEESE FLAVOR 60G",Dine in,POS 2,Route 98 - Minimart,Owner,,,Closed
20/09/2026 21:01,2-1118,Sale,24.00,0.00,24.00,0.00,24.00,18.20,5.80,Cash,2 x WINSTON RED STICK,Dine in,POS 2,Route 98 - Minimart,Owner,,,Closed
20/09/2026 21:00,2-1117,Sale,167.00,0.00,167.00,0.00,167.00,134.25,32.75,Cash,"1 x OISHI PRAWN CRACKERS SPICY 24G, 1 x RED HORSE LITRO, 1 x DINGDONG MIXED NUT 30G, 1 x #misc",Dine in,POS 2,Route 98 - Minimart,Owner,,,Closed
20/09/2026 20:50,2-1116,Sale,50.00,0.00,50.00,0.00,50.00,27.26,22.74,Cash,"1 x NATURE'S SPRING PURE 1000ML, 1 x ICE CUBE 1KG",Dine in,POS 2,Route 98 - Minimart,Owner,,,Closed
20/09/2026 20:49,2-1115,Sale,60.73,0.00,60.73,0.00,60.73,46.73,14.00,Cash,"1 x KOPIKO BLACK 2PK, 1 x GREAT TASTE WHITE TWIN PACK, 1 x MANG JUAN SUKANG PAOMBONG 90G",Dine in,POS 2,Route 98 - Minimart,Owner,,,Closed
20/09/2026 20:35,2-1114,Sale,99.96,0.00,99.96,0.00,99.96,73.40,26.56,Cash,"1 x DELIGHT PROBIOTIC 400ML, 2 x CREAMLINE MINI CUP CHOCOLATE 75ML",Dine in,POS 2,Route 98 - Minimart,Owner,,,Closed
20/09/2026 20:24,2-1113,Sale,290.00,0.00,290.00,0.00,290.00,240.00,50.00,Cash,2 x RED HORSE LITRO,Dine in,POS 2,Route 98 - Minimart,Owner,,,Closed
20/09/2026 20:08,2-1112,Sale,41.00,0.00,41.00,0.00,41.00,31.30,9.70,Cash,"3 x WINSTON RED STICK, 1 x LION TIGER KATOL - COIL",Dine in,POS 2,Route 98 - Minimart,Owner,,,Closed
20/09/2026 19:46,2-1111,Sale,20.00,0.00,20.00,0.00,20.00,16.04,3.96,Cash,2 x MIGHTY PULA  STICK,Dine in,POS 2,Route 98 - Minimart,Owner,,,Closed
20/09/2026 19:42,2-1110,Sale,145.00,0.00,145.00,0.00,145.00,120.00,25.00,Cash,1 x RED HORSE LITRO,Dine in,POS 2,Route 98 - Minimart,Owner,,,Closed
20/09/2026 19:35,2-1109,Sale,28.98,0.00,28.98,0.00,28.98,23.02,5.96,Cash,"1 x LEMON SQUARE CHEESE CAKE, 1 x C2 SOLO LEMON 230ML",Dine in,POS 2,Route 98 - Minimart,Owner,,,Closed
20/09/2026 19:29,2-1108,Sale,60.00,0.00,60.00,0.00,60.00,48.00,12.00,Card,1 x DELIGHT PROBIOTIC 400ML,Dine in,POS 2,Route 98 - Minimart,Owner,,,Closed
20/09/2026 19:19,2-1107,Sale,24.00,0.00,24.00,0.00,24.00,18.20,5.80,Cash,2 x WINSTON RED STICK,Dine in,POS 2,Route 98 - Minimart,Owner,,,Closed
20/09/2026 19:17,2-1106,Sale,9.75,0.00,9.75,0.00,9.75,6.30,3.45,Cash,1 x CHIPPY BBQ 25G,Dine in,POS 2,Route 98 - Minimart,Owner,,,Closed
20/09/2026 19:17,2-1105,Sale,25.00,0.00,25.00,0.00,25.00,13.00,12.00,Cash,1 x ICE CUBE 1KG,Dine in,POS 2,Route 98 - Minimart,Owner,,,Closed
20/09/2026 19:08,2-1104,Sale,86.25,0.00,86.25,0.00,86.25,44.42,41.83,Cash,"1 x C2 GREEN TEA APPLE 1L, 1 x EFFICASCENT25",Dine in,POS 2,Route 98 - Minimart,Owner,,,Closed
20/09/2026 19:07,2-1103,Sale,57.25,0.00,57.25,0.00,57.25,22.08,35.17,Cash,"1 x EFFICASCENT25, 1 x C2 GREEN TEA APPLE 335ML",Dine in,POS 2,Route 98 - Minimart,Owner,,,Cancelled
20/09/2026 18:53,2-1102,Sale,100.00,0.00,100.00,0.00,100.00,84.00,16.00,Cash,4 x HOLIDAY BEEF LOAF,Dine in,POS 2,Route 98 - Minimart,Owner,,,Closed
20/09/2026 18:47,2-1101,Sale,290.00,0.00,290.00,0.00,290.00,240.00,50.00,Cash,2 x RED HORSE LITRO,Dine in,POS 2,Route 98 - Minimart,Owner,,,Closed
20/09/2026 18:31,2-1100,Sale,79.00,0.00,79.00,0.00,79.00,70.29,8.71,Cash,"2 x 555 SARDINES 155G, 1 x OSAKA SARDINES",Dine in,POS 2,Route 98 - Minimart,Owner,,,Closed
20/09/2026 18:28,2-1099,Sale,44.00,0.00,44.00,0.00,44.00,34.24,9.76,Cash,"2 x WINSTON RED STICK, 2 x MIGHTY PULA  STICK",Dine in,POS 2,Route 98 - Minimart,Owner,,,Closed
20/09/2026 18:23,2-1098,Sale,145.00,0.00,145.00,0.00,145.00,120.00,25.00,Cash,1 x RED HORSE LITRO,Dine in,POS 2,Route 98 - Minimart,Owner,,,Closed
20/09/2026 18:10,2-1097,Sale,15.00,0.00,15.00,0.00,15.00,0.00,15.00,Cash,1 x GILLETTE RUBIE BLADE,Dine in,POS 2,Route 98 - Minimart,Owner,,,Closed
20/09/2026 18:10,2-1096,Sale,107.76,0.00,107.76,0.00,107.76,74.76,33.00,Card,12 x DOWNY KONTRA  GERMS 26ML,Dine in,POS 2,Route 98 - Minimart,Owner,,,Closed
20/09/2026 18:00,2-1095,Sale,145.00,0.00,145.00,0.00,145.00,120.00,25.00,Cash,1 x RED HORSE LITRO,Dine in,POS 2,Route 98 - Minimart,Owner,,,Closed
20/09/2026 17:59,2-1094,Sale,59.00,0.00,59.00,0.00,59.00,42.03,16.97,Cash,"1 x NIPS WHITE CHOCO PACK, 12 x MUNCHER GREEN PEAS",Dine in,POS 2,Route 98 - Minimart,Owner,,,Closed
20/09/2026 17:57,2-1093,Sale,48.00,0.00,48.00,0.00,48.00,36.40,11.60,Cash,4 x WINSTON RED STICK,Dine in,POS 2,Route 98 - Minimart,Owner,,,Closed
20/09/2026 17:48,2-1092,Sale,84.75,0.00,84.75,0.00,84.75,61.67,23.08,Cash,1 x COCA COLA 1.75L,Dine in,POS 2,Route 98 - Minimart,Owner,,,Closed
20/09/2026 17:48,2-1091,Sale,25.00,0.00,25.00,0.00,25.00,13.00,12.00,Cash,1 x ICE CUBE 1KG,Dine in,POS 2,Route 98 - Minimart,Owner,,,Closed
20/09/2026 17:44,2-1090,Sale,22.00,0.00,22.00,0.00,22.00,17.12,4.88,Cash,"1 x MIGHTY PULA  STICK, 1 x WINSTON RED STICK",Dine in,POS 2,Route 98 - Minimart,Owner,,,Closed
20/09/2026 17:39,2-1089,Sale,321.75,0.00,321.75,0.00,321.75,261.35,60.40,Cash,"1 x CHIPPY BBQ 108G, 2 x RED HORSE LITRO, 1 x #misc",Dine in,POS 2,Route 98 - Minimart,Owner,,,Closed
20/09/2026 17:28,2-1088,Sale,145.00,0.00,145.00,0.00,145.00,120.00,25.00,Cash,1 x RED HORSE LITRO,Dine in,POS 2,Route 98 - Minimart,Owner,,,Closed
20/09/2026 17:25,2-1087,Sale,12.00,0.00,12.00,0.00,12.00,9.92,2.08,Cash,1 x WINSTON WHITE STICK,Dine in,POS 2,Route 98 - Minimart,Owner,,,Closed
20/09/2026 17:05,2-1086,Sale,85.00,0.00,85.00,0.00,85.00,68.02,16.98,Cash,"1 x RED HORSE 500, 1 x MIGHTY PULA  STICK",Dine in,POS 2,Route 98 - Minimart,Owner,,,Closed
20/09/2026 17:00,2-1085,Sale,9.00,0.00,9.00,0.00,9.00,6.75,2.25,Cash,1 x PILLOWS UBE 24G,Dine in,POS 2,Route 98 - Minimart,Owner,,,Closed
20/09/2026 16:51,2-1084,Sale,59.00,0.00,59.00,0.00,59.00,46.88,12.12,Cash,2 x CREAMLINE CUP CHOCO MUD PIE 210ML,Dine in,POS 2,Route 98 - Minimart,Owner,,,Closed
20/09/2026 16:40,2-1083,Sale,188.25,0.00,188.25,0.00,188.25,83.57,104.68,Cash,"1 x ROYAL 1.75L, 1 x Royal 1.5L, 1 x MARTY'S CRACKLINGS CHICK INSL 90G",Dine in,POS 2,Route 98 - Minimart,Owner,,,Closed
20/09/2026 16:32,2-1082,Sale,3.00,0.00,3.00,0.00,3.00,0.00,3.00,Cash,1 x #misc,Dine in,POS 2,Route 98 - Minimart,Owner,,,Closed
20/09/2026 16:31,2-1081,Sale,198.50,0.00,198.50,0.00,198.50,154.90,43.60,Cash,"1 x RED HORSE LITRO, 1 x ICE CUBE 1KG, 1 x MARTY'S CRACKLINGS SPCY VNGR 90G",Dine in,POS 2,Route 98 - Minimart,Owner,,,Closed
20/09/2026 16:23,2-1080,Sale,12.00,0.00,12.00,0.00,12.00,9.10,2.90,Cash,1 x WINSTON RED STICK,Dine in,POS 2,Route 98 - Minimart,Owner,,,Closed
20/09/2026 16:22,2-1079,Sale,25.00,0.00,25.00,0.00,25.00,0.00,25.00,Cash,1 x SUMMIT (1000ML),Dine in,POS 2,Route 98 - Minimart,Owner,,,Closed
20/09/2026 16:02,2-1078,Sale,60.00,0.00,60.00,0.00,60.00,48.00,12.00,Cash,1 x DELIGHT PROBIOTIC 400ML,Dine in,POS 2,Route 98 - Minimart,Owner,,,Closed
20/09/2026 15:46,2-1077,Sale,30.00,0.00,30.00,0.00,30.00,22.00,8.00,Cash,2 x COCA COLA 190ML,Dine in,POS 2,Route 98 - Minimart,Owner,,,Closed
20/09/2026 15:29,2-1076,Sale,25.00,0.00,25.00,0.00,25.00,14.26,10.74,Cash,1 x NATURE'S SPRING PURE 1000ML,Dine in,POS 2,Route 98 - Minimart,Owner,,,Closed
20/09/2026 15:23,2-1075,Sale,70.00,0.00,70.00,0.00,70.00,56.20,13.80,Cash,"1 x DELIGHT PROBIOTIC 400ML, 1 x GREAT TASTE WHITE",Dine in,POS 2,Route 98 - Minimart,Owner,,,Closed
20/09/2026 15:05,2-1074,Sale,33.50,0.00,33.50,0.00,33.50,23.20,10.30,Cash,"1 x CREAMLINE BAR COOKIES & CREAM, 1 x CREAMLINE BAR ROCKY ROAD",Dine in,POS 2,Route 98 - Minimart,Owner,,,Closed
20/09/2026 14:58,2-1073,Sale,22.89,0.00,22.89,0.00,22.89,17.55,5.34,Cash,1 x EDEN CHEESE 45G,Dine in,POS 2,Route 98 - Minimart,Owner,,,Closed
20/09/2026 14:47,2-1072,Sale,20.00,0.00,20.00,0.00,20.00,14.37,5.63,Cash,"1 x MIGHTY PULA  STICK, 1 x CLOUD 9 CLASSIC",Dine in,POS 2,Route 98 - Minimart,Owner,,,Closed
20/09/2026 14:25,2-1071,Sale,20.00,0.00,20.00,0.00,20.00,16.04,3.96,Cash,2 x MIGHTY PULA  STICK,Dine in,POS 2,Route 98 - Minimart,Owner,,,Closed
20/09/2026 14:21,2-1070,Sale,63.00,0.00,63.00,0.00,63.00,32.93,30.07,Cash,"1 x COCA COLA 290ML, 1 x NATURE'S SPRING DISTILLED 1000ML, 1 x NUTRIBOOST STRWBRRY 110",Dine in,POS 2,Route 98 - Minimart,Owner,,,Closed
20/09/2026 13:57,2-1069,Sale,134.75,0.00,134.75,0.00,134.75,101.77,32.98,Cash,"1 x COCA COLA 1.75L, 5 x MIGHTY PULA  STICK",Dine in,POS 2,Route 98 - Minimart,Owner,,,Closed
20/09/2026 13:02,2-1068,Sale,20.00,0.00,20.00,0.00,20.00,16.35,3.65,Cash,1 x MOUNTAIN DEW (290ML),Dine in,POS 2,Route 98 - Minimart,Owner,,,Closed
20/09/2026 12:56,2-1067,Sale,35.94,0.00,35.94,0.00,35.94,23.10,12.84,Cash,3 x LEMON SQUARE CHEESE CAKE,Dine in,POS 2,Route 98 - Minimart,Owner,,,Closed
20/09/2026 12:54,2-1066,Sale,35.00,0.00,35.00,0.00,35.00,29.50,5.50,Cash,1 x VITAMILK(DOUBLECHOCO) 300ML,Dine in,POS 2,Route 98 - Minimart,Owner,,,Closed
20/09/2026 12:48,2-1065,Sale,10.00,0.00,10.00,0.00,10.00,8.02,1.98,Cash,1 x MIGHTY PULA  STICK,Dine in,POS 2,Route 98 - Minimart,Owner,,,Closed
20/09/2026 12:47,2-1064,Sale,5.00,0.00,5.00,0.00,5.00,0.00,5.00,Cash,1 x #misc,Dine in,POS 2,Route 98 - Minimart,Owner,,,Closed
20/09/2026 12:12,2-1063,Sale,80.00,0.00,80.00,0.00,80.00,55.26,24.74,Cash,"1 x PEPSI EXTRA FIZZ 1L, 1 x NATURE'S SPRING PURE 1000ML",Dine in,POS 2,Route 98 - Minimart,Owner,,,Closed
20/09/2026 11:51,2-1062,Sale,84.75,0.00,84.75,0.00,84.75,61.67,23.08,Cash,1 x COCA COLA 1.75L,Dine in,POS 2,Route 98 - Minimart,Owner,,,Closed
20/09/2026 11:49,2-1061,Sale,79.00,0.00,79.00,0.00,79.00,62.78,16.22,Cash,"1 x POCARI SWEAT 500ML, 2 x WINSTON RED STICK",Dine in,POS 2,Route 98 - Minimart,Owner,,,Closed
20/09/2026 11:40,2-1060,Sale,184.50,0.00,184.50,0.00,184.50,162.03,22.47,Cash,"1 x TANDUAY SELECT 700ML, 1 x CREAMLINE CUP CHOCO MUD PIE 210ML",Dine in,POS 2,Route 98 - Minimart,Owner,,,Closed
20/09/2026 10:16,2-1059,Sale,20.00,0.00,20.00,0.00,20.00,14.77,5.23,Cash,"1 x DINGDONG SNACK MIX 30G, 1 x MIGHTY PULA  STICK",Dine in,POS 2,Route 98 - Minimart,Owner,,,Closed
20/09/2026 08:53,2-1058,Sale,90.00,0.00,90.00,0.00,90.00,54.36,35.64,Cash,6 x NATURE'S SPRING PURE 500ML,Dine in,POS 2,Route 98 - Minimart,Owner,,,Closed
20/09/2026 08:40,2-1057,Sale,26.98,0.00,26.98,0.00,26.98,14.65,12.33,Cash,"1 x SKYFLAKES CRACKER, 1 x ENERGEN VNLA, 1 x #misc",Dine in,POS 2,Route 98 - Minimart,Owner,,,Closed
20/09/2026 08:39,2-1056,Sale,28.00,0.00,28.00,0.00,28.00,16.43,11.57,Cash,1 x NATURE'S SPRING DISTILLED 1000ML,Dine in,POS 2,Route 98 - Minimart,Owner,,,Closed
20/09/2026 00:45,2-1055,Sale,20.00,0.00,20.00,0.00,20.00,16.04,3.96,Cash,2 x MIGHTY PULA  STICK,Dine in,POS 2,Route 98 - Minimart,Owner,,,Closed
20/09/2026 00:26,2-1054,Sale,120.00,0.00,120.00,0.00,120.00,91.00,29.00,Cash,10 x WINSTON RED STICK,Dine in,POS 2,Route 98 - Minimart,Owner,,,Closed
20/09/2026 00:20,2-1053,Sale,215.00,0.00,215.00,0.00,215.00,184.00,31.00,Cash,1 x WINSTON RED KAHA,Dine in,POS 2,Route 98 - Minimart,Owner,,,Closed
20/09/2026 00:14,2-1052,Sale,221.78,0.00,221.78,0.00,221.78,97.86,123.92,Cash,"1 x ZONROX ORIG 1L, 1 x BARETA BAR W/ FABCON, 4 x ARIEL POWDER TWIN JUMBO PACK FLORAL PASSION, 6 x DOWNY KONTRA  GERMS 26ML",Dine in,POS 2,Route 98 - Minimart,Owner,,,Closed
20/09/2026 00:08,2-1051,Sale,14.98,0.00,14.98,0.00,14.98,10.90,4.08,Card,1 x TATTOOS CORN TUBE PIZZA 60G,Dine in,POS 2,Route 98 - Minimart,Owner,,,Closed
19/09/2026 23:36,2-1050,Sale,295.00,0.00,295.00,0.00,295.00,240.00,55.00,Cash,"2 x RED HORSE LITRO, 1 x #StyroCups w/ stirrer",Dine in,POS 2,Route 98 - Minimart,Owner,,,Closed
19/09/2026 23:27,2-1049,Sale,40.00,0.00,40.00,0.00,40.00,29.85,10.15,Cash,"1 x CREAMLINE CONE CHOCO QUESO 110ML, 1 x CREAMLINE BAR COOKIES & CREAM",Dine in,POS 2,Route 98 - Minimart,Owner,,,Closed
19/09/2026 23:20,2-1048,Sale,19.98,0.00,19.98,0.00,19.98,16.15,3.83,Cash,1 x CREAMLINE PINIPIG CHOCOLATE 70ML,Dine in,POS 2,Route 98 - Minimart,Owner,,,Closed
19/09/2026 23:17,2-1047,Sale,61.48,0.00,61.48,0.00,61.48,47.35,14.13,Cash,"1 x CREAMLINE PINIPIG CHOCOLATE 70ML, 1 x PIATTOS SOUR CREAM 40G, 1 x MAGIC CREAMS BUTTER, 1 x CREAMLINE COOLERS MANGO 70ML",Dine in,POS 2,Route 98 - Minimart,Owner,,,Closed
19/09/2026 23:16,2-1046,Sale,14.00,0.00,14.00,0.00,14.00,9.90,4.10,Cash,1 x CREAMLINE COOLERS MANGO 70ML,Dine in,POS 2,Route 98 - Minimart,Owner,,,Closed
19/09/2026 23:03,2-1045,Sale,12.50,0.00,12.50,0.00,12.50,8.19,4.31,Cash,1 x MR CHIPS MANAMIS MAIS 45G,Dine in,POS 2,Route 98 - Minimart,Owner,,,Closed
19/09/2026 22:45,2-1044,Sale,15.00,0.00,15.00,0.00,15.00,12.50,2.50,Card,1 x GREAT TASTE CHOCO,Dine in,POS 2,Route 98 - Minimart,Owner,,,Closed
19/09/2026 22:38,2-1043,Sale,10.00,0.00,10.00,0.00,10.00,0.00,10.00,Cash,2 x #StyroCups w/ stirrer,Dine in,POS 2,Route 98 - Minimart,Owner,,,Closed
19/09/2026 22:37,2-1042,Sale,290.00,0.00,290.00,0.00,290.00,240.00,50.00,Cash,2 x RED HORSE LITRO,Dine in,POS 2,Route 98 - Minimart,Owner,,,Closed
19/09/2026 22:33,2-1041,Sale,374.75,0.00,374.75,0.00,374.75,301.67,73.08,Cash,"2 x RED HORSE LITRO, 1 x COCA COLA 1.75L",Dine in,POS 2,Route 98 - Minimart,Owner,,,Closed
19/09/2026 22:24,2-1040,Sale,88.00,0.00,88.00,0.00,88.00,61.67,26.33,Cash,"1 x MOBY CARAMEL, 2 x MOBY CRUNCHY CHOCOLATE, 3 x YAKULT, 1 x NATURE'S SPRING PURE 350ML",Dine in,POS 2,Route 98 - Minimart,Owner,,,Closed
19/09/2026 22:16,2-1039,Sale,48.00,0.00,48.00,0.00,48.00,36.40,11.60,Cash,4 x WINSTON RED STICK,Dine in,POS 2,Route 98 - Minimart,Owner,,,Closed
19/09/2026 22:01,2-1038,Sale,145.00,0.00,145.00,0.00,145.00,0.00,145.00,Cash,1 x LAMPEIN XXL 12PCS,Dine in,POS 2,Route 98 - Minimart,Owner,,,Closed
19/09/2026 21:46,2-1037,Sale,165.00,0.00,165.00,0.00,165.00,130.00,35.00,Cash,"1 x RED HORSE LITRO, 1 x YAKULT, 1 x #StyroCups w/ stirrer",Dine in,POS 2,Route 98 - Minimart,Owner,,,Closed
19/09/2026 21:44,2-1036,Sale,39.00,0.00,39.00,0.00,39.00,18.20,20.80,Cash,"2 x WINSTON RED STICK, 1 x ROYAL 190",Dine in,POS 2,Route 98 - Minimart,Owner,,,Closed
19/09/2026 21:42,2-1035,Sale,40.25,0.00,40.25,0.00,40.25,30.34,9.91,Cash,"1 x SWEETCHILI CHPS BBQ, 1 x C2 GREEN TEA LEMON 335ML",Dine in,POS 2,Route 98 - Minimart,Owner,,,Closed
19/09/2026 21:42,2-1034,Sale,113.98,0.00,113.98,0.00,113.98,56.98,57.00,Cash,"2 x COCA COLA 190ML, 1 x ZONROX ORIG 250, 1 x DOWNY KONTRA  GERMS 26ML, 1 x SILKA (WHITENING HERBAL SOAP), 1 x KAMI BATHROOM TISSUE, 1 x #misc",Dine in,POS 2,Route 98 - Minimart,Owner,,,Closed
19/09/2026 21:36,2-1033,Sale,16.00,0.00,16.00,0.00,16.00,11.40,4.60,Card,1 x DELIGHT PROBIOTIC 100ML,Dine in,POS 2,Route 98 - Minimart,Owner,,,Closed
19/09/2026 21:35,2-1032,Sale,35.00,0.00,35.00,0.00,35.00,14.26,20.74,Cash,"1 x NATURE'S SPRING PURE 1000ML, 1 x #misc",Dine in,POS 2,Route 98 - Minimart,Owner,,,Closed
19/09/2026 21:31,2-1031,Sale,12.00,0.00,12.00,0.00,12.00,9.92,2.08,Cash,1 x WINSTON WHITE STICK,Dine in,POS 2,Route 98 - Minimart,Owner,,,Closed
19/09/2026 20:56,2-1030,Sale,330.98,0.00,330.98,0.00,330.98,259.00,71.98,Cash,"1 x NOBRELLI CHOCO-MANGGA-UBE 1.3L, 10 x WINSTON RED STICK",Dine in,POS 2,Route 98 - Minimart,Owner,,,Closed
19/09/2026 20:46,2-1029,Sale,9.75,0.00,9.75,0.00,9.75,5.45,4.30,Cash,1 x MR. CHIPS  NACHO CHEEZE 4G,Dine in,POS 2,Route 98 - Minimart,Owner,,,Closed
19/09/2026 20:32,2-1028,Sale,185.00,0.00,185.00,0.00,185.00,155.55,29.45,Cash,1 x TRAIN CHOCLAIT,Dine in,POS 2,Route 98 - Minimart,Owner,,,Closed
19/09/2026 20:29,2-1027,Sale,51.00,0.00,51.00,0.00,51.00,27.30,23.70,Cash,"1 x ROYAL 190, 3 x WINSTON RED STICK",Dine in,POS 2,Route 98 - Minimart,Owner,,,Closed
19/09/2026 20:25,2-1026,Sale,50.00,0.00,50.00,0.00,50.00,43.90,6.10,Cash,1 x VINO KULAFU 350,Dine in,POS 2,Route 98 - Minimart,Owner,,,Closed
19/09/2026 20:25,2-1025,Sale,15.00,0.00,15.00,0.00,15.00,9.06,5.94,Cash,1 x NATURE'S SPRING PURE 500ML,Dine in,POS 2,Route 98 - Minimart,Owner,,,Closed
19/09/2026 20:17,2-1024,Sale,84.50,0.00,84.50,0.00,84.50,46.33,38.17,Cash,"1 x UNILOVE BABY WIPES, 1 x #misc",Dine in,POS 2,Route 98 - Minimart,Owner,,,Closed
19/09/2026 20:00,2-1023,Sale,20.25,0.00,20.25,0.00,20.25,12.11,8.14,Cash,"1 x FUN SIZE! PIATTOS CHEESE 18G, 1 x MR. CHIPS  NACHO CHEEZE 4G",Dine in,POS 2,Route 98 - Minimart,Owner,,,Closed
19/09/2026 19:47,2-1022,Sale,24.00,0.00,24.00,0.00,24.00,18.20,5.80,Cash,2 x WINSTON RED STICK,Dine in,POS 2,Route 98 - Minimart,Owner,,,Closed
19/09/2026 19:35,2-1021,Sale,24.00,0.00,24.00,0.00,24.00,18.20,5.80,Cash,2 x WINSTON RED STICK,Dine in,POS 2,Route 98 - Minimart,Owner,,,Closed
19/09/2026 19:09,2-1020,Sale,94.75,0.00,94.75,0.00,94.75,68.59,26.16,Cash,"1 x COCA COLA 1.75L, 1 x NATURE'S SPRING PURE 350ML",Dine in,POS 2,Route 98 - Minimart,Owner,,,Closed
19/09/2026 19:02,2-1019,Sale,247.73,0.00,247.73,0.00,247.73,187.77,59.96,Cash,"1 x COCA COLA 1.75L, 1 x #StyroCups w/ stirrer, 3 x NESCAFE ORIGINAL TWIN PACK, 3 x NESCAFE CREAMY WHITE TWIN PACK, 3 x ENERGEN VNLA, 1 x CREAMLINE PINIPIG CHOCOLATE 70ML",Dine in,POS 2,Route 98 - Minimart,Owner,,,Closed
19/09/2026 19:00,2-1018,Sale,28.00,0.00,28.00,0.00,28.00,16.43,11.57,Cash,1 x NATURE'S SPRING DISTILLED 1000ML,Dine in,POS 2,Route 98 - Minimart,Owner,,,Closed
19/09/2026 18:47,2-1017,Sale,51.00,0.00,51.00,0.00,51.00,40.90,10.10,Cash,"1 x VITAMILK(DOUBLECHOCO) 300ML, 1 x DELIGHT PROBIOTIC 100ML",Dine in,POS 2,Route 98 - Minimart,Owner,,,Closed
19/09/2026 18:41,2-1016,Sale,10.00,0.00,10.00,0.00,10.00,8.25,1.75,Card,1 x NUTRI STAR CHICKEN BBQ,Dine in,POS 2,Route 98 - Minimart,Owner,,,Closed
19/09/2026 18:29,2-1015,Sale,9.75,0.00,9.75,0.00,9.75,6.30,3.45,Cash,1 x CHIPPY BBQ 25G,Dine in,POS 2,Route 98 - Minimart,Owner,,,Closed
19/09/2026 18:09,2-1014,Sale,20.75,0.00,20.75,0.00,20.75,14.55,6.20,Cash,"1 x MOBY CRUNCHY CHOCOLATE, 1 x CHIPPY CHILI CHEESE 25G",Dine in,POS 2,Route 98 - Minimart,Owner,,,Closed
19/09/2026 18:08,2-1013,Sale,36.00,0.00,36.00,0.00,36.00,27.30,8.70,Cash,3 x WINSTON RED STICK,Dine in,POS 2,Route 98 - Minimart,Owner,,,Closed
19/09/2026 18:07,2-1012,Sale,28.00,0.00,28.00,0.00,28.00,16.43,11.57,Cash,1 x NATURE'S SPRING DISTILLED 1000ML,Dine in,POS 2,Route 98 - Minimart,Owner,,,Closed
19/09/2026 18:02,2-1011,Sale,20.25,0.00,20.25,0.00,20.25,14.25,6.00,Cash,1 x VCUT CHEESE FLAVOR 25G,Dine in,POS 2,Route 98 - Minimart,Owner,,,Closed
19/09/2026 17:58,2-1010,Sale,25.00,0.00,25.00,0.00,25.00,0.00,25.00,Cash,5 x #StyroCups w/ stirrer,Dine in,POS 2,Route 98 - Minimart,Owner,,,Closed
19/09/2026 17:56,2-1009,Sale,64.98,0.00,64.98,0.00,64.98,59.75,5.23,Cash,1 x PEPSI EXTRA FIZZ 1.5L,Dine in,POS 2,Route 98 - Minimart,Owner,,,Closed
19/09/2026 17:51,2-1008,Sale,5.00,0.00,5.00,0.00,5.00,0.00,5.00,Cash,1 x #StyroCups w/ stirrer,Dine in,POS 2,Route 98 - Minimart,Owner,,,Closed
19/09/2026 17:44,2-1007,Sale,557.32,0.00,557.32,0.00,557.32,242.44,314.88,Cash,"1 x MISUA PACK 12S, 5 x DOWNY PASSION 26ML, 4 x DOWNY SUNRISE FRESH 26ML, 2 x PRESTO PACK, 6 x NIPS PEANUT 14G, 1 x NESTEA LEMON CUCUMBER, 1 x TANG LYCHEE, 1 x TANG MIXED BERRIES, 1 x PANCIT CANTON CHILIMANSI KASALO PACK, 1 x PANCIT CANTON SWEET&SPICY KASALO PACK, 1 x PANCIT CANTON KALAMANSI KASALO PACK, 1 x MOBY CARAMEL, 1 x MOBY CRUNCHY CHOCOLATE, 1 x CLOVER CHEESIER 24G, 1 x CHEEZ IT",Dine in,POS 2,Route 98 - Minimart,Owner,,,Closed
19/09/2026 17:25,2-1006,Sale,9.75,0.00,9.75,0.00,9.75,6.30,3.45,Cash,1 x CHIPPY BBQ 25G,Dine in,POS 2,Route 98 - Minimart,Owner,,,Closed
19/09/2026 17:24,2-1005,Sale,162.96,0.00,162.96,0.00,162.96,129.65,33.31,Cash,"3 x MOBY CARAMEL, 3 x MIGHTY PULA  STICK, 2 x COCA COLA 290ML, 2 x PANTENE SUPPLEMENT CONDITIONER COLLAGEN, 2 x MOUNTAIN DEW (290ML)",Dine in,POS 2,Route 98 - Minimart,Owner,,,Closed
19/09/2026 17:18,2-1004,Sale,25.00,0.00,25.00,0.00,25.00,15.50,9.50,Card,"2 x NESCAFE STICK, 1 x BEAR BRAND SWAK",Dine in,POS 2,Route 98 - Minimart,Owner,,,Closed
19/09/2026 16:58,2-1003,Sale,36.75,0.00,36.75,0.00,36.75,30.82,5.93,Cash,"1 x NUTRI STAR CHICKEN BBQ, 1 x CHIZ CURLS 18G, 1 x C2 SOLO LEMON 230ML",Dine in,POS 2,Route 98 - Minimart,Owner,,,Closed
19/09/2026 16:56,2-1002,Sale,69.96,0.00,69.96,0.00,69.96,54.75,15.21,Cash,"2 x MOUNTAIN DEW (290ML), 1 x PRESTO PEANUT BUTTER, 2 x LEMON SQUARE LAVA CAKE",Dine in,POS 2,Route 98 - Minimart,Owner,,,Closed
19/09/2026 16:40,2-1001,Sale,45.00,0.00,45.00,0.00,45.00,27.00,18.00,Cash,3 x BEAR BRAND SWAK CHOCO,Dine in,POS 2,Route 98 - Minimart,Owner,,,Closed
19/09/2026 16:38,2-1000,Sale,657.25,0.00,657.25,0.00,657.25,458.17,199.08,Cash,"2 x COCA COLA 1.75L, 1 x NOVA COUNTRY CHEDDAR 20G, 1 x CLVB 1 LTR, 1 x KULAFU 700ML, 1 x GATORADE BLUE BOLT 350ML, 1 x EFFICASCENT50, 12 x NIPS MILK CHOCO 14G",Dine in,POS 2,Route 98 - Minimart,Owner,,,Closed
19/09/2026 15:53,2-0999,Sale,362.00,0.00,362.00,0.00,362.00,280.20,81.80,Cash,"4 x RED HORSE 500, 2 x OISHI PRAWN CRACKERS SPICY 24G, 2 x MANG JUAN SUKAT SILI 26G, 2 x CHIPPY BBQ 25G",Dine in,POS 2,Route 98 - Minimart,Owner,,,Closed
19/09/2026 15:41,2-0998,Sale,25.00,0.00,25.00,0.00,25.00,14.26,10.74,Cash,1 x NATURE'S SPRING PURE 1000ML,Dine in,POS 2,Route 98 - Minimart,Owner,,,Closed
19/09/2026 14:55,2-0997,Sale,40.00,0.00,40.00,0.00,40.00,32.08,7.92,Cash,4 x MIGHTY PUTI STICK,Dine in,POS 2,Route 98 - Minimart,Owner,,,Closed
19/09/2026 14:17,2-0996,Sale,48.00,0.00,48.00,0.00,48.00,36.40,11.60,Cash,4 x WINSTON RED STICK,Dine in,POS 2,Route 98 - Minimart,Owner,,,Closed
19/09/2026 13:53,2-0995,Sale,10.00,0.00,10.00,0.00,10.00,8.02,1.98,Cash,1 x MIGHTY PULA  STICK,Dine in,POS 2,Route 98 - Minimart,Owner,,,Closed
19/09/2026 13:43,2-0994,Sale,9.00,0.00,9.00,0.00,9.00,5.55,3.45,Cash,1 x MAGIC CREAMS CHOCO,Dine in,POS 2,Route 98 - Minimart,Owner,,,Closed
19/09/2026 13:42,2-0993,Sale,66.50,0.00,66.50,0.00,66.50,41.84,24.66,Cash,"1 x COBRA  ASTIG 290ML, 1 x NATURE'S SPRING PURE 1000ML, 10 x HAPPY CHICKEN ADOBO 5G",Dine in,POS 2,Route 98 - Minimart,Owner,,,Closed
19/09/2026 13:23,2-0992,Sale,10.00,0.00,10.00,0.00,10.00,6.35,3.65,Cash,1 x CLOUD 9 CLASSIC,Dine in,POS 2,Route 98 - Minimart,Owner,,,Closed
19/09/2026 13:22,2-0991,Sale,35.00,0.00,35.00,0.00,35.00,25.83,9.17,Cash,1 x GATORADE BLUE BOLT 350ML,Dine in,POS 2,Route 98 - Minimart,Owner,,,Closed
19/09/2026 13:19,2-0990,Sale,18.00,0.00,18.00,0.00,18.00,9.94,8.06,Cash,1 x NATURE'S SPRING DISTILLED 500ML,Dine in,POS 2,Route 98 - Minimart,Owner,,,Closed
19/09/2026 12:51,2-0989,Sale,10.00,0.00,10.00,0.00,10.00,8.02,1.98,Cash,1 x MIGHTY PULA  STICK,Dine in,POS 2,Route 98 - Minimart,Owner,,,Closed
19/09/2026 12:43,2-0988,Sale,20.00,0.00,20.00,0.00,20.00,16.04,3.96,Cash,2 x MIGHTY PULA  STICK,Dine in,POS 2,Route 98 - Minimart,Owner,,,Closed
19/09/2026 12:11,2-0987,Sale,27.00,0.00,27.00,0.00,27.00,23.39,3.61,Cash,1 x OSAKA SARDINES,Dine in,POS 2,Route 98 - Minimart,Owner,,,Closed
19/09/2026 12:10,2-0986,Sale,150.00,0.00,150.00,0.00,150.00,120.00,30.00,Cash,2 x MODESS REGULAR 12 PADS,Dine in,POS 2,Route 98 - Minimart,Owner,,,Closed
19/09/2026 12:01,2-0985,Sale,57.00,0.00,57.00,0.00,57.00,43.80,13.20,Cash,"1 x MARTY'S CRACKLINGS CHICK INSL 90G, 1 x MARTY'S CRACKLINGS PLN SLTD 90G",Dine in,POS 2,Route 98 - Minimart,Owner,,,Closed
19/09/2026 11:59,2-0984,Sale,100.25,0.00,100.25,0.00,100.25,77.17,23.08,Cash,"1 x SISTERS OVERNIGHT DRY, 1 x C2 GREEN TEA LEMON 1L",Dine in,POS 2,Route 98 - Minimart,Owner,,,Closed
19/09/2026 11:53,2-0983,Sale,65.00,0.00,65.00,0.00,65.00,51.00,14.00,Cash,"1 x DINGDONG SNACK MIX WITH  CHIPS CURLS 100G, 1 x DINGDONG HOT& SPICY 100G",Dine in,POS 2,Route 98 - Minimart,Owner,,,Closed
19/09/2026 11:20,2-0982,Sale,20.00,0.00,20.00,0.00,20.00,16.04,3.96,Cash,2 x MIGHTY PULA  STICK,Dine in,POS 2,Route 98 - Minimart,Owner,,,Closed
19/09/2026 10:41,2-0981,Sale,30.00,0.00,30.00,0.00,30.00,24.06,5.94,Cash,3 x MIGHTY PULA  STICK,Dine in,POS 2,Route 98 - Minimart,Owner,,,Closed
19/09/2026 10:30,2-0980,Sale,84.75,0.00,84.75,0.00,84.75,61.67,23.08,Cash,1 x COCA COLA 1.75L,Dine in,POS 2,Route 98 - Minimart,Owner,,,Closed
19/09/2026 10:28,2-0979,Sale,17.00,0.00,17.00,0.00,17.00,15.32,1.68,Cash,1 x C2 SOLO LEMON 230ML,Dine in,POS 2,Route 98 - Minimart,Owner,,,Closed
19/09/2026 10:12,2-0978,Sale,320.00,0.00,320.00,0.00,320.00,0.00,320.00,Cash,1 x #misc,Dine in,POS 2,Route 98 - Minimart,Owner,,,Closed
19/09/2026 10:09,2-0977,Sale,39.98,0.00,39.98,0.00,39.98,30.06,9.92,Cash,"1 x KERATIN PLUS (GOLD) 20g, 3 x MIGHTY PULA  STICK",Dine in,POS 2,Route 98 - Minimart,Owner,,,Closed
19/09/2026 10:08,2-0976,Sale,41.50,0.00,41.50,0.00,41.50,32.62,8.88,Cash,"1 x COBRA  ASTIG CITRUS BLAST 290ML, 2 x MIGHTY PULA  STICK",Dine in,POS 2,Route 98 - Minimart,Owner,,,Closed
18/09/2026 22:25,2-0975,Sale,37.00,0.00,37.00,0.00,37.00,27.90,9.10,Card,"1 x DELIGHT PROBIOTIC 100ML, 1 x MOBY CARAMEL, 1 x NUTRI STAR CHICKEN BBQ",Dine in,POS 2,Route 98 - Minimart,Owner,,,Closed
18/09/2026 22:06,2-0974,Sale,5.00,0.00,5.00,0.00,5.00,0.00,5.00,Cash,1 x #StyroCups w/ stirrer,Dine in,POS 2,Route 98 - Minimart,Owner,,,Closed
18/09/2026 22:01,2-0973,Sale,40.00,0.00,40.00,0.00,40.00,24.26,15.74,Cash,"1 x NATURE'S SPRING PURE 1000ML, 1 x YAKULT",Dine in,POS 2,Route 98 - Minimart,Owner,,,Closed
18/09/2026 21:57,2-0972,Sale,53.00,0.00,53.00,0.00,53.00,40.10,12.90,Cash,"5 x MIGHTY PUTI STICK, 1 x FUEGO MATCH - PIECE",Dine in,POS 2,Route 98 - Minimart,Owner,,,Closed
18/09/2026 21:49,2-0971,Sale,38.50,0.00,38.50,0.00,38.50,33.22,5.28,Cash,1 x PIATTOS CHEESE 85G,Dine in,POS 2,Route 98 - Minimart,Owner,,,Closed
18/09/2026 21:37,2-0970,Sale,110.00,0.00,110.00,0.00,110.00,86.90,23.10,Cash,1 x KULAFU 700ML,Dine in,POS 2,Route 98 - Minimart,Owner,,,Closed
18/09/2026 21:23,2-0969,Sale,15.00,0.00,15.00,0.00,15.00,9.06,5.94,Cash,1 x NATURE'S SPRING PURE 500ML,Dine in,POS 2,Route 98 - Minimart,Owner,,,Closed
18/09/2026 21:15,2-0968,Sale,38.50,0.00,38.50,0.00,38.50,29.55,8.95,Cash,1 x NOVA HOMESTYLE BBQ 78G,Dine in,POS 2,Route 98 - Minimart,Owner,,,Closed
18/09/2026 20:36,2-0967,Sale,103.50,0.00,103.50,0.00,103.50,21.66,81.84,Cash,"1 x OISHI RINBEE, 1 x FUN SIZE! PIATTOS CHEESE 18G, 1 x OISHI PRAWN CRACKERS SPICY 24G, 1 x Royal 1.5L",Dine in,POS 2,Route 98 - Minimart,Owner,,,Closed
18/09/2026 20:30,2-0966,Sale,35.00,0.00,35.00,0.00,35.00,28.04,6.96,Cash,"2 x MIGHTY PUTI STICK, 3 x LION TIGER KATOL - COIL",Dine in,POS 2,Route 98 - Minimart,Owner,,,Closed
18/09/2026 20:19,2-0965,Sale,65.00,0.00,65.00,0.00,65.00,54.00,11.00,Cash,1 x SMIRNOFF,Dine in,POS 2,Route 98 - Minimart,Owner,,,Closed
18/09/2026 20:13,2-0964,Sale,62.25,0.00,62.25,0.00,62.25,47.00,15.25,Cash,"1 x CRISPY PATATA 85G, 1 x CHIPPY CHILI & CHEESE 108G",Dine in,POS 2,Route 98 - Minimart,Owner,,,Closed
18/09/2026 20:10,2-0963,Sale,40.50,0.00,40.50,0.00,40.50,15.75,24.75,Cash,"1 x OISHI CRACKLINGS, 1 x SWEETCHILI CHPS BBQ, 10 x DINGDONG HOTNSPICY 5G",Dine in,POS 2,Route 98 - Minimart,Owner,,,Closed
18/09/2026 20:09,2-0962,Sale,148.00,0.00,148.00,0.00,148.00,120.00,28.00,Cash,"1 x RED HORSE LITRO, 1 x #misc",Dine in,POS 2,Route 98 - Minimart,Owner,,,Closed
18/09/2026 20:03,2-0961,Sale,36.00,0.00,36.00,0.00,36.00,22.40,13.60,Cash,"1 x #StyroCups w/ stirrer, 1 x PEPSI EXTRA FIZZ 195ML, 1 x DELIGHT PROBIOTIC 100ML",Dine in,POS 2,Route 98 - Minimart,Owner,,,Closed
18/09/2026 19:45,2-0960,Sale,12.25,0.00,12.25,0.00,12.25,6.30,5.95,Cash,1 x MANG JUAN SUKAT SILI 26G,Dine in,POS 2,Route 98 - Minimart,Owner,,,Closed
18/09/2026 19:44,2-0959,Sale,45.48,0.00,45.48,0.00,45.48,30.43,15.05,Cash,"1 x CREAMLINE SUNDAE STRAWBERRY 120ML, 1 x MAGIC CHIPS BBQ, 1 x FUN SIZE! PIATTOS CHEESE 18G",Dine in,POS 2,Route 98 - Minimart,Owner,,,Closed
18/09/2026 19:31,2-0958,Sale,9.75,0.00,9.75,0.00,9.75,6.30,3.45,Cash,1 x CHIPPY BBQ 25G,Dine in,POS 2,Route 98 - Minimart,Owner,,,Closed
18/09/2026 19:29,2-0957,Sale,67.00,0.00,67.00,0.00,67.00,46.40,20.60,Cash,"1 x CREAMLINE BAR COOKIES & CREAM, 1 x CREAMLINE BAR ROCKY ROAD, 1 x CREAMLINE BAR UBE QUESO PASTILLAS, 1 x CREAMLINE BAR COOKIES & CREAM",Dine in,POS 2,Route 98 - Minimart,Owner,,,Closed
18/09/2026 18:44,2-0956,Sale,17.00,0.00,17.00,0.00,17.00,11.79,5.21,Cash,1 x C2 SOLO APPLE 230ML,Dine in,POS 2,Route 98 - Minimart,Owner,,,Closed
18/09/2026 18:24,2-0955,Sale,30.00,0.00,30.00,0.00,30.00,22.01,7.99,Cash,1 x NISSIN CUP NOODLES SPCYHTBF,Dine in,POS 2,Route 98 - Minimart,Owner,,,Closed
18/09/2026 18:17,2-0954,Sale,32.50,0.00,32.50,0.00,32.50,27.49,5.01,Cash,1 x HOBE INSTANT SOTANGHON,Dine in,POS 2,Route 98 - Minimart,Owner,,,Closed
18/09/2026 18:14,2-0953,Sale,107.50,0.00,107.50,0.00,107.50,79.15,28.35,Cash,5 x COBRA RISE ENERGY PO  290ML,Dine in,POS 2,Route 98 - Minimart,Owner,,,Closed
18/09/2026 18:05,2-0952,Sale,65.00,0.00,65.00,0.00,65.00,52.60,12.40,Cash,"1 x POCARI SWEAT 500ML, 1 x MIGHTY PULA  STICK",Dine in,POS 2,Route 98 - Minimart,Owner,,,Closed
18/09/2026 18:04,2-0951,Sale,10.00,0.00,10.00,0.00,10.00,6.45,3.55,Cash,1 x PRESTO PEANUT BUTTER,Dine in,POS 2,Route 98 - Minimart,Owner,,,Closed
18/09/2026 18:03,2-0950,Sale,210.98,0.00,210.98,0.00,210.98,168.00,42.98,Cash,1 x NOBRELLI CHOCO-KESO-UBE 1.3L,Dine in,POS 2,Route 98 - Minimart,Owner,,,Closed
18/09/2026 17:47,2-0949,Sale,35.00,0.00,35.00,0.00,35.00,12.63,22.37,Card,"1 x NUTRIBOOST STRWBRRY 110, 2 x NESCAFE STICK, 1 x PRESTO CHOCO",Dine in,POS 2,Route 98 - Minimart,Owner,,,Closed
18/09/2026 17:26,2-0948,Sale,12.00,0.00,12.00,0.00,12.00,9.92,2.08,Cash,1 x WINSTON WHITE STICK,Dine in,POS 2,Route 98 - Minimart,Owner,,,Closed
18/09/2026 17:10,2-0947,Sale,129.75,0.00,129.75,0.00,129.75,94.67,35.08,Cash,"1 x ICE CUBE 3KG, 1 x SPRITE 1.75L",Dine in,POS 2,Route 98 - Minimart,Owner,,,Closed
18/09/2026 16:58,2-0946,Sale,64.00,0.00,64.00,0.00,64.00,47.80,16.20,Cash,"4 x WINSTON RED STICK, 1 x DELIGHT PROBIOTIC 100ML",Dine in,POS 2,Route 98 - Minimart,Owner,,,Closed
18/09/2026 16:25,2-0945,Sale,31.00,0.00,31.00,0.00,31.00,19.25,11.75,Cash,"1 x MOBY CARAMEL, 10 x DINGDONG MIXNUTS 5G",Dine in,POS 2,Route 98 - Minimart,Owner,,,Closed
18/09/2026 16:23,2-0944,Sale,142.50,0.00,142.50,0.00,142.50,107.30,35.20,Cash,"1 x RED HORSE 500, 2 x MR. CHIPS  NACHO CHEEZE 4G, 4 x WINSTON RED STICK",Dine in,POS 2,Route 98 - Minimart,Owner,,,Closed
18/09/2026 15:55,2-0943,Sale,57.98,0.00,57.98,0.00,57.98,44.50,13.48,Cash,"1 x ENERGEN VNLA, 1 x ENERGEN CHOCO, 1 x NESCAFE ORIGINAL TWIN PACK, 1 x KOPIKO BLANCA 2PK",Dine in,POS 2,Route 98 - Minimart,Owner,,,Closed
18/09/2026 15:34,2-0942,Sale,67.00,0.00,67.00,0.00,67.00,46.40,20.60,Cash,"2 x CREAMLINE BAR ROCKY ROAD, 2 x CREAMLINE BAR COOKIES & CREAM",Dine in,POS 2,Route 98 - Minimart,Owner,,,Closed
18/09/2026 15:20,2-0941,Sale,99.00,0.00,99.00,0.00,99.00,60.98,38.02,Cash,"3 x NATURE'S SPRING PURE 1000ML, 2 x WINSTON RED STICK",Dine in,POS 2,Route 98 - Minimart,Owner,,,Closed
18/09/2026 15:09,2-0940,Sale,220.48,0.00,220.48,0.00,220.48,114.67,105.81,Cash,"1 x ICE CUBE 1KG, 1 x PEPSI EXTRA FIZZ 1.5L, 1 x SPRITE 1.5L, 1 x PEEWEE SIZZLING BBQ 60G, 1 x OISHI PRAWN CRACKERS 60G, 1 x MAGIC CHIPS CHEESE",Dine in,POS 2,Route 98 - Minimart,Owner,,,Closed
18/09/2026 14:18,2-0939,Sale,17.00,0.00,17.00,0.00,17.00,14.00,3.00,Cash,1 x NESCAFE ORIGINAL TWIN PACK,Dine in,POS 2,Route 98 - Minimart,Owner,,,Closed
18/09/2026 14:07,2-0938,Sale,10.00,0.00,10.00,0.00,10.00,8.02,1.98,Cash,1 x MIGHTY PULA  STICK,Dine in,POS 2,Route 98 - Minimart,Owner,,,Closed
18/09/2026 13:18,2-0937,Sale,15.00,0.00,15.00,0.00,15.00,0.00,15.00,Cash,1 x #misc,Dine in,POS 2,Route 98 - Minimart,Owner,,,Closed
18/09/2026 13:12,2-0936,Sale,334.00,0.00,334.00,0.00,334.00,126.24,207.76,Cash,"1 x RED HORSE 500, 1 x RED HORSE SUPER, 1 x DINGDONG MIX NUTS REAL GARLIC 100G, 2 x REXONA QUANTUM DRY 3ML, 24 x HAPPY NUTS SWEET CHILI 5G",Dine in,POS 2,Route 98 - Minimart,Owner,,,Closed
18/09/2026 13:05,2-0935,Sale,17.00,0.00,17.00,0.00,17.00,11.79,5.21,Cash,1 x C2 SOLO APPLE 230ML,Dine in,POS 2,Route 98 - Minimart,Owner,,,Closed
18/09/2026 12:38,2-0934,Sale,34.50,0.00,34.50,0.00,34.50,23.76,10.74,Cash,"1 x ENERGEN CHOCO, 1 x ENERGEN VNLA, 1 x FUN SIZE! PIATTOS CHEESE 18G",Dine in,POS 2,Route 98 - Minimart,Owner,,,Closed
18/09/2026 11:13,2-0933,Sale,100.00,0.00,100.00,0.00,100.00,68.62,31.38,Cash,"2 x NATURE'S SPRING PURE 1000ML, 5 x MIGHTY PULA  STICK",Dine in,POS 2,Route 98 - Minimart,Owner,,,Closed
18/09/2026 07:37,2-0932,Sale,34.50,0.00,34.50,0.00,34.50,23.76,10.74,Cash,"1 x FUN SIZE! PIATTOS CHEESE 18G, 1 x ENERGEN CHOCO, 1 x ENERGEN VNLA",Dine in,POS 2,Route 98 - Minimart,Owner,,,Closed
17/09/2026 20:24,2-0931,Sale,57.75,0.00,57.75,0.00,57.75,44.42,13.33,Cash,1 x C2 GREEN TEA APPLE 1L,Dine in,POS 2,Route 98 - Minimart,Owner,,,Closed
17/09/2026 20:03,2-0930,Sale,12.00,0.00,12.00,0.00,12.00,9.92,2.08,Cash,1 x WINSTON WHITE STICK,Dine in,POS 2,Route 98 - Minimart,Owner,,,Closed
17/09/2026 19:58,2-0929,Sale,53.00,0.00,53.00,0.00,53.00,36.40,16.60,Cash,"4 x WINSTON RED STICK, 1 x #misc",Dine in,POS 2,Route 98 - Minimart,Owner,,,Closed
17/09/2026 19:44,2-0928,Sale,55.98,0.00,55.98,0.00,55.98,31.75,24.23,Cash,"1 x DINGDONG MIX NUTS REAL GARLIC 100G, 1 x CRISPY PATATA 24G, 1 x NUTRIBOOST STRWBRRY 110",Dine in,POS 2,Route 98 - Minimart,Owner,,,Closed
17/09/2026 19:41,2-0927,Sale,45.00,0.00,45.00,0.00,45.00,29.93,15.07,Cash,"1 x NATURE'S SPRING DISTILLED 500ML, 1 x MOBY CRUNCHY CHOCOLATE, 1 x NIPS PEANUT 14G, 1 x NIPS MILK CHOCO 14G",Dine in,POS 2,Route 98 - Minimart,Owner,,,Closed
17/09/2026 19:21,2-0926,Sale,194.38,0.00,194.38,0.00,194.38,142.48,51.90,Cash,"6 x DOWNY SUNRISE FRESH 26ML, 6 x SURF POWDER ROSE FRESH 65G, 1 x RAPSA PANCIT BIHON, 1 x SILVER SWAN SOY SAUCE 385ML, 1 x SILVER SWAN SUKANG PUTI 385ML",Dine in,POS 2,Route 98 - Minimart,Owner,,,Closed
17/09/2026 19:16,2-0925,Sale,36.00,0.00,36.00,0.00,36.00,14.70,21.30,Cash,"1 x SISTERS PANTYLINERS 8PCS, 1 x PRESTO PEANUT BUTTER, 1 x MOBY CRUNCHY CHOCOLATE",Dine in,POS 2,Route 98 - Minimart,Owner,,,Closed
17/09/2026 18:27,2-0924,Sale,38.50,0.00,38.50,0.00,38.50,28.80,9.70,Card,1 x PIATTOS SOUR CREAM 85G,Dine in,POS 2,Route 98 - Minimart,Owner,,,Closed
17/09/2026 17:53,2-0923,Sale,20.00,0.00,20.00,0.00,20.00,16.35,3.65,Cash,1 x MOUNTAIN DEW (290ML),Dine in,POS 2,Route 98 - Minimart,Owner,,,Closed
17/09/2026 17:49,2-0922,Sale,94.00,0.00,94.00,0.00,94.00,72.61,21.39,Cash,"5 x WINSTON RED STICK, 1 x C2 SOLO APPLE 230ML, 1 x C2 SOLO LEMON 230ML",Dine in,POS 2,Route 98 - Minimart,Owner,,,Closed
17/09/2026 17:29,2-0921,Sale,20.00,0.00,20.00,0.00,20.00,16.04,3.96,Cash,2 x MIGHTY PULA  STICK,Dine in,POS 2,Route 98 - Minimart,Owner,,,Closed
17/09/2026 17:20,2-0920,Sale,16.00,0.00,16.00,0.00,16.00,11.40,4.60,Card,1 x DELIGHT PROBIOTIC 100ML,Dine in,POS 2,Route 98 - Minimart,Owner,,,Closed
17/09/2026 16:53,2-0919,Sale,61.75,0.00,61.75,0.00,61.75,46.20,15.55,Cash,"1 x VCUT SPICY BARBEQUE 60G, 1 x VCUT CHEESE FLAVOR 25G",Dine in,POS 2,Route 98 - Minimart,Owner,,,Closed
17/09/2026 16:38,2-0918,Sale,72.00,0.00,72.00,0.00,72.00,55.50,16.50,Cash,6 x MILO,Dine in,POS 2,Route 98 - Minimart,Owner,,,Closed
17/09/2026 13:59,2-0917,Sale,9.75,0.00,9.75,0.00,9.75,6.30,3.45,Cash,1 x CHIPPY CHILI CHEESE 25G,Dine in,POS 2,Route 98 - Minimart,Owner,,,Closed
17/09/2026 13:56,2-0916,Sale,40.50,0.00,40.50,0.00,40.50,29.95,10.55,Cash,"1 x CHIPPY CHILI CHEESE 25G, 1 x LUCKYME GO CUP BULALO",Dine in,POS 2,Route 98 - Minimart,Owner,,,Closed
17/09/2026 13:09,2-0915,Sale,10.00,0.00,10.00,0.00,10.00,8.02,1.98,Cash,1 x MIGHTY PULA  STICK,Dine in,POS 2,Route 98 - Minimart,Owner,,,Closed
17/09/2026 13:02,2-0914,Sale,19.98,0.00,19.98,0.00,19.98,16.15,3.83,Cash,1 x CREAMLINE PINIPIG CHOCOLATE 70ML,Dine in,POS 2,Route 98 - Minimart,Owner,,,Closed
17/09/2026 12:06,2-0913,Sale,22.00,0.00,22.00,0.00,22.00,16.35,5.65,Cash,"1 x CAMEL PREMIUM TABACCOS STICK, 1 x WINSTON RED STICK",Dine in,POS 2,Route 98 - Minimart,Owner,,,Closed
17/09/2026 11:56,2-0912,Sale,10.00,0.00,10.00,0.00,10.00,8.02,1.98,Cash,1 x MIGHTY PULA  STICK,Dine in,POS 2,Route 98 - Minimart,Owner,,,Closed
17/09/2026 11:49,2-0911,Sale,40.00,0.00,40.00,0.00,40.00,0.00,40.00,Cash,1 x SISTERS NIGHT PLUS W/ WINGS 8PCS,Dine in,POS 2,Route 98 - Minimart,Owner,,,Closed
17/09/2026 11:48,2-0910,Sale,12.00,0.00,12.00,0.00,12.00,0.00,12.00,Cash,1 x #misc,Dine in,POS 2,Route 98 - Minimart,Owner,,,Closed
17/09/2026 11:46,2-0909,Sale,38.00,0.00,38.00,0.00,38.00,33.18,4.82,Cash,1 x LA MIA TUNA FLKSNOIL,Dine in,POS 2,Route 98 - Minimart,Owner,,,Closed
17/09/2026 10:28,2-0908,Sale,70.00,0.00,70.00,0.00,70.00,51.11,18.89,Cash,"1 x LIFT BERRY BOLT 320, 1 x MIGHTY PULA  STICK, 1 x MILO, 1 x ENERGEN VNLA, 2 x MAGIC FLAKES",Dine in,POS 2,Route 98 - Minimart,Owner,,,Closed
16/09/2026 22:33,2-0907,Sale,40.00,0.00,40.00,0.00,40.00,24.50,15.50,Cash,1 x UNILOVE SQUALANE WIPES,Dine in,POS 2,Route 98 - Minimart,Owner,,,Closed
16/09/2026 21:56,2-0906,Sale,30.00,0.00,30.00,0.00,30.00,25.37,4.63,Cash,1 x TROPICANA TWISTER ORANGE,Dine in,POS 2,Route 98 - Minimart,Owner,,,Closed
16/09/2026 21:55,2-0905,Sale,437.61,0.00,437.61,0.00,437.61,307.00,130.61,Cash,"1 x DELIGHT PROBIOTIC 400ML, 2 x NUTRIBOOST STRWBRRY 110, 2 x LUCKYME MAC & CHEESE, 4 x NESTLE KOKO CRUNCH, 1 x SISTERS PANTYLINERS 8PCS, 1 x PANTENE SHAMPOO HAIR FALL CONTROL, 4 x ARIEL POWDER TWIN JUMBO PACK FRESH GARDEN BLOOM, 2 x CHEEZ IT, 1 x NESCAFE ORIGINAL TWIN PACK, 1 x GREAT TASTE STICK, 1 x LUCKYME GO CUP BATCHOY, 1 x #StyroCups w/ stirrer, 1 x MOUNTAIN DEW 1.5L",Dine in,POS 2,Route 98 - Minimart,Owner,,,Closed
16/09/2026 21:50,2-0904,Sale,24.00,0.00,24.00,0.00,24.00,18.20,5.80,Cash,2 x WINSTON RED STICK,Dine in,POS 2,Route 98 - Minimart,Owner,,,Closed
16/09/2026 21:36,2-0903,Sale,320.00,0.00,320.00,0.00,320.00,244.01,75.99,Cash,"1 x CLVB 1 LTR, 1 x COCA COLA 1.75L, 1 x OISHI PRAWN CRACKERS SPICY 24G, 1 x OISHI ONION RNGS, 1 x MANG JUAN SUKAT SILI 26G, 2 x MIGHTY PULA  STICK",Dine in,POS 2,Route 98 - Minimart,Owner,,,Closed
16/09/2026 21:27,2-0902,Sale,99.98,0.00,99.98,0.00,99.98,59.75,40.23,Cash,"1 x PEPSI EXTRA FIZZ 1.5L, 7 x #StyroCups w/ stirrer",Dine in,POS 2,Route 98 - Minimart,Owner,,,Closed
16/09/2026 21:24,2-0901,Sale,28.50,0.00,28.50,0.00,28.50,21.90,6.60,Cash,1 x MARTY'S CRACKLINGS SPCY VNGR 90G,Dine in,POS 2,Route 98 - Minimart,Owner,,,Closed
16/09/2026 20:58,2-0900,Sale,50.00,0.00,50.00,0.00,50.00,43.90,6.10,Cash,1 x VINO KULAFU 350,Dine in,POS 2,Route 98 - Minimart,Owner,,,Closed
16/09/2026 20:57,2-0899,Sale,39.00,0.00,39.00,0.00,39.00,26.33,12.67,Cash,"1 x OISHI Potato Fries, 2 x FUN SIZE! PIATTOS CHEESE 18G, 1 x MAGIC FLAKES",Dine in,POS 2,Route 98 - Minimart,Owner,,,Closed
16/09/2026 19:28,2-0898,Sale,28.00,0.00,28.00,0.00,28.00,9.10,18.90,Cash,"1 x WINSTON RED STICK, 1 x LUCKYME PANCITCANTON XTRAHOT",Dine in,POS 2,Route 98 - Minimart,Owner,,,Closed
16/09/2026 19:15,2-0897,Sale,41.00,0.00,41.00,0.00,41.00,27.30,13.70,Cash,"3 x WINSTON RED STICK, 1 x #misc",Dine in,POS 2,Route 98 - Minimart,Owner,,,Closed
16/09/2026 18:47,2-0896,Sale,20.00,0.00,20.00,0.00,20.00,16.35,3.65,Cash,1 x MOUNTAIN DEW (290ML),Dine in,POS 2,Route 98 - Minimart,Owner,,,Closed
16/09/2026 18:47,2-0895,Sale,99.98,0.00,99.98,0.00,99.98,59.75,40.23,Cash,"1 x #misc, 1 x PEPSI EXTRA FIZZ 1.5L",Dine in,POS 2,Route 98 - Minimart,Owner,,,Cancelled
16/09/2026 18:42,2-0894,Sale,25.00,0.00,25.00,0.00,25.00,0.00,25.00,Cash,1 x SUMMIT (1000ML),Dine in,POS 2,Route 98 - Minimart,Owner,,,Closed
16/09/2026 18:27,2-0893,Sale,24.00,0.00,24.00,0.00,24.00,18.20,5.80,Cash,2 x WINSTON RED STICK,Dine in,POS 2,Route 98 - Minimart,Owner,,,Closed
16/09/2026 18:10,2-0892,Sale,180.88,0.00,180.88,0.00,180.88,134.00,46.88,Cash,"3 x LEMON SQUARE CHEESE CAKE, 2 x YAKULT, 2 x OISHI PRAWN CRACKERS SPICY 24G, 1 x COBRA ASTIG 330ML, 2 x CREAMLINE JUMBO CONE MANGO PEANUT 140ML, 1 x LEMON SQUARE CHEESE CAKE",Dine in,POS 2,Route 98 - Minimart,Owner,,,Closed
16/09/2026 18:03,2-0891,Sale,10.00,0.00,10.00,0.00,10.00,6.50,3.50,Card,2 x NESCAFE STICK,Dine in,POS 2,Route 98 - Minimart,Owner,,,Closed
16/09/2026 17:54,2-0890,Sale,75.00,0.00,75.00,0.00,75.00,60.00,15.00,Cash,1 x RED HORSE 500,Dine in,POS 2,Route 98 - Minimart,Owner,,,Closed
16/09/2026 16:59,2-0889,Sale,230.00,0.00,230.00,0.00,230.00,210.00,20.00,Cash,1 x 1 Case Softdrinks,Dine in,POS 2,Route 98 - Minimart,Owner,,,Cancelled
16/09/2026 16:59,2-0888,Sale,230.00,0.00,230.00,0.00,230.00,210.00,20.00,Cash,1 x 1 Case Softdrinks,Dine in,POS 2,Route 98 - Minimart,Owner,,,Cancelled
16/09/2026 16:32,2-0887,Sale,167.50,0.00,167.50,0.00,167.50,127.68,39.82,Cash,"1 x STING 290ML, 1 x MR CHIPS MANAMIS MAIS 45G, 1 x STING 290ML, 1 x MIGHTY PULA  STICK, 1 x POCARI SWEAT 500ML, 1 x MIGHTY PULA  STICK, 1 x TROPICANA TWISTER ORANGE",Dine in,POS 2,Route 98 - Minimart,Owner,,,Closed
16/09/2026 16:27,2-0886,Sale,11.98,0.00,11.98,0.00,11.98,10.00,1.98,Cash,1 x CHICK BOY TEXAS BBQ 30G,Dine in,POS 2,Route 98 - Minimart,Owner,,,Closed
16/09/2026 16:26,2-0885,Sale,334.00,0.00,334.00,0.00,334.00,267.50,66.50,Cash,"3 x RED HORSE 500, 2 x SAN MIGUEL LIGHT 330ML",Dine in,POS 2,Route 98 - Minimart,Owner,,,Closed
16/09/2026 16:12,2-0884,Sale,56.00,0.00,56.00,0.00,56.00,0.00,56.00,Cash,2 x SISTERS DRY MAXI 8,Dine in,POS 2,Route 98 - Minimart,Owner,,,Closed
16/09/2026 15:28,2-0883,Sale,88.00,0.00,88.00,0.00,88.00,64.57,23.43,Cash,11 x NIPS MILK CHOCO 14G,Dine in,POS 2,Route 98 - Minimart,Owner,,,Closed
16/09/2026 15:08,2-0882,Sale,50.00,0.00,50.00,0.00,50.00,43.90,6.10,Cash,1 x VINO KULAFU 350,Dine in,POS 2,Route 98 - Minimart,Owner,,,Closed
16/09/2026 13:29,2-0881,Sale,23.25,0.00,23.25,0.00,23.25,18.25,5.00,Cash,1 x CREAMLINE CONE BERRY CHOCO 110ML,Dine in,POS 2,Route 98 - Minimart,Owner,,,Closed
16/09/2026 13:19,2-0880,Sale,35.50,0.00,35.50,0.00,35.50,0.00,35.50,Cash,1 x ZONROX ORIG 500,Dine in,POS 2,Route 98 - Minimart,Owner,,,Closed
16/09/2026 12:53,2-0879,Sale,19.98,0.00,19.98,0.00,19.98,16.15,3.83,Cash,1 x CREAMLINE PINIPIG CHOCOLATE 70ML,Dine in,POS 2,Route 98 - Minimart,Owner,,,Closed
16/09/2026 11:54,2-0878,Sale,10.00,0.00,10.00,0.00,10.00,8.02,1.98,Cash,1 x MIGHTY PULA  STICK,Dine in,POS 2,Route 98 - Minimart,Owner,,,Closed
16/09/2026 11:39,2-0877,Sale,38.00,0.00,38.00,0.00,38.00,33.18,4.82,Cash,1 x LA MIA TUNA AFRTDA,Dine in,POS 2,Route 98 - Minimart,Owner,,,Closed
16/09/2026 10:08,2-0876,Sale,12.50,0.00,12.50,0.00,12.50,8.19,4.31,Cash,1 x MR CHIPS MANAMIS MAIS 45G,Dine in,POS 2,Route 98 - Minimart,Owner,,,Closed
16/09/2026 09:14,2-0875,Sale,185.00,0.00,185.00,0.00,185.00,145.00,40.00,Cash,1 x CLVB 1 LTR,Dine in,POS 2,Route 98 - Minimart,Owner,,,Closed
16/09/2026 08:59,2-0874,Sale,45.00,0.00,45.00,0.00,45.00,32.79,12.21,Cash,"2 x MIGHTY PULA  STICK, 1 x STING 290ML",Dine in,POS 2,Route 98 - Minimart,Owner,,,Closed
15/09/2026 23:09,2-0873,Sale,65.00,0.00,65.00,0.00,65.00,51.00,14.00,Cash,"1 x DINGDONG SNACK MIX WITH  CHIPS CURLS 100G, 1 x DINGDONG HOT& SPICY 100G",Dine in,POS 2,Route 98 - Minimart,Owner,,,Closed
15/09/2026 22:42,2-0872,Sale,45.75,0.00,45.75,0.00,45.75,32.75,13.00,Cash,"3 x WINSTON RED STICK, 1 x MR. CHIPS  NACHO CHEEZE 4G",Dine in,POS 2,Route 98 - Minimart,Owner,,,Closed
15/09/2026 22:31,2-0871,Sale,52.00,0.00,52.00,0.00,52.00,42.00,10.00,Cash,"1 x WINSTON WHITE STICK, 4 x MIGHTY PULA  STICK",Dine in,POS 2,Route 98 - Minimart,Owner,,,Closed
15/09/2026 22:23,2-0870,Sale,40.00,0.00,40.00,0.00,40.00,32.70,7.30,Cash,2 x MOUNTAIN DEW (290ML),Dine in,POS 2,Route 98 - Minimart,Owner,,,Closed
15/09/2026 22:12,2-0869,Sale,188.75,0.00,188.75,0.00,188.75,156.35,32.40,Cash,"1 x RED HORSE SUPER, 1 x #misc, 1 x CHIPPY BBQ 108G",Dine in,POS 2,Route 98 - Minimart,Owner,,,Closed
15/09/2026 22:01,2-0868,Sale,77.00,0.00,77.00,0.00,77.00,57.60,19.40,Cash,2 x PIATTOS SOUR CREAM 85G,Dine in,POS 2,Route 98 - Minimart,Owner,,,Closed
15/09/2026 21:59,2-0867,Sale,35.00,0.00,35.00,0.00,35.00,24.00,11.00,Cash,1 x ICE CUBE 2KG,Dine in,POS 2,Route 98 - Minimart,Owner,,,Closed
15/09/2026 21:57,2-0866,Sale,65.00,0.00,65.00,0.00,65.00,51.00,14.00,Cash,"1 x DINGDONG SNACK MIX WITH  CHIPS CURLS 100G, 1 x DINGDONG HOT& SPICY 100G",Dine in,POS 2,Route 98 - Minimart,Owner,,,Closed
15/09/2026 21:50,2-0865,Sale,36.00,0.00,36.00,0.00,36.00,22.20,13.80,Cash,"2 x MAGIC CREAMS BUTTER, 2 x MAGIC CREAMS CONDENSED",Dine in,POS 2,Route 98 - Minimart,Owner,,,Closed
15/09/2026 21:50,2-0864,Sale,15.00,0.00,15.00,0.00,15.00,9.67,5.33,Cash,1 x PREMIER PURIFIED WATER 500ML,Dine in,POS 2,Route 98 - Minimart,Owner,,,Closed
15/09/2026 21:40,2-0863,Sale,29.50,0.00,29.50,0.00,29.50,23.44,6.06,Cash,1 x CREAMLINE CUP CHOCO MUD PIE 210ML,Dine in,POS 2,Route 98 - Minimart,Owner,,,Closed
15/09/2026 21:39,2-0862,Sale,12.00,0.00,12.00,0.00,12.00,8.65,3.35,Cash,1 x REFRESH 500ML,Dine in,POS 2,Route 98 - Minimart,Owner,,,Closed
15/09/2026 21:38,2-0861,Sale,124.96,0.00,124.96,0.00,124.96,75.80,49.16,Cash,"2 x TATTOOS CORN TUBE PIZZA 60G, 2 x DINGDONG HOT& SPICY 100G, 1 x SUMMIT (1000ML)",Dine in,POS 2,Route 98 - Minimart,Owner,,,Closed
15/09/2026 21:35,2-0860,Sale,28.75,0.00,28.75,0.00,28.75,21.35,7.40,Cash,1 x CHIPPY BBQ 108G,Dine in,POS 2,Route 98 - Minimart,Owner,,,Closed
15/09/2026 21:32,2-0859,Sale,39.50,0.00,39.50,0.00,39.50,27.00,12.50,Cash,"5 x HAPPY HOT N SPICY, 1 x SUPER CRUNCH CHEESE 5G, 1 x COCA COLA 190ML",Dine in,POS 2,Route 98 - Minimart,Owner,,,Closed
15/09/2026 21:26,2-0858,Sale,54.96,0.00,54.96,0.00,54.96,39.95,15.01,Cash,"1 x CREAMLINE JUMBO CONE ROCKY ROAD 140ML, 1 x CREAMLINE SUNDAE CHOCOLATE120ML",Dine in,POS 2,Route 98 - Minimart,Owner,,,Closed
15/09/2026 20:49,2-0857,Sale,153.50,0.00,153.50,0.00,153.50,118.15,35.35,Cash,"10 x MILO, 1 x CRISPY PATATA 85G",Dine in,POS 2,Route 98 - Minimart,Owner,,,Closed
15/09/2026 20:44,2-0856,Sale,61.75,0.00,61.75,0.00,61.75,45.30,16.45,Cash,"1 x MANG JUAN SUKANG PAOMBONG 90G, 2 x DELIGHT PROBIOTIC 100ML",Dine in,POS 2,Route 98 - Minimart,Owner,,,Closed
15/09/2026 20:44,2-0855,Sale,60.00,0.00,60.00,0.00,60.00,48.00,12.00,Cash,1 x DELIGHT PROBIOTIC 400ML,Dine in,POS 2,Route 98 - Minimart,Owner,,,Closed
15/09/2026 20:36,2-0854,Sale,870.00,0.00,870.00,0.00,870.00,720.00,150.00,Cash,6 x RED HORSE LITRO,Dine in,POS 2,Route 98 - Minimart,Owner,,,Closed
15/09/2026 20:35,2-0853,Sale,291.00,0.00,291.00,0.00,291.00,230.84,60.16,Cash,"2 x PIATTOS CHEESE 85G, 2 x DINGDONG HOT& SPICY 100G, 2 x OISHI FISH CRACKERS 90G, 2 x NOVA COUNTRY CHEDDAR 78G",Dine in,POS 2,Route 98 - Minimart,Owner,,,Closed
15/09/2026 20:31,2-0852,Sale,22.00,0.00,22.00,0.00,22.00,16.35,5.65,Cash,"1 x CAMEL PREMIUM TABACCOS STICK, 1 x WINSTON RED STICK",Dine in,POS 2,Route 98 - Minimart,Owner,,,Closed
15/09/2026 20:30,2-0851,Sale,403.00,0.00,403.00,0.00,403.00,320.66,82.34,Cash,"1 x PIATTOS CHEESE 85G, 1 x CREAMLINE CUP CHOCO MUD PIE 210ML, 2 x RED HORSE LITRO, 10 x HAPPY NUTS SWEET CHILI 5G, 1 x ICE CUBE 1KG",Dine in,POS 2,Route 98 - Minimart,Owner,,,Closed
15/09/2026 19:50,2-0850,Sale,73.25,0.00,73.25,0.00,73.25,58.58,14.67,Cash,"1 x POCARI SWEAT 500ML, 1 x NOVA COUNTRY CHEDDAR 38G",Dine in,POS 2,Route 98 - Minimart,Owner,,,Closed
15/09/2026 19:46,2-0849,Sale,26.25,0.00,26.25,0.00,26.25,19.98,6.27,Cash,3 x NOVA COUNTRY CHEDDAR 20G,Dine in,POS 2,Route 98 - Minimart,Owner,,,Closed
15/09/2026 19:44,2-0848,Sale,180.00,0.00,180.00,0.00,180.00,148.95,31.05,Cash,"1 x RED HORSE LITRO, 1 x NIPS WHITE CHOCO PACK",Dine in,POS 2,Route 98 - Minimart,Owner,,,Closed
15/09/2026 19:35,2-0847,Sale,8.00,0.00,8.00,0.00,8.00,5.87,2.13,Cash,1 x NIPS MILK CHOCO 14G,Dine in,POS 2,Route 98 - Minimart,Owner,,,Closed
15/09/2026 19:34,2-0846,Sale,37.00,0.00,37.00,0.00,37.00,15.45,21.55,Cash,"1 x NUTRIBOOST CHOCO 110, 1 x PRESTO PEANUT BUTTER, 1 x PILLOWS CHOCO 38G",Dine in,POS 2,Route 98 - Minimart,Owner,,,Closed
15/09/2026 19:33,2-0845,Sale,48.00,0.00,48.00,0.00,48.00,36.40,11.60,Cash,"1 x ENERGEN VNLA, 3 x MILO",Dine in,POS 2,Route 98 - Minimart,Owner,,,Closed
15/09/2026 19:24,2-0844,Sale,100.00,0.00,100.00,0.00,100.00,11.00,89.00,Cash,"1 x #misc, 10 x HAPPY NUTS SWEET CHILI 5G",Dine in,POS 2,Route 98 - Minimart,Owner,,,Closed
15/09/2026 19:07,2-0843,Sale,190.00,0.00,190.00,0.00,190.00,95.95,94.05,Cash,"5 x NUTRIBOOST CHOCO 110, 1 x STING 290ML, 1 x OVERLOAD BLKFRST 10S",Dine in,POS 2,Route 98 - Minimart,Owner,,,Closed
15/09/2026 18:39,2-0842,Sale,45.00,0.00,45.00,0.00,45.00,33.10,11.90,Cash,"1 x STING 290ML, 1 x MOUNTAIN DEW (290ML)",Dine in,POS 2,Route 98 - Minimart,Owner,,,Closed
15/09/2026 17:48,2-0841,Sale,81.50,0.00,81.50,0.00,81.50,60.87,20.63,Cash,"1 x CRISPY PATATA 85G, 6 x NIPS MILK CHOCO 14G",Dine in,POS 2,Route 98 - Minimart,Owner,,,Closed
15/09/2026 17:45,2-0840,Sale,137.50,0.00,137.50,0.00,137.50,101.96,35.54,Cash,"1 x COCA COLA 1.75L, 1 x C2 GREEN TEA LEMON 335ML, 2 x WINSTON RED STICK",Dine in,POS 2,Route 98 - Minimart,Owner,,,Closed
15/09/2026 17:28,2-0839,Sale,35.00,0.00,35.00,0.00,35.00,24.77,10.23,Cash,"1 x STING 290ML, 1 x MIGHTY PULA  STICK",Dine in,POS 2,Route 98 - Minimart,Owner,,,Closed
15/09/2026 17:17,2-0838,Sale,25.00,0.00,25.00,0.00,25.00,16.75,8.25,Cash,1 x STING 290ML,Dine in,POS 2,Route 98 - Minimart,Owner,,,Closed
15/09/2026 17:14,2-0837,Sale,41.75,0.00,41.75,0.00,41.75,34.00,7.75,Cash,"1 x PIATTOS CHEESE 40G, 1 x CREAMLINE CONE CHOCO QUESO 110ML",Dine in,POS 2,Route 98 - Minimart,Owner,,,Closed
15/09/2026 17:13,2-0836,Sale,77.00,0.00,77.00,0.00,77.00,60.82,16.18,Cash,"5 x WINSTON RED STICK, 1 x C2 SOLO LEMON 230ML",Dine in,POS 2,Route 98 - Minimart,Owner,,,Closed
15/09/2026 17:12,2-0835,Sale,36.00,0.00,36.00,0.00,36.00,28.55,7.45,Cash,"1 x MOUNTAIN DEW (290ML), 2 x SANICARE COTTON 10G",Dine in,POS 2,Route 98 - Minimart,Owner,,,Closed
15/09/2026 14:58,2-0834,Sale,47.75,0.00,47.75,0.00,47.75,37.44,10.31,Cash,"1 x NOVA HOMESTYLE BBQ 38G, 1 x CREAMLINE CUP CHOCO MUD PIE 210ML",Dine in,POS 2,Route 98 - Minimart,Owner,,,Closed
15/09/2026 14:57,2-0833,Sale,76.00,0.00,76.00,0.00,76.00,52.00,24.00,Cash,"2 x MR CHIPS NACHO CHEESE 98G, 1 x ICE CUBE 1KG",Dine in,POS 2,Route 98 - Minimart,Owner,,,Closed
15/09/2026 13:58,2-0832,Sale,20.00,0.00,20.00,0.00,20.00,16.35,3.65,Cash,1 x MOUNTAIN DEW (290ML),Dine in,POS 2,Route 98 - Minimart,Owner,,,Closed
15/09/2026 12:59,2-0831,Sale,16.75,0.00,16.75,0.00,16.75,11.60,5.15,Cash,1 x CREAMLINE BAR COOKIES & CREAM,Dine in,POS 2,Route 98 - Minimart,Owner,,,Closed
15/09/2026 12:39,2-0830,Sale,35.00,0.00,35.00,0.00,35.00,25.83,9.17,Cash,1 x GATORADE BLUE BOLT 350ML,Dine in,POS 2,Route 98 - Minimart,Owner,,,Closed
15/09/2026 11:23,2-0829,Sale,18.00,0.00,18.00,0.00,18.00,13.50,4.50,Cash,2 x PILLOWS UBE 24G,Dine in,POS 2,Route 98 - Minimart,Owner,,,Closed
15/09/2026 11:10,2-0828,Sale,25.00,0.00,25.00,0.00,25.00,16.75,8.25,Cash,1 x STING 290ML,Dine in,POS 2,Route 98 - Minimart,Owner,,,Closed
15/09/2026 11:06,2-0827,Sale,21.50,0.00,21.50,0.00,21.50,16.58,4.92,Cash,1 x COBRA  ASTIG CITRUS BLAST 290ML,Dine in,POS 2,Route 98 - Minimart,Owner,,,Closed
15/09/2026 11:05,2-0826,Sale,45.00,0.00,45.00,0.00,45.00,34.25,10.75,Cash,1 x POCARI SWEAT 350ML,Dine in,POS 2,Route 98 - Minimart,Owner,,,Closed
15/09/2026 11:04,2-0825,Sale,15.00,0.00,15.00,0.00,15.00,9.37,5.63,Cash,1 x WILKINS PURE 500,Dine in,POS 2,Route 98 - Minimart,Owner,,,Closed
15/09/2026 09:54,2-0824,Sale,363.98,0.00,363.98,0.00,363.98,291.00,72.98,Cash,1 x NESTLE DOUBLE DUTCH 1.3L,Dine in,POS 2,Route 98 - Minimart,Owner,,,Closed
15/09/2026 09:33,2-0823,Sale,20.00,0.00,20.00,0.00,20.00,16.35,3.65,Cash,1 x MOUNTAIN DEW (290ML),Dine in,POS 2,Route 98 - Minimart,Owner,,,Closed
15/09/2026 01:07,2-0822,Sale,18.00,0.00,18.00,0.00,18.00,14.17,3.83,Cash,1 x LIFT BERRY BOLT 320,,POS 2,Route 98 - Minimart,Owner,,,Closed
14/09/2026 23:38,2-0821,Sale,24.00,0.00,24.00,0.00,24.00,18.20,5.80,Cash,2 x WINSTON RED STICK,Dine in,POS 2,Route 98 - Minimart,Owner,,,Closed
14/09/2026 23:37,2-0820,Sale,164.50,0.00,164.50,0.00,164.50,132.60,31.90,Cash,"1 x RED HORSE LITRO, 2 x CHIPPY BBQ 25G",Dine in,POS 2,Route 98 - Minimart,Owner,,,Closed
14/09/2026 23:31,2-0819,Sale,112.00,0.00,112.00,0.00,112.00,87.25,24.75,Cash,"1 x NESCAFE STICK, 3 x NESCAFE ORIGINAL TWIN PACK, 3 x NESCAFE CREAMY WHITE TWIN PACK, 1 x #StyroCups w/ stirrer",Dine in,POS 2,Route 98 - Minimart,Owner,,,Closed
14/09/2026 23:26,2-0818,Sale,245.00,0.00,245.00,0.00,245.00,200.20,44.80,Cash,"1 x RED HORSE LITRO, 10 x MIGHTY PULA  STICK",Dine in,POS 2,Route 98 - Minimart,Owner,,,Closed
14/09/2026 23:18,2-0817,Sale,75.00,0.00,75.00,0.00,75.00,60.00,15.00,Cash,1 x RED HORSE 500,Dine in,POS 2,Route 98 - Minimart,Owner,,,Closed
14/09/2026 23:01,2-0816,Sale,130.00,0.00,130.00,0.00,130.00,111.86,18.14,Cash,"2 x VINO KULAFU 350, 2 x MIGHTY PULA  STICK, 1 x MIGHTY PUTI STICK",Dine in,POS 2,Route 98 - Minimart,Owner,,,Closed
14/09/2026 22:42,2-0815,Sale,40.00,0.00,40.00,0.00,40.00,32.08,7.92,Cash,4 x MIGHTY PULA  STICK,Dine in,POS 2,Route 98 - Minimart,Owner,,,Closed
14/09/2026 22:32,2-0814,Sale,75.00,0.00,75.00,0.00,75.00,60.00,15.00,Cash,1 x RED HORSE 500,Dine in,POS 2,Route 98 - Minimart,Owner,,,Closed
14/09/2026 22:27,2-0813,Sale,41.98,0.00,41.98,0.00,41.98,33.20,8.78,Cash,"1 x CREAMLINE JUMBO CONE ROCKY ROAD 140ML, 1 x WINSTON RED STICK",Dine in,POS 2,Route 98 - Minimart,Owner,,,Closed
14/09/2026 22:12,2-0812,Sale,41.50,0.00,41.50,0.00,41.50,32.62,8.88,Cash,"1 x COBRA  ASTIG 290ML, 2 x MIGHTY PULA  STICK",Dine in,POS 2,Route 98 - Minimart,Owner,,,Closed
14/09/2026 22:10,2-0811,Sale,242.75,0.00,242.75,0.00,242.75,189.42,53.33,Cash,"1 x CLVB 1 LTR, 1 x C2 GREEN TEA APPLE 1L",Dine in,POS 2,Route 98 - Minimart,Owner,,,Closed
14/09/2026 21:37,2-0810,Sale,48.00,0.00,48.00,0.00,48.00,36.40,11.60,Cash,4 x WINSTON RED STICK,Dine in,POS 2,Route 98 - Minimart,Owner,,,Closed
14/09/2026 21:33,2-0809,Sale,90.00,0.00,90.00,0.00,90.00,61.25,28.75,Cash,"1 x POCARI SWEAT 350ML, 3 x BEAR BRAND SWAK",Dine in,POS 2,Route 98 - Minimart,Owner,,,Closed
14/09/2026 21:18,2-0808,Sale,84.75,0.00,84.75,0.00,84.75,61.67,23.08,Cash,1 x COCA COLA 1.75L,Dine in,POS 2,Route 98 - Minimart,Owner,,,Closed
14/09/2026 21:15,2-0807,Sale,74.00,0.00,74.00,0.00,74.00,40.23,33.77,Cash,"3 x DINGDONG MIXED NUT 30G, 2 x NOVA COUNTRY CHEDDAR 20G, 1 x FUN SIZE! PIATTOS CHEESE 18G, 2 x NIPS WHITE CHOCO 14G",Dine in,POS 2,Route 98 - Minimart,Owner,,,Closed
14/09/2026 21:03,2-0806,Sale,19.96,0.00,19.96,0.00,19.96,12.00,7.96,Cash,2 x SKYFLAKES CRACKER,Dine in,POS 2,Route 98 - Minimart,Owner,,,Closed
14/09/2026 20:47,2-0805,Sale,135.25,0.00,135.25,0.00,135.25,104.91,30.34,Cash,"1 x MOBY CRUNCHY CHOCOLATE, 1 x PIATTOS CHEESE 85G, 1 x OVERLOAD BLKFRST, 2 x MAGIC FLAKES CHEESE, 1 x C2 GREEN TEA APPLE 1L",Dine in,POS 2,Route 98 - Minimart,Owner,,,Closed
14/09/2026 20:45,2-0804,Sale,55.00,0.00,55.00,0.00,55.00,20.00,35.00,Cash,"2 x YAKULT, 1 x SUMMIT (1000ML)",Dine in,POS 2,Route 98 - Minimart,Owner,,,Closed
14/09/2026 20:25,2-0803,Sale,20.73,0.00,20.73,0.00,20.73,14.55,6.18,Cash,"1 x CHIPPY BBQ 25G, 1 x PEEWEE SPICY CHILI 25G",Dine in,POS 2,Route 98 - Minimart,Owner,,,Closed
14/09/2026 20:24,2-0802,Sale,98.46,0.00,98.46,0.00,98.46,77.00,21.46,Cash,"1 x PIATTOS SOUR CREAM 85G, 1 x CREAMLINE JUMBO CONE DOUBLE DUTCH 140ML, 1 x CREAMLINE JUMBO CONE ROCKY ROAD 140ML",Dine in,POS 2,Route 98 - Minimart,Owner,,,Closed
14/09/2026 20:21,2-0801,Sale,376.98,0.00,376.98,0.00,376.98,261.93,115.05,Cash,"6 x MILO, 3 x MOBY CRUNCHY CHOCOLATE, 1 x CLOUD 9 CLASSIC, 1 x CRISPY PATATA 24G, 2 x ENERGEN CHOCO, 1 x FISH CRACKERS 24G, 1 x PILLOWS CHOCO 38G, 10 x PRESTO CHOCO PEANUT BUTTER, 8 x FUN SIZE! PIATTOS CHEESE 18G, 2 x MOBY CARAMEL",Dine in,POS 2,Route 98 - Minimart,Owner,,,Closed
14/09/2026 20:04,2-0800,Sale,49.90,0.00,49.90,0.00,49.90,30.00,19.90,Cash,5 x SKYFLAKES CRACKER,Dine in,POS 2,Route 98 - Minimart,Owner,,,Closed
14/09/2026 19:44,2-0799,Sale,20.00,0.00,20.00,0.00,20.00,16.04,3.96,Cash,2 x MIGHTY PUTI STICK,Dine in,POS 2,Route 98 - Minimart,Owner,,,Closed
14/09/2026 19:27,2-0798,Sale,20.00,0.00,20.00,0.00,20.00,11.85,8.15,Cash,"1 x CLOUD 9 CLASSIC, 5 x HAPPY BBQ",Dine in,POS 2,Route 98 - Minimart,Owner,,,Closed
14/09/2026 19:18,2-0797,Sale,33.73,0.00,33.73,0.00,33.73,23.16,10.57,Cash,"1 x PEEWEE PZZA SUPREME, 1 x MANG JUAN SUKANG PAOMBONG 26G, 1 x FUN SIZE! PIATTOS CHEESE 18G",Dine in,POS 2,Route 98 - Minimart,Owner,,,Closed
14/09/2026 19:17,2-0796,Sale,150.00,0.00,150.00,0.00,150.00,90.00,60.00,Cash,"7 x BEAR BRAND SWAK, 3 x BEAR BRAND SWAK CHOCO",Dine in,POS 2,Route 98 - Minimart,Owner,,,Closed
14/09/2026 18:58,2-0795,Sale,20.00,0.00,20.00,0.00,20.00,16.04,3.96,Cash,2 x MIGHTY PUTI STICK,Dine in,POS 2,Route 98 - Minimart,Owner,,,Closed
14/09/2026 18:57,2-0794,Sale,75.00,0.00,75.00,0.00,75.00,60.00,15.00,Cash,1 x RED HORSE 500,Dine in,POS 2,Route 98 - Minimart,Owner,,,Closed
14/09/2026 18:33,2-0793,Sale,66.00,0.00,66.00,0.00,66.00,16.75,49.25,Cash,"1 x OMEGA30, 1 x STING 290ML",Dine in,POS 2,Route 98 - Minimart,Owner,,,Closed
14/09/2026 18:24,2-0792,Sale,18.25,0.00,18.25,0.00,18.25,14.00,4.25,Cash,1 x NOVA COUNTRY CHEDDAR 38G,Dine in,POS 2,Route 98 - Minimart,Owner,,,Closed
14/09/2026 18:23,2-0791,Sale,30.00,0.00,30.00,0.00,30.00,21.10,8.90,Cash,2 x KAMI BATHROOM TISSUE,Dine in,POS 2,Route 98 - Minimart,Owner,,,Closed
14/09/2026 18:18,2-0790,Sale,10.00,0.00,10.00,0.00,10.00,8.02,1.98,Cash,1 x MIGHTY PUTI STICK,Dine in,POS 2,Route 98 - Minimart,Owner,,,Closed
14/09/2026 18:17,2-0789,Sale,110.98,0.00,110.98,0.00,110.98,68.25,42.73,Cash,"1 x RED HORSE 500, 1 x PEEWEE SPICY CHILI 25G, 1 x DAILY SCENT 25ML",Dine in,POS 2,Route 98 - Minimart,Owner,,,Closed
14/09/2026 17:56,2-0788,Sale,105.96,0.00,105.96,0.00,105.96,68.58,37.38,Cash,"2 x MONDE SPECIAL MAMON, 1 x GATORADE TROPICAL FRUIT 500ML",Dine in,POS 2,Route 98 - Minimart,Owner,,,Closed
14/09/2026 17:32,2-0787,Sale,102.50,0.00,102.50,0.00,102.50,81.28,21.22,Cash,"5 x MIGHTY PULA  STICK, 1 x MOBY CARAMEL, 1 x MOUNTAIN DEW (290ML), 1 x COBRA  ASTIG 290ML",Dine in,POS 2,Route 98 - Minimart,Owner,,,Closed
14/09/2026 17:29,2-0786,Sale,134.46,0.00,134.46,0.00,134.46,67.52,66.94,Cash,"2 x MONDE SPECIAL MAMON, 1 x SUMMIT (1000ML), 1 x COBRA ENERGY DRINK ASTIG CITRUS BLAST 290ML, 2 x MAGIC FLAKES, 1 x OVERLOAD BLKFRST",Dine in,POS 2,Route 98 - Minimart,Owner,,,Closed
14/09/2026 17:23,2-0785,Sale,141.98,0.00,141.98,0.00,141.98,68.25,73.73,Cash,"1 x RED HORSE 500, 1 x PEEWEE SPICY CHILI 25G, 1 x #misc",Dine in,POS 2,Route 98 - Minimart,Owner,,,Closed
14/09/2026 17:20,2-0784,Sale,6.00,0.00,6.00,0.00,6.00,0.00,6.00,Cash,1 x #misc,Dine in,POS 2,Route 98 - Minimart,Owner,,,Closed
14/09/2026 17:17,2-0783,Sale,84.75,0.00,84.75,0.00,84.75,61.67,23.08,Cash,1 x COCA COLA 1.75L,Dine in,POS 2,Route 98 - Minimart,Owner,,,Closed
14/09/2026 17:16,2-0782,Sale,10.00,0.00,10.00,0.00,10.00,8.02,1.98,Cash,1 x MIGHTY PULA  STICK,Dine in,POS 2,Route 98 - Minimart,Owner,,,Closed
14/09/2026 16:54,2-0781,Sale,48.00,0.00,48.00,0.00,48.00,39.95,8.05,Cash,"1 x 555 SARDINES 155G, 1 x MOBY CRUNCHY CHOCOLATE, 1 x MOBY CARAMEL",Dine in,POS 2,Route 98 - Minimart,Owner,,,Closed
14/09/2026 16:42,2-0780,Sale,14.98,0.00,14.98,0.00,14.98,9.88,5.10,Cash,1 x CREAMLINE MILKY POP LOLLY MILK CHOCO 60ML,Dine in,POS 2,Route 98 - Minimart,Owner,,,Closed
14/09/2026 16:09,2-0779,Sale,48.00,0.00,48.00,0.00,48.00,36.40,11.60,Cash,4 x WINSTON RED STICK,Dine in,POS 2,Route 98 - Minimart,Owner,,,Closed
14/09/2026 16:04,2-0778,Sale,181.75,0.00,181.75,0.00,181.75,123.67,58.08,Cash,"1 x COCA COLA 1.75L, 1 x MOUNTAIN DEW 1.5L, 1 x #misc",Dine in,POS 2,Route 98 - Minimart,Owner,,,Closed
14/09/2026 15:52,2-0777,Sale,103.00,0.00,103.00,0.00,103.00,81.79,21.21,Cash,"1 x C2 GREEN TEA APPLE 1L, 1 x C2 SOLO LEMON 230ML, 1 x PIATTOS CHEESE 40G, 1 x CHIPPY CHILI CHEESE 25G",Dine in,POS 2,Route 98 - Minimart,Owner,,,Closed
14/09/2026 14:56,2-0776,Sale,46.50,0.00,46.50,0.00,46.50,36.50,10.00,Cash,"1 x CREAMLINE CONE ROCKY ROAD 110ML, 1 x CREAMLINE CONE COOKIES & CREAM 110ML",Dine in,POS 2,Route 98 - Minimart,Owner,,,Closed
14/09/2026 14:33,2-0775,Sale,15.00,0.00,15.00,0.00,15.00,9.37,5.63,Cash,1 x WILKINS PURE 500,Dine in,POS 2,Route 98 - Minimart,Owner,,,Closed
14/09/2026 13:59,2-0774,Sale,196.50,0.00,196.50,0.00,196.50,150.83,45.67,Cash,"1 x COBRA RISE ENERGY PO  290ML, 1 x RED HORSE SUPER, 1 x #misc",Dine in,POS 2,Route 98 - Minimart,Owner,,,Closed
14/09/2026 13:15,2-0773,Sale,25.00,0.00,25.00,0.00,25.00,0.00,25.00,Cash,1 x SUMMIT (1000ML),Dine in,POS 2,Route 98 - Minimart,Owner,,,Closed
14/09/2026 13:07,2-0772,Sale,30.50,0.00,30.50,0.00,30.50,23.01,7.49,Cash,"1 x FUN SIZE! PIATTOS CHEESE 18G, 1 x MOUNTAIN DEW (290ML)",Dine in,POS 2,Route 98 - Minimart,Owner,,,Closed
14/09/2026 12:52,2-0771,Sale,10.00,0.00,10.00,0.00,10.00,0.00,10.00,Cash,5 x DINGDONG HOTNSPICY 5G,Dine in,POS 2,Route 98 - Minimart,Owner,,,Closed
14/09/2026 12:49,2-0770,Sale,17.00,0.00,17.00,0.00,17.00,15.32,1.68,Cash,1 x C2 SOLO LEMON 230ML,Dine in,POS 2,Route 98 - Minimart,Owner,,,Closed
14/09/2026 12:38,2-0769,Sale,17.00,0.00,17.00,0.00,17.00,9.10,7.90,Cash,"1 x #misc, 1 x WINSTON RED STICK",Dine in,POS 2,Route 98 - Minimart,Owner,,,Closed
14/09/2026 11:43,2-0768,Sale,10.00,0.00,10.00,0.00,10.00,8.02,1.98,Cash,1 x MIGHTY PULA  STICK,Dine in,POS 2,Route 98 - Minimart,Owner,,,Closed
14/09/2026 11:40,2-0767,Sale,99.23,0.00,99.23,0.00,99.23,71.19,28.04,Cash,"1 x CREAMLINE COOLERS STRAWBERRY 50ML, 2 x CREAMLINE COOLERS CHOCOLATE 50ML, 1 x NOVA COUNTRY CHEDDAR 38G, 3 x NIPS MILK CHOCO 14G, 1 x CREAMLINE MILKY POP LOLLY MILK CHOCO 60ML",Dine in,POS 2,Route 98 - Minimart,Owner,,,Closed
14/09/2026 00:40,2-0766,Sale,25.50,0.00,25.50,0.00,25.50,19.65,5.85,Cash,1 x NESTEA LEMON CUCUMBER,Dine in,POS 2,Route 98 - Minimart,Owner,,,Closed
14/09/2026 00:34,2-0765,Sale,10.00,0.00,10.00,0.00,10.00,0.00,10.00,Cash,1 x #misc,Dine in,POS 2,Route 98 - Minimart,Owner,,,Closed
14/09/2026 00:34,2-0764,Sale,477.84,0.00,477.84,0.00,477.84,397.65,80.19,Cash,"1 x IVORY GRAINS CLASSIC 5KG, 2 x VITAMILK(DOUBLECHOCO) 300ML, 1 x SILKA (WHITENING HERBAL SOAP), 3 x ENERGEN VNLA, 5 x KERATIN PLUS (GOLD) 20g",Dine in,POS 2,Route 98 - Minimart,Owner,,,Closed
14/09/2026 00:21,2-0763,Sale,35.50,0.00,35.50,0.00,35.50,0.00,35.50,Cash,1 x ZONROX ORIG 500,Dine in,POS 2,Route 98 - Minimart,Owner,,,Closed
13/09/2026 22:45,2-0762,Sale,95.80,0.00,95.80,0.00,95.80,61.50,34.30,Cash,"4 x SUNSILK SMTH&MNGBL 15ML, 6 x CREAM SILK CONDITIONER SS/PINK",Dine in,POS 2,Route 98 - Minimart,Owner,,,Closed
13/09/2026 22:36,2-0761,Sale,75.00,0.00,75.00,0.00,75.00,48.00,27.00,Cash,"1 x NUTRIBOOST STRWBRRY 110, 1 x DELIGHT PROBIOTIC 400ML",Dine in,POS 2,Route 98 - Minimart,Owner,,,Closed
13/09/2026 22:19,2-0760,Sale,9.00,0.00,9.00,0.00,9.00,6.75,2.25,Cash,1 x PILLOWS UBE 24G,Dine in,POS 2,Route 98 - Minimart,Owner,,,Closed
13/09/2026 22:06,2-0759,Sale,12.00,0.00,12.00,0.00,12.00,9.10,2.90,Cash,1 x WINSTON RED STICK,Dine in,POS 2,Route 98 - Minimart,Owner,,,Closed
13/09/2026 22:01,2-0758,Sale,36.00,0.00,36.00,0.00,36.00,27.30,8.70,Cash,3 x WINSTON RED STICK,Dine in,POS 2,Route 98 - Minimart,Owner,,,Closed
13/09/2026 22:00,2-0757,Sale,30.00,0.00,30.00,0.00,30.00,24.06,5.94,Cash,3 x MIGHTY PULA  STICK,Dine in,POS 2,Route 98 - Minimart,Owner,,,Cancelled
13/09/2026 21:53,2-0756,Sale,165.00,0.00,165.00,0.00,165.00,120.00,45.00,Cash,"1 x RED HORSE LITRO, 1 x #misc",Dine in,POS 2,Route 98 - Minimart,Owner,,,Closed
13/09/2026 21:50,2-0755,Sale,25.00,0.00,25.00,0.00,25.00,16.77,8.23,Cash,"1 x WILKINS PURE 500, 1 x FISH CRACKERS 24G",Dine in,POS 2,Route 98 - Minimart,Owner,,,Closed
13/09/2026 21:05,2-0754,Sale,172.00,0.00,172.00,0.00,172.00,135.32,36.68,Cash,"1 x RED HORSE LITRO, 1 x #misc, 1 x C2 SOLO LEMON 230ML",Dine in,POS 2,Route 98 - Minimart,Owner,,,Closed
13/09/2026 21:03,2-0753,Sale,17.00,0.00,17.00,0.00,17.00,11.79,5.21,Cash,1 x C2 SOLO APPLE 230ML,Dine in,POS 2,Route 98 - Minimart,Owner,,,Closed
13/09/2026 20:55,2-0752,Sale,48.00,0.00,48.00,0.00,48.00,34.24,13.76,Cash,"2 x WINSTON RED STICK, 2 x MIGHTY PUTI STICK, 1 x #misc",Dine in,POS 2,Route 98 - Minimart,Owner,,,Closed
13/09/2026 20:47,2-0751,Sale,9.00,0.00,9.00,0.00,9.00,5.55,3.45,Cash,1 x MAGIC CREAMS CONDENSED,Dine in,POS 2,Route 98 - Minimart,Owner,,,Closed
13/09/2026 20:43,2-0750,Sale,145.00,0.00,145.00,0.00,145.00,120.00,25.00,Cash,1 x RED HORSE LITRO,Dine in,POS 2,Route 98 - Minimart,Owner,,,Closed
13/09/2026 20:42,2-0749,Sale,114.75,0.00,114.75,0.00,114.75,78.92,35.83,Cash,"1 x COCA COLA 1.75L, 1 x NESCAFE STICK, 1 x NESCAFE ORIGINAL TWIN PACK, 1 x #misc, 1 x #StyroCups w/ stirrer",Dine in,POS 2,Route 98 - Minimart,Owner,,,Closed
13/09/2026 20:38,2-0748,Sale,170.00,0.00,170.00,0.00,170.00,120.00,50.00,Cash,"1 x RED HORSE LITRO, 1 x #misc",Dine in,POS 2,Route 98 - Minimart,Owner,,,Cancelled
13/09/2026 20:33,2-0747,Sale,29.00,0.00,29.00,0.00,29.00,22.45,6.55,Cash,"1 x ENERGEN CHOCO, 1 x NESCAFE ORIGINAL TWIN PACK",Dine in,POS 2,Route 98 - Minimart,Owner,,,Closed
13/09/2026 20:29,2-0746,Sale,10.00,0.00,10.00,0.00,10.00,0.00,10.00,Cash,1 x #misc,Dine in,POS 2,Route 98 - Minimart,Owner,,,Closed
13/09/2026 20:15,2-0745,Sale,218.96,0.00,218.96,0.00,218.96,158.00,60.96,Cash,"3 x BEAR BRAND SWAK, 1 x EAGLE REFINE SUGAR 250G, 1 x DELIGHT PROBIOTIC 400ML, 1 x SKYFLAKES CRACKER 1PACK",Dine in,POS 2,Route 98 - Minimart,Owner,,,Closed
13/09/2026 20:12,2-0744,Sale,18.25,0.00,18.25,0.00,18.25,14.00,4.25,Cash,1 x NOVA COUNTRY CHEDDAR 38G,Dine in,POS 2,Route 98 - Minimart,Owner,,,Closed
13/09/2026 20:09,2-0743,Sale,106.00,0.00,106.00,0.00,106.00,82.00,24.00,Cash,2 x SM FLAVORED BEER APPLE,Dine in,POS 2,Route 98 - Minimart,Owner,,,Closed
13/09/2026 20:04,2-0742,Sale,40.75,0.00,40.75,0.00,40.75,30.75,10.00,Cash,"1 x MANG JUAN SUKANG PAOMBONG 90G, 1 x MOBY CRUNCHY CHOCOLATE",Dine in,POS 2,Route 98 - Minimart,Owner,,,Closed
13/09/2026 18:39,2-0741,Sale,110.00,0.00,110.00,0.00,110.00,89.16,20.84,Cash,2 x POCARI SWEAT 500ML,Dine in,POS 2,Route 98 - Minimart,Owner,,,Closed
13/09/2026 18:27,2-0740,Sale,35.00,0.00,35.00,0.00,35.00,24.06,10.94,Cash,"3 x MIGHTY PUTI STICK, 1 x #misc",Dine in,POS 2,Route 98 - Minimart,Owner,,,Closed
13/09/2026 18:25,2-0739,Sale,76.00,0.00,76.00,0.00,76.00,0.00,76.00,Cash,2 x HOLIDAY LUNCHEON MEAT,Dine in,POS 2,Route 98 - Minimart,Owner,,,Closed
13/09/2026 18:24,2-0738,Sale,60.00,0.00,60.00,0.00,60.00,48.00,12.00,Cash,1 x DELIGHT PROBIOTIC 400ML,Dine in,POS 2,Route 98 - Minimart,Owner,,,Closed
13/09/2026 18:12,2-0737,Sale,24.00,0.00,24.00,0.00,24.00,18.20,5.80,Cash,2 x WINSTON RED STICK,Dine in,POS 2,Route 98 - Minimart,Owner,,,Closed
13/09/2026 17:47,2-0736,Sale,17.00,0.00,17.00,0.00,17.00,11.79,5.21,Cash,1 x C2 SOLO APPLE 230ML,Dine in,POS 2,Route 98 - Minimart,Owner,,,Closed
13/09/2026 17:28,2-0735,Sale,55.00,0.00,55.00,0.00,55.00,16.50,38.50,Cash,"1 x NUTRIBOOST STRWBRRY 110, 2 x CHEEZ IT, 1 x #misc",Dine in,POS 2,Route 98 - Minimart,Owner,,,Closed
13/09/2026 17:19,2-0734,Sale,60.00,0.00,60.00,0.00,60.00,25.41,34.59,Cash,"2 x MIGHTY PULA  STICK, 1 x SUMMIT (1000ML), 1 x WILKINS PURE 500",Dine in,POS 2,Route 98 - Minimart,Owner,,,Closed
13/09/2026 16:31,2-0733,Sale,45.00,0.00,45.00,0.00,45.00,32.79,12.21,Cash,"1 x STING 290ML, 2 x MIGHTY PUTI STICK",Dine in,POS 2,Route 98 - Minimart,Owner,,,Closed
13/09/2026 15:36,2-0732,Sale,101.42,0.00,101.42,0.00,101.42,61.10,40.32,Cash,"2 x CRISPY PATATA 24G, 2 x PEEWEE SPICY CHILI 25G, 2 x CHEEZ IT, 1 x #misc, 2 x CHIPPY CHILI CHEESE 25G",Dine in,POS 2,Route 98 - Minimart,Owner,,,Closed
13/09/2026 15:26,2-0731,Sale,44.00,0.00,44.00,0.00,44.00,35.72,8.28,Cash,"1 x VITAMILK(DOUBLECHOCO) 300ML, 1 x MAGIC CHIPS CHEESE",Dine in,POS 2,Route 98 - Minimart,Owner,,,Closed
13/09/2026 15:25,2-0730,Sale,148.00,0.00,148.00,0.00,148.00,120.00,28.00,Cash,"1 x RED HORSE LITRO, 1 x #misc",Dine in,POS 2,Route 98 - Minimart,Owner,,,Closed
13/09/2026 15:15,2-0729,Sale,84.00,0.00,84.00,0.00,84.00,63.70,20.30,Cash,7 x WINSTON RED STICK,Dine in,POS 2,Route 98 - Minimart,Owner,,,Closed
13/09/2026 14:05,2-0728,Sale,143.75,0.00,143.75,0.00,143.75,91.85,51.90,Cash,"1 x SUMMIT (1000ML), 1 x VITAMILK(DOUBLECHOCO) 300ML, 1 x PEPSI EXTRA FIZZ 1L, 1 x CHIPPY BBQ 108G",Dine in,POS 2,Route 98 - Minimart,Owner,,,Closed
13/09/2026 13:49,2-0727,Sale,29.00,0.00,29.00,0.00,29.00,22.05,6.95,Cash,"2 x CHEEZ IT, 1 x MAGIC CREAMS CONDENSED",Dine in,POS 2,Route 98 - Minimart,Owner,,,Closed
13/09/2026 12:53,2-0726,Sale,96.00,0.00,96.00,0.00,96.00,81.02,14.98,Cash,"1 x MOUNTAIN DEW 1.5L, 1 x WINSTON RED STICK, 1 x WINSTON WHITE STICK",Dine in,POS 2,Route 98 - Minimart,Owner,,,Closed
13/09/2026 12:50,2-0725,Sale,43.00,0.00,43.00,0.00,43.00,33.00,10.00,Cash,1 x RC,Dine in,POS 2,Route 98 - Minimart,Owner,,,Closed
13/09/2026 12:30,2-0724,Sale,10.00,0.00,10.00,0.00,10.00,8.02,1.98,Cash,1 x MIGHTY PULA  STICK,Dine in,POS 2,Route 98 - Minimart,Owner,,,Closed
13/09/2026 12:28,2-0723,Sale,38.25,0.00,38.25,0.00,38.25,27.35,10.90,Cash,"2 x CHIPPY CHILI CHEESE 25G, 1 x OISHI PRAWN CRACKERS SPICY 24G, 1 x CHIZ CURLS 18G",Dine in,POS 2,Route 98 - Minimart,Owner,,,Closed
13/09/2026 12:07,2-0722,Sale,61.00,0.00,61.00,0.00,61.00,48.00,13.00,Cash,"1 x DINGDONG SNACK MIX WITH  CHIPS CURLS 100G, 1 x DINGDONG MIX NUTS REAL GARLIC 100G",Dine in,POS 2,Route 98 - Minimart,Owner,,,Closed
13/09/2026 12:04,2-0721,Sale,43.75,0.00,43.75,0.00,43.75,29.25,14.50,Cash,"1 x CHEEZ IT 60G, 10 x HAPPY CHICKEN ADOBO 5G",Dine in,POS 2,Route 98 - Minimart,Owner,,,Closed
13/09/2026 12:03,2-0720,Sale,55.00,0.00,55.00,0.00,55.00,44.58,10.42,Cash,1 x POCARI SWEAT 500ML,Dine in,POS 2,Route 98 - Minimart,Owner,,,Closed
13/09/2026 11:57,2-0719,Sale,84.75,0.00,84.75,0.00,84.75,61.67,23.08,Cash,1 x COCA COLA 1.75L,Dine in,POS 2,Route 98 - Minimart,Owner,,,Closed
13/09/2026 11:55,2-0718,Sale,159.48,0.00,159.48,0.00,159.48,90.66,68.82,Cash,"1 x SUMMIT (1000ML), 1 x POCARI SWEAT 500ML, 1 x PEEWEE SIZZLING BARBEQUE 25G, 1 x CHEEZ IT, 1 x CHIZ CURLS 18G, 1 x MR. CHIPS  NACHO CHEEZE 4G, 6 x BLACK CHILI BBQ 7G, 6 x XSAKTO 8G, 1 x COCA COLA 190ML",Dine in,POS 2,Route 98 - Minimart,Owner,,,Closed
13/09/2026 01:37,2-0717,Sale,75.00,0.00,75.00,0.00,75.00,0.00,75.00,Cash,1 x Royal 1.5L,Dine in,POS 2,Route 98 - Minimart,Owner,,,Closed
13/09/2026 01:25,2-0716,Sale,39.50,0.00,39.50,0.00,39.50,27.68,11.82,Cash,"2 x MAGIC FLAKES CHEESE, 1 x COBRA  ASTIG CITRUS BLAST 290ML",Dine in,POS 2,Route 98 - Minimart,Owner,,,Closed
13/09/2026 01:24,2-0715,Sale,25.00,0.00,25.00,0.00,25.00,18.02,6.98,Cash,"1 x YAKULT, 1 x MIGHTY PULA  STICK",Dine in,POS 2,Route 98 - Minimart,Owner,,,Closed
13/09/2026 01:23,2-0714,Sale,31.50,0.00,31.50,0.00,31.50,24.60,6.90,Cash,"1 x COBRA  ASTIG 290ML, 1 x MIGHTY PULA  STICK",Dine in,POS 2,Route 98 - Minimart,Owner,,,Closed
12/09/2026 22:26,2-0713,Sale,86.00,0.00,86.00,0.00,86.00,67.71,18.29,Cash,"3 x MIGHTY PUTI STICK, 3 x WINSTON RED STICK, 1 x MOUNTAIN DEW (290ML)",Dine in,POS 2,Route 98 - Minimart,Owner,,,Closed
12/09/2026 22:08,2-0712,Sale,16.00,0.00,16.00,0.00,16.00,11.50,4.50,Cash,2 x FRUIT SALAD,Dine in,POS 2,Route 98 - Minimart,Owner,,,Closed
12/09/2026 22:06,2-0711,Sale,3.00,0.00,3.00,0.00,3.00,0.00,3.00,Cash,1 x FUEGO MATCH - PIECE,Dine in,POS 2,Route 98 - Minimart,Owner,,,Closed
12/09/2026 22:04,2-0710,Sale,208.00,0.00,208.00,0.00,208.00,165.50,42.50,Cash,"1 x RED HORSE LITRO, 1 x #misc, 5 x WINSTON RED STICK",Dine in,POS 2,Route 98 - Minimart,Owner,,,Closed
12/09/2026 20:20,2-0709,Sale,89.25,0.00,89.25,0.00,89.25,71.92,17.33,Cash,"1 x MANG JUAN SUKANG PAOMBONG 26G, 1 x SMIRNOFF, 1 x WINSTON WHITE STICK",Dine in,POS 2,Route 98 - Minimart,Owner,,,Closed
12/09/2026 19:05,1-0348,Sale,15.00,0.00,15.00,0.00,15.00,0.00,15.00,Cash,1 x SPRINGMAID TOOTHBRUSH,Dine in,POS 1,Route 98 - Minimart,Owner,,,Closed
12/09/2026 19:05,1-0347,Sale,45.98,0.00,45.98,0.00,45.98,35.04,10.94,Cash,"1 x SILKA (WHITENING HERBAL SOAP), 1 x PANTENE SHAMPOO HAIR FALL CONTROL, 1 x TAWAS BARELAB 50G",Dine in,POS 1,Route 98 - Minimart,Owner,,,Closed
12/09/2026 18:54,2-0708,Sale,157.50,0.00,157.50,0.00,157.50,118.00,39.50,Cash,"1 x COCA COLA 1.75L, 1 x C2 GREEN TEA LEMON 335ML, 2 x MIGHTY PULA  STICK, 2 x WINSTON RED STICK",Dine in,POS 2,Route 98 - Minimart,Owner,,,Closed
12/09/2026 17:35,2-0707,Sale,70.00,0.00,70.00,0.00,70.00,48.00,22.00,Cash,2 x ICE CUBE 2KG,Dine in,POS 2,Route 98 - Minimart,Owner,,,Closed
12/09/2026 17:16,2-0706,Sale,22.00,0.00,22.00,0.00,22.00,17.70,4.30,Cash,"1 x NIPS WHITE CHOCO PIECE, 1 x COCA COLA 290ML",Dine in,POS 2,Route 98 - Minimart,Owner,,,Closed
12/09/2026 17:06,2-0705,Sale,40.50,0.00,40.50,0.00,40.50,30.56,9.94,Cash,"1 x NIPS PEANUT 14G, 1 x MR CHIPS MANAMIS MAIS 45G, 1 x COCA COLA 290ML",Dine in,POS 2,Route 98 - Minimart,Owner,,,Closed
12/09/2026 17:06,2-0704,Sale,30.00,0.00,30.00,0.00,30.00,22.00,8.00,Cash,2 x COCA COLA 190ML,Dine in,POS 2,Route 98 - Minimart,Owner,,,Closed
12/09/2026 17:02,2-0703,Sale,60.50,0.00,60.50,0.00,60.50,38.53,21.97,Cash,"2 x MANG JUAN SUKAT SILI 26G, 1 x OVERLOAD BLKFRST, 1 x C2 SOLO APPLE 230ML, 1 x MAGIC CHIPS CHEESE",Dine in,POS 2,Route 98 - Minimart,Owner,,,Closed
12/09/2026 17:00,2-0702,Sale,38.73,0.00,38.73,0.00,38.73,27.31,11.42,Cash,"1 x C2 SOLO APPLE 230ML, 1 x CHICK BOY ONION & GARLIC 30G, 1 x CHIPPY BBQ 25G",Dine in,POS 2,Route 98 - Minimart,Owner,,,Closed
12/09/2026 16:59,2-0701,Sale,27.00,0.00,27.00,0.00,27.00,19.29,7.71,Cash,"1 x C2 SOLO APPLE 230ML, 1 x CLOVER CHEESIER 24G",Dine in,POS 2,Route 98 - Minimart,Owner,,,Closed
12/09/2026 16:58,2-0700,Sale,48.71,0.00,48.71,0.00,48.71,34.39,14.32,Cash,"1 x C2 GREEN TEA LEMON 335ML, 2 x NISSIN BREAD STIX",Dine in,POS 2,Route 98 - Minimart,Owner,,,Closed
12/09/2026 16:57,2-0699,Sale,268.25,0.00,268.25,0.00,268.25,227.70,40.55,Cash,"6 x SEÑORITA SARDINES, 2 x RICHEE 60G, 1 x MOBY CARAMEL PUFFS 60G, 1 x CLOVER CHEESIER 24G, 1 x MOBY CRUNCHY CHOCOLATE, 1 x COCA COLA 290ML",Dine in,POS 2,Route 98 - Minimart,Owner,,,Closed
12/09/2026 16:33,2-0698,Sale,189.44,0.00,189.44,0.00,189.44,150.67,38.77,Cash,"1 x LA MIA TUNA AFRTDA, 1 x NISSIN CUP NOODLES SPCYHTBF, 2 x MIGHTY PULA  STICK, 1 x COCA COLA 290ML, 1 x SANICARE COTTON 10G, 1 x SANICARE COTTON BUDS 108PCS, 1 x EAGLE BROWN SUGAR 250G, 2 x ENERGEN VNLA, 1 x PANTENE SHAMPOO TOTAL DAMAGE CARE",Dine in,POS 2,Route 98 - Minimart,Owner,,,Closed
12/09/2026 16:27,2-0697,Sale,50.00,0.00,50.00,0.00,50.00,41.02,8.98,Cash,"2 x COCA COLA 290ML, 1 x MIGHTY PULA  STICK",Dine in,POS 2,Route 98 - Minimart,Owner,,,Closed
12/09/2026 15:25,2-0696,Sale,10.00,0.00,10.00,0.00,10.00,8.02,1.98,Cash,1 x MIGHTY PULA  STICK,Dine in,POS 2,Route 98 - Minimart,Owner,,,Closed
12/09/2026 13:19,2-0695,Sale,693.96,0.00,693.96,0.00,693.96,582.92,111.04,Cash,"2 x ALFONSO LIGHT 1L, 2 x ICE CUBE 1KG, 1 x #misc",Dine in,POS 2,Route 98 - Minimart,Owner,,,Closed
12/09/2026 11:46,2-0694,Sale,70.00,0.00,70.00,0.00,70.00,59.00,11.00,Cash,2 x VITAMILK(DOUBLECHOCO) 300ML,Dine in,POS 2,Route 98 - Minimart,Owner,,,Closed
12/09/2026 01:54,2-0693,Sale,174.75,0.00,174.75,0.00,174.75,137.84,36.91,Cash,"1 x MOUNTAIN DEW 1.5L, 1 x COCA COLA 1.75L, 1 x LIFT BERRY BOLT 320",Dine in,POS 2,Route 98 - Minimart,Owner,,,Closed
12/09/2026 01:51,2-0692,Sale,144.00,0.00,144.00,0.00,144.00,101.42,42.58,Cash,"1 x LIFT BERRY BOLT 320, 1 x MOBY CARAMEL, 1 x ICE CUBE 1KG, 2 x ICE CUBE 3KG",Dine in,POS 2,Route 98 - Minimart,Owner,,,Closed
12/09/2026 01:48,2-0691,Sale,52.98,0.00,52.98,0.00,52.98,36.52,16.46,Cash,"1 x OISHI RINBEE, 1 x PEEWEE SPICY CHILI 25G, 2 x MAGIC CREAMS CHOCO, 1 x PREMIER PURIFIED WATER 500ML",Dine in,POS 2,Route 98 - Minimart,Owner,,,Closed
11/09/2026 22:03,2-0690,Sale,39.96,0.00,39.96,0.00,39.96,32.30,7.66,Cash,2 x CREAMLINE PINIPIG CHOCOLATE 70ML,Dine in,POS 2,Route 98 - Minimart,Owner,,,Closed
11/09/2026 21:31,2-0689,Sale,25.00,0.00,25.00,0.00,25.00,20.00,5.00,Cash,1 x COBRA ASTIG 330ML,Dine in,POS 2,Route 98 - Minimart,Owner,,,Closed
11/09/2026 21:11,2-0688,Sale,641.94,0.00,641.94,0.00,641.94,376.26,265.68,Cash,"2 x LA MIA TUNA FLKSNOIL, 2 x HOLIDAY LUNCHEON MEAT, 2 x HOLIDAY VIENNA SAUSAGE, 2 x HOLIDAY BEEF LOAF, 4 x NESTEA APPLE, 3 x ENERGEN VNLA, 3 x ENERGEN CHOCO, 8 x NESCAFE STICK, 4 x NESCAFE ORIGINAL TWIN PACK, 4 x NESCAFE CREAMY WHITE TWIN PACK",Dine in,POS 2,Route 98 - Minimart,Owner,,,Closed
11/09/2026 20:49,2-0687,Sale,25.00,0.00,25.00,0.00,25.00,0.00,25.00,Cash,1 x SUMMIT (1000ML),Dine in,POS 2,Route 98 - Minimart,Owner,,,Closed
11/09/2026 20:49,2-0686,Sale,56.00,0.00,56.00,0.00,56.00,34.14,21.86,Cash,"3 x DINGDONG MIXED NUT 30G, 1 x NIPS PEANUT 14G, 1 x NIPS WHITE CHOCO 14G, 1 x MIGHTY PUTI STICK",Dine in,POS 2,Route 98 - Minimart,Owner,,,Closed
11/09/2026 20:47,2-0685,Sale,270.25,0.00,270.25,0.00,270.25,211.93,58.32,Cash,"1 x CHIZ CURLS 18G, 1 x FISH CRACKERS 24G, 1 x CLOUD 9 CLASSIC, 1 x PIATTOS ROADHOUSE BBQ 85G, 1 x PIATTOS CHEESE 85G, 1 x PIATTOS SOUR CREAM 85G, 2 x MIGHTY PULA  STICK, 1 x POCARI SWEAT 350ML, 2 x MOUNTAIN DEW (290ML), 2 x CLOUD 9 CLASSIC",Dine in,POS 2,Route 98 - Minimart,Owner,,,Closed
11/09/2026 17:40,2-0681,Sale,92.50,0.00,92.50,0.00,92.50,42.44,50.06,Cash,"1 x SISTERS NIGHT PLUS W/ WINGS 8PCS, 1 x CHEEZ IT, 1 x MR CHIPS MANAMIS MAIS 45G, 1 x DINGDONG SNACK MIX SWEET&SPICY 100G",Dine in,POS 2,Route 98 - Minimart,Owner,,,Closed
11/09/2026 17:35,2-0680,Sale,25.00,0.00,25.00,0.00,25.00,16.75,8.25,Cash,1 x STING 290ML,Dine in,POS 2,Route 98 - Minimart,Owner,,,Closed
11/09/2026 17:15,2-0679,Sale,84.75,0.00,84.75,0.00,84.75,61.67,23.08,Cash,1 x ROYAL 1.75L,Dine in,POS 2,Route 98 - Minimart,Owner,,,Closed
11/09/2026 16:46,2-0678,Sale,127.00,0.00,127.00,0.00,127.00,97.56,29.44,Cash,1 x GREAT TASTE PREMIUM CLASSIC PACK,Dine in,POS 2,Route 98 - Minimart,Owner,,,Closed
11/09/2026 16:41,2-0677,Sale,79.96,0.00,79.96,0.00,79.96,57.52,22.44,Cash,"1 x TROPICANA TWISTER ORANGE, 1 x CREAMLINE PINIPIG CHOCOLATE 70ML, 1 x MONDE SPECIAL MAMON",Dine in,POS 2,Route 98 - Minimart,Owner,,,Closed
11/09/2026 16:20,2-0676,Sale,180.75,0.00,180.75,0.00,180.75,134.47,46.28,Cash,"1 x COCA COLA 1.75L, 8 x WINSTON RED STICK",Dine in,POS 2,Route 98 - Minimart,Owner,,,Closed
11/09/2026 16:16,2-0675,Sale,76.25,0.00,76.25,0.00,76.25,57.00,19.25,Cash,"1 x C2 GREEN TEA LEMON 335ML, 1 x PILLOWS CHOCO 38G, 1 x CHEEZ IT, 1 x FUN SIZE! PIATTOS CHEESE 18G, 1 x COCA COLA 190ML",Dine in,POS 2,Route 98 - Minimart,Owner,,,Closed
11/09/2026 16:07,2-0674,Sale,20.00,0.00,20.00,0.00,20.00,15.84,4.16,Cash,2 x OVERLOAD BLKFRST,Dine in,POS 2,Route 98 - Minimart,Owner,,,Closed
11/09/2026 16:05,2-0673,Sale,88.50,0.00,88.50,0.00,88.50,62.02,26.48,Card,"1 x CREAMLINE BAR UBE QUESO PASTILLAS, 1 x CREAMLINE BAR COOKIES & CREAM, 1 x CREAMLINE COOLERS MANGO 70ML, 1 x CREAMLINE COOLERS CHOCOLATE 50ML, 1 x NISSIN BUTTER COCONUT 28G, 1 x OVERLOAD BLKFRST, 1 x MAGIC CREAMS BUTTER",Dine in,POS 2,Route 98 - Minimart,Owner,,,Closed
11/09/2026 14:15,2-0672,Sale,10.00,0.00,10.00,0.00,10.00,6.35,3.65,Cash,1 x CLOUD 9 CLASSIC,Dine in,POS 2,Route 98 - Minimart,Owner,,,Closed
11/09/2026 13:40,2-0671,Sale,18.25,0.00,18.25,0.00,18.25,14.00,4.25,Cash,1 x NOVA HOMESTYLE BBQ 38G,Dine in,POS 2,Route 98 - Minimart,Owner,,,Closed
11/09/2026 13:38,2-0670,Sale,48.50,0.00,48.50,0.00,48.50,39.97,8.53,Cash,"1 x PIATTOS ROADHOUSE BBQ 85G, 1 x DINGDONG MIXED NUT 30G",Dine in,POS 2,Route 98 - Minimart,Owner,,,Closed
11/09/2026 13:29,2-0669,Sale,197.94,0.00,197.94,0.00,197.94,148.55,49.39,Cash,"1 x PILLOWS CHOCO 38G, 1 x TROPICANA TWISTER ORANGE, 1 x CREAMLINE CUP CHOCO MUD PIE 210ML, 1 x CREAMLINE MINI CUP UBE 75ML, 1 x CREAMLINE MINI CUP CHOCO MARBLE 75ML, 2 x MAGIC CHIPS CHEESE, 1 x CREAMLINE JUMBO CONE COOKIES & CREAM 140ML, 1 x PIATTOS SOUR CREAM 85G",Dine in,POS 2,Route 98 - Minimart,Owner,,,Closed
11/09/2026 13:17,2-0668,Sale,132.73,0.00,132.73,0.00,132.73,61.91,70.82,Cash,"1 x ZONROX ORIG 100, 1 x DOWNY PASSION 26ML, 1 x SAN MARINO CHILI CORNED TUNA, 1 x LA MIA TUNA AFRTDA, 1 x MANG JUAN SUKAT SILI 90G",Dine in,POS 2,Route 98 - Minimart,Owner,,,Closed
11/09/2026 13:14,2-0667,Sale,65.00,0.00,65.00,0.00,65.00,29.50,35.50,Cash,"1 x NUTRIBOOST STRWBRRY 110, 1 x VITAMILK(DOUBLECHOCO) 300ML, 1 x NUTRIBOOST CHOCO 110",Dine in,POS 2,Route 98 - Minimart,Owner,,,Closed
11/09/2026 12:53,2-0666,Sale,12.25,0.00,12.25,0.00,12.25,7.65,4.60,Cash,1 x TATTOOS CORN CHIPS BBQ 58G,Dine in,POS 2,Route 98 - Minimart,Owner,,,Closed
11/09/2026 12:40,2-0665,Sale,37.25,0.00,37.25,0.00,37.25,10.50,26.75,Cash,"1 x TATTOOS CORN CHIPS CHEESE 58G, 1 x SUMMIT (1000ML)",Dine in,POS 2,Route 98 - Minimart,Owner,,,Closed
11/09/2026 11:47,2-0664,Sale,27.00,0.00,27.00,0.00,27.00,23.39,3.61,Cash,1 x OSAKA SARDINES,Dine in,POS 2,Route 98 - Minimart,Owner,,,Closed
11/09/2026 11:40,2-0663,Sale,57.75,0.00,57.75,0.00,57.75,44.42,13.33,Cash,1 x C2 GREEN TEA LEMON 1L,Dine in,POS 2,Route 98 - Minimart,Owner,,,Closed
11/09/2026 11:35,2-0662,Sale,64.00,0.00,64.00,0.00,64.00,23.58,40.42,Cash,"2 x NUTRIBOOST STRWBRRY 110, 2 x C2 SOLO APPLE 230ML",Dine in,POS 2,Route 98 - Minimart,Owner,,,Closed
11/09/2026 10:37,2-0661,Sale,70.98,0.00,70.98,0.00,70.98,58.75,12.23,Cash,"1 x HOLIDAY BEEF LOAF, 1 x OISHI CRACKLINGS, 1 x CRISPY PATATA 24G, 3 x OISHI Potato Fries",Dine in,POS 2,Route 98 - Minimart,Owner,,,Closed
11/09/2026 10:35,2-0660,Sale,21.50,0.00,21.50,0.00,21.50,15.83,5.67,Cash,1 x COBRA RISE ENERGY PO  290ML,Dine in,POS 2,Route 98 - Minimart,Owner,,,Closed
11/09/2026 10:30,2-0659,Sale,149.44,0.00,149.44,0.00,149.44,110.22,39.22,Cash,"3 x LEMON SQUARE LAVA CAKE, 4 x HAPPY CLASSIC, 1 x SAN MIGUEL LIGHT 330ML, 1 x COCA COLA 190ML, 1 x C2 SOLO LEMON 230ML, 1 x STING 290ML",Dine in,POS 2,Route 98 - Minimart,Owner,,,Closed
11/09/2026 00:25,2-0658,Sale,79.48,0.00,79.48,0.00,79.48,60.67,18.81,Cash,"1 x MOBY CARAMEL, 1 x PEEWEE SIZZLING BARBEQUE 25G, 1 x C2 GREEN TEA APPLE 335ML, 1 x C2 GREEN TEA LEMON 335ML",Dine in,POS 2,Route 98 - Minimart,Owner,,,Closed
11/09/2026 00:23,2-0684,Sale,51.00,0.00,51.00,0.00,51.00,35.37,15.63,Cash,3 x C2 SOLO APPLE 230ML,Dine in,POS 2,Route 98 - Minimart,Owner,,,Closed
11/09/2026 00:20,2-0683,Sale,16.75,0.00,16.75,0.00,16.75,11.60,5.15,Cash,1 x CREAMLINE BAR UBE QUESO PASTILLAS,Dine in,POS 2,Route 98 - Minimart,Owner,,,Closed
11/09/2026 00:03,2-0682,Sale,57.50,0.00,57.50,0.00,57.50,43.85,13.65,Cash,"1 x OISHI FISH CRACKERS 90G, 2 x WINSTON RED STICK",Dine in,POS 2,Route 98 - Minimart,Owner,,,Closed
10/09/2026 22:46,2-0657,Sale,139.00,0.00,139.00,0.00,139.00,63.33,75.67,Cash,"1 x MISUA PACK 12S, 6 x MAGIC SARAP SACHET, 1 x KINGS LONGKOU VERMICELLI 200G",Dine in,POS 2,Route 98 - Minimart,Owner,,,Closed
10/09/2026 22:23,2-0656,Sale,50.00,0.00,50.00,0.00,50.00,40.10,9.90,Cash,5 x MIGHTY PULA  STICK,Dine in,POS 2,Route 98 - Minimart,Owner,,,Closed
10/09/2026 22:18,2-0655,Sale,555.00,0.00,555.00,0.00,555.00,443.10,111.90,Cash,"2 x NOVA COUNTRY CHEDDAR 78G, 4 x RED HORSE 500, 2 x SM FLAVORED BEER APPLE, 1 x MOUNTAIN DEW 1.5L",Dine in,POS 2,Route 98 - Minimart,Owner,,,Closed
10/09/2026 22:10,2-0654,Sale,20.00,0.00,20.00,0.00,20.00,16.04,3.96,Cash,2 x MIGHTY PULA  STICK,Dine in,POS 2,Route 98 - Minimart,Owner,,,Closed
10/09/2026 22:02,2-0653,Sale,15.00,0.00,15.00,0.00,15.00,12.50,2.50,Cash,1 x GREAT TASTE CHOCO,Dine in,POS 2,Route 98 - Minimart,Owner,,,Closed
10/09/2026 21:56,2-0652,Sale,72.00,0.00,72.00,0.00,72.00,54.60,17.40,Cash,6 x WINSTON RED STICK,Dine in,POS 2,Route 98 - Minimart,Owner,,,Closed
10/09/2026 21:54,2-0651,Sale,400.92,0.00,400.92,0.00,400.92,155.75,245.17,Cash,"2 x SAN MARINO CORNED TUNA, 2 x HOLIDAY LUNCHEON MEAT, 2 x HOLIDAY BEEF LOAF, 2 x HOLIDAY P&B 170G, 4 x LUCKYME MAC & CHEESE, 1 x STING 290ML",Dine in,POS 2,Route 98 - Minimart,Owner,,,Closed
10/09/2026 21:37,2-0650,Sale,96.00,0.00,96.00,0.00,96.00,77.72,18.28,Cash,"2 x WINSTON RED STICK, 6 x WINSTON WHITE STICK",Dine in,POS 2,Route 98 - Minimart,Owner,,,Closed
10/09/2026 21:25,2-0649,Sale,45.75,0.00,45.75,0.00,45.75,32.75,13.00,Cash,"1 x MR. CHIPS  NACHO CHEEZE 4G, 3 x WINSTON RED STICK",Dine in,POS 2,Route 98 - Minimart,Owner,,,Closed
10/09/2026 21:14,2-0648,Sale,48.00,0.00,48.00,0.00,48.00,27.30,20.70,Cash,"3 x WINSTON RED STICK, 1 x #misc",Dine in,POS 2,Route 98 - Minimart,Owner,,,Closed
10/09/2026 20:09,2-0647,Sale,101.75,0.00,101.75,0.00,101.75,78.76,22.99,Cash,"1 x CLOVER CHEESIER 24G, 1 x PIATTOS SOUR CREAM 40G, 1 x PIATTOS ROADHOUSE BBQ 40G, 1 x MR. CHIPS  NACHO CHEEZE 4G, 1 x TORTILLOS, 3 x WINSTON WHITE STICK",Dine in,POS 2,Route 98 - Minimart,Owner,,,Closed
10/09/2026 19:58,2-0646,Sale,45.00,0.00,45.00,0.00,45.00,16.35,28.65,Cash,"1 x SUMMIT (1000ML), 1 x MOUNTAIN DEW (290ML)",Dine in,POS 2,Route 98 - Minimart,Owner,,,Closed
10/09/2026 19:20,2-0645,Sale,30.00,0.00,30.00,0.00,30.00,18.74,11.26,Cash,2 x WILKINS PURE 500,Dine in,POS 2,Route 98 - Minimart,Owner,,,Closed
10/09/2026 18:37,2-0644,Sale,16.75,0.00,16.75,0.00,16.75,11.60,5.15,Cash,1 x CREAMLINE BAR UBE QUESO PASTILLAS,Dine in,POS 2,Route 98 - Minimart,Owner,,,Closed
10/09/2026 18:24,2-0643,Sale,35.00,0.00,35.00,0.00,35.00,24.77,10.23,Cash,"1 x STING 290ML, 1 x MIGHTY PUTI STICK",Dine in,POS 2,Route 98 - Minimart,Owner,,,Closed
10/09/2026 18:00,2-0642,Sale,147.00,0.00,147.00,0.00,147.00,54.60,92.40,Cash,"1 x SPRITE 1.5L, 6 x WINSTON RED STICK",Dine in,POS 2,Route 98 - Minimart,Owner,,,Closed
10/09/2026 16:47,2-0641,Sale,96.00,0.00,96.00,0.00,96.00,42.00,54.00,Cash,"6 x WINGS POWDER BLUE 57G, 1 x GATORADE (BLUE BOLT) 500ML",Dine in,POS 2,Route 98 - Minimart,Owner,,,Closed
10/09/2026 16:42,2-0640,Sale,33.50,0.00,33.50,0.00,33.50,26.30,7.20,Cash,"1 x PIATTOS ROADHOUSE BBQ 40G, 1 x GREAT TASTE CHOCO",Dine in,POS 2,Route 98 - Minimart,Owner,,,Closed
10/09/2026 16:10,2-0639,Sale,39.25,0.00,39.25,0.00,39.25,28.89,10.36,Cash,"1 x CREAMLINE CUP CHOCO MUD PIE 210ML, 1 x MR. CHIPS  NACHO CHEEZE 4G",Dine in,POS 2,Route 98 - Minimart,Owner,,,Closed
10/09/2026 16:09,2-0638,Sale,49.50,0.00,49.50,0.00,49.50,39.28,10.22,Cash,"1 x CREAMLINE  CUP CHOCO MALLOW 210ML, 1 x OVERLOAD CHOCO STRWBRRY, 1 x OVERLOAD BLKFRST",Dine in,POS 2,Route 98 - Minimart,Owner,,,Closed
10/09/2026 14:55,2-0637,Sale,32.00,0.00,32.00,0.00,32.00,26.00,6.00,Cash,2 x LUCKYME PANCITCANTON CHILIMANSI,Dine in,POS 2,Route 98 - Minimart,Owner,,,Closed
10/09/2026 14:36,2-0636,Sale,20.00,0.00,20.00,0.00,20.00,16.35,3.65,Cash,1 x MOUNTAIN DEW (290ML),Dine in,POS 2,Route 98 - Minimart,Owner,,,Closed
10/09/2026 14:32,2-0635,Sale,20.00,0.00,20.00,0.00,20.00,16.04,3.96,Cash,2 x MIGHTY PULA  STICK,Dine in,POS 2,Route 98 - Minimart,Owner,,,Closed
10/09/2026 13:48,2-0634,Sale,10.00,0.00,10.00,0.00,10.00,8.02,1.98,Cash,1 x MIGHTY PULA  STICK,Dine in,POS 2,Route 98 - Minimart,Owner,,,Closed
10/09/2026 13:44,2-0633,Sale,153.80,0.00,153.80,0.00,153.80,98.10,55.70,Cash,"5 x CREAMLINE FROOTEES ORANGE 50ML, 3 x CREAMLINE FROOTEES GRAPES 50ML, 1 x CREAMLINE SUNDAE CHOCOLATE120ML, 1 x CREAMLINE SUNDAE STRAWBERRY 120ML",Dine in,POS 2,Route 98 - Minimart,Owner,,,Closed
10/09/2026 13:30,2-0632,Sale,310.78,0.00,310.78,0.00,310.78,237.50,73.28,Cash,"1 x NOBRELLI CHOCO-KESO-UBE 1.3L, 10 x FITA SPREADZ",Dine in,POS 2,Route 98 - Minimart,Owner,,,Closed
10/09/2026 13:18,2-0631,Sale,38.00,0.00,38.00,0.00,38.00,33.18,4.82,Cash,1 x LA MIA TUNA HOTSPCY,Dine in,POS 2,Route 98 - Minimart,Owner,,,Closed
10/09/2026 13:10,2-0630,Sale,156.75,0.00,156.75,0.00,156.75,116.27,40.48,Cash,"1 x COCA COLA 1.75L, 6 x WINSTON RED STICK",Dine in,POS 2,Route 98 - Minimart,Owner,,,Closed
10/09/2026 11:30,2-0629,Sale,69.98,0.00,69.98,0.00,69.98,49.75,20.23,Card,"1 x CREAMLINE CONE CHOCO QUESO 110ML, 1 x CREAMLINE BAR BUKO SALAD, 1 x CREAMLINE COOLERS CHOCOLATE 50ML, 1 x CHICK BOY TEXAS BBQ 30G, 1 x #misc",Dine in,POS 2,Route 98 - Minimart,Owner,,,Closed
10/09/2026 01:32,2-0628,Sale,12.00,0.00,12.00,0.00,12.00,9.10,2.90,Cash,1 x WINSTON RED STICK,Dine in,POS 2,Route 98 - Minimart,Owner,,,Closed
10/09/2026 01:24,2-0627,Sale,40.00,0.00,40.00,0.00,40.00,0.00,40.00,Cash,1 x SISTERS NIGHT PLUS W/ WINGS 8PCS,Dine in,POS 2,Route 98 - Minimart,Owner,,,Closed
10/09/2026 01:23,2-0626,Sale,22.00,0.00,22.00,0.00,22.00,0.00,22.00,Cash,2 x SILVER SWAN SUKA 200ML,Dine in,POS 2,Route 98 - Minimart,Owner,,,Closed
10/09/2026 00:20,2-0625,Sale,20.00,0.00,20.00,0.00,20.00,16.35,3.65,Cash,1 x MOUNTAIN DEW (290ML),Dine in,POS 2,Route 98 - Minimart,Owner,,,Closed
10/09/2026 00:07,2-0624,Sale,37.00,0.00,37.00,0.00,37.00,25.85,11.15,Cash,"1 x STING 290ML, 1 x WINSTON RED STICK",Dine in,POS 2,Route 98 - Minimart,Owner,,,Closed
09/09/2026 22:03,2-0623,Sale,17.00,0.00,17.00,0.00,17.00,11.79,5.21,Cash,1 x C2 SOLO APPLE 230ML,Dine in,POS 2,Route 98 - Minimart,Owner,,,Closed
09/09/2026 21:58,2-0622,Sale,64.96,0.00,64.96,0.00,64.96,42.74,22.22,Card,"2 x ARIEL POWDER TWIN JUMBO PACK FRESH GARDEN BLOOM, 1 x GREAT TASTE CHOCO, 2 x #StyroCups w/ stirrer",Dine in,POS 2,Route 98 - Minimart,Owner,,,Closed
09/09/2026 21:54,2-0621,Sale,35.00,0.00,35.00,0.00,35.00,24.00,11.00,Cash,1 x ICE CUBE 2KG,Dine in,POS 2,Route 98 - Minimart,Owner,,,Closed
09/09/2026 21:09,2-0620,Sale,48.00,0.00,48.00,0.00,48.00,36.40,11.60,Cash,4 x WINSTON RED STICK,Dine in,POS 2,Route 98 - Minimart,Owner,,,Closed
09/09/2026 21:08,2-0619,Sale,4.00,0.00,4.00,0.00,4.00,0.00,4.00,Cash,2 x HAPPY CLASSIC,Dine in,POS 2,Route 98 - Minimart,Owner,,,Closed
09/09/2026 20:51,2-0618,Sale,26.75,0.00,26.75,0.00,26.75,17.95,8.80,Cash,"1 x CREAMLINE BAR BUKO SALAD, 1 x CLOUD 9 CLASSIC",Dine in,POS 2,Route 98 - Minimart,Owner,,,Closed
09/09/2026 20:50,2-0617,Sale,228.76,0.00,228.76,0.00,228.76,173.58,55.18,Cash,"3 x ENERGEN VNLA, 2 x NESCAFE CREAMY WHITE TWIN PACK, 2 x NESCAFE ORIGINAL TWIN PACK, 5 x DOWNY SUNRISE FRESH 26ML, 4 x ARIEL TWIN JUMBO POWDER SUNRISE FRESH 66G",Dine in,POS 2,Route 98 - Minimart,Owner,,,Closed
09/09/2026 20:47,2-0616,Sale,19.98,0.00,19.98,0.00,19.98,13.30,6.68,Cash,1 x CREAMLINE PINOY CLASSIC MANGGO 60ML,Dine in,POS 2,Route 98 - Minimart,Owner,,,Closed
09/09/2026 20:46,2-0615,Sale,74.98,0.00,74.98,0.00,74.98,15.85,59.13,Cash,"1 x VINO KULAFU 350, 1 x CREAMLINE SUNDAE CHOCOLATE120ML",Dine in,POS 2,Route 98 - Minimart,Owner,,,Closed
09/09/2026 20:38,2-0614,Sale,13.00,0.00,13.00,0.00,13.00,0.00,13.00,Cash,1 x #misc,Dine in,POS 2,Route 98 - Minimart,Owner,,,Closed
09/09/2026 20:37,2-0613,Sale,130.00,0.00,130.00,0.00,130.00,115.00,15.00,Cash,1 x SM PALE PILSEN GRANDE,Dine in,POS 2,Route 98 - Minimart,Owner,,,Closed
09/09/2026 20:22,2-0612,Sale,40.00,0.00,40.00,0.00,40.00,24.50,15.50,Cash,1 x UNILOVE SQUALANE WIPES,Dine in,POS 2,Route 98 - Minimart,Owner,,,Closed
09/09/2026 20:19,2-0611,Sale,15.00,0.00,15.00,0.00,15.00,0.00,15.00,Cash,1 x ROYAL 190,Dine in,POS 2,Route 98 - Minimart,Owner,,,Closed
09/09/2026 20:11,2-0610,Sale,154.75,0.00,154.75,0.00,154.75,104.09,50.66,Cash,"1 x C2 GREEN TEA LEMON 335ML, 2 x SM FLAVORED BEER APPLE, 1 x #misc",Dine in,POS 2,Route 98 - Minimart,Owner,,,Closed
09/09/2026 19:23,2-0609,Sale,60.00,0.00,60.00,0.00,60.00,48.00,12.00,Cash,2 x DINGDONG SNACK MIX WITH  CHIPS CURLS 100G,Dine in,POS 2,Route 98 - Minimart,Owner,,,Closed
09/09/2026 19:10,2-0608,Sale,85.00,0.00,85.00,0.00,85.00,68.02,16.98,Cash,"1 x MIGHTY PULA  STICK, 1 x RED HORSE 500",Dine in,POS 2,Route 98 - Minimart,Owner,,,Closed
09/09/2026 18:49,1-0346,Sale,32.00,0.00,32.00,0.00,32.00,26.00,6.00,Cash,2 x LUCKYME PANCITCANTON CHILIMANSI,Dine in,POS 1,Route 98 - Minimart,Owner,,,Closed
09/09/2026 18:22,1-0345,Sale,75.00,0.00,75.00,0.00,75.00,60.00,15.00,Cash,1 x RED HORSE 500,Dine in,POS 1,Route 98 - Minimart,Owner,,,Closed
09/09/2026 18:14,1-0344,Sale,35.00,0.00,35.00,0.00,35.00,29.50,5.50,Cash,1 x VITAMILK(DOUBLECHOCO) 300ML,Dine in,POS 1,Route 98 - Minimart,Owner,,,Closed
09/09/2026 18:12,1-0343,Sale,695.96,0.00,695.96,0.00,695.96,555.00,140.96,Cash,"1 x NESTLE COOKIE'S & CREAM 1.3L, 1 x NESTLE MOCHA & CASHEW 1.3L",Dine in,POS 1,Route 98 - Minimart,Owner,,,Closed
09/09/2026 18:05,1-0342,Sale,20.00,0.00,20.00,0.00,20.00,16.35,3.65,Cash,1 x MOUNTAIN DEW (290ML),Dine in,POS 1,Route 98 - Minimart,Owner,,,Closed
09/09/2026 18:02,2-0607,Sale,59.00,0.00,59.00,0.00,59.00,73.47,-14.47,Cash,"1 x LIFT CITRUS BLAST 320, 1 x MOBY CARAMEL, 3 x MIGHTY PULA  STICK",Dine in,POS 2,Route 98 - Minimart,Owner,,,Closed
09/09/2026 17:03,2-0606,Sale,21.50,0.00,21.50,0.00,21.50,16.58,4.92,Cash,1 x COBRA  ASTIG CITRUS BLAST 290ML,Dine in,POS 2,Route 98 - Minimart,Owner,,,Closed
09/09/2026 17:02,2-0605,Sale,15.00,0.00,15.00,0.00,15.00,9.67,5.33,Cash,1 x PREMIER PURIFIED WATER 500ML,Dine in,POS 2,Route 98 - Minimart,Owner,,,Closed
09/09/2026 17:00,2-0604,Sale,50.00,0.00,50.00,0.00,50.00,33.50,16.50,Cash,2 x STING 290ML,Dine in,POS 2,Route 98 - Minimart,Owner,,,Closed
09/09/2026 16:59,2-0603,Sale,41.50,0.00,41.50,0.00,41.50,31.95,9.55,Cash,1 x VCUT CHEESE FLAVOR 60G,Dine in,POS 2,Route 98 - Minimart,Owner,,,Closed
09/09/2026 16:46,2-0602,Sale,10.00,0.00,10.00,0.00,10.00,7.92,2.08,Cash,1 x OVERLOAD BLKFRST,Dine in,POS 2,Route 98 - Minimart,Owner,,,Closed
09/09/2026 16:39,2-0601,Sale,55.00,0.00,55.00,0.00,55.00,37.96,17.04,Cash,"1 x GATORADE BLUE BOLT 350ML, 1 x PRESTO CHOCO, 5 x NIPS WHITE CHOCO PIECE",Dine in,POS 2,Route 98 - Minimart,Owner,,,Closed
09/09/2026 15:29,2-0600,Sale,15.00,0.00,15.00,0.00,15.00,11.00,4.00,Cash,1 x COCA COLA 190ML,Dine in,POS 2,Route 98 - Minimart,Owner,,,Closed
09/09/2026 15:28,2-0599,Sale,229.50,0.00,229.50,0.00,229.50,168.84,60.66,Cash,"2 x COCA COLA 1.75L, 5 x WINSTON RED STICK",Dine in,POS 2,Route 98 - Minimart,Owner,,,Closed
09/09/2026 15:01,2-0598,Sale,9.75,0.00,9.75,0.00,9.75,6.30,3.45,Cash,1 x CHIPPY BBQ 25G,Dine in,POS 2,Route 98 - Minimart,Owner,,,Closed
09/09/2026 14:55,2-0597,Sale,159.75,0.00,159.75,0.00,159.75,61.67,98.08,Cash,"1 x COCA COLA 1.75L, 1 x SPRITE 1.5L",Dine in,POS 2,Route 98 - Minimart,Owner,,,Closed
09/09/2026 14:41,2-0596,Sale,34.75,0.00,34.75,0.00,34.75,23.05,11.70,Cash,"1 x CHIPPY BBQ 25G, 1 x STING 290ML",Dine in,POS 2,Route 98 - Minimart,Owner,,,Closed
09/09/2026 14:17,2-0595,Sale,20.00,0.00,20.00,0.00,20.00,16.35,3.65,Cash,1 x MOUNTAIN DEW (290ML),Dine in,POS 2,Route 98 - Minimart,Owner,,,Closed
09/09/2026 13:08,2-0594,Sale,55.00,0.00,55.00,0.00,55.00,9.67,45.33,Cash,"1 x SUKAMOD, 1 x PREMIER PURIFIED WATER 500ML",Dine in,POS 2,Route 98 - Minimart,Owner,,,Closed
09/09/2026 12:38,2-0593,Sale,110.48,0.00,110.48,0.00,110.48,77.39,33.09,Cash,"1 x MR CHIPS NACHO CHEESE 98G, 1 x WILKINS PURE 1L, 2 x COCA COLA 190ML, 1 x SKYFLAKES TSOKOLATE, 2 x CLOUD 9 CLASSIC",Dine in,POS 2,Route 98 - Minimart,Owner,,,Closed
09/09/2026 12:35,2-0592,Sale,310.00,0.00,310.00,0.00,310.00,277.50,32.50,Cash,1 x GANADOR OLIVER 5KG,Dine in,POS 2,Route 98 - Minimart,Owner,,,Closed
09/09/2026 12:34,2-0591,Sale,1383.40,0.00,1383.40,0.00,1383.40,1081.76,301.64,Cash,"1 x C2 GREEN TEA LEMON 1L, 1 x C2 GREEN TEA APPLE 1L, 2 x KROPEK NI MANGJUAN 90G, 2 x VCUT CHEESE FLAVOR 60G, 2 x NOVA COUNTRY CHEDDAR 78G, 1 x NOBRELLI CHOCO-PANDAN-UBE 1.3L, 1 x NESTLE COOKIE'S & CREAM 1.3L, 1 x NESTLE ALMOND BROWNIE FUDGE 1.3L, 1 x ICE CUBE 2KG, 1 x ICE CUBE 1KG, 2 x VCUT SPICY BARBEQUE 60G",Dine in,POS 2,Route 98 - Minimart,Owner,,,Closed
09/09/2026 12:22,2-0590,Sale,68.00,0.00,68.00,0.00,68.00,55.19,12.81,Cash,"1 x LA MIA TUNA AFRTDA, 1 x NISSIN CUP NOODLES SPCYHTBF",Dine in,POS 2,Route 98 - Minimart,Owner,,,Closed
09/09/2026 11:47,2-0589,Sale,91.50,0.00,91.50,0.00,91.50,50.57,40.93,Cash,"2 x VCUT CHEESE FLAVOR 25G, 2 x NIPS WHITE CHOCO 14G, 1 x WILKINS PURE 500, 2 x CLOUD 9 CLASSIC",Dine in,POS 2,Route 98 - Minimart,Owner,,,Closed
09/09/2026 11:34,2-0588,Sale,50.00,0.00,50.00,0.00,50.00,17.29,32.71,Cash,"1 x OVERLOAD BLKFRST, 1 x WILKINS PURE 500, 1 x SUMMIT (1000ML)",Dine in,POS 2,Route 98 - Minimart,Owner,,,Closed
09/09/2026 11:12,2-0587,Sale,9.00,0.00,9.00,0.00,9.00,5.51,3.49,Cash,1 x MAGIC FLAKES,Dine in,POS 2,Route 98 - Minimart,Owner,,,Closed
09/09/2026 11:11,2-0586,Sale,165.00,0.00,165.00,0.00,165.00,133.74,31.26,Cash,3 x POCARI SWEAT 500ML,Dine in,POS 2,Route 98 - Minimart,Owner,,,Closed
09/09/2026 11:10,2-0585,Sale,205.00,0.00,205.00,0.00,205.00,182.00,23.00,Cash,1 x WINSTON RED KAHA,Dine in,POS 2,Route 98 - Minimart,Owner,,,Closed
09/09/2026 11:09,2-0584,Sale,229.75,0.00,229.75,0.00,229.75,190.75,39.00,Cash,1 x CREAMLINE BUKO SALAD 1.3ML,Dine in,POS 2,Route 98 - Minimart,Owner,,,Closed
08/09/2026 23:39,2-0583,Sale,46.50,0.00,46.50,0.00,46.50,16.58,29.92,Cash,"1 x SUMMIT (1000ML), 1 x COBRA  ASTIG CITRUS BLAST 290ML",Dine in,POS 2,Route 98 - Minimart,Owner,,,Closed
08/09/2026 23:07,2-0582,Sale,630.00,0.00,630.00,0.00,630.00,0.00,630.00,Cash,1 x #misc,Dine in,POS 2,Route 98 - Minimart,Owner,,,Closed
08/09/2026 23:02,2-0581,Sale,261.44,0.00,261.44,0.00,261.44,185.80,75.64,Cash,"1 x COCA COLA 1.75L, 1 x ARIEL POWER LIQUID SUNRISE FRESH, 2 x MONDE SPECIAL MAMON, 1 x TROPICANA TWISTER ORANGE, 1 x MIGHTY PUTI STICK, 1 x C2 GREEN TEA APPLE 1L",Dine in,POS 2,Route 98 - Minimart,Owner,,,Closed
08/09/2026 22:47,2-0580,Sale,21.96,0.00,21.96,0.00,21.96,16.50,5.46,Cash,2 x PEEWEE SIZZLING BBQ,Dine in,POS 2,Route 98 - Minimart,Owner,,,Closed
08/09/2026 22:10,2-0579,Sale,290.00,0.00,290.00,0.00,290.00,240.00,50.00,Cash,2 x RED HORSE LITRO,Dine in,POS 2,Route 98 - Minimart,Owner,,,Closed
08/09/2026 22:04,2-0578,Sale,9.00,0.00,9.00,0.00,9.00,6.75,2.25,Cash,1 x PILLOWS UBE 24G,Dine in,POS 2,Route 98 - Minimart,Owner,,,Closed
08/09/2026 21:54,2-0577,Sale,136.00,0.00,136.00,0.00,136.00,106.00,30.00,Cash,"2 x SM FLAVORED BEER APPLE, 1 x DINGDONG MIXED NUTS 100G",Dine in,POS 2,Route 98 - Minimart,Owner,,,Closed
08/09/2026 21:23,2-0576,Sale,29.94,0.00,29.94,0.00,29.94,23.40,6.54,Cash,3 x LEMON SQUARE LAVA CAKE,Dine in,POS 2,Route 98 - Minimart,Owner,,,Closed
08/09/2026 20:43,2-0575,Sale,8.00,0.00,8.00,0.00,8.00,0.00,8.00,Cash,4 x HAPPY CLASSIC,Dine in,POS 2,Route 98 - Minimart,Owner,,,Closed
08/09/2026 20:35,2-0574,Sale,45.00,0.00,45.00,0.00,45.00,28.49,16.51,Cash,"1 x STING 290ML, 2 x PRESTO CHOCO VANILLA",Dine in,POS 2,Route 98 - Minimart,Owner,,,Closed
08/09/2026 20:19,2-0573,Sale,318.00,0.00,318.00,0.00,318.00,40.20,277.80,Cash,"1 x LAMPEIN PANTS - XL 25+2, 1 x SWEETCHILI CHPS BBQ, 1 x VCUT CHEESE FLAVOR 60G",Dine in,POS 2,Route 98 - Minimart,Owner,,,Closed
08/09/2026 20:18,2-0572,Sale,63.75,0.00,63.75,0.00,63.75,51.58,12.17,Cash,"1 x C2 GREEN TEA APPLE 335ML, 1 x VITAMILK(DOUBLECHOCO) 300ML",Dine in,POS 2,Route 98 - Minimart,Owner,,,Closed
08/09/2026 20:12,2-0571,Sale,50.00,0.00,50.00,0.00,50.00,0.00,50.00,Cash,1 x VINO KULAFU 350,Dine in,POS 2,Route 98 - Minimart,Owner,,,Closed
08/09/2026 20:10,2-0570,Sale,70.00,0.00,70.00,0.00,70.00,48.00,22.00,Cash,2 x ICE CUBE 2KG,Dine in,POS 2,Route 98 - Minimart,Owner,,,Closed
08/09/2026 20:08,2-0569,Sale,459.50,0.00,459.50,0.00,459.50,381.50,78.00,Cash,"1 x CREAMLINE UBE QUESO PASTILLAS 1.3ML, 1 x CREAMLINE BERRY VANILLA MALLOWS 1.3ML",Dine in,POS 2,Route 98 - Minimart,Owner,,,Closed
08/09/2026 19:46,2-0568,Sale,36.00,0.00,36.00,0.00,36.00,27.30,8.70,Cash,3 x WINSTON RED STICK,Dine in,POS 2,Route 98 - Minimart,Owner,,,Closed
08/09/2026 19:42,2-0567,Sale,15.00,0.00,15.00,0.00,15.00,9.67,5.33,Cash,1 x PREMIER PURIFIED WATER 500ML,Dine in,POS 2,Route 98 - Minimart,Owner,,,Closed
08/09/2026 19:37,2-0566,Sale,9.00,0.00,9.00,0.00,9.00,7.50,1.50,Cash,1 x OISHI PRAWN CRACKERS SWEET & EXTRA HOT 24G,Dine in,POS 2,Route 98 - Minimart,Owner,,,Closed
08/09/2026 19:33,2-0565,Sale,15.00,0.00,15.00,0.00,15.00,0.00,15.00,Cash,1 x SISTERS PANTYLINERS 8PCS,Dine in,POS 2,Route 98 - Minimart,Owner,,,Closed
08/09/2026 19:27,2-0564,Sale,435.00,0.00,435.00,0.00,435.00,360.00,75.00,Cash,3 x RED HORSE LITRO,Dine in,POS 2,Route 98 - Minimart,Owner,,,Closed
08/09/2026 19:07,2-0563,Sale,57.75,0.00,57.75,0.00,57.75,44.42,13.33,Card,1 x C2 GREEN TEA APPLE 1L,Dine in,POS 2,Route 98 - Minimart,Owner,,,Closed
08/09/2026 19:06,2-0562,Sale,25.00,0.00,25.00,0.00,25.00,13.00,12.00,Cash,1 x ICE CUBE 1KG,Dine in,POS 2,Route 98 - Minimart,Owner,,,Closed
08/09/2026 18:47,2-0561,Sale,28.75,0.00,28.75,0.00,28.75,22.08,6.67,Cash,1 x C2 GREEN TEA APPLE 335ML,Dine in,POS 2,Route 98 - Minimart,Owner,,,Closed
08/09/2026 18:40,2-0560,Sale,72.00,0.00,72.00,0.00,72.00,54.60,17.40,Cash,6 x WINSTON RED STICK,Dine in,POS 2,Route 98 - Minimart,Owner,,,Closed
08/09/2026 18:39,2-0559,Sale,59.96,0.00,59.96,0.00,59.96,48.20,11.76,Cash,"1 x CREAMLINE JUMBO CONE COOKIES & CREAM 140ML, 1 x CREAMLINE JUMBO CONE ROCKY ROAD 140ML",Dine in,POS 2,Route 98 - Minimart,Owner,,,Closed
08/09/2026 18:38,2-0558,Sale,40.00,0.00,40.00,0.00,40.00,32.08,7.92,Cash,4 x MIGHTY PUTI STICK,Dine in,POS 2,Route 98 - Minimart,Owner,,,Closed
08/09/2026 18:38,2-0557,Sale,10.00,0.00,10.00,0.00,10.00,8.02,1.98,Cash,1 x MIGHTY PULA  STICK,Dine in,POS 2,Route 98 - Minimart,Owner,,,Closed
08/09/2026 18:37,2-0556,Sale,225.00,0.00,225.00,0.00,225.00,180.00,45.00,Cash,3 x RED HORSE 500,Dine in,POS 2,Route 98 - Minimart,Owner,,,Closed
08/09/2026 18:36,2-0555,Sale,40.00,0.00,40.00,0.00,40.00,32.70,7.30,Cash,2 x MOUNTAIN DEW (290ML),Dine in,POS 2,Route 98 - Minimart,Owner,,,Closed
08/09/2026 18:35,2-0554,Sale,100.00,0.00,100.00,0.00,100.00,0.00,100.00,Cash,2 x VINO KULAFU 350,Dine in,POS 2,Route 98 - Minimart,Owner,,,Closed
08/09/2026 17:05,2-0553,Sale,14.50,0.00,14.50,0.00,14.50,10.50,4.00,Cash,1 x SUPER CRUNCH SPECIAL CHIP CHARON 32G,Dine in,POS 2,Route 98 - Minimart,Owner,,,Closed
08/09/2026 15:33,2-0552,Sale,33.50,0.00,33.50,0.00,33.50,26.50,7.00,Cash,"1 x WINSTON WHITE STICK, 1 x COBRA  ASTIG CITRUS BLAST 290ML",Dine in,POS 2,Route 98 - Minimart,Owner,,,Closed
08/09/2026 15:28,2-0551,Sale,25.00,0.00,25.00,0.00,25.00,15.91,9.09,Cash,1 x WILKINS PURE 1L,Dine in,POS 2,Route 98 - Minimart,Owner,,,Closed
08/09/2026 14:49,2-0550,Sale,10.50,0.00,10.50,0.00,10.50,6.66,3.84,Cash,1 x FUN SIZE! PIATTOS CHEESE 18G,Dine in,POS 2,Route 98 - Minimart,Owner,,,Closed
08/09/2026 14:48,2-0549,Sale,29.25,0.00,29.25,0.00,29.25,16.35,12.90,Cash,3 x MR. CHIPS  NACHO CHEEZE 4G,Dine in,POS 2,Route 98 - Minimart,Owner,,,Closed
08/09/2026 14:48,2-0548,Sale,24.00,0.00,24.00,0.00,24.00,18.50,5.50,Cash,"1 x OISHI CRACKLINGS, 1 x COCA COLA 190ML",Dine in,POS 2,Route 98 - Minimart,Owner,,,Closed
08/09/2026 14:47,2-0547,Sale,27.50,0.00,27.50,0.00,27.50,18.45,9.05,Cash,"1 x C2 SOLO APPLE 230ML, 1 x FUN SIZE! PIATTOS CHEESE 18G",Dine in,POS 2,Route 98 - Minimart,Owner,,,Closed
08/09/2026 14:46,2-0546,Sale,30.00,0.00,30.00,0.00,30.00,24.27,5.73,Cash,"1 x MOUNTAIN DEW (290ML), 1 x OVERLOAD BLKFRST",Dine in,POS 2,Route 98 - Minimart,Owner,,,Closed
08/09/2026 14:37,2-0545,Sale,55.00,0.00,55.00,0.00,55.00,22.00,33.00,Cash,"1 x SUMMIT (1000ML), 2 x PEPSI EXTRA FIZZ 195ML",Dine in,POS 2,Route 98 - Minimart,Owner,,,Closed
08/09/2026 14:33,2-0544,Sale,54.98,0.00,54.98,0.00,54.98,18.75,36.23,Cash,"1 x ROYAL 190, 1 x PEPSI EXTRA FIZZ 195ML, 1 x NUTRIBOOST CHOCO 110, 1 x CRISPY PATATA 24G",Dine in,POS 2,Route 98 - Minimart,Owner,,,Closed
08/09/2026 14:31,2-0543,Sale,55.00,0.00,55.00,0.00,55.00,34.17,20.83,Cash,"1 x PREMIER PURIFIED WATER 500ML, 1 x UNILOVE SQUALANE WIPES",Dine in,POS 2,Route 98 - Minimart,Owner,,,Closed
08/09/2026 13:44,2-0542,Sale,14.00,0.00,14.00,0.00,14.00,9.90,4.10,Cash,1 x CREAMLINE COOLERS CHOCOLATE 50ML,Dine in,POS 2,Route 98 - Minimart,Owner,,,Closed
08/09/2026 12:30,2-0541,Sale,47.98,0.00,47.98,0.00,47.98,37.50,10.48,Cash,"1 x CRISPY PATATA 24G, 1 x DINGDONG SNACK MIX WITH  CHIPS CURLS 100G, 1 x FRUIT SALAD",Dine in,POS 2,Route 98 - Minimart,Owner,,,Closed
08/09/2026 12:28,2-0540,Sale,112.46,0.00,112.46,0.00,112.46,85.90,26.56,Cash,"1 x CREAMLINE MINI CUP UBE 75ML, 1 x CREAMLINE MINI CUP CHOCOLATE 75ML, 1 x PIATTOS CHEESE 40G, 1 x FRUIT SALAD, 1 x PIATTOS SOUR CREAM 40G, 1 x PIATTOS CHEESE 40G, 1 x OISHI Potato Fries",Dine in,POS 2,Route 98 - Minimart,Owner,,,Closed
08/09/2026 12:00,2-0539,Sale,37.00,0.00,37.00,0.00,37.00,0.00,37.00,Cash,1 x #misc,Dine in,POS 2,Route 98 - Minimart,Owner,,,Closed
08/09/2026 01:45,2-0538,Sale,153.44,0.00,153.44,0.00,153.44,110.13,43.31,Cash,"1 x STING 290ML, 1 x MOUNTAIN DEW (290ML), 1 x LIFT BERRY BOLT 320, 2 x CREAMLINE MILKY POP LOLLY MILK CHOCO 60ML, 1 x CREAMLINE FROOTEES GRAPES 50ML, 1 x C2 SOLO APPLE 230ML, 1 x MOUNTAIN DEW (290ML), 1 x FUN SIZE! PIATTOS CHEESE 18G",Dine in,POS 2,Route 98 - Minimart,Owner,,,Closed
07/09/2026 22:18,2-0537,Sale,50.00,0.00,50.00,0.00,50.00,40.10,9.90,Cash,5 x MIGHTY PULA  STICK,Dine in,POS 2,Route 98 - Minimart,Owner,,,Closed
07/09/2026 22:09,2-0536,Sale,50.00,0.00,50.00,0.00,50.00,40.10,9.90,Cash,5 x MIGHTY PULA  STICK,Dine in,POS 2,Route 98 - Minimart,Owner,,,Closed
07/09/2026 22:06,2-0535,Sale,320.75,0.00,320.75,0.00,320.75,252.37,68.38,Cash,"1 x RED HORSE LITRO, 2 x SM FLAVORED BEER APPLE, 1 x DINGDONG MIXED NUTS 100G, 1 x DINGDONG MIXED NUT 30G, 1 x MANG JUAN SUKAT SILI 26G, 2 x NOVA COUNTRY CHEDDAR 20G",Dine in,POS 2,Route 98 - Minimart,Owner,,,Closed
07/09/2026 21:53,2-0534,Sale,164.50,0.00,164.50,0.00,164.50,132.60,31.90,Cash,"1 x RED HORSE LITRO, 2 x CHIPPY BBQ 25G",Dine in,POS 2,Route 98 - Minimart,Owner,,,Closed
07/09/2026 21:40,2-0533,Sale,65.86,0.00,65.86,0.00,65.86,42.75,23.11,Cash,"3 x CREAM SILK CONDITIONER SS/PINK, 4 x SUNSILK SMTH&MNGBL 15ML",Dine in,POS 2,Route 98 - Minimart,Owner,,,Closed
07/09/2026 21:28,2-0532,Sale,150.00,0.00,150.00,0.00,150.00,120.00,30.00,Cash,"1 x RED HORSE LITRO, 1 x #misc",Dine in,POS 2,Route 98 - Minimart,Owner,,,Closed
07/09/2026 21:15,2-0531,Sale,42.00,0.00,42.00,0.00,42.00,27.29,14.71,Cash,"1 x PRESTO CHOCO, 1 x C2 SOLO APPLE 230ML, 1 x WILKINS PURE 500",Dine in,POS 2,Route 98 - Minimart,Owner,,,Closed
07/09/2026 21:08,2-0530,Sale,190.50,0.00,190.50,0.00,190.50,142.32,48.18,Cash,"2 x MANG JUAN SUKAT SILI 90G, 1 x PIATTOS ROADHOUSE BBQ 85G, 2 x FISH CRACKERS, 2 x TATTOOS CORN CHIPS CHEESE 58G, 1 x NUTRIBOOST STRWBRRY 110, 1 x VITAMILK(DOUBLECHOCO) 300ML",Dine in,POS 2,Route 98 - Minimart,Owner,,,Closed
07/09/2026 20:40,2-0529,Sale,84.98,0.00,84.98,0.00,84.98,72.00,12.98,Cash,1 x ABSOLUTE 6000ML,Dine in,POS 2,Route 98 - Minimart,Owner,,,Closed
07/09/2026 20:33,2-0528,Sale,28.75,0.00,28.75,0.00,28.75,21.35,7.40,Cash,1 x CHIPPY BBQ 108G,Dine in,POS 2,Route 98 - Minimart,Owner,,,Closed
07/09/2026 19:59,1-0341,Sale,119.96,0.00,119.96,0.00,119.96,45.30,74.66,Cash,"2 x FISH CRACKERS 24G, 2 x CREAMLINE SUNDAE CHOCOLATE120ML, 1 x VINO KULAFU 350",Dine in,POS 1,Route 98 - Minimart,Owner,,,Closed
07/09/2026 19:10,1-0340,Sale,47.92,0.00,47.92,0.00,47.92,35.80,12.12,Cash,"2 x LUCKYME CHICKEN NOODLES, 2 x LUCKYME BEEF",Dine in,POS 1,Route 98 - Minimart,Owner,,,Closed
07/09/2026 18:30,2-0524,Sale,30.00,0.00,30.00,0.00,30.00,24.06,5.94,Cash,3 x MIGHTY PULA  STICK,Dine in,POS 2,Route 98 - Minimart,Owner,,,Closed
07/09/2026 18:30,2-0523,Sale,10.00,0.00,10.00,0.00,10.00,7.25,2.75,Cash,1 x CAMEL PREMIUM TABACCOS STICK,Dine in,POS 2,Route 98 - Minimart,Owner,,,Closed
07/09/2026 18:29,2-0522,Sale,36.73,0.00,36.73,0.00,36.73,24.30,12.43,Cash,"1 x CREAMLINE BAR UBE QUESO PASTILLAS, 1 x CREAMLINE MINI CUP CHOCO MARBLE 75ML",Dine in,POS 2,Route 98 - Minimart,Owner,,,Closed
07/09/2026 16:32,2-0521,Sale,83.75,0.00,83.75,0.00,83.75,58.00,25.75,Card,"3 x CREAMLINE BAR ROCKY ROAD, 1 x CREAMLINE BAR COOKIES & CREAM, 1 x CREAMLINE BAR BUKO SALAD",Dine in,POS 2,Route 98 - Minimart,Owner,,,Closed
07/09/2026 15:51,2-0520,Sale,34.98,0.00,34.98,0.00,34.98,25.02,9.96,Cash,"1 x FRUIT SALAD, 1 x PRESTO CHOCO VANILLA, 1 x KOPIKO BLANCA 2PK",Dine in,POS 2,Route 98 - Minimart,Owner,,,Closed
07/09/2026 15:42,2-0519,Sale,45.00,0.00,45.00,0.00,45.00,27.00,18.00,Cash,3 x BEAR BRAND SWAK CHOCO,Dine in,POS 2,Route 98 - Minimart,Owner,,,Closed
07/09/2026 15:34,2-0518,Sale,10.00,0.00,10.00,0.00,10.00,8.02,1.98,Cash,1 x MIGHTY PULA  STICK,Dine in,POS 2,Route 98 - Minimart,Owner,,,Closed
07/09/2026 15:32,2-0517,Sale,18.00,0.00,18.00,0.00,18.00,41.16,-23.16,Cash,1 x LIFT CITRUS BLAST 320,Dine in,POS 2,Route 98 - Minimart,Owner,,,Closed
07/09/2026 15:31,2-0516,Sale,25.98,0.00,25.98,0.00,25.98,19.15,6.83,Cash,"1 x MOBY CARAMEL, 1 x TATTOOS CORN TUBE PIZZA 60G",Dine in,POS 2,Route 98 - Minimart,Owner,,,Closed
07/09/2026 15:03,2-0515,Sale,30.00,0.00,30.00,0.00,30.00,22.00,8.00,Cash,2 x COCA COLA 190ML,Dine in,POS 2,Route 98 - Minimart,Owner,,,Closed
07/09/2026 14:49,2-0514,Sale,30.00,0.00,30.00,0.00,30.00,25.37,4.63,Cash,1 x TROPICANA TWISTER ORANGE,Dine in,POS 2,Route 98 - Minimart,Owner,,,Closed
07/09/2026 14:44,2-0513,Sale,153.25,0.00,153.25,0.00,153.25,59.50,93.75,Cash,"1 x Royal 1.5L, 1 x NOVA COUNTRY CHEDDAR 38G, 5 x WINSTON RED STICK",Dine in,POS 2,Route 98 - Minimart,Owner,,,Closed
07/09/2026 14:42,2-0512,Sale,20.00,0.00,20.00,0.00,20.00,16.35,3.65,Cash,1 x MOUNTAIN DEW (290ML),Dine in,POS 2,Route 98 - Minimart,Owner,,,Closed
07/09/2026 14:37,2-0511,Sale,109.75,0.00,109.75,0.00,109.75,74.67,35.08,Cash,"1 x COCA COLA 1.75L, 1 x ICE CUBE 1KG",Dine in,POS 2,Route 98 - Minimart,Owner,,,Closed
07/09/2026 14:35,2-0510,Sale,15.00,0.00,15.00,0.00,15.00,11.00,4.00,Cash,1 x COCA COLA 190ML,Dine in,POS 2,Route 98 - Minimart,Owner,,,Closed
07/09/2026 14:26,2-0509,Sale,75.00,0.00,75.00,0.00,75.00,60.00,15.00,Cash,1 x RED HORSE 500,Dine in,POS 2,Route 98 - Minimart,Owner,,,Closed
07/09/2026 14:10,2-0508,Sale,15.00,0.00,15.00,0.00,15.00,0.00,15.00,Cash,1 x NUTRIBOOST CHOCO 110,Dine in,POS 2,Route 98 - Minimart,Owner,,,Closed
07/09/2026 13:57,2-0507,Sale,30.00,0.00,30.00,0.00,30.00,24.27,5.73,Cash,"1 x OVERLOAD CHOCO STRWBRRY, 1 x MOUNTAIN DEW (290ML)",Dine in,POS 2,Route 98 - Minimart,Owner,,,Closed
07/09/2026 13:43,2-0506,Sale,178.67,0.00,178.67,0.00,178.67,111.46,67.21,Cash,"4 x MONDE SPECIAL MAMON, 1 x C2 GREEN TEA LEMON 335ML, 1 x TROPICANA TWISTER ORANGE",Dine in,POS 2,Route 98 - Minimart,Owner,,,Closed
07/09/2026 13:13,2-0505,Sale,50.00,0.00,50.00,0.00,50.00,33.50,16.50,Cash,2 x STING 290ML,Dine in,POS 2,Route 98 - Minimart,Owner,,,Closed
07/09/2026 13:11,2-0504,Sale,19.98,0.00,19.98,0.00,19.98,12.70,7.28,Cash,1 x CREAMLINE MINI CUP CHOCOLATE 75ML,Dine in,POS 2,Route 98 - Minimart,Owner,,,Closed
07/09/2026 12:06,2-0503,Sale,64.98,0.00,64.98,0.00,64.98,59.75,5.23,Cash,1 x PEPSI EXTRA FIZZ 1.5L,Dine in,POS 2,Route 98 - Minimart,Owner,,,Closed
07/09/2026 12:02,2-0502,Sale,15.00,0.00,15.00,0.00,15.00,11.00,4.00,Cash,1 x COCA COLA 190ML,Dine in,POS 2,Route 98 - Minimart,Owner,,,Closed
07/09/2026 12:00,2-0501,Sale,62.23,0.00,62.23,0.00,62.23,42.56,19.67,Cash,"1 x CREAMLINE BAR BUKO SALAD, 1 x CREAMLINE PINOY CLASSIC MANGGO 60ML, 1 x COCA COLA 190ML, 1 x FUN SIZE! PIATTOS CHEESE 18G",Dine in,POS 2,Route 98 - Minimart,Owner,,,Closed
07/09/2026 11:41,2-0500,Sale,169.50,0.00,169.50,0.00,169.50,123.34,46.16,Cash,2 x COCA COLA 1.75L,Dine in,POS 2,Route 98 - Minimart,Owner,,,Closed
07/09/2026 11:38,2-0499,Sale,169.50,0.00,169.50,0.00,169.50,123.34,46.16,Cash,2 x COCA COLA 1.75L,Dine in,POS 2,Route 98 - Minimart,Owner,,,Closed
07/09/2026 10:17,2-0498,Sale,70.00,0.00,70.00,0.00,70.00,48.00,22.00,Cash,2 x ICE CUBE 2KG,Dine in,POS 2,Route 98 - Minimart,Owner,,,Closed
07/09/2026 10:06,2-0497,Sale,20.00,0.00,20.00,0.00,20.00,16.35,3.65,Cash,1 x MOUNTAIN DEW (290ML),Dine in,POS 2,Route 98 - Minimart,Owner,,,Closed
07/09/2026 09:51,2-0496,Sale,58.00,0.00,58.00,0.00,58.00,45.00,13.00,Cash,1 x SM PALE PILSEN 320ML,Dine in,POS 2,Route 98 - Minimart,Owner,,,Closed
07/09/2026 02:39,2-0495,Sale,72.44,0.00,72.44,0.00,72.44,27.66,44.78,Cash,"1 x FUN SIZE! PIATTOS CHEESE 18G, 2 x OISHI Potato Fries, 1 x KERATIN PLUS (GOLD) 20g, 2 x PALMOLIVE AD+SH, 2 x WINGS POWDER BLUE 57G",Dine in,POS 2,Route 98 - Minimart,Owner,,,Closed
07/09/2026 02:28,2-0494,Sale,121.00,0.00,121.00,0.00,121.00,86.00,35.00,Cash,"2 x COCA COLA 190ML, 1 x PREMIER PURIFIED WATER 500ML, 1 x CREAMLINE BAR BUKO SALAD, 1 x CHIPPY CHILI & CHEESE 108G, 1 x RICHEE, 1 x MAGIC CHIPS CHEESE, 1 x FUN SIZE! PIATTOS CHEESE 18G",Dine in,POS 2,Route 98 - Minimart,Owner,,,Closed
07/09/2026 00:42,2-0527,Sale,10.00,0.00,10.00,0.00,10.00,0.00,10.00,Cash,1 x #misc,Dine in,POS 2,Route 98 - Minimart,Owner,,,Closed
07/09/2026 00:35,2-0526,Sale,20.00,0.00,20.00,0.00,20.00,16.04,3.96,Cash,"1 x MIGHTY PULA  STICK, 1 x MIGHTY PUTI STICK",Dine in,POS 2,Route 98 - Minimart,Owner,,,Closed
07/09/2026 00:31,2-0525,Sale,119.50,0.00,119.50,0.00,119.50,90.62,28.88,Cash,"1 x VCUT CHEESE FLAVOR 25G, 1 x VCUT CHEESE FLAVOR 60G, 1 x C2 GREEN TEA APPLE 1L",Dine in,POS 2,Route 98 - Minimart,Owner,,,Closed
06/09/2026 23:35,2-0493,Sale,345.00,0.00,345.00,0.00,345.00,13.00,332.00,Cash,"2 x RED HORSE SUPER, 1 x ICE CUBE 1KG",Dine in,POS 2,Route 98 - Minimart,Owner,,,Closed
06/09/2026 23:04,2-0492,Sale,217.25,0.00,217.25,0.00,217.25,172.58,44.67,Cash,"2 x RED HORSE 500, 1 x TORTILLOS, 4 x MIGHTY PUTI STICK, 1 x NOVA HOMESTYLE BBQ 38G",Dine in,POS 2,Route 98 - Minimart,Owner,,,Closed
06/09/2026 22:56,2-0491,Sale,84.00,0.00,84.00,0.00,84.00,65.25,18.75,Cash,"3 x WINSTON RED STICK, 4 x MIGHTY PUTI STICK, 1 x NIPS MILK CHOCO 14G",Dine in,POS 2,Route 98 - Minimart,Owner,,,Closed
06/09/2026 22:24,2-0490,Sale,29.50,0.00,29.50,0.00,29.50,20.38,9.12,Cash,"1 x CLOVER CHEESIER 24G, 1 x MAGIC CHIPS CHEESE, 1 x FUN SIZE! PIATTOS CHEESE 18G",Dine in,POS 2,Route 98 - Minimart,Owner,,,Closed
06/09/2026 22:21,2-0489,Sale,199.50,0.00,199.50,0.00,199.50,155.81,43.69,Cash,"2 x RED HORSE 500, 1 x CHIPPY BBQ 25G, 1 x MR. CHIPS  NACHO CHEEZE 4G, 3 x MIGHTY PUTI STICK",Dine in,POS 2,Route 98 - Minimart,Owner,,,Closed
06/09/2026 22:18,2-0488,Sale,396.00,0.00,396.00,0.00,396.00,311.60,84.40,Cash,"4 x SAN MIGUEL LIGHT 330ML, 2 x SM FLAVORED BEER APPLE, 6 x WINSTON RED STICK",Dine in,POS 2,Route 98 - Minimart,Owner,,,Closed
06/09/2026 22:15,2-0487,Sale,15.00,0.00,15.00,0.00,15.00,9.37,5.63,Cash,1 x WILKINS PURE 500,Dine in,POS 2,Route 98 - Minimart,Owner,,,Closed
06/09/2026 21:59,2-0486,Sale,30.00,0.00,30.00,0.00,30.00,0.00,30.00,Cash,1 x #misc,Dine in,POS 2,Route 98 - Minimart,Owner,,,Closed
06/09/2026 21:58,2-0485,Sale,325.00,0.00,325.00,0.00,325.00,260.20,64.80,Cash,"3 x RED HORSE 500, 10 x MIGHTY PULA  STICK",Dine in,POS 2,Route 98 - Minimart,Owner,,,Closed
06/09/2026 21:57,2-0484,Sale,72.00,0.00,72.00,0.00,72.00,54.60,17.40,Cash,6 x WINSTON RED STICK,Dine in,POS 2,Route 98 - Minimart,Owner,,,Closed
06/09/2026 21:50,2-0483,Sale,74.75,0.00,74.75,0.00,74.75,65.75,9.00,Cash,1 x COCA COLA 1.5ML,Dine in,POS 2,Route 98 - Minimart,Owner,,,Closed
06/09/2026 21:42,2-0482,Sale,72.75,0.00,72.75,0.00,72.75,44.42,28.33,Cash,"1 x C2 GREEN TEA APPLE 1L, 1 x ROYAL 190",Dine in,POS 2,Route 98 - Minimart,Owner,,,Closed
06/09/2026 21:35,2-0481,Sale,48.25,0.00,48.25,0.00,48.25,22.02,26.23,Cash,"1 x NOVA COUNTRY CHEDDAR 38G, 1 x MIGHTY PULA  STICK, 1 x #misc",Dine in,POS 2,Route 98 - Minimart,Owner,,,Closed
06/09/2026 21:27,2-0480,Sale,98.00,0.00,98.00,0.00,98.00,73.80,24.20,Cash,"1 x MANG JUAN SUKAT SILI 90G, 1 x PIATTOS SOUR CREAM 85G, 1 x MANG JUAN SUKANG PAOMBONG 90G",Dine in,POS 2,Route 98 - Minimart,Owner,,,Closed
06/09/2026 21:20,2-0479,Sale,154.00,0.00,154.00,0.00,154.00,127.50,26.50,Cash,"1 x RED HORSE LITRO, 1 x OISHI CRACKLINGS",Dine in,POS 2,Route 98 - Minimart,Owner,,,Closed
06/09/2026 21:03,2-0478,Sale,121.00,0.00,121.00,0.00,121.00,88.71,32.29,Cash,"8 x WINSTON RED STICK, 1 x WILKINS PURE 1L",Dine in,POS 2,Route 98 - Minimart,Owner,,,Closed
06/09/2026 20:49,2-0477,Sale,68.75,0.00,68.75,0.00,68.75,6.66,62.09,Cash,"1 x VINO KULAFU 350, 1 x NOVA COUNTRY CHEDDAR 20G, 1 x #misc",Dine in,POS 2,Route 98 - Minimart,Owner,,,Closed
06/09/2026 20:22,2-0476,Sale,910.00,0.00,910.00,0.00,910.00,720.00,190.00,Cash,"10 x HAPPY CLASSIC, 10 x DINGDONG MIXNUTS 5G, 6 x RED HORSE LITRO",Dine in,POS 2,Route 98 - Minimart,Owner,,,Closed
06/09/2026 20:19,2-0475,Sale,50.00,0.00,50.00,0.00,50.00,0.00,50.00,Cash,1 x VINO KULAFU 350,Dine in,POS 2,Route 98 - Minimart,Owner,,,Closed
06/09/2026 19:44,2-0474,Sale,60.00,0.00,60.00,0.00,60.00,45.50,14.50,Cash,5 x WINSTON RED STICK,Dine in,POS 2,Route 98 - Minimart,Owner,,,Closed
06/09/2026 19:00,2-0473,Sale,155.98,0.00,155.98,0.00,155.98,112.75,43.23,Cash,1 x CREAMLINE FAMILY DUO BUCO SALAD/UBE 950ML,Dine in,POS 2,Route 98 - Minimart,Owner,,,Closed
06/09/2026 18:54,2-0472,Sale,30.00,0.00,30.00,0.00,30.00,24.06,5.94,Cash,"2 x MIGHTY PULA  STICK, 1 x MIGHTY PUTI STICK",Dine in,POS 2,Route 98 - Minimart,Owner,,,Closed
06/09/2026 18:53,2-0471,Sale,101.75,0.00,101.75,0.00,101.75,73.46,28.29,Cash,"1 x COCA COLA 1.75L, 1 x C2 SOLO APPLE 230ML",Dine in,POS 2,Route 98 - Minimart,Owner,,,Closed
06/09/2026 18:44,2-0470,Sale,28.75,0.00,28.75,0.00,28.75,21.35,7.40,Cash,1 x CHIPPY CHILI & CHEESE 108G,Dine in,POS 2,Route 98 - Minimart,Owner,,,Closed
06/09/2026 18:43,2-0469,Sale,47.00,0.00,47.00,0.00,47.00,32.37,14.63,Cash,"1 x WILKINS PURE 500, 4 x FRUIT SALAD",Dine in,POS 2,Route 98 - Minimart,Owner,,,Closed
06/09/2026 18:24,2-0468,Sale,24.98,0.00,24.98,0.00,24.98,15.85,9.13,Cash,1 x CREAMLINE SUNDAE STRAWBERRY 120ML,Dine in,POS 2,Route 98 - Minimart,Owner,,,Closed
06/09/2026 18:20,2-0467,Sale,10.00,0.00,10.00,0.00,10.00,8.02,1.98,Cash,1 x MIGHTY PULA  STICK,Dine in,POS 2,Route 98 - Minimart,Owner,,,Closed
06/09/2026 18:19,2-0466,Sale,19.98,0.00,19.98,0.00,19.98,13.30,6.68,Cash,1 x CREAMLINE PINOY CLASSIC MANGGO 60ML,Dine in,POS 2,Route 98 - Minimart,Owner,,,Closed
06/09/2026 18:18,2-0465,Sale,24.98,0.00,24.98,0.00,24.98,15.85,9.13,Cash,1 x CREAMLINE SUNDAE STRAWBERRY 120ML,Dine in,POS 2,Route 98 - Minimart,Owner,,,Closed
06/09/2026 18:12,2-0464,Sale,8.00,0.00,8.00,0.00,8.00,0.00,8.00,Cash,1 x #misc,Dine in,POS 2,Route 98 - Minimart,Owner,,,Closed
06/09/2026 18:11,2-0463,Sale,35.00,0.00,35.00,0.00,35.00,29.50,5.50,Cash,1 x VITAMILK(DOUBLECHOCO) 300ML,Dine in,POS 2,Route 98 - Minimart,Owner,,,Closed
06/09/2026 17:31,2-0462,Sale,43.96,0.00,43.96,0.00,43.96,61.40,-17.44,Cash,"1 x LIFT CITRUS BLAST 320, 1 x PANTENE SHAMPOO NOURISHED SHINE, 1 x KOPIKO BLANCA 2PK",Dine in,POS 2,Route 98 - Minimart,Owner,,,Closed
06/09/2026 17:24,2-0461,Sale,71.50,0.00,71.50,0.00,71.50,43.62,27.88,Cash,"2 x MIGHTY PULA  STICK, 1 x ROYAL 190, 1 x COBRA  ASTIG 290ML, 1 x COCA COLA 190ML",Dine in,POS 2,Route 98 - Minimart,Owner,,,Closed
06/09/2026 17:22,2-0460,Sale,17.00,0.00,17.00,0.00,17.00,14.00,3.00,Cash,1 x NESCAFE ORIGINAL TWIN PACK,Dine in,POS 2,Route 98 - Minimart,Owner,,,Closed
06/09/2026 17:15,2-0459,Sale,322.96,0.00,322.96,0.00,322.96,261.01,61.95,Cash,"1 x OREO ICE CREAM 110ML, 1 x OREO ICE CREAM 450ML, 1 x DINGDONG MIXED NUTS 100G, 1 x NISSIN CUP NOODLES SPCYHTBF",Dine in,POS 2,Route 98 - Minimart,Owner,,,Closed
06/09/2026 17:04,2-0458,Sale,96.00,0.00,96.00,0.00,96.00,72.80,23.20,Cash,8 x WINSTON RED STICK,Dine in,POS 2,Route 98 - Minimart,Owner,,,Closed
06/09/2026 15:58,2-0457,Sale,26.75,0.00,26.75,0.00,26.75,18.09,8.66,Cash,"1 x C2 SOLO APPLE 230ML, 1 x CHIPPY BBQ 25G",Dine in,POS 2,Route 98 - Minimart,Owner,,,Closed
06/09/2026 15:55,2-0456,Sale,8.00,0.00,8.00,0.00,8.00,5.75,2.25,Cash,1 x FRUIT SALAD,Dine in,POS 2,Route 98 - Minimart,Owner,,,Closed
06/09/2026 15:54,2-0455,Sale,17.00,0.00,17.00,0.00,17.00,11.79,5.21,Cash,1 x C2 SOLO APPLE 230ML,Dine in,POS 2,Route 98 - Minimart,Owner,,,Closed
06/09/2026 15:52,2-0454,Sale,86.50,0.00,86.50,0.00,86.50,75.22,11.28,Card,"1 x GATORADE (BLUE BOLT) 500ML, 1 x PIATTOS ROADHOUSE BBQ 85G",Dine in,POS 2,Route 98 - Minimart,Owner,,,Closed
06/09/2026 15:44,2-0453,Sale,202.90,0.00,202.90,0.00,202.90,159.91,42.99,Cash,"1 x NIPS PEANUT 14G, 1 x C2 SOLO APPLE 230ML, 2 x CREAMLINE PINIPIG CHOCOLATE 70ML, 3 x ENERGEN VNLA, 3 x NESCAFE ORIGINAL TWIN PACK, 3 x NESCAFE CREAMY WHITE TWIN PACK",Dine in,POS 2,Route 98 - Minimart,Owner,,,Closed
06/09/2026 15:36,2-0452,Sale,85.00,0.00,85.00,0.00,85.00,65.60,19.40,Cash,"1 x FRUIT SALAD, 1 x GATORADE BLUE BOLT 350ML, 1 x TROPICANA TWISTER ORANGE, 1 x REFRESH 500ML",Dine in,POS 2,Route 98 - Minimart,Owner,,,Closed
06/09/2026 13:46,2-0451,Sale,20.00,0.00,20.00,0.00,20.00,0.00,20.00,Cash,1 x #misc,Dine in,POS 2,Route 98 - Minimart,Owner,,,Closed
06/09/2026 13:40,2-0450,Sale,72.00,0.00,72.00,0.00,72.00,54.60,17.40,Cash,6 x WINSTON RED STICK,Dine in,POS 2,Route 98 - Minimart,Owner,,,Closed
06/09/2026 13:40,2-0449,Sale,16.00,0.00,16.00,0.00,16.00,11.74,4.26,Cash,2 x NIPS MILK CHOCO 14G,Dine in,POS 2,Route 98 - Minimart,Owner,,,Closed
06/09/2026 13:39,2-0448,Sale,169.50,0.00,169.50,0.00,169.50,123.34,46.16,Cash,2 x COCA COLA 1.75L,Dine in,POS 2,Route 98 - Minimart,Owner,,,Closed
06/09/2026 13:38,2-0447,Sale,35.00,0.00,35.00,0.00,35.00,24.00,11.00,Cash,1 x ICE CUBE 2KG,Dine in,POS 2,Route 98 - Minimart,Owner,,,Closed
06/09/2026 13:38,2-0446,Sale,10.00,0.00,10.00,0.00,10.00,7.92,2.08,Cash,1 x OVERLOAD BLKFRST,Dine in,POS 2,Route 98 - Minimart,Owner,,,Closed
06/09/2026 13:37,2-0445,Sale,9.00,0.00,9.00,0.00,9.00,5.55,3.45,Cash,1 x MAGIC CREAMS CONDENSED,Dine in,POS 2,Route 98 - Minimart,Owner,,,Closed
06/09/2026 13:37,2-0444,Sale,20.00,0.00,20.00,0.00,20.00,16.35,3.65,Cash,1 x MOUNTAIN DEW (290ML),Dine in,POS 2,Route 98 - Minimart,Owner,,,Closed
06/09/2026 13:37,2-0443,Sale,35.00,0.00,35.00,0.00,35.00,24.00,11.00,Cash,1 x ICE CUBE 2KG,Dine in,POS 2,Route 98 - Minimart,Owner,,,Closed
06/09/2026 13:36,2-0442,Sale,20.00,0.00,20.00,0.00,20.00,16.04,3.96,Cash,2 x MIGHTY PULA  STICK,Dine in,POS 2,Route 98 - Minimart,Owner,,,Closed
06/09/2026 13:36,2-0441,Sale,72.00,0.00,72.00,0.00,72.00,54.60,17.40,Cash,6 x WINSTON RED STICK,Dine in,POS 2,Route 98 - Minimart,Owner,,,Closed
06/09/2026 13:35,2-0440,Sale,169.50,0.00,169.50,0.00,169.50,123.34,46.16,Cash,2 x COCA COLA 1.75L,Dine in,POS 2,Route 98 - Minimart,Owner,,,Closed
06/09/2026 13:35,2-0439,Sale,42.50,0.00,42.50,0.00,42.50,33.56,8.94,Cash,"1 x TROPICANA TWISTER ORANGE, 1 x MR CHIPS MANAMIS MAIS 45G",Dine in,POS 2,Route 98 - Minimart,Owner,,,Closed
06/09/2026 13:34,2-0438,Sale,150.00,0.00,150.00,0.00,150.00,0.00,150.00,Cash,2 x SPRITE 1.5L,Dine in,POS 2,Route 98 - Minimart,Owner,,,Closed
06/09/2026 13:34,2-0437,Sale,29.98,0.00,29.98,0.00,29.98,24.10,5.88,Cash,1 x CREAMLINE JUMBO CONE DOUBLE DUTCH 140ML,Dine in,POS 2,Route 98 - Minimart,Owner,,,Closed
06/09/2026 13:33,2-0436,Sale,18.00,0.00,18.00,0.00,18.00,41.16,-23.16,Cash,1 x LIFT CITRUS BLAST 320,Dine in,POS 2,Route 98 - Minimart,Owner,,,Closed
06/09/2026 13:30,2-0435,Sale,30.50,0.00,30.50,0.00,30.50,22.18,8.32,Cash,"1 x CLOVER CHEESIER 24G, 1 x FUN SIZE! PIATTOS CHEESE 18G, 1 x MIGHTY PULA  STICK",Dine in,POS 2,Route 98 - Minimart,Owner,,,Closed
06/09/2026 13:27,2-0434,Sale,50.00,0.00,50.00,0.00,50.00,31.82,18.18,Cash,2 x WILKINS PURE 1L,Dine in,POS 2,Route 98 - Minimart,Owner,,,Closed
06/09/2026 09:52,2-0433,Sale,28.75,0.00,28.75,0.00,28.75,22.09,6.66,Cash,1 x C2 GREEN TEA LEMON 335ML,Dine in,POS 2,Route 98 - Minimart,Owner,,,Closed
06/09/2026 05:10,2-0432,Sale,86.00,0.00,86.00,0.00,86.00,67.63,18.37,Cash,"1 x C2 GREEN TEA LEMON 335ML, 1 x TROPICANA TWISTER ORANGE, 1 x TATTOOS CORN CHIPS SWEET CORN 58G, 1 x PREMIER PURIFIED WATER 500ML",Dine in,POS 2,Route 98 - Minimart,Owner,,,Closed
06/09/2026 00:32,2-0431,Sale,25.00,0.00,25.00,0.00,25.00,13.00,12.00,Cash,1 x ICE CUBE 1KG,Dine in,POS 2,Route 98 - Minimart,Owner,,,Closed
06/09/2026 00:09,2-0430,Sale,42.00,0.00,42.00,0.00,42.00,29.50,12.50,Cash,"1 x WINSTON RED STICK, 3 x FISH CRACKERS 24G",Dine in,POS 2,Route 98 - Minimart,Owner,,,Closed
06/09/2026 00:08,2-0429,Sale,480.00,0.00,480.00,0.00,480.00,405.50,74.50,Cash,"3 x RED HORSE LITRO, 5 x WINSTON RED STICK",Dine in,POS 2,Route 98 - Minimart,Owner,,,Closed
06/09/2026 00:04,2-0428,Sale,10.00,0.00,10.00,0.00,10.00,8.02,1.98,Cash,1 x MIGHTY PULA  STICK,Dine in,POS 2,Route 98 - Minimart,Owner,,,Closed
05/09/2026 23:30,2-0427,Sale,10.00,0.00,10.00,0.00,10.00,8.02,1.98,Cash,1 x MIGHTY PULA  STICK,Dine in,POS 2,Route 98 - Minimart,Owner,,,Closed
05/09/2026 23:26,2-0426,Sale,51.00,0.00,51.00,0.00,51.00,36.67,14.33,Cash,"1 x WILKINS PURE 500, 3 x WINSTON RED STICK",Dine in,POS 2,Route 98 - Minimart,Owner,,,Closed
05/09/2026 23:07,2-0425,Sale,30.00,0.00,30.00,0.00,30.00,24.06,5.94,Cash,3 x MIGHTY PULA  STICK,Dine in,POS 2,Route 98 - Minimart,Owner,,,Closed
05/09/2026 23:05,2-0424,Sale,560.00,0.00,560.00,0.00,560.00,480.00,80.00,Cash,4 x RED HORSE LITRO,Dine in,POS 2,Route 98 - Minimart,Owner,,,Closed
05/09/2026 22:58,2-0423,Sale,97.50,0.00,97.50,0.00,97.50,76.24,21.26,Cash,"2 x C2 GREEN TEA APPLE 335ML, 4 x MIGHTY PULA  STICK",Dine in,POS 2,Route 98 - Minimart,Owner,,,Closed
05/09/2026 22:42,2-0422,Sale,18.00,0.00,18.00,0.00,18.00,11.00,7.00,Cash,"1 x COCA COLA 190ML, 1 x FUEGO MATCH - PIECE",Dine in,POS 2,Route 98 - Minimart,Owner,,,Closed
05/09/2026 22:39,2-0421,Sale,140.00,0.00,140.00,0.00,140.00,120.00,20.00,Cash,1 x RED HORSE LITRO,Dine in,POS 2,Route 98 - Minimart,Owner,,,Closed
05/09/2026 22:13,2-0420,Sale,427.73,0.00,427.73,0.00,427.73,301.00,126.73,Cash,"1 x KROPEK NI MANGJUAN 90G, 2 x RED HORSE LITRO, 1 x C2 GREEN TEA APPLE 335ML, 1 x WILKINS PURE 1L, 7 x BLACK CHILI BBQ 7G, 10 x HAPPY CLASSIC, 10 x DINGDONG MIXNUTS 5G, 5 x HAPPY BBQ",Dine in,POS 2,Route 98 - Minimart,Owner,,,Closed
05/09/2026 21:59,2-0419,Sale,48.98,0.00,48.98,0.00,48.98,36.84,12.14,Cash,"1 x CREAMLINE PINOY CLASSIC UBE MANGGO 60 ML, 2 x MIGHTY PULA  STICK, 1 x OISHI PRAWN CRACKERS SWEET & EXTRA HOT 24G",Dine in,POS 2,Route 98 - Minimart,Owner,,,Closed
05/09/2026 21:51,2-0418,Sale,64.21,0.00,64.21,0.00,64.21,48.15,16.06,Cash,"1 x TATTOOS CORN CHIPS BBQ 58G, 1 x PEEWEE SPICY CHILI 25G, 1 x DINGDONG MIXED NUTS 100G, 1 x PEEWEE SIZZLING BARBEQUE 25G",Dine in,POS 2,Route 98 - Minimart,Owner,,,Closed
05/09/2026 21:30,2-0417,Sale,24.00,0.00,24.00,0.00,24.00,18.20,5.80,Cash,2 x WINSTON RED STICK,Dine in,POS 2,Route 98 - Minimart,Owner,,,Closed
05/09/2026 21:29,2-0416,Sale,140.00,0.00,140.00,0.00,140.00,120.00,20.00,Cash,1 x RED HORSE LITRO,Dine in,POS 2,Route 98 - Minimart,Owner,,,Closed
05/09/2026 20:25,2-0415,Sale,48.00,0.00,48.00,0.00,48.00,36.40,11.60,Cash,4 x WINSTON RED STICK,Dine in,POS 2,Route 98 - Minimart,Owner,,,Closed
05/09/2026 19:58,2-0414,Sale,39.98,0.00,39.98,0.00,39.98,33.12,6.86,Cash,"1 x TROPICANA TWISTER ORANGE, 1 x CRISPY PATATA 24G",Dine in,POS 2,Route 98 - Minimart,Owner,,,Closed
05/09/2026 19:54,2-0413,Sale,5.00,0.00,5.00,0.00,5.00,0.00,5.00,Cash,1 x #misc,Dine in,POS 2,Route 98 - Minimart,Owner,,,Closed
05/09/2026 19:54,2-0412,Sale,20.00,0.00,20.00,0.00,20.00,8.02,11.98,Cash,"1 x natalicious, 1 x MIGHTY PULA  STICK",Dine in,POS 2,Route 98 - Minimart,Owner,,,Closed
05/09/2026 19:53,2-0411,Sale,10.00,0.00,10.00,0.00,10.00,0.00,10.00,Cash,1 x natalicious,Dine in,POS 2,Route 98 - Minimart,Owner,,,Closed
05/09/2026 19:49,2-0410,Sale,62.75,0.00,62.75,0.00,62.75,40.85,21.90,Cash,"1 x NOVA COUNTRY CHEDDAR 38G, 1 x MOUNTAIN DEW (290ML), 1 x SUPER CRUNCH BEEFY BBQ 55G, 5 x HAPPY BBQ",Dine in,POS 2,Route 98 - Minimart,Owner,,,Closed
05/09/2026 19:26,2-0409,Sale,5.00,0.00,5.00,0.00,5.00,0.00,5.00,Cash,1 x #misc,Dine in,POS 2,Route 98 - Minimart,Owner,,,Closed
05/09/2026 19:14,2-0408,Sale,145.98,0.00,145.98,0.00,145.98,39.57,106.41,Cash,"2 x VINO KULAFU 350, 1 x C2 SOLO LEMON 230ML, 1 x LUCKYME MAC & CHEESE",Dine in,POS 2,Route 98 - Minimart,Owner,,,Closed
05/09/2026 18:22,2-0407,Sale,42.00,0.00,42.00,0.00,42.00,30.95,11.05,Cash,"1 x REFRESH 500ML, 1 x CHIPPY BBQ 25G, 1 x VCUT SPICY BARBEQUE 25G",Dine in,POS 2,Route 98 - Minimart,Owner,,,Closed
05/09/2026 18:20,2-0406,Sale,95.00,0.00,95.00,0.00,95.00,76.04,18.96,Cash,"1 x RED HORSE 500, 2 x MIGHTY PULA  STICK",Dine in,POS 2,Route 98 - Minimart,Owner,,,Closed
05/09/2026 18:18,2-0405,Sale,40.00,0.00,40.00,0.00,40.00,32.70,7.30,Cash,2 x MOUNTAIN DEW (290ML),Dine in,POS 2,Route 98 - Minimart,Owner,,,Closed
05/09/2026 18:18,2-0404,Sale,40.00,0.00,40.00,0.00,40.00,32.70,7.30,Cash,2 x MOUNTAIN DEW (290ML),Dine in,POS 2,Route 98 - Minimart,Owner,,,Closed
05/09/2026 18:17,2-0403,Sale,70.00,0.00,70.00,0.00,70.00,50.16,19.84,Cash,"1 x WILKINS PURE 1L, 1 x POCARI SWEAT 350ML",Dine in,POS 2,Route 98 - Minimart,Owner,,,Closed
05/09/2026 18:16,2-0402,Sale,221.90,0.00,221.90,0.00,221.90,181.67,40.23,Cash,"2 x CREAMLINE FROOTEES ORANGE 50ML, 1 x CREAMLINE MILKY POP LOLLY MILK CHOCO 60ML, 2 x CREAMLINE FROOTEES GRAPES 50ML, 1 x TANDUAY SELECT 700ML",Dine in,POS 2,Route 98 - Minimart,Owner,,,Closed
05/09/2026 16:41,2-0401,Sale,9.00,0.00,9.00,0.00,9.00,7.50,1.50,Cash,1 x OISHI PRAWN CRACKERS SWEET & EXTRA HOT 24G,Dine in,POS 2,Route 98 - Minimart,Owner,,,Closed
05/09/2026 16:29,2-0400,Sale,150.00,0.00,150.00,0.00,150.00,120.00,30.00,Cash,2 x RED HORSE 500,Dine in,POS 2,Route 98 - Minimart,Owner,,,Closed
05/09/2026 16:26,2-0399,Sale,84.75,0.00,84.75,0.00,84.75,61.67,23.08,Cash,1 x COCA COLA 1.75L,Dine in,POS 2,Route 98 - Minimart,Owner,,,Closed
05/09/2026 15:29,2-0398,Sale,122.00,0.00,122.00,0.00,122.00,97.81,24.19,Cash,"2 x POCARI SWEAT 500ML, 1 x REFRESH 500ML",Dine in,POS 2,Route 98 - Minimart,Owner,,,Closed
05/09/2026 14:19,2-0397,Sale,72.50,0.00,72.50,0.00,72.50,53.54,18.96,Cash,"1 x WILKINS PURE 500, 1 x C2 GREEN TEA APPLE 335ML, 1 x C2 GREEN TEA LEMON 335ML",Dine in,POS 2,Route 98 - Minimart,Owner,,,Closed
05/09/2026 14:06,2-0396,Sale,71.00,0.00,71.00,0.00,71.00,51.87,19.13,Cash,"3 x C2 SOLO APPLE 230ML, 1 x COCA COLA 290ML",Dine in,POS 2,Route 98 - Minimart,Owner,,,Closed
05/09/2026 13:49,2-0395,Sale,28.75,0.00,28.75,0.00,28.75,22.08,6.67,Cash,1 x C2 GREEN TEA APPLE 335ML,Dine in,POS 2,Route 98 - Minimart,Owner,,,Closed
05/09/2026 12:17,2-0394,Sale,155.75,0.00,155.75,0.00,155.75,112.75,43.00,Cash,1 x CREAMLINE FAMILY DOU COOKIES&CREAM/CHOCO 950ML,Dine in,POS 2,Route 98 - Minimart,Owner,,,Closed
05/09/2026 11:15,2-0393,Sale,41.25,0.00,41.25,0.00,41.25,29.54,11.71,Cash,"1 x CHIPPY BBQ 108G, 1 x MR CHIPS MANAMIS MAIS 45G",Dine in,POS 2,Route 98 - Minimart,Owner,,,Closed
05/09/2026 10:44,2-0392,Sale,40.00,0.00,40.00,0.00,40.00,24.50,15.50,Cash,1 x UNILOVE SQUALANE WIPES,Dine in,POS 2,Route 98 - Minimart,Owner,,,Closed
05/09/2026 10:43,2-0391,Sale,53.98,0.00,53.98,0.00,53.98,39.12,14.86,Cash,"1 x WILKINS PURE 500, 1 x COLGATE MOUTHWASH PLAX 60ML",Dine in,POS 2,Route 98 - Minimart,Owner,,,Closed
05/09/2026 10:42,2-0390,Sale,79.48,0.00,79.48,0.00,79.48,59.81,19.67,Cash,"2 x REFRESH 500ML, 1 x MR CHIPS NACHO CHEESE 98G, 1 x KROPEK NI MANGJUAN 90G",Dine in,POS 2,Route 98 - Minimart,Owner,,,Closed
05/09/2026 10:41,2-0389,Sale,48.00,0.00,48.00,0.00,48.00,0.00,48.00,Cash,6 x NIPS WHITE CHOCO 14G,Dine in,POS 2,Route 98 - Minimart,Owner,,,Closed
05/09/2026 10:40,2-0388,Sale,39.00,0.00,39.00,0.00,39.00,9.67,29.33,Cash,"3 x NIPS WHITE CHOCO 14G, 1 x PREMIER PURIFIED WATER 500ML",Dine in,POS 2,Route 98 - Minimart,Owner,,,Closed
05/09/2026 10:38,2-0387,Sale,12.00,0.00,12.00,0.00,12.00,8.65,3.35,Cash,1 x REFRESH 500ML,Dine in,POS 2,Route 98 - Minimart,Owner,,,Closed
05/09/2026 00:23,2-0386,Sale,2.00,0.00,2.00,0.00,2.00,0.00,2.00,Card,1 x #misc,Dine in,POS 2,Route 98 - Minimart,Owner,,,Closed
05/09/2026 00:23,2-0385,Sale,38.00,0.00,38.00,0.00,38.00,33.18,4.82,Card,1 x LA MIA TUNA AFRTDA,Dine in,POS 2,Route 98 - Minimart,Owner,,,Closed
05/09/2026 00:21,2-0384,Sale,166.96,0.00,166.96,0.00,166.96,127.39,39.57,Cash,"1 x MIGHTY PUTI STICK, 1 x POCARI SWEAT 500ML, 1 x C2 SOLO APPLE 230ML, 2 x OVERLOAD CHOCO STRWBRRY, 1 x MOUNTAIN DEW (290ML), 5 x NESCAFE STICK, 2 x SKYFLAKES TSOKOLATE",Dine in,POS 2,Route 98 - Minimart,Owner,,,Closed
05/09/2026 00:17,2-0383,Sale,34.96,0.00,34.96,0.00,34.96,0.00,34.96,Cash,"2 x AJINOMOTO SEASONING, 1 x MONGGO",Dine in,POS 2,Route 98 - Minimart,Owner,,,Closed
04/09/2026 21:58,2-0382,Sale,70.00,0.00,70.00,0.00,70.00,50.16,19.84,Cash,"1 x WILKINS PURE 1L, 1 x POCARI SWEAT 350ML",Dine in,POS 2,Route 98 - Minimart,Owner,,,Closed
04/09/2026 21:49,2-0381,Sale,29.00,0.00,29.00,0.00,29.00,17.90,11.10,Cash,"1 x MANG JUAN SUKAT SILI 26G, 1 x CREAMLINE BAR BUKO SALAD",Dine in,POS 2,Route 98 - Minimart,Owner,,,Closed
04/09/2026 21:45,2-0380,Sale,286.00,0.00,286.00,0.00,286.00,11.00,275.00,Cash,"1 x SHELL BRAKE AND CLUTCH FLUID, 1 x PEPSI EXTRA FIZZ 195ML",Dine in,POS 2,Route 98 - Minimart,Owner,,,Closed
04/09/2026 21:43,2-0379,Sale,56.50,0.00,56.50,0.00,56.50,27.49,29.01,Cash,"1 x HOBE CHKN STNGHN, 3 x NIPS WHITE CHOCO 14G",Dine in,POS 2,Route 98 - Minimart,Owner,,,Closed
04/09/2026 21:42,2-0378,Sale,49.73,0.00,49.73,0.00,49.73,38.91,10.82,Cash,"1 x NOVA COUNTRY CHEDDAR 20G, 1 x PEEWEE SIZZLING BARBEQUE 25G, 1 x DINGDONG MIXED NUTS 100G",Dine in,POS 2,Route 98 - Minimart,Owner,,,Closed
04/09/2026 21:31,2-0377,Sale,74.75,0.00,74.75,0.00,74.75,56.21,18.54,Cash,"1 x C2 GREEN TEA APPLE 1L, 1 x C2 SOLO APPLE 230ML",Dine in,POS 2,Route 98 - Minimart,Owner,,,Closed
04/09/2026 21:27,2-0376,Sale,164.25,0.00,164.25,0.00,164.25,112.35,51.90,Cash,"1 x MOUNTAIN DEW (290ML), 2 x SM FLAVORED BEER APPLE, 1 x NOVA COUNTRY CHEDDAR 38G, 1 x #misc",Dine in,POS 2,Route 98 - Minimart,Owner,,,Closed
04/09/2026 21:17,2-0375,Sale,35.00,0.00,35.00,0.00,35.00,13.00,22.00,Cash,"1 x #misc, 1 x ICE CUBE 1KG",Dine in,POS 2,Route 98 - Minimart,Owner,,,Closed
04/09/2026 21:05,2-0374,Sale,127.75,0.00,127.75,0.00,127.75,97.92,29.83,Cash,"1 x VITAMILK(DOUBLECHOCO) 300ML, 1 x ICE CUBE 2KG, 1 x C2 GREEN TEA LEMON 1L",Dine in,POS 2,Route 98 - Minimart,Owner,,,Closed
04/09/2026 20:51,2-0373,Sale,36.00,0.00,36.00,0.00,36.00,27.30,8.70,Cash,3 x WINSTON RED STICK,Dine in,POS 2,Route 98 - Minimart,Owner,,,Closed
04/09/2026 20:45,2-0372,Sale,90.98,0.00,90.98,0.00,90.98,77.25,13.73,Cash,"1 x CRISPY PATATA 24G, 1 x OISHI PRAWN CRACKERS SWEET & EXTRA HOT 24G, 1 x MOUNTAIN DEW 1.5L",Dine in,POS 2,Route 98 - Minimart,Owner,,,Closed
04/09/2026 20:15,2-0371,Sale,192.21,0.00,192.21,0.00,192.21,54.19,138.02,Cash,"2 x BEAR BRAND SWAK CHOCO, 1 x SAFEGUARD PURE WHITE 65G, 1 x SILVER SWAN SOY SAUCE 200ML, 1 x SILVER SWAN SUKA 200ML, 1 x BARETA BAR W/ FABCON, 1 x ZONROX ORIG 250, 1 x SISTERS NIGHT PLUS W/ WINGS 8PCS, 1 x VCUT SPICY BARBEQUE 25G",Dine in,POS 2,Route 98 - Minimart,Owner,,,Closed
04/09/2026 19:35,2-0370,Sale,50.00,0.00,50.00,0.00,50.00,0.00,50.00,Card,1 x WHISPER  FLORAL,Dine in,POS 2,Route 98 - Minimart,Owner,,,Closed
04/09/2026 19:30,2-0369,Sale,10.50,0.00,10.50,0.00,10.50,6.66,3.84,Cash,1 x FUN SIZE! PIATTOS CHEESE 18G,Dine in,POS 2,Route 98 - Minimart,Owner,,,Closed
04/09/2026 18:54,2-0368,Sale,59.00,0.00,59.00,0.00,59.00,46.88,12.12,Cash,2 x CREAMLINE CUP CHOCO MUD PIE 210ML,Dine in,POS 2,Route 98 - Minimart,Owner,,,Closed
04/09/2026 18:52,2-0367,Sale,198.00,0.00,198.00,0.00,198.00,156.40,41.60,Cash,"2 x RED HORSE 500, 4 x WINSTON RED STICK",Dine in,POS 2,Route 98 - Minimart,Owner,,,Closed
04/09/2026 18:43,2-0366,Sale,255.00,0.00,255.00,0.00,255.00,211.20,43.80,Cash,1 x CLVB 1.5 LTR,Dine in,POS 2,Route 98 - Minimart,Owner,,,Closed
04/09/2026 17:59,2-0365,Sale,50.00,0.00,50.00,0.00,50.00,40.10,9.90,Cash,5 x MIGHTY PULA  STICK,Dine in,POS 2,Route 98 - Minimart,Owner,,,Closed
04/09/2026 17:57,2-0364,Sale,150.00,0.00,150.00,0.00,150.00,120.00,30.00,Cash,2 x RED HORSE 500,Dine in,POS 2,Route 98 - Minimart,Owner,,,Closed
04/09/2026 17:43,2-0363,Sale,20.00,0.00,20.00,0.00,20.00,16.35,3.65,Cash,1 x MOUNTAIN DEW (290ML),Dine in,POS 2,Route 98 - Minimart,Owner,,,Closed
04/09/2026 17:43,2-0362,Sale,17.00,0.00,17.00,0.00,17.00,14.00,3.00,Cash,1 x NESCAFE ORIGINAL TWIN PACK,Dine in,POS 2,Route 98 - Minimart,Owner,,,Closed
04/09/2026 17:43,2-0361,Sale,10.00,0.00,10.00,0.00,10.00,7.25,2.75,Cash,1 x CAMEL PREMIUM TABACCOS STICK,Dine in,POS 2,Route 98 - Minimart,Owner,,,Closed
04/09/2026 17:42,2-0360,Sale,15.00,0.00,15.00,0.00,15.00,9.37,5.63,Cash,1 x WILKINS PURE 500,Dine in,POS 2,Route 98 - Minimart,Owner,,,Closed
04/09/2026 17:42,2-0359,Sale,25.00,0.00,25.00,0.00,25.00,20.00,5.00,Cash,1 x COBRA ASTIG 330ML,Dine in,POS 2,Route 98 - Minimart,Owner,,,Closed
04/09/2026 17:42,2-0358,Sale,9.98,0.00,9.98,0.00,9.98,7.75,2.23,Cash,1 x CRISPY PATATA 24G,Dine in,POS 2,Route 98 - Minimart,Owner,,,Closed
04/09/2026 17:42,2-0357,Sale,35.00,0.00,35.00,0.00,35.00,28.95,6.05,Cash,1 x NIPS WHITE CHOCO PACK,Dine in,POS 2,Route 98 - Minimart,Owner,,,Closed
04/09/2026 17:41,2-0356,Sale,12.25,0.00,12.25,0.00,12.25,6.30,5.95,Cash,1 x MANG JUAN SUKAT SILI 26G,Dine in,POS 2,Route 98 - Minimart,Owner,,,Closed
04/09/2026 17:41,2-0355,Sale,15.00,0.00,15.00,0.00,15.00,9.37,5.63,Cash,1 x WILKINS PURE 500,Dine in,POS 2,Route 98 - Minimart,Owner,,,Closed
04/09/2026 17:40,2-0354,Sale,15.00,0.00,15.00,0.00,15.00,9.37,5.63,Cash,1 x WILKINS PURE 500,Dine in,POS 2,Route 98 - Minimart,Owner,,,Closed
04/09/2026 17:40,2-0353,Sale,20.00,0.00,20.00,0.00,20.00,12.26,7.74,Cash,2 x PRESTO CHOCO,Dine in,POS 2,Route 98 - Minimart,Owner,,,Closed
04/09/2026 17:40,2-0352,Sale,46.50,0.00,46.50,0.00,46.50,36.50,10.00,Cash,2 x CREAMLINE CONE COOKIES & CREAM 110ML,Dine in,POS 2,Route 98 - Minimart,Owner,,,Closed
04/09/2026 17:39,2-0351,Sale,23.25,0.00,23.25,0.00,23.25,18.25,5.00,Cash,1 x CREAMLINE CONE CHOCO QUESO 110ML,Dine in,POS 2,Route 98 - Minimart,Owner,,,Closed
04/09/2026 17:36,2-0350,Sale,55.00,0.00,55.00,0.00,55.00,44.58,10.42,Cash,1 x POCARI SWEAT 500ML,Dine in,POS 2,Route 98 - Minimart,Owner,,,Closed
04/09/2026 04:13,2-0347,Sale,25.50,0.00,25.50,0.00,25.50,19.50,6.00,Cash,1 x MR CHIPS NACHO CHEESE 98G,Dine in,POS 2,Route 98 - Minimart,Owner,,,Closed
04/09/2026 04:12,2-0346,Sale,25.00,0.00,25.00,0.00,25.00,0.00,25.00,Cash,1 x #misc,Dine in,POS 2,Route 98 - Minimart,Owner,,,Closed
04/09/2026 03:49,2-0345,Sale,132.98,0.00,132.98,0.00,132.98,98.07,34.91,Cash,"1 x COCA COLA 1.75L, 4 x WINSTON RED STICK",Dine in,POS 2,Route 98 - Minimart,Owner,,,Closed
04/09/2026 03:39,2-0344,Sale,17.00,0.00,17.00,0.00,17.00,11.79,5.21,Cash,1 x C2 SOLO APPLE 230ML,Dine in,POS 2,Route 98 - Minimart,Owner,,,Closed
04/09/2026 02:58,2-0343,Sale,57.98,0.00,57.98,0.00,57.98,42.55,15.43,Cash,"1 x POCARI SWEAT 350ML, 1 x CREAMLINE FROOTEES ORANGE 50ML",Dine in,POS 2,Route 98 - Minimart,Owner,,,Closed
04/09/2026 02:41,2-0342,Sale,28.75,0.00,28.75,0.00,28.75,22.08,6.67,Cash,1 x C2 GREEN TEA APPLE 335ML,Dine in,POS 2,Route 98 - Minimart,Owner,,,Closed
04/09/2026 02:40,2-0341,Sale,420.00,0.00,420.00,0.00,420.00,360.00,60.00,Cash,3 x RED HORSE LITRO,Dine in,POS 2,Route 98 - Minimart,Owner,,,Closed
04/09/2026 02:12,2-0340,Sale,225.23,0.00,225.23,0.00,225.23,173.43,51.80,Cash,"1 x POCARI SWEAT 350ML, 1 x CAMEL PREMIUM TABACCOS STICK, 1 x C2 SOLO LEMON 230ML, 1 x SKYFLAKES TSOKOLATE, 1 x POCARI SWEAT 350ML, 1 x PEPSI EXTRA FIZZ 195ML, 1 x GATORADE BLUE BOLT 350ML, 1 x COBRA ASTIG 330ML, 1 x CREAMLINE CONE COOKIES & CREAM 110ML",Dine in,POS 2,Route 98 - Minimart,Owner,,,Closed
03/09/2026 22:44,2-0349,Sale,59.00,0.00,59.00,0.00,59.00,46.88,12.12,Cash,2 x CREAMLINE  CUP CHOCO MALLOW 210ML,Dine in,POS 2,Route 98 - Minimart,Owner,,,Closed
03/09/2026 22:42,2-0348,Sale,25.00,0.00,25.00,0.00,25.00,13.00,12.00,Cash,1 x ICE CUBE 1KG,,POS 2,Route 98 - Minimart,Owner,,,Closed
03/09/2026 22:26,2-0339,Sale,34.00,0.00,34.00,0.00,34.00,18.20,15.80,Cash,"2 x LION TIGER KATOL - COIL, 2 x WINSTON RED STICK",Dine in,POS 2,Route 98 - Minimart,Owner,,,Closed
03/09/2026 21:58,2-0338,Sale,8.75,0.00,8.75,0.00,8.75,6.66,2.09,Card,1 x NOVA COUNTRY CHEDDAR 20G,Dine in,POS 2,Route 98 - Minimart,Owner,,,Closed
03/09/2026 21:46,2-0337,Sale,46.73,0.00,46.73,0.00,46.73,35.70,11.03,Card,"1 x CREAMLINE BAR UBE QUESO PASTILLAS, 1 x CREAMLINE JUMBO CONE COOKIES & CREAM 140ML",Dine in,POS 2,Route 98 - Minimart,Owner,,,Closed
03/09/2026 21:36,2-0336,Sale,5.00,0.00,5.00,0.00,5.00,0.00,5.00,Cash,1 x #misc,Dine in,POS 2,Route 98 - Minimart,Owner,,,Closed
03/09/2026 21:35,2-0335,Sale,5.00,0.00,5.00,0.00,5.00,0.00,5.00,Cash,1 x #misc,Dine in,POS 2,Route 98 - Minimart,Owner,,,Closed
03/09/2026 21:33,2-0334,Sale,30.00,0.00,30.00,0.00,30.00,22.01,7.99,Cash,1 x NISSIN CUP NOODLES SPCYHTBF,Dine in,POS 2,Route 98 - Minimart,Owner,,,Closed
03/09/2026 21:32,2-0333,Sale,126.78,0.00,126.78,0.00,126.78,69.03,57.75,Card,"3 x SURF POWDER KALAMANSI, 3 x SURF(CHERRY BLOSSOM), 2 x TIDE POWDER JUMBO PACK DEEP CLEAN, 3 x DOWNY SUNRISE FRESH 26ML",Dine in,POS 2,Route 98 - Minimart,Owner,,,Closed
03/09/2026 21:18,2-0332,Sale,10.00,0.00,10.00,0.00,10.00,7.92,2.08,Card,1 x OVERLOAD CHOCO STRWBRRY,Dine in,POS 2,Route 98 - Minimart,Owner,,,Closed
03/09/2026 21:04,2-0331,Sale,25.98,0.00,25.98,0.00,25.98,20.19,5.79,Card,1 x SAFEGUARD PURE WHITE 65G,Dine in,POS 2,Route 98 - Minimart,Owner,,,Closed
03/09/2026 20:27,2-0330,Sale,140.00,0.00,140.00,0.00,140.00,120.00,20.00,Cash,1 x RED HORSE LITRO,Dine in,POS 2,Route 98 - Minimart,Owner,,,Closed
03/09/2026 19:57,2-0329,Sale,55.00,0.00,55.00,0.00,55.00,41.00,14.00,Cash,1 x PEPSI EXTRA FIZZ 1L,Dine in,POS 2,Route 98 - Minimart,Owner,,,Closed
03/09/2026 19:57,2-0328,Sale,103.94,0.00,103.94,0.00,103.94,45.30,58.64,Cash,"1 x #misc, 2 x TATTOOS CORN TUBE PIZZA 60G, 2 x OISHI RINBEE, 1 x PEEWEE PZZA SUPREME",Dine in,POS 2,Route 98 - Minimart,Owner,,,Closed
03/09/2026 19:46,2-0327,Sale,5.00,0.00,5.00,0.00,5.00,0.00,5.00,Cash,1 x #misc,Dine in,POS 2,Route 98 - Minimart,Owner,,,Closed
03/09/2026 19:40,2-0326,Sale,24.98,0.00,24.98,0.00,24.98,15.85,9.13,Cash,1 x CREAMLINE SUNDAE CARAMEL 120ML,Dine in,POS 2,Route 98 - Minimart,Owner,,,Closed
03/09/2026 19:23,1-0339,Sale,62.98,0.00,62.98,0.00,62.98,55.00,7.98,Cash,1 x OREO ICE CREAM 110ML,Dine in,POS 1,Route 98 - Minimart,Owner,,,Closed
03/09/2026 19:21,1-0338,Sale,191.86,0.00,191.86,0.00,191.86,143.80,48.06,Cash,"7 x ENERGEN VNLA, 9 x MILO",Dine in,POS 1,Route 98 - Minimart,Owner,,,Closed
03/09/2026 18:33,2-0325,Sale,39.96,0.00,39.96,0.00,39.96,32.30,7.66,Cash,2 x CREAMLINE PINIPIG CHOCOLATE 70ML,Dine in,POS 2,Route 98 - Minimart,Owner,,,Closed
03/09/2026 16:58,2-0324,Sale,6.00,0.00,6.00,0.00,6.00,0.00,6.00,Cash,1 x #misc,Dine in,POS 2,Route 98 - Minimart,Owner,,,Closed
03/09/2026 16:47,2-0323,Sale,131.75,0.00,131.75,0.00,131.75,47.22,84.53,Card,"1 x PIATTOS CHEESE 85G, 1 x NOVA COUNTRY CHEDDAR 38G, 1 x Royal 1.5L",Dine in,POS 2,Route 98 - Minimart,Owner,,,Closed
03/09/2026 16:27,2-0322,Sale,20.00,0.00,20.00,0.00,20.00,16.50,3.50,Cash,1 x COCA COLA 290ML,Dine in,POS 2,Route 98 - Minimart,Owner,,,Closed
03/09/2026 14:56,2-0321,Sale,30.00,0.00,30.00,0.00,30.00,19.34,10.66,Cash,2 x PREMIER PURIFIED WATER 500ML,Dine in,POS 2,Route 98 - Minimart,Owner,,,Closed
03/09/2026 14:47,2-0320,Sale,41.98,0.00,41.98,0.00,41.98,16.00,25.98,Cash,"1 x MINUTE MAID 250, 1 x MONDE SPECIAL MAMON",Dine in,POS 2,Route 98 - Minimart,Owner,,,Closed
03/09/2026 14:32,2-0319,Sale,25.00,0.00,25.00,0.00,25.00,20.50,4.50,Cash,1 x SCOUR POWER SPONGE,Dine in,POS 2,Route 98 - Minimart,Owner,,,Closed
03/09/2026 14:32,2-0318,Sale,29.94,0.00,29.94,0.00,29.94,0.00,29.94,Cash,3 x SURF POWDER KALAMANSI,Dine in,POS 2,Route 98 - Minimart,Owner,,,Closed
03/09/2026 14:31,2-0317,Sale,71.00,0.00,71.00,0.00,71.00,0.00,71.00,Cash,2 x ZONROX ORIG 500,Dine in,POS 2,Route 98 - Minimart,Owner,,,Closed
03/09/2026 14:28,2-0316,Sale,194.96,0.00,194.96,0.00,194.96,136.34,58.62,Cash,"2 x COCA COLA 1.75L, 1 x ICE CUBE 1KG",Dine in,POS 2,Route 98 - Minimart,Owner,,,Closed
03/09/2026 14:24,2-0315,Sale,184.98,0.00,184.98,0.00,184.98,153.00,31.98,Cash,1 x COLGATE X2 TUBES TRIPLE ACTION 120G,Dine in,POS 2,Route 98 - Minimart,Owner,,,Closed
03/09/2026 13:45,2-0314,Sale,45.00,0.00,45.00,0.00,45.00,0.00,45.00,Cash,1 x #misc,Dine in,POS 2,Route 98 - Minimart,Owner,,,Closed
03/09/2026 13:29,2-0313,Sale,75.00,0.00,75.00,0.00,75.00,0.00,75.00,Cash,1 x SPRITE 1.5L,Dine in,POS 2,Route 98 - Minimart,Owner,,,Closed
03/09/2026 13:29,2-0312,Sale,35.00,0.00,35.00,0.00,35.00,25.83,9.17,Cash,1 x GATORADE BLUE BOLT 350ML,Dine in,POS 2,Route 98 - Minimart,Owner,,,Closed
03/09/2026 13:28,2-0311,Sale,75.00,0.00,75.00,0.00,75.00,0.00,75.00,Cash,1 x Royal 1.5L,Dine in,POS 2,Route 98 - Minimart,Owner,,,Closed
03/09/2026 13:28,2-0310,Sale,28.75,0.00,28.75,0.00,28.75,22.08,6.67,Cash,1 x C2 GREEN TEA APPLE 335ML,Dine in,POS 2,Route 98 - Minimart,Owner,,,Closed
03/09/2026 13:27,2-0309,Sale,12.00,0.00,12.00,0.00,12.00,8.65,3.35,Cash,1 x REFRESH 500ML,Dine in,POS 2,Route 98 - Minimart,Owner,,,Closed
03/09/2026 11:11,2-0308,Sale,25.00,0.00,25.00,0.00,25.00,20.00,5.00,Cash,1 x COBRA ASTIG 330ML,Dine in,POS 2,Route 98 - Minimart,Owner,,,Closed
02/09/2026 21:52,2-0307,Sale,155.98,0.00,155.98,0.00,155.98,120.39,35.59,Cash,"1 x POCARI SWEAT 500ML, 5 x NIPS PEANUT 14G, 7 x NIPS MILK CHOCO 14G",Dine in,POS 2,Route 98 - Minimart,Owner,,,Closed
02/09/2026 21:47,2-0306,Sale,63.21,0.00,63.21,0.00,63.21,50.55,12.66,Card,"2 x CREAMLINE PINIPIG CHOCOLATE 70ML, 1 x CREAMLINE CONE ROCKY ROAD 110ML",Dine in,POS 2,Route 98 - Minimart,Owner,,,Closed
02/09/2026 21:03,2-0305,Sale,40.00,0.00,40.00,0.00,40.00,25.28,14.72,Cash,"1 x WILKINS PURE 1L, 1 x WILKINS PURE 500",Dine in,POS 2,Route 98 - Minimart,Owner,,,Closed
02/09/2026 20:20,2-0304,Sale,17.00,0.00,17.00,0.00,17.00,0.00,17.00,Card,1 x C2 SOLO APPLE 230ML,Dine in,POS 2,Route 98 - Minimart,Owner,,,Closed
02/09/2026 19:34,2-0303,Sale,106.94,0.00,106.94,0.00,106.94,84.00,22.94,Cash,"1 x OISHI Potato Fries, 2 x PEEWEE SPICY CHILI 25G, 1 x RED HORSE 500",Dine in,POS 2,Route 98 - Minimart,Owner,,,Closed
02/09/2026 19:29,2-0302,Sale,19.96,0.00,19.96,0.00,19.96,15.00,4.96,Cash,2 x CHIPPY BBQ 25G,Dine in,POS 2,Route 98 - Minimart,Owner,,,Closed
02/09/2026 19:28,2-0301,Sale,84.98,0.00,84.98,0.00,84.98,61.67,23.31,Cash,1 x COCA COLA 1.75L,Dine in,POS 2,Route 98 - Minimart,Owner,,,Closed
02/09/2026 18:37,1-0337,Sale,48.92,0.00,48.92,0.00,48.92,36.87,12.05,Cash,"1 x TATTOOS CORN CHIPS BBQ 58G, 1 x CHICK BOY ONION & GARLIC 30G, 2 x CHICK BOY TEXAS BBQ 30G",Dine in,POS 1,Route 98 - Minimart,Owner,,,Closed
02/09/2026 15:33,2-0294,Sale,50.00,0.00,50.00,0.00,50.00,32.66,17.34,Cash,"1 x WILKINS PURE 1L, 1 x STING 290ML",Dine in,POS 2,Route 98 - Minimart,Owner,,,Closed
02/09/2026 15:17,2-0293,Sale,75.00,0.00,75.00,0.00,75.00,60.00,15.00,Cash,1 x RED HORSE 500,Dine in,POS 2,Route 98 - Minimart,Owner,,,Closed
02/09/2026 15:01,2-0292,Sale,21.96,0.00,21.96,0.00,21.96,16.00,5.96,Cash,"1 x CRISPY PATATA 24G, 1 x SWEETCHILI CHPS BBQ",Dine in,POS 2,Route 98 - Minimart,Owner,,,Closed
02/09/2026 14:43,2-0291,Sale,25.00,0.00,25.00,0.00,25.00,15.91,9.09,Cash,1 x WILKINS PURE 1L,Dine in,POS 2,Route 98 - Minimart,Owner,,,Closed
02/09/2026 14:39,2-0290,Sale,25.00,0.00,25.00,0.00,25.00,13.00,12.00,Cash,1 x ICE CUBE 1KG,Dine in,POS 2,Route 98 - Minimart,Owner,,,Closed
02/09/2026 14:10,2-0289,Sale,216.98,0.00,216.98,0.00,216.98,103.32,113.66,Cash,"1 x COCA COLA 1.75L, 1 x SPRITE 1.5L, 1 x REFRESH 500ML, 1 x ICE CUBE 3KG",Dine in,POS 2,Route 98 - Minimart,Owner,,,Closed
02/09/2026 13:40,2-0288,Sale,72.00,0.00,72.00,0.00,72.00,51.90,20.10,Cash,6 x REFRESH 500ML,Dine in,POS 2,Route 98 - Minimart,Owner,,,Closed
02/09/2026 02:56,2-0287,Sale,111.98,0.00,111.98,0.00,111.98,70.66,41.32,Cash,"1 x GATORADE BLUE BOLT 350ML, 10 x HAPPY BBQ, 1 x MOBY CARAMEL, 1 x GATORADE TROPICAL FRUIT 500ML",Dine in,POS 2,Route 98 - Minimart,Owner,,,Closed
02/09/2026 02:38,2-0286,Sale,108.98,0.00,108.98,0.00,108.98,81.67,27.31,Cash,"1 x COCA COLA 1.75L, 1 x EAGLE BROWN SUGAR 250G",Dine in,POS 2,Route 98 - Minimart,Owner,,,Closed
02/09/2026 01:35,2-0285,Sale,12.98,0.00,12.98,0.00,12.98,8.30,4.68,Cash,1 x CREAMLINE FROOTEES GRAPES 50ML,Dine in,POS 2,Route 98 - Minimart,Owner,,,Closed
02/09/2026 00:48,2-0284,Sale,10.00,0.00,10.00,0.00,10.00,0.00,10.00,Cash,1 x natalicious,Dine in,POS 2,Route 98 - Minimart,Owner,,,Closed
02/09/2026 00:38,2-0283,Sale,15.00,0.00,15.00,0.00,15.00,11.00,4.00,Cash,1 x PEPSI EXTRA FIZZ 195ML,Dine in,POS 2,Route 98 - Minimart,Owner,,,Closed
02/09/2026 00:35,2-0282,Sale,169.94,0.00,169.94,0.00,169.94,118.89,51.05,Cash,"1 x COCA COLA 1.75L, 1 x PIATTOS CHEESE 40G, 1 x MR CHIPS MANAMIS MAIS 45G, 1 x STING 290ML, 3 x MAGIC FLAKES",Dine in,POS 2,Route 98 - Minimart,Owner,,,Closed
02/09/2026 00:10,2-0300,Sale,15.00,0.00,15.00,0.00,15.00,9.37,5.63,Cash,1 x WILKINS PURE 500,Dine in,POS 2,Route 98 - Minimart,Owner,,,Closed
01/09/2026 23:53,2-0299,Sale,30.98,0.00,30.98,0.00,30.98,24.60,6.38,Cash,"1 x MOUNTAIN DEW (290ML), 1 x PEEWEE SPICY CHILI 25G",Dine in,POS 2,Route 98 - Minimart,Owner,,,Closed
01/09/2026 23:47,2-0298,Sale,48.00,0.00,48.00,0.00,48.00,42.00,6.00,Cash,1 x GATORADE (BLUE BOLT) 500ML,Dine in,POS 2,Route 98 - Minimart,Owner,,,Closed
01/09/2026 22:57,2-0297,Sale,20.00,0.00,20.00,0.00,20.00,16.35,3.65,Cash,1 x MOUNTAIN DEW (290ML),Dine in,POS 2,Route 98 - Minimart,Owner,,,Closed
01/09/2026 22:56,2-0296,Sale,12.00,0.00,12.00,0.00,12.00,8.65,3.35,Cash,1 x REFRESH 500ML,Dine in,POS 2,Route 98 - Minimart,Owner,,,Closed
01/09/2026 22:52,2-0295,Sale,75.00,0.00,75.00,0.00,75.00,60.00,15.00,Cash,1 x RED HORSE 500,Dine in,POS 2,Route 98 - Minimart,Owner,,,Closed
01/09/2026 22:35,2-0281,Sale,25.00,0.00,25.00,0.00,25.00,15.91,9.09,Cash,1 x WILKINS PURE 1L,Dine in,POS 2,Route 98 - Minimart,Owner,,,Closed
01/09/2026 22:30,2-0280,Sale,1.00,0.00,1.00,0.00,1.00,0.00,1.00,Cash,1 x #misc,Dine in,POS 2,Route 98 - Minimart,Owner,,,Closed
01/09/2026 22:29,2-0279,Sale,30.00,0.00,30.00,0.00,30.00,9.37,20.63,Card,"1 x WILKINS PURE 500, 1 x NUTRIBOOST STRWBRRY 110",Dine in,POS 2,Route 98 - Minimart,Owner,,,Closed
01/09/2026 22:13,2-0278,Sale,190.94,0.00,190.94,0.00,190.94,150.95,39.99,Cash,"3 x ENERGEN VNLA, 3 x NESCAFE CREAMY WHITE TWIN PACK, 3 x NESCAFE ORIGINAL TWIN PACK, 1 x SM FLAVORED BEER APPLE",Dine in,POS 2,Route 98 - Minimart,Owner,,,Closed
01/09/2026 22:10,2-0277,Sale,53.00,0.00,53.00,0.00,53.00,41.00,12.00,Cash,1 x SM FLAVORED BEER APPLE,Dine in,POS 2,Route 98 - Minimart,Owner,,,Closed
01/09/2026 21:09,2-0276,Sale,20.00,0.00,20.00,0.00,20.00,16.35,3.65,Cash,1 x MOUNTAIN DEW (290ML),Dine in,POS 2,Route 98 - Minimart,Owner,,,Closed
01/09/2026 20:53,2-0275,Sale,25.00,0.00,25.00,0.00,25.00,13.00,12.00,Cash,1 x ICE CUBE 1KG,Dine in,POS 2,Route 98 - Minimart,Owner,,,Closed
01/09/2026 20:51,2-0274,Sale,155.00,0.00,155.00,0.00,155.00,138.59,16.41,Cash,1 x TANDUAY SELECT 700ML,Dine in,POS 2,Route 98 - Minimart,Owner,,,Closed
01/09/2026 20:49,2-0273,Sale,435.00,0.00,435.00,0.00,435.00,378.59,56.41,Cash,"1 x TANDUAY SELECT 700ML, 2 x RED HORSE LITRO",Dine in,POS 2,Route 98 - Minimart,Owner,,,Closed
01/09/2026 20:44,2-0272,Sale,29.98,0.00,29.98,0.00,29.98,24.10,5.88,Cash,1 x CREAMLINE JUMBO CONE UBE QUESO 140ML,Dine in,POS 2,Route 98 - Minimart,Owner,,,Closed
01/09/2026 20:28,2-0271,Sale,21.98,0.00,21.98,0.00,21.98,16.00,5.98,Cash,1 x VCUT SPICY BARBEQUE 25G,Dine in,POS 2,Route 98 - Minimart,Owner,,,Closed
01/09/2026 19:52,2-0270,Sale,88.00,0.00,88.00,0.00,88.00,66.83,21.17,Cash,"1 x SM FLAVORED BEER APPLE, 1 x GATORADE BLUE BOLT 350ML",Dine in,POS 2,Route 98 - Minimart,Owner,,,Closed
01/09/2026 19:43,2-0269,Sale,24.00,0.00,24.00,0.00,24.00,17.30,6.70,Cash,2 x REFRESH 500ML,Dine in,POS 2,Route 98 - Minimart,Owner,,,Closed
01/09/2026 19:21,2-0268,Sale,25.00,0.00,25.00,0.00,25.00,15.91,9.09,Cash,1 x WILKINS PURE 1L,Dine in,POS 2,Route 98 - Minimart,Owner,,,Closed
01/09/2026 19:18,2-0267,Sale,165.00,0.00,165.00,0.00,165.00,133.00,32.00,Cash,"1 x RED HORSE LITRO, 1 x ICE CUBE 1KG",Dine in,POS 2,Route 98 - Minimart,Owner,,,Closed
01/09/2026 19:01,2-0266,Sale,316.96,0.00,316.96,0.00,316.96,265.42,51.54,Cash,"2 x RED HORSE LITRO, 1 x BLACK CHILI CORN CHIPS BBQ, 1 x OISHI PRAWN CRACKERS SPICY 24G, 1 x PREMIER PURIFIED WATER 500ML",Dine in,POS 2,Route 98 - Minimart,Owner,,,Closed
01/09/2026 17:55,2-0265,Sale,25.00,0.00,25.00,0.00,25.00,13.00,12.00,Cash,1 x ICE CUBE 1KG,Dine in,POS 2,Route 98 - Minimart,Owner,,,Closed
01/09/2026 17:52,2-0264,Sale,20.00,0.00,20.00,0.00,20.00,16.35,3.65,Cash,1 x MOUNTAIN DEW (290ML),Dine in,POS 2,Route 98 - Minimart,Owner,,,Closed
01/09/2026 17:37,2-0263,Sale,150.00,0.00,150.00,0.00,150.00,120.00,30.00,Cash,2 x RED HORSE 500,Dine in,POS 2,Route 98 - Minimart,Owner,,,Closed
01/09/2026 07:26,2-0262,Sale,155.98,0.00,155.98,0.00,155.98,112.75,43.23,Cash,1 x CREAMLINE FAMILY DUO BUCO SALAD/UBE 950ML,Dine in,POS 2,Route 98 - Minimart,Owner,,,Closed
01/09/2026 07:14,2-0261,Sale,25.00,0.00,25.00,0.00,25.00,16.75,8.25,Cash,1 x STING 290ML,Dine in,POS 2,Route 98 - Minimart,Owner,,,Closed
01/09/2026 04:52,2-0260,Sale,59.98,0.00,59.98,0.00,59.98,49.95,10.03,Cash,1 x POCARI SWEAT 500ML,Dine in,POS 2,Route 98 - Minimart,Owner,,,Closed
01/09/2026 04:45,2-0259,Sale,28.00,0.00,28.00,0.00,28.00,0.00,28.00,Cash,1 x SISTERS DRY MAXI 8,Dine in,POS 2,Route 98 - Minimart,Owner,,,Closed
01/09/2026 03:46,2-0258,Sale,59.98,0.00,59.98,0.00,59.98,49.95,10.03,Cash,1 x POCARI SWEAT 500ML,Dine in,POS 2,Route 98 - Minimart,Owner,,,Closed
01/09/2026 02:06,2-0257,Sale,30.00,0.00,30.00,0.00,30.00,25.37,4.63,Cash,1 x TROPICANA TWISTER ORANGE,Dine in,POS 2,Route 98 - Minimart,Owner,,,Closed
01/09/2026 01:29,2-0256,Sale,38.00,0.00,38.00,0.00,38.00,33.18,4.82,Cash,1 x LA MIA TUNA HOTSPCY,Dine in,POS 2,Route 98 - Minimart,Owner,,,Closed
31/08/2026 23:01,2-0255,Sale,12.98,0.00,12.98,0.00,12.98,8.19,4.79,Cash,1 x MR CHIPS MANAMIS MAIS 45G,Dine in,POS 2,Route 98 - Minimart,Owner,,,Closed
31/08/2026 22:12,2-0254,Sale,25.00,0.00,25.00,0.00,25.00,15.91,9.09,Cash,1 x WILKINS PURE 1L,Dine in,POS 2,Route 98 - Minimart,Owner,,,Closed
31/08/2026 22:05,2-0253,Sale,15.00,0.00,15.00,0.00,15.00,9.67,5.33,Cash,1 x PREMIER PURIFIED WATER 500ML,Dine in,POS 2,Route 98 - Minimart,Owner,,,Closed
31/08/2026 21:56,2-0252,Sale,57.98,0.00,57.98,0.00,57.98,26.81,31.17,Cash,"1 x WILKINS PURE 1L, 1 x COCA COLA 237ML, 1 x TATTOOS CORN TUBE PIZZA 60G",Dine in,POS 2,Route 98 - Minimart,Owner,,,Closed
31/08/2026 21:53,2-0251,Sale,60.96,0.00,60.96,0.00,60.96,32.10,28.86,Cash,"1 x OISHI ONION RNGS, 1 x MOUNTAIN DEW (290ML), 1 x PEEWEE SPICY CHILI 25G, 10 x HAPPY HOT N SPICY",Dine in,POS 2,Route 98 - Minimart,Owner,,,Closed
31/08/2026 21:52,2-0250,Sale,54.98,0.00,54.98,0.00,54.98,39.25,15.73,Cash,"1 x MANG JUAN SUKAT SILI 90G, 1 x STING 290ML",Dine in,POS 2,Route 98 - Minimart,Owner,,,Closed
31/08/2026 21:51,2-0249,Sale,51.94,0.00,51.94,0.00,51.94,40.60,11.34,Cash,"2 x PEEWEE SPICY CHILI 25G, 1 x CREAMLINE JUMBO CONE ROCKY ROAD 140ML",Dine in,POS 2,Route 98 - Minimart,Owner,,,Closed
31/08/2026 21:50,2-0248,Sale,85.96,0.00,85.96,0.00,85.96,64.94,21.02,Cash,"1 x SM FLAVORED BEER APPLE, 1 x MR CHIPS MANAMIS MAIS 45G, 1 x PIATTOS CHEESE 40G",Dine in,POS 2,Route 98 - Minimart,Owner,,,Closed
31/08/2026 21:13,2-0247,Sale,62.98,0.00,62.98,0.00,62.98,55.00,7.98,Cash,1 x OREO ICE CREAM 110ML,Dine in,POS 2,Route 98 - Minimart,Owner,,,Closed
31/08/2026 21:12,2-0246,Sale,20.00,0.00,20.00,0.00,20.00,16.35,3.65,Cash,1 x MOUNTAIN DEW (290ML),Dine in,POS 2,Route 98 - Minimart,Owner,,,Closed
31/08/2026 21:10,2-0245,Sale,54.98,0.00,54.98,0.00,54.98,40.01,14.97,Cash,"1 x WILKINS PURE 1L, 1 x CREAMLINE JUMBO CONE UBE QUESO 140ML",Dine in,POS 2,Route 98 - Minimart,Owner,,,Closed
31/08/2026 20:51,2-0244,Sale,163.50,0.00,163.50,0.00,163.50,131.25,32.25,Cash,3 x SAN MIGUEL LIGHT 330ML,Dine in,POS 2,Route 98 - Minimart,Owner,,,Closed
31/08/2026 20:50,2-0243,Sale,16.00,0.00,16.00,0.00,16.00,13.20,2.80,Cash,1 x CHUCKIE 110ML,Dine in,POS 2,Route 98 - Minimart,Owner,,,Closed
31/08/2026 20:49,2-0242,Sale,40.00,0.00,40.00,0.00,40.00,24.50,15.50,Cash,1 x UNILOVE SQUALANE WIPES,Dine in,POS 2,Route 98 - Minimart,Owner,,,Closed
31/08/2026 20:39,2-0241,Sale,28.50,0.00,28.50,0.00,28.50,0.00,28.50,Cash,1 x EFFICASCENT25,Dine in,POS 2,Route 98 - Minimart,Owner,,,Closed
31/08/2026 20:38,2-0240,Sale,90.00,0.00,90.00,0.00,90.00,0.00,90.00,Cash,1 x EFFICASCENTX50,Dine in,POS 2,Route 98 - Minimart,Owner,,,Closed
31/08/2026 20:34,2-0239,Sale,314.96,0.00,314.96,0.00,314.96,252.42,62.54,Cash,"1 x CREAMLINE DOUBLE DUTCH 1.3ML, 1 x COCA COLA 1.75L",Dine in,POS 2,Route 98 - Minimart,Owner,,,Closed
31/08/2026 20:32,2-0238,Sale,25.00,0.00,25.00,0.00,25.00,16.75,8.25,Cash,1 x STING 290ML,Dine in,POS 2,Route 98 - Minimart,Owner,,,Closed
31/08/2026 20:27,2-0237,Sale,38.94,0.00,38.94,0.00,38.94,24.57,14.37,Cash,3 x MR CHIPS MANAMIS MAIS 45G,Dine in,POS 2,Route 98 - Minimart,Owner,,,Closed
31/08/2026 20:26,2-0236,Sale,54.98,0.00,54.98,0.00,54.98,39.91,15.07,Cash,"1 x WILKINS PURE 1L, 1 x DINGDONG MIXED NUTS 100G",Dine in,POS 2,Route 98 - Minimart,Owner,,,Closed
31/08/2026 20:23,2-0235,Sale,40.00,0.00,40.00,0.00,40.00,0.00,40.00,Cash,20 x HAPPY BBQ,Dine in,POS 2,Route 98 - Minimart,Owner,,,Closed
31/08/2026 20:19,2-0234,Sale,163.50,0.00,163.50,0.00,163.50,131.25,32.25,Cash,3 x SAN MIGUEL LIGHT 330ML,Dine in,POS 2,Route 98 - Minimart,Owner,,,Closed
31/08/2026 20:17,2-0233,Sale,40.00,0.00,40.00,0.00,40.00,33.00,7.00,Cash,2 x COCA COLA 290ML,Dine in,POS 2,Route 98 - Minimart,Owner,,,Closed
31/08/2026 20:16,2-0232,Sale,34.00,0.00,34.00,0.00,34.00,23.50,10.50,Cash,"1 x STING 290ML, 1 x PILLOWS UBE 24G",Dine in,POS 2,Route 98 - Minimart,Owner,,,Closed
31/08/2026 20:10,2-0231,Sale,25.00,0.00,25.00,0.00,25.00,15.91,9.09,Cash,1 x WILKINS PURE 1L,Dine in,POS 2,Route 98 - Minimart,Owner,,,Closed
31/08/2026 20:07,2-0230,Sale,25.00,0.00,25.00,0.00,25.00,16.75,8.25,Cash,1 x STING 290ML,Dine in,POS 2,Route 98 - Minimart,Owner,,,Closed
31/08/2026 20:05,2-0229,Sale,56.96,0.00,56.96,0.00,56.96,42.33,14.63,Cash,"1 x PEEWEE SIZZLING BARBEQUE 25G, 1 x MOBY CARAMEL, 1 x GATORADE BLUE BOLT 350ML",Dine in,POS 2,Route 98 - Minimart,Owner,,,Closed
31/08/2026 20:02,2-0228,Sale,25.00,0.00,25.00,0.00,25.00,15.91,9.09,Cash,1 x WILKINS PURE 1L,Dine in,POS 2,Route 98 - Minimart,Owner,,,Closed
31/08/2026 20:00,2-0227,Sale,64.00,0.00,64.00,0.00,64.00,18.95,45.05,Cash,"1 x NUTRIBOOST CHOCO 110, 1 x CHUCKIE 110ML, 1 x NUTRIBOOST STRWBRRY 110, 1 x natalicious, 1 x FRUIT SALAD",Dine in,POS 2,Route 98 - Minimart,Owner,,,Closed
31/08/2026 19:59,2-0226,Sale,711.56,0.00,711.56,0.00,711.56,432.62,278.94,Cash,"2 x NISSIN CUP NOODLES SPCYSF, 2 x FRUIT SALAD, 10 x PRESTO PEANUT BUTTER, 10 x OVERLOAD CHOCO STRWBRRY, 10 x LEMONSQUARE INIPIT, 10 x NISSIN EGGNOG COOKIES, 2 x MONDE SPECIAL MAMON, 6 x NUTRIBOOST CHOCO 110, 6 x CHUCKIE 110ML, 1 x #misc",Dine in,POS 2,Route 98 - Minimart,Owner,,,Closed
31/08/2026 19:51,2-0225,Sale,150.00,0.00,150.00,0.00,150.00,47.73,102.27,Cash,"3 x WILKINS PURE 1L, 1 x Royal 1.5L",Dine in,POS 2,Route 98 - Minimart,Owner,,,Closed
31/08/2026 19:42,2-0224,Sale,50.00,0.00,50.00,0.00,50.00,0.00,50.00,Cash,1 x VINO KULAFU 350,Dine in,POS 2,Route 98 - Minimart,Owner,,,Closed
31/08/2026 18:36,2-0223,Sale,25.00,0.00,25.00,0.00,25.00,15.91,9.09,Cash,1 x WILKINS PURE 1L,Dine in,POS 2,Route 98 - Minimart,Owner,,,Closed
31/08/2026 18:30,2-0222,Sale,77.92,0.00,77.92,0.00,77.92,61.17,16.75,Cash,"1 x TROPICANA TWISTER ORANGE, 4 x LUCKYME BEEF",Dine in,POS 2,Route 98 - Minimart,Owner,,,Closed
31/08/2026 18:29,2-0221,Sale,30.00,0.00,30.00,0.00,30.00,18.74,11.26,Cash,2 x WILKINS PURE 500,Dine in,POS 2,Route 98 - Minimart,Owner,,,Closed
31/08/2026 17:14,2-0220,Sale,32.00,0.00,32.00,0.00,32.00,16.35,15.65,Card,"1 x MINUTE MAID 250, 1 x MOUNTAIN DEW (290ML)",Dine in,POS 2,Route 98 - Minimart,Owner,,,Closed
31/08/2026 17:09,2-0219,Sale,20.00,0.00,20.00,0.00,20.00,16.35,3.65,Cash,1 x MOUNTAIN DEW (290ML),Dine in,POS 2,Route 98 - Minimart,Owner,,,Closed
31/08/2026 16:45,2-0218,Sale,15.00,0.00,15.00,0.00,15.00,10.00,5.00,Cash,1 x YAKULT,Dine in,POS 2,Route 98 - Minimart,Owner,,,Closed
31/08/2026 16:38,2-0217,Sale,80.00,0.00,80.00,0.00,80.00,52.65,27.35,Cash,"3 x PRESTO CHOCO, 2 x PRESTO PEANUT BUTTER, 2 x PEPSI EXTRA FIZZ 195ML",Dine in,POS 2,Route 98 - Minimart,Owner,,,Closed
31/08/2026 15:50,2-0216,Sale,151.92,0.00,151.92,0.00,151.92,48.00,103.92,Cash,"2 x #misc, 1 x CLOVER CHEESIER 24G, 2 x CHEEZ IT, 1 x DINGDONG MIXED NUTS 100G",Dine in,POS 2,Route 98 - Minimart,Owner,,,Closed
31/08/2026 15:27,2-0215,Sale,78.90,0.00,78.90,0.00,78.90,52.98,25.92,Cash,"2 x CREAMLINE BAR UBE QUESO PASTILLAS, 1 x CREAMLINE FROOTEES GRAPES 50ML, 1 x CREAMLINE MILKY POP LOLLY MILK CHOCO 60ML, 1 x CREAMLINE BAR BUKO SALAD",Dine in,POS 2,Route 98 - Minimart,Owner,,,Closed
31/08/2026 13:32,2-0214,Sale,18.00,0.00,18.00,0.00,18.00,14.17,3.83,Cash,1 x LIFT BERRY BOLT 320,Dine in,POS 2,Route 98 - Minimart,Owner,,,Closed
31/08/2026 13:20,2-0213,Sale,61.96,0.00,61.96,0.00,61.96,49.20,12.76,Cash,"1 x MOBY CARAMEL, 2 x MOUNTAIN DEW (290ML), 1 x MOBY CARAMEL",Dine in,POS 2,Route 98 - Minimart,Owner,,,Closed
31/08/2026 13:02,2-0212,Sale,25.00,0.00,25.00,0.00,25.00,15.91,9.09,Cash,1 x WILKINS PURE 1L,Dine in,POS 2,Route 98 - Minimart,Owner,,,Closed
31/08/2026 12:50,2-0211,Sale,24.98,0.00,24.98,0.00,24.98,15.85,9.13,Cash,1 x CREAMLINE SUNDAE STRAWBERRY 120ML,Dine in,POS 2,Route 98 - Minimart,Owner,,,Closed
31/08/2026 01:27,2-0210,Sale,12.00,0.00,12.00,0.00,12.00,8.65,3.35,Cash,1 x REFRESH 500ML,Dine in,POS 2,Route 98 - Minimart,Owner,,,Closed
31/08/2026 01:15,2-0209,Sale,224.44,0.00,224.44,0.00,224.44,129.77,94.67,Cash,"1 x LIFT BERRY BOLT 320, 1 x WILKINS PURE 1L, 1 x CREAMLINE CONE COOKIES & CREAM 110ML, 1 x CREAMLINE CONE ROCKY ROAD 110ML, 1 x ZONROX ORIG 500, 1 x ICE CUBE 1KG, 1 x #misc, 1 x GATORADE (BLUE BOLT) 500ML, 1 x MR CHIPS MANAMIS MAIS 45G",Dine in,POS 2,Route 98 - Minimart,Owner,,,Closed
31/08/2026 01:11,2-0208,Sale,87.00,0.00,87.00,0.00,87.00,63.43,23.57,Cash,"1 x REFRESH 500ML, 1 x WILKINS PURE 500, 1 x WILKINS PURE 1L, 1 x VITAMILK(DOUBLECHOCO) 300ML",Dine in,POS 2,Route 98 - Minimart,Owner,,,Closed
30/08/2026 21:45,2-0207,Sale,184.98,0.00,184.98,0.00,184.98,153.00,31.98,Cash,1 x COLGATE X2 TUBES TRIPLE ACTION 120G,Dine in,POS 2,Route 98 - Minimart,Owner,,,Closed
30/08/2026 21:32,2-0206,Sale,40.00,0.00,40.00,0.00,40.00,20.00,20.00,Cash,"2 x YAKULT, 1 x #misc",Dine in,POS 2,Route 98 - Minimart,Owner,,,Closed
30/08/2026 21:28,2-0205,Sale,50.00,0.00,50.00,0.00,50.00,26.00,24.00,Cash,2 x ICE CUBE 1KG,Dine in,POS 2,Route 98 - Minimart,Owner,,,Closed
30/08/2026 21:09,2-0204,Sale,280.00,0.00,280.00,0.00,280.00,240.00,40.00,Cash,2 x RED HORSE LITRO,Dine in,POS 2,Route 98 - Minimart,Owner,,,Closed
30/08/2026 20:47,2-0203,Sale,19.98,0.00,19.98,0.00,19.98,13.85,6.13,Cash,"1 x OISHI Potato Fries, 1 x CLOUD 9 CLASSIC",Dine in,POS 2,Route 98 - Minimart,Owner,,,Closed
30/08/2026 20:41,2-0202,Sale,155.98,0.00,155.98,0.00,155.98,112.75,43.23,Cash,1 x CREAMLINE FAMILY DOU ROCKY ROAD/VANILLA 950ML,Dine in,POS 2,Route 98 - Minimart,Owner,,,Closed
30/08/2026 20:38,2-0201,Sale,20.00,0.00,20.00,0.00,20.00,12.70,7.30,Cash,2 x CLOUD 9 CLASSIC,Dine in,POS 2,Route 98 - Minimart,Owner,,,Closed
30/08/2026 20:32,2-0200,Sale,75.00,0.00,75.00,0.00,75.00,46.85,28.15,Cash,5 x WILKINS PURE 500,Dine in,POS 2,Route 98 - Minimart,Owner,,,Closed
30/08/2026 20:28,2-0199,Sale,119.96,0.00,119.96,0.00,119.96,99.90,20.06,Cash,2 x POCARI SWEAT 500ML,Dine in,POS 2,Route 98 - Minimart,Owner,,,Closed
30/08/2026 20:12,2-0198,Sale,12.00,0.00,12.00,0.00,12.00,0.00,12.00,Cash,1 x MINUTE MAID 250,Dine in,POS 2,Route 98 - Minimart,Owner,,,Closed
30/08/2026 20:10,2-0197,Sale,36.00,0.00,36.00,0.00,36.00,0.00,36.00,Cash,2 x COCA COLA 237ML,Dine in,POS 2,Route 98 - Minimart,Owner,,,Closed
30/08/2026 20:08,2-0196,Sale,28.00,0.00,28.00,0.00,28.00,0.00,28.00,Cash,1 x SISTERS DRY MAXI 8,Dine in,POS 2,Route 98 - Minimart,Owner,,,Closed
30/08/2026 20:00,2-0195,Sale,25.00,0.00,25.00,0.00,25.00,13.00,12.00,Cash,1 x ICE CUBE 1KG,Dine in,POS 2,Route 98 - Minimart,Owner,,,Closed
30/08/2026 19:48,2-0194,Sale,15.00,0.00,15.00,0.00,15.00,9.37,5.63,Cash,1 x WILKINS PURE 500,Dine in,POS 2,Route 98 - Minimart,Owner,,,Closed
30/08/2026 19:38,2-0193,Sale,29.98,0.00,29.98,0.00,29.98,22.50,7.48,Cash,1 x MANG JUAN SUKAT SILI 90G,Dine in,POS 2,Route 98 - Minimart,Owner,,,Closed
30/08/2026 19:05,2-0192,Sale,80.00,0.00,80.00,0.00,80.00,44.74,35.26,Cash,"2 x ICE CUBE 1KG, 2 x WILKINS PURE 500",Dine in,POS 2,Route 98 - Minimart,Owner,,,Closed
30/08/2026 18:55,2-0191,Sale,140.00,0.00,140.00,0.00,140.00,96.00,44.00,Cash,4 x ICE CUBE 2KG,Dine in,POS 2,Route 98 - Minimart,Owner,,,Closed
30/08/2026 18:55,2-0190,Sale,42.00,0.00,42.00,0.00,42.00,22.01,19.99,Cash,"1 x MINUTE MAID 250, 1 x NISSIN CUP NOODLES SPCYSF",Dine in,POS 2,Route 98 - Minimart,Owner,,,Closed
30/08/2026 17:25,2-0189,Sale,60.00,0.00,60.00,0.00,60.00,37.48,22.52,Cash,4 x WILKINS PURE 500,Dine in,POS 2,Route 98 - Minimart,Owner,,,Closed
30/08/2026 17:15,2-0188,Sale,55.96,0.00,55.96,0.00,55.96,16.50,39.46,Cash,"2 x C2 SOLO APPLE 230ML, 2 x MOBY CRUNCHY CHOCOLATE",Dine in,POS 2,Route 98 - Minimart,Owner,,,Closed
30/08/2026 17:04,2-0187,Sale,181.98,0.00,181.98,0.00,181.98,112.75,69.23,Cash,"1 x CREAMLINE FAMILY DOU COOKIES&CREAM/CHOCO 950ML, 1 x SPEED BAR SPECKLED BLUE",Dine in,POS 2,Route 98 - Minimart,Owner,,,Closed
30/08/2026 16:28,2-0186,Sale,58.00,0.00,58.00,0.00,58.00,42.77,15.23,Cash,"1 x STING 290ML, 1 x MOUNTAIN DEW (290ML), 1 x PREMIER PURIFIED WATER 500ML",Dine in,POS 2,Route 98 - Minimart,Owner,,,Closed
30/08/2026 15:32,2-0185,Sale,59.98,0.00,59.98,0.00,59.98,49.37,10.61,Cash,"1 x DINGDONG MIXED NUTS 100G, 1 x TROPICANA TWISTER ORANGE",Dine in,POS 2,Route 98 - Minimart,Owner,,,Closed
30/08/2026 15:23,2-0184,Sale,90.00,0.00,90.00,0.00,90.00,66.00,24.00,Cash,2 x ICE CUBE 3KG,Dine in,POS 2,Route 98 - Minimart,Owner,,,Closed
30/08/2026 15:16,2-0183,Sale,19.00,0.00,19.00,0.00,19.00,5.55,13.45,Cash,"1 x natalicious, 1 x MAGIC CREAMS BUTTER",Dine in,POS 2,Route 98 - Minimart,Owner,,,Closed
30/08/2026 15:09,2-0182,Sale,27.00,0.00,27.00,0.00,27.00,0.00,27.00,Cash,"1 x natalicious, 1 x C2 SOLO APPLE 230ML",Dine in,POS 2,Route 98 - Minimart,Owner,,,Closed
30/08/2026 14:54,2-0181,Sale,209.88,0.00,209.88,0.00,209.88,150.34,59.54,Cash,"1 x POCARI SWEAT 500ML, 1 x WILKINS PURE 1L, 4 x WILKINS PURE 500, 3 x SUPER CRUNCH SPECIAL CHIP CHARON 32G, 2 x CRISPY PATATA 24G",Dine in,POS 2,Route 98 - Minimart,Owner,,,Closed
30/08/2026 14:51,2-0180,Sale,9.98,0.00,9.98,0.00,9.98,7.50,2.48,Cash,1 x CHIPPY BBQ 25G,Dine in,POS 2,Route 98 - Minimart,Owner,,,Closed
30/08/2026 14:28,2-0179,Sale,82.88,0.00,82.88,0.00,82.88,58.62,24.26,Cash,"1 x NOVA COUNTRY CHEDDAR 20G, 1 x OISHI CRACKLINGS, 1 x OVERLOAD BLKFRST, 1 x CREAMLINE BAR ROCKY ROAD, 1 x CREAMLINE BAR BUKO SALAD, 1 x DINGDONG SNACK MIX 30G, 1 x DINGDONG MIXED NUT 30G",Dine in,POS 2,Route 98 - Minimart,Owner,,,Closed
30/08/2026 14:25,2-0178,Sale,18.98,0.00,18.98,0.00,18.98,13.01,5.97,Cash,"1 x CHIPPY BBQ 25G, 1 x MAGIC FLAKES",Dine in,POS 2,Route 98 - Minimart,Owner,,,Closed
30/08/2026 13:57,2-0177,Sale,25.00,0.00,25.00,0.00,25.00,13.00,12.00,Cash,1 x ICE CUBE 1KG,Dine in,POS 2,Route 98 - Minimart,Owner,,,Closed
30/08/2026 13:24,2-0176,Sale,25.00,0.00,25.00,0.00,25.00,15.91,9.09,Cash,1 x WILKINS PURE 1L,Dine in,POS 2,Route 98 - Minimart,Owner,,,Closed
30/08/2026 13:22,2-0175,Sale,16.98,0.00,16.98,0.00,16.98,11.60,5.38,Cash,1 x CREAMLINE BAR BUKO SALAD,Dine in,POS 2,Route 98 - Minimart,Owner,,,Closed
30/08/2026 13:20,2-0174,Sale,25.00,0.00,25.00,0.00,25.00,15.91,9.09,Cash,1 x WILKINS PURE 1L,Dine in,POS 2,Route 98 - Minimart,Owner,,,Closed
30/08/2026 12:58,2-0173,Sale,114.94,0.00,114.94,0.00,114.94,78.75,36.19,Cash,"2 x SUPER CRUNCH CHEESE 5G, 1 x CRISPY PATATA 24G, 5 x YAKULT",Dine in,POS 2,Route 98 - Minimart,Owner,,,Closed
30/08/2026 12:57,2-0172,Sale,25.00,0.00,25.00,0.00,25.00,13.00,12.00,Cash,1 x ICE CUBE 1KG,Dine in,POS 2,Route 98 - Minimart,Owner,,,Closed
30/08/2026 12:56,2-0171,Sale,44.00,0.00,44.00,0.00,44.00,13.08,30.92,Cash,"10 x HAPPY CLASSIC, 12 x MUNCHER GREEN PEAS",Dine in,POS 2,Route 98 - Minimart,Owner,,,Closed
30/08/2026 12:27,2-0170,Sale,10.00,0.00,10.00,0.00,10.00,6.35,3.65,Cash,1 x CLOUD 9 CLASSIC,Dine in,POS 2,Route 98 - Minimart,Owner,,,Closed
30/08/2026 12:14,2-0169,Sale,25.00,0.00,25.00,0.00,25.00,15.91,9.09,Cash,1 x WILKINS PURE 1L,Dine in,POS 2,Route 98 - Minimart,Owner,,,Closed
30/08/2026 12:00,2-0168,Sale,10.00,0.00,10.00,0.00,10.00,0.00,10.00,Cash,5 x HAPPY HOT N SPICY,Dine in,POS 2,Route 98 - Minimart,Owner,,,Closed
30/08/2026 11:58,2-0167,Sale,84.98,0.00,84.98,0.00,84.98,61.67,23.31,Cash,1 x COCA COLA 1.75L,Dine in,POS 2,Route 98 - Minimart,Owner,,,Closed
30/08/2026 11:24,2-0166,Sale,15.00,0.00,15.00,0.00,15.00,10.00,5.00,Cash,1 x YAKULT,Dine in,POS 2,Route 98 - Minimart,Owner,,,Closed
30/08/2026 10:54,2-0165,Sale,16.98,0.00,16.98,0.00,16.98,11.60,5.38,Cash,1 x CREAMLINE BAR BUKO SALAD,Dine in,POS 2,Route 98 - Minimart,Owner,,,Closed
29/08/2026 23:53,2-0164,Sale,186.96,0.00,186.96,0.00,186.96,123.34,63.62,Cash,"2 x COCA COLA 1.75L, 1 x C2 SOLO APPLE 230ML",Dine in,POS 2,Route 98 - Minimart,Owner,,,Closed
29/08/2026 23:11,2-0163,Sale,35.00,0.00,35.00,0.00,35.00,29.50,5.50,Cash,1 x VITAMILK(DOUBLECHOCO) 300ML,Dine in,POS 2,Route 98 - Minimart,Owner,,,Closed
29/08/2026 23:08,2-0162,Sale,39.96,0.00,39.96,0.00,39.96,25.40,14.56,Cash,"1 x CREAMLINE MINI CUP CHOCO MARBLE 75ML, 1 x CREAMLINE MINI CUP CHOCOLATE 75ML",Dine in,POS 2,Route 98 - Minimart,Owner,,,Closed
29/08/2026 23:07,2-0161,Sale,50.00,0.00,50.00,0.00,50.00,39.50,10.50,Cash,"1 x VITAMILK(DOUBLECHOCO) 300ML, 1 x YAKULT",,POS 2,Route 98 - Minimart,Owner,,,Closed
29/08/2026 22:39,1-0336,Sale,15.00,0.00,15.00,0.00,15.00,9.37,5.63,Cash,1 x WILKINS PURE 500,Dine in,POS 1,Route 98 - Minimart,Owner,,,Closed
29/08/2026 21:24,2-0160,Sale,119.98,0.00,119.98,0.00,119.98,32.06,87.92,Cash,"1 x Royal 1.5L, 1 x WILKINS PURE 1L, 1 x CREAMLINE PINIPIG CHOCOLATE 70ML",Dine in,POS 2,Route 98 - Minimart,Owner,,,Closed
29/08/2026 20:56,1-0335,Sale,25.00,0.00,25.00,0.00,25.00,0.00,25.00,Cash,1 x STING STRWBRRY 320ML,Dine in,POS 1,Route 98 - Minimart,Owner,,,Closed
29/08/2026 20:21,1-0334,Sale,140.00,0.00,140.00,0.00,140.00,120.00,20.00,Cash,1 x RED HORSE LITRO,Dine in,POS 1,Route 98 - Minimart,Owner,,,Closed
29/08/2026 19:41,2-0159,Sale,171.98,0.00,171.98,0.00,171.98,126.27,45.71,Cash,"1 x C2 SOLO APPLE 230ML, 2 x NISSIN CUP NOODLES SPCYHTBF, 1 x COCA COLA 1.5ML, 1 x COCA COLA 290ML",Dine in,POS 2,Route 98 - Minimart,Owner,,,Closed
29/08/2026 17:59,2-0158,Sale,109.92,0.00,109.92,0.00,109.92,63.18,46.74,Cash,"2 x CLOUD 9 CLASSIC, 1 x KOPIKO BLANCA 2PK, 1 x PANTENE SHAMPOO NOURISHED SHINE, 2 x ARIEL POWDER TWIN JUMBO PACK FLORAL PASSION, 1 x SILVER SWAN SOY SAUCE 200ML, 1 x SILVER SWAN SUKA 200ML",Dine in,POS 2,Route 98 - Minimart,Owner,,,Closed
29/08/2026 17:12,2-0157,Sale,53.94,0.00,53.94,0.00,53.94,36.40,17.54,Cash,"1 x MAGIC SARAP SACHET, 2 x BEAR BRAND SWAK, 1 x KOPIKO BLANCA 2PK",Dine in,POS 2,Route 98 - Minimart,Owner,,,Closed
29/08/2026 16:37,2-0156,Sale,36.00,0.00,36.00,0.00,36.00,55.33,-19.33,Cash,"1 x LIFT BERRY BOLT 320, 1 x LIFT CITRUS BLAST 320",Dine in,POS 2,Route 98 - Minimart,Owner,,,Closed
29/08/2026 16:35,2-0155,Sale,28.98,0.00,28.98,0.00,28.98,49.41,-20.43,Cash,"1 x MOBY CARAMEL, 1 x LIFT CITRUS BLAST 320",Dine in,POS 2,Route 98 - Minimart,Owner,,,Closed
29/08/2026 15:59,2-0154,Sale,4.00,0.00,4.00,0.00,4.00,2.18,1.82,Cash,2 x CORN BITS HALO HALO,Dine in,POS 2,Route 98 - Minimart,Owner,,,Closed
29/08/2026 13:28,2-0153,Sale,92.96,0.00,92.96,0.00,92.96,78.44,14.52,Cash,"1 x OREO ICE CREAM 110ML, 1 x CREAMLINE CUP CHOCO MUD PIE 210ML",Dine in,POS 2,Route 98 - Minimart,Owner,,,Closed
29/08/2026 12:27,2-0152,Sale,48.00,0.00,48.00,0.00,48.00,42.00,6.00,Cash,1 x GATORADE (BLUE BOLT) 500ML,Dine in,POS 2,Route 98 - Minimart,Owner,,,Closed
29/08/2026 12:27,2-0151,Sale,75.00,0.00,75.00,0.00,75.00,60.00,15.00,Cash,1 x RED HORSE 500,Dine in,POS 2,Route 98 - Minimart,Owner,,,Closed
29/08/2026 10:29,2-0150,Sale,25.00,0.00,25.00,0.00,25.00,15.91,9.09,Cash,1 x WILKINS PURE 1L,Dine in,POS 2,Route 98 - Minimart,Owner,,,Closed
29/08/2026 10:00,2-0149,Sale,12.98,0.00,12.98,0.00,12.98,8.19,4.79,Cash,1 x MR CHIPS MANAMIS MAIS 45G,Dine in,POS 2,Route 98 - Minimart,Owner,,,Closed
29/08/2026 09:35,2-0148,Sale,12.00,0.00,12.00,0.00,12.00,8.65,3.35,Cash,1 x REFRESH 500ML,Dine in,POS 2,Route 98 - Minimart,Owner,,,Closed
28/08/2026 23:53,2-0147,Sale,243.96,0.00,243.96,0.00,243.96,182.92,61.04,Cash,"1 x COCA COLA 1.5ML, 1 x COCA COLA 1.75L, 1 x MINUTE MAID 250, 6 x MILO",Dine in,POS 2,Route 98 - Minimart,Owner,,,Closed
28/08/2026 22:28,1-0333,Sale,25.00,0.00,25.00,0.00,25.00,15.91,9.09,Cash,1 x WILKINS PURE 1L,Dine in,POS 1,Route 98 - Minimart,Owner,,,Closed
28/08/2026 22:17,1-0332,Sale,144.94,0.00,144.94,0.00,144.94,109.87,35.07,Cash,"1 x COCA COLA 1.75L, 1 x CREAMLINE JUMBO CONE COOKIES & CREAM 140ML, 1 x CREAMLINE JUMBO CONE UBE QUESO 140ML",Dine in,POS 1,Route 98 - Minimart,Owner,,,Closed
28/08/2026 22:06,2-0146,Sale,46.96,0.00,46.96,0.00,46.96,32.41,14.55,Cash,"1 x WILKINS PURE 1L, 2 x MOBY CRUNCHY CHOCOLATE",Dine in,POS 2,Route 98 - Minimart,Owner,,,Closed
28/08/2026 22:06,1-0331,Sale,469.96,0.00,469.96,0.00,469.96,413.78,56.18,Cash,"1 x ESCOBAR LIGHT 1L, 1 x CLVB 1 LTR, 1 x ICE CUBE 2KG, 1 x MANG JUAN SUKANG PAOMBONG 26G, 1 x MANG JUAN SUKANG PAOMBONG 90G",Dine in,POS 1,Route 98 - Minimart,Owner,,,Closed
28/08/2026 22:00,2-0145,Sale,46.00,0.00,46.00,0.00,46.00,33.50,12.50,Cash,2 x STING 290ML,Dine in,POS 2,Route 98 - Minimart,Owner,,,Closed
28/08/2026 20:53,2-0144,Sale,140.94,0.00,140.94,0.00,140.94,111.58,29.36,Cash,"1 x WILKINS PURE 1L, 1 x COCA COLA 290ML, 1 x PEEWEE SPICY CHILI 25G, 1 x OISHI PRAWN CRACKERS SWEET & EXTRA HOT 24G, 1 x OVERLOAD BLKFRST, 1 x VITAMILK(DOUBLECHOCO) 300ML, 1 x DINGDONG SNACK MIX SWEET&SPICY 100G",Dine in,POS 2,Route 98 - Minimart,Owner,,,Closed
28/08/2026 20:45,2-0143,Sale,259.92,0.00,259.92,0.00,259.92,140.86,119.06,Cash,"1 x WILKINS PURE 1L, 1 x Royal 1.5L, 1 x CLOUD 9 CLASSIC, 3 x NESCAFE ORIGINAL TWIN PACK, 3 x NESCAFE CREAMY WHITE TWIN PACK, 4 x ENERGEN VNLA",Dine in,POS 2,Route 98 - Minimart,Owner,,,Closed
28/08/2026 20:41,2-0142,Sale,78.00,0.00,78.00,0.00,78.00,0.00,78.00,Cash,"1 x SISTERS DRY MAXI 8, 1 x WHISPER  FLORAL",Dine in,POS 2,Route 98 - Minimart,Owner,,,Closed
28/08/2026 19:57,2-0141,Sale,25.00,0.00,25.00,0.00,25.00,15.91,9.09,Cash,1 x WILKINS PURE 1L,Dine in,POS 2,Route 98 - Minimart,Owner,,,Closed
28/08/2026 19:54,2-0140,Sale,526.96,0.00,526.96,0.00,526.96,473.42,53.54,Cash,"2 x CLVB 1 LTR, 1 x COLGATE, 1 x PRESTO CHOCO VANILLA, 1 x PRESTO CHOCO, 1 x ICE CUBE 1KG, 1 x COCA COLA 1.75L, 1 x #misc",Dine in,POS 2,Route 98 - Minimart,Owner,,,Closed
28/08/2026 19:50,2-0139,Sale,63.00,0.00,63.00,0.00,63.00,40.60,22.40,Cash,"2 x MAGIC CREAMS PEANUT BUTTER, 1 x natalicious, 1 x VITAMILK(DOUBLECHOCO) 300ML",Dine in,POS 2,Route 98 - Minimart,Owner,,,Closed
28/08/2026 18:51,2-0138,Sale,30.00,0.00,30.00,0.00,30.00,18.74,11.26,Cash,2 x WILKINS PURE 500,Dine in,POS 2,Route 98 - Minimart,Owner,,,Closed
28/08/2026 18:02,2-0137,Sale,9.98,0.00,9.98,0.00,9.98,7.25,2.73,Cash,1 x CHIZ CURLS 18G,Dine in,POS 2,Route 98 - Minimart,Owner,,,Closed
28/08/2026 17:54,2-0136,Sale,75.00,0.00,75.00,0.00,75.00,0.00,75.00,Cash,1 x Royal 1.5L,Dine in,POS 2,Route 98 - Minimart,Owner,,,Closed
28/08/2026 17:51,2-0135,Sale,309.98,0.00,309.98,0.00,309.98,266.00,43.98,Cash,"2 x RED HORSE LITRO, 1 x DINGDONG SNACK MIX SWEET&SPICY 100G",Dine in,POS 2,Route 98 - Minimart,Owner,,,Closed
28/08/2026 17:03,2-0134,Sale,17.00,0.00,17.00,0.00,17.00,0.00,17.00,Cash,1 x C2 SOLO APPLE 230ML,Dine in,POS 2,Route 98 - Minimart,Owner,,,Closed
28/08/2026 16:30,2-0133,Sale,280.00,0.00,280.00,0.00,280.00,240.00,40.00,Cash,2 x RED HORSE LITRO,Dine in,POS 2,Route 98 - Minimart,Owner,,,Closed
28/08/2026 15:52,2-0132,Sale,15.00,0.00,15.00,0.00,15.00,9.37,5.63,Cash,1 x WILKINS PURE 500,Dine in,POS 2,Route 98 - Minimart,Owner,,,Closed
28/08/2026 15:32,2-0131,Sale,19.98,0.00,19.98,0.00,19.98,15.75,4.23,Cash,1 x PIATTOS SOUR CREAM 40G,Dine in,POS 2,Route 98 - Minimart,Owner,,,Closed
28/08/2026 15:32,2-0130,Sale,62.98,0.00,62.98,0.00,62.98,55.00,7.98,Cash,1 x OREO ICE CREAM 110ML,Dine in,POS 2,Route 98 - Minimart,Owner,,,Closed
28/08/2026 14:32,2-0129,Sale,44.96,0.00,44.96,0.00,44.96,32.00,12.96,Cash,"1 x CREAMLINE PINIPIG CHOCOLATE 70ML, 1 x CREAMLINE SUNDAE CARAMEL 120ML",Dine in,POS 2,Route 98 - Minimart,Owner,,,Closed
28/08/2026 13:44,2-0128,Sale,150.00,0.00,150.00,0.00,150.00,0.00,150.00,Cash,1 x #misc,Dine in,POS 2,Route 98 - Minimart,Owner,,,Closed
28/08/2026 13:43,2-0127,Sale,46.00,0.00,46.00,0.00,46.00,11.50,34.50,Cash,"2 x FRUIT SALAD, 1 x natalicious, 10 x HAPPY CLASSIC",Dine in,POS 2,Route 98 - Minimart,Owner,,,Closed
28/08/2026 12:24,2-0126,Sale,20.00,0.00,20.00,0.00,20.00,16.50,3.50,Cash,1 x COCA COLA 290ML,Dine in,POS 2,Route 98 - Minimart,Owner,,,Closed
28/08/2026 12:02,2-0125,Sale,25.00,0.00,25.00,0.00,25.00,13.00,12.00,Cash,1 x ICE CUBE 1KG,Dine in,POS 2,Route 98 - Minimart,Owner,,,Closed
28/08/2026 11:36,2-0124,Sale,25.00,0.00,25.00,0.00,25.00,15.91,9.09,Cash,1 x WILKINS PURE 1L,Dine in,POS 2,Route 98 - Minimart,Owner,,,Closed
28/08/2026 11:00,2-0123,Sale,18.00,0.00,18.00,0.00,18.00,41.16,-23.16,Cash,1 x LIFT CITRUS BLAST 320,Dine in,POS 2,Route 98 - Minimart,Owner,,,Closed
27/08/2026 23:02,2-0122,Sale,12.98,0.00,12.98,0.00,12.98,8.19,4.79,Cash,1 x MR CHIPS MANAMIS MAIS 45G,Dine in,POS 2,Route 98 - Minimart,Owner,,,Closed
27/08/2026 22:58,2-0121,Sale,9.98,0.00,9.98,0.00,9.98,7.28,2.70,Cash,1 x SKYFLAKES TSOKOLATE,Dine in,POS 2,Route 98 - Minimart,Owner,,,Closed
27/08/2026 22:53,2-0120,Sale,10.00,0.00,10.00,0.00,10.00,6.35,3.65,Cash,1 x CLOUD 9 CLASSIC,Dine in,POS 2,Route 98 - Minimart,Owner,,,Closed
27/08/2026 22:46,2-0119,Sale,30.00,0.00,30.00,0.00,30.00,25.37,4.63,Cash,1 x TROPICANA TWISTER ORANGE,Dine in,POS 2,Route 98 - Minimart,Owner,,,Closed
27/08/2026 22:13,2-0118,Sale,49.90,0.00,49.90,0.00,49.90,39.07,10.83,Cash,"5 x DOWNY KONTRA  GERMS 26ML, 1 x REXONA QUANTUM DRY 3ML",Dine in,POS 2,Route 98 - Minimart,Owner,,,Closed
27/08/2026 21:39,1-0330,Sale,864.98,0.00,864.98,0.00,864.98,735.85,129.13,Cash,"6 x RED HORSE LITRO, 1 x CREAMLINE SUNDAE STRAWBERRY 120ML",Dine in,POS 1,Route 98 - Minimart,Owner,,,Closed
27/08/2026 21:35,1-0329,Sale,75.00,0.00,75.00,0.00,75.00,60.00,15.00,Cash,1 x RED HORSE 500,Dine in,POS 1,Route 98 - Minimart,Owner,,,Closed
27/08/2026 21:17,2-0117,Sale,99.98,0.00,99.98,0.00,99.98,74.95,25.03,Cash,"1 x WILKINS PURE 1L, 1 x COCA COLA 290ML, 1 x OISHI PRAWN CRACKERS  NATURAL  24G, 1 x TROPICANA TWISTER ORANGE, 1 x PREMIER PURIFIED WATER 500ML",Dine in,POS 2,Route 98 - Minimart,Owner,,,Closed
27/08/2026 18:15,2-0116,Sale,15.00,0.00,15.00,0.00,15.00,0.00,15.00,Cash,1 x MIGHTY BOND,Dine in,POS 2,Route 98 - Minimart,Owner,,,Closed
27/08/2026 18:00,2-0115,Sale,84.98,0.00,84.98,0.00,84.98,61.67,23.31,Cash,1 x COCA COLA 1.75L,Dine in,POS 2,Route 98 - Minimart,Owner,,,Closed
27/08/2026 17:58,2-0114,Sale,20.00,0.00,20.00,0.00,20.00,16.35,3.65,Cash,1 x MOUNTAIN DEW (290ML),Dine in,POS 2,Route 98 - Minimart,Owner,,,Closed
27/08/2026 17:53,2-0113,Sale,44.98,0.00,44.98,0.00,44.98,35.10,9.88,Cash,"1 x CREAMLINE JUMBO CONE COOKIES & CREAM 140ML, 1 x COCA COLA 190ML",Dine in,POS 2,Route 98 - Minimart,Owner,,,Closed
27/08/2026 15:05,2-0112,Sale,20.00,0.00,20.00,0.00,20.00,16.50,3.50,Cash,1 x COCA COLA 290ML,Dine in,POS 2,Route 98 - Minimart,Owner,,,Closed
27/08/2026 15:02,2-0111,Sale,75.00,0.00,75.00,0.00,75.00,60.00,15.00,Cash,1 x RED HORSE 500,Dine in,POS 2,Route 98 - Minimart,Owner,,,Closed
27/08/2026 14:39,2-0110,Sale,184.98,0.00,184.98,0.00,184.98,74.67,110.31,Cash,"1 x COCA COLA 1.75L, 1 x SPRITE 1.5L, 1 x ICE CUBE 1KG",Dine in,POS 2,Route 98 - Minimart,Owner,,,Closed
27/08/2026 14:28,2-0109,Sale,36.00,0.00,36.00,0.00,36.00,82.32,-46.32,Cash,2 x LIFT CITRUS BLAST 320,Dine in,POS 2,Route 98 - Minimart,Owner,,,Closed
27/08/2026 14:19,2-0108,Sale,12.98,0.00,12.98,0.00,12.98,8.19,4.79,Cash,1 x MR CHIPS MANAMIS MAIS 45G,Dine in,POS 2,Route 98 - Minimart,Owner,,,Closed
27/08/2026 14:14,2-0107,Sale,79.96,0.00,79.96,0.00,79.96,48.35,31.61,Cash,"2 x MONDE SPECIAL MAMON, 1 x MOUNTAIN DEW (290ML)",Dine in,POS 2,Route 98 - Minimart,Owner,,,Closed
27/08/2026 11:42,2-0106,Sale,23.00,0.00,23.00,0.00,23.00,16.75,6.25,Cash,1 x STING 290ML,Dine in,POS 2,Route 98 - Minimart,Owner,,,Closed
27/08/2026 11:40,2-0105,Sale,15.00,0.00,15.00,0.00,15.00,9.37,5.63,Cash,1 x WILKINS PURE 500,Dine in,POS 2,Route 98 - Minimart,Owner,,,Closed
27/08/2026 11:07,2-0104,Sale,258.92,0.00,258.92,0.00,258.92,123.53,135.39,Cash,"1 x MINUTE MAID 250, 1 x TROPICANA TWISTER ORANGE, 1 x WILKINS PURE 1L, 3 x ARIEL TWIN JUMBO POWDER SUNRISE FRESH 66G, 3 x TIDE POWDER JUMBO PACK DOWNY, 2 x DOWNY ANTIBAC, 1 x CLOVER CHEESIER 24G, 1 x SWEETCHILI CHPS BBQ, 1 x MOBY CARAMEL, 1 x UNILOVE SQUALANE WIPES",Dine in,POS 2,Route 98 - Minimart,Owner,,,Closed
27/08/2026 11:01,2-0103,Sale,71.96,0.00,71.96,0.00,71.96,54.42,17.54,Cash,"1 x CREAMLINE JUMBO CONE DOUBLE DUTCH 140ML, 1 x CREAMLINE PINIPIG CHOCOLATE 70ML, 1 x LIFT BERRY BOLT 320, 1 x #misc",Dine in,POS 2,Route 98 - Minimart,Owner,,,Closed
26/08/2026 21:04,2-0102,Sale,20.00,0.00,20.00,0.00,20.00,16.35,3.65,Cash,1 x MOUNTAIN DEW (290ML),Dine in,POS 2,Route 98 - Minimart,Owner,,,Closed
26/08/2026 21:00,2-0101,Sale,27.96,0.00,27.96,0.00,27.96,19.80,8.16,Cash,2 x CREAMLINE COOLERS MANGO 70ML,Dine in,POS 2,Route 98 - Minimart,Owner,,,Closed
26/08/2026 20:47,2-0100,Sale,9.98,0.00,9.98,0.00,9.98,7.50,2.48,Cash,1 x OISHI PRAWN CRACKERS SWEET & EXTRA HOT 24G,Dine in,POS 2,Route 98 - Minimart,Owner,,,Closed
26/08/2026 20:39,2-0099,Sale,49.00,0.00,49.00,0.00,49.00,15.91,33.09,Cash,"2 x MINUTE MAID 250, 1 x WILKINS PURE 1L",Dine in,POS 2,Route 98 - Minimart,Owner,,,Closed
26/08/2026 20:18,2-0098,Sale,568.98,0.00,568.98,0.00,568.98,455.00,113.98,Cash,"1 x NESTLE COOKIE'S & CREAM 1.3L, 3 x RED HORSE 500",Dine in,POS 2,Route 98 - Minimart,Owner,,,Closed
26/08/2026 19:39,2-0097,Sale,50.00,0.00,50.00,0.00,50.00,0.00,50.00,Cash,1 x VINO KULAFU 350,Dine in,POS 2,Route 98 - Minimart,Owner,,,Closed
26/08/2026 19:22,2-0096,Sale,29.98,0.00,29.98,0.00,29.98,24.10,5.88,Cash,1 x CREAMLINE JUMBO CONE UBE QUESO 140ML,Dine in,POS 2,Route 98 - Minimart,Owner,,,Closed
26/08/2026 19:15,2-0095,Sale,24.98,0.00,24.98,0.00,24.98,15.85,9.13,Cash,1 x CREAMLINE SUNDAE CARAMEL 120ML,Dine in,POS 2,Route 98 - Minimart,Owner,,,Closed
26/08/2026 19:14,2-0094,Sale,12.98,0.00,12.98,0.00,12.98,8.30,4.68,Cash,1 x CREAMLINE FROOTEES ORANGE 50ML,Dine in,POS 2,Route 98 - Minimart,Owner,,,Closed
26/08/2026 19:08,2-0093,Sale,50.00,0.00,50.00,0.00,50.00,0.00,50.00,Cash,1 x VINO KULAFU 350,Dine in,POS 2,Route 98 - Minimart,Owner,,,Closed
26/08/2026 19:08,2-0092,Sale,159.60,0.00,159.60,0.00,159.60,97.75,61.85,Cash,"20 x NISSIN WAFER CHOCO, 5 x COLGATE",Dine in,POS 2,Route 98 - Minimart,Owner,,,Closed
26/08/2026 18:56,2-0091,Sale,9.98,0.00,9.98,0.00,9.98,7.50,2.48,Cash,1 x CHIPPY BBQ 25G,Dine in,POS 2,Route 98 - Minimart,Owner,,,Closed
26/08/2026 18:52,2-0090,Sale,19.96,0.00,19.96,0.00,19.96,17.00,2.96,Cash,2 x PEEWEE SPICY CHILI 25G,Dine in,POS 2,Route 98 - Minimart,Owner,,,Closed
26/08/2026 18:51,2-0089,Sale,23.96,0.00,23.96,0.00,23.96,17.00,6.96,Cash,"1 x SUPER CRUNCH SPECIAL CHIP CHARON 32G, 1 x NOVA COUNTRY CHEDDAR 20G",Dine in,POS 2,Route 98 - Minimart,Owner,,,Closed
26/08/2026 17:47,2-0088,Sale,25.00,0.00,25.00,0.00,25.00,15.91,9.09,Cash,1 x WILKINS PURE 1L,Dine in,POS 2,Route 98 - Minimart,Owner,,,Closed
26/08/2026 17:33,2-0087,Sale,93.50,0.00,93.50,0.00,93.50,43.90,49.60,Cash,"2 x LUCKYME PANCITCANTON CHILIMANSI, 2 x LUCKYME BEEF, 1 x SILVER SWAN SUKA 200ML, 1 x EFFICASCENT25",Dine in,POS 2,Route 98 - Minimart,Owner,,,Closed
26/08/2026 17:18,2-0086,Sale,36.00,0.00,36.00,0.00,36.00,52.18,-16.18,Cash,"2 x MAGIC FLAKES, 1 x LIFT CITRUS BLAST 320",Dine in,POS 2,Route 98 - Minimart,Owner,,,Closed
26/08/2026 15:57,2-0085,Sale,35.00,0.00,35.00,0.00,35.00,24.00,11.00,Cash,1 x ICE CUBE 2KG,Dine in,POS 2,Route 98 - Minimart,Owner,,,Closed
26/08/2026 15:51,2-0084,Sale,75.00,0.00,75.00,0.00,75.00,60.00,15.00,Cash,1 x RED HORSE 500,Dine in,POS 2,Route 98 - Minimart,Owner,,,Closed
26/08/2026 14:18,2-0083,Sale,16.98,0.00,16.98,0.00,16.98,11.60,5.38,Cash,1 x CREAMLINE BAR UBE QUESO PASTILLAS,Dine in,POS 2,Route 98 - Minimart,Owner,,,Closed
26/08/2026 13:27,2-0082,Sale,35.00,0.00,35.00,0.00,35.00,24.00,11.00,Cash,1 x ICE CUBE 2KG,Dine in,POS 2,Route 98 - Minimart,Owner,,,Closed
26/08/2026 13:07,2-0081,Sale,17.96,0.00,17.96,0.00,17.96,13.00,4.96,Cash,2 x NOVA COUNTRY CHEDDAR 20G,Dine in,POS 2,Route 98 - Minimart,Owner,,,Closed
26/08/2026 12:29,2-0080,Sale,328.98,0.00,328.98,0.00,328.98,262.85,66.13,Cash,"4 x RED HORSE 500, 1 x MOUNTAIN DEW (290ML), 1 x NOVA COUNTRY CHEDDAR 20G",Dine in,POS 2,Route 98 - Minimart,Owner,,,Closed
26/08/2026 12:26,2-0079,Sale,25.00,0.00,25.00,0.00,25.00,15.91,9.09,Cash,1 x WILKINS PURE 1L,Dine in,POS 2,Route 98 - Minimart,Owner,,,Closed
26/08/2026 12:23,2-0078,Sale,112.98,0.00,112.98,0.00,112.98,41.37,71.61,Cash,"1 x #misc, 1 x C2 SOLO APPLE 230ML, 1 x MR CHIPS MANAMIS MAIS 45G, 1 x LA MIA TUNA HOTSPCY",Dine in,POS 2,Route 98 - Minimart,Owner,,,Closed
25/08/2026 22:50,2-0077,Sale,117.90,0.00,117.90,0.00,117.90,8.50,109.40,Cash,"4 x PEEWEE SIZZLING BBQ, 4 x C2 SOLO APPLE 230ML, 1 x PEEWEE SPICY CHILI 25G",Dine in,POS 2,Route 98 - Minimart,Owner,,,Closed
25/08/2026 22:46,2-0076,Sale,156.98,0.00,156.98,0.00,156.98,123.67,33.31,Cash,"1 x MOUNTAIN DEW 1.5L, 1 x COCA COLA 1.75L",Dine in,POS 2,Route 98 - Minimart,Owner,,,Closed
25/08/2026 22:35,2-0075,Sale,15.00,0.00,15.00,0.00,15.00,9.67,5.33,Cash,1 x PREMIER PURIFIED WATER 500ML,Dine in,POS 2,Route 98 - Minimart,Owner,,,Closed
25/08/2026 21:59,2-0074,Sale,26.96,0.00,26.96,0.00,26.96,18.20,8.76,Cash,"1 x CREAMLINE FROOTEES GRAPES 50ML, 1 x CREAMLINE COOLERS MANGO 70ML",Dine in,POS 2,Route 98 - Minimart,Owner,,,Closed
25/08/2026 21:29,2-0073,Sale,19.98,0.00,19.98,0.00,19.98,12.35,7.63,Cash,"1 x CLOUD 9 CLASSIC, 1 x SKYFLAKES CRACKER",Dine in,POS 2,Route 98 - Minimart,Owner,,,Closed
25/08/2026 21:27,2-0072,Sale,53.00,0.00,53.00,0.00,53.00,41.00,12.00,Cash,1 x SM FLAVORED BEER APPLE,Dine in,POS 2,Route 98 - Minimart,Owner,,,Closed
25/08/2026 21:25,2-0071,Sale,18.00,0.00,18.00,0.00,18.00,14.17,3.83,Cash,1 x LIFT BERRY BOLT 320,Dine in,POS 2,Route 98 - Minimart,Owner,,,Closed
25/08/2026 21:09,2-0070,Sale,25.00,0.00,25.00,0.00,25.00,0.00,25.00,Cash,1 x STING STRWBRRY 320ML,Dine in,POS 2,Route 98 - Minimart,Owner,,,Closed
25/08/2026 20:40,1-0328,Sale,137.92,0.00,137.92,0.00,137.92,99.46,38.46,Cash,"4 x PIATTOS SOUR CREAM 40G, 4 x CLOUD 9 CLASSIC, 1 x MAGIC CREAMS CHOCO, 1 x MAGIC FLAKES",Dine in,POS 1,Route 98 - Minimart,Owner,,,Closed
25/08/2026 20:24,1-0327,Sale,209.98,0.00,209.98,0.00,209.98,168.00,41.98,Cash,1 x NESTLE 2in1 ROCKY ROAD & DOUBLE DUTCH 750ML,Dine in,POS 1,Route 98 - Minimart,Owner,,,Closed
25/08/2026 19:58,1-0326,Sale,84.96,0.00,84.96,0.00,84.96,64.56,20.40,Cash,"2 x CREAMLINE PINIPIG CHOCOLATE 70ML, 1 x WILKINS PURE 1L, 1 x MOUNTAIN DEW (290ML)",Dine in,POS 1,Route 98 - Minimart,Owner,,,Closed
25/08/2026 19:05,1-0325,Sale,12.98,0.00,12.98,0.00,12.98,8.19,4.79,Cash,1 x MR CHIPS MANAMIS MAIS 45G,Dine in,POS 1,Route 98 - Minimart,Owner,,,Closed
25/08/2026 17:52,1-0324,Sale,99.98,0.00,99.98,0.00,99.98,61.67,38.31,Cash,"1 x #misc, 1 x COCA COLA 1.75L, 1 x #misc",Dine in,POS 1,Route 98 - Minimart,Owner,,,Closed
25/08/2026 17:48,1-0323,Sale,15.00,0.00,15.00,0.00,15.00,0.00,15.00,Cash,1 x LUCKYME PANCITCANTON ORIG,Dine in,POS 1,Route 98 - Minimart,Owner,,,Closed
25/08/2026 15:46,1-0322,Sale,27.98,0.00,27.98,0.00,27.98,48.96,-20.98,Cash,"1 x LEMON SQUARE LAVA CAKE, 1 x LIFT CITRUS BLAST 320",Dine in,POS 1,Route 98 - Minimart,Owner,,,Closed
25/08/2026 15:44,1-0321,Sale,20.00,0.00,20.00,0.00,20.00,12.26,7.74,Cash,2 x PRESTO PEANUT BUTTER,Dine in,POS 1,Route 98 - Minimart,Owner,,,Closed
25/08/2026 14:59,1-0320,Sale,119.94,0.00,119.94,0.00,119.94,99.66,20.28,Cash,"1 x PIATTOS CHEESE 85G, 1 x PIATTOS ROADHOUSE BBQ 85G, 1 x PIATTOS SOUR CREAM 85G",Dine in,POS 1,Route 98 - Minimart,Owner,,,Closed
25/08/2026 14:52,1-0319,Sale,54.98,0.00,54.98,0.00,54.98,33.29,21.69,Cash,"1 x TROPICANA TWISTER ORANGE, 1 x REXONA POWDER DRY 3ML, 1 x MANG JUAN SUKAT SILI 26G",Dine in,POS 1,Route 98 - Minimart,Owner,,,Closed
25/08/2026 14:49,1-0318,Sale,259.98,0.00,259.98,0.00,259.98,74.67,185.31,Cash,"1 x Royal 1.5L, 1 x COCA COLA 1.75L, 1 x SPRITE 1.5L, 1 x ICE CUBE 1KG",Dine in,POS 1,Route 98 - Minimart,Owner,,,Closed
25/08/2026 14:33,1-0317,Sale,50.00,0.00,50.00,0.00,50.00,31.82,18.18,Cash,2 x WILKINS PURE 1L,Dine in,POS 1,Route 98 - Minimart,Owner,,,Closed
25/08/2026 12:53,1-0316,Sale,8.98,0.00,8.98,0.00,8.98,6.50,2.48,Cash,1 x NOVA COUNTRY CHEDDAR 20G,Dine in,POS 1,Route 98 - Minimart,Owner,,,Closed
25/08/2026 12:52,1-0315,Sale,35.00,0.00,35.00,0.00,35.00,25.83,9.17,Cash,1 x GATORADE BLUE BOLT 350ML,Dine in,POS 1,Route 98 - Minimart,Owner,,,Closed
25/08/2026 12:50,1-0314,Sale,19.98,0.00,19.98,0.00,19.98,16.15,3.83,Cash,1 x CREAMLINE PINIPIG CHOCOLATE 70ML,Dine in,POS 1,Route 98 - Minimart,Owner,,,Closed
25/08/2026 11:32,1-0313,Sale,84.98,0.00,84.98,0.00,84.98,61.67,23.31,Cash,1 x COCA COLA 1.75L,Dine in,POS 1,Route 98 - Minimart,Owner,,,Closed
25/08/2026 10:05,1-0312,Sale,78.96,0.00,78.96,0.00,78.96,42.00,36.96,Cash,"1 x NESCAFE ORIGINAL TWIN PACK, 2 x ARIEL TWIN JUMBO POWDER SUNRISE FRESH 66G, 1 x SPEED BAR SPECKLED BLUE",Dine in,POS 1,Route 98 - Minimart,Owner,,,Closed
25/08/2026 10:02,1-0311,Sale,10.00,0.00,10.00,0.00,10.00,6.13,3.87,Cash,1 x PRESTO CHOCO,Dine in,POS 1,Route 98 - Minimart,Owner,,,Closed
24/08/2026 21:24,1-0310,Sale,108.92,0.00,108.92,0.00,108.92,85.23,23.69,Cash,"1 x PIATTOS CHEESE 85G, 1 x NOVA COUNTRY CHEDDAR 20G, 1 x KROPEK NI MANGJUAN 90G, 1 x MANG JUAN SUKAT SILI 90G",Dine in,POS 1,Route 98 - Minimart,Owner,,,Closed
24/08/2026 21:23,1-0309,Sale,54.98,0.00,54.98,0.00,54.98,38.92,16.06,Cash,"1 x KROPEK NI MANGJUAN 90G, 1 x WILKINS PURE 1L",Dine in,POS 1,Route 98 - Minimart,Owner,,,Closed
24/08/2026 21:05,1-0308,Sale,76.94,0.00,76.94,0.00,76.94,59.80,17.14,Cash,"1 x CREAMLINE JUMBO CONE DOUBLE DUTCH 140ML, 1 x CREAMLINE JUMBO CONE UBE QUESO 140ML, 1 x CREAMLINE BAR UBE QUESO PASTILLAS",Dine in,POS 1,Route 98 - Minimart,Owner,,,Closed
24/08/2026 20:46,2-0069,Sale,197.00,0.00,197.00,0.00,197.00,104.10,92.90,Cash,"1 x REJOICE 4W, 3 x SUNSILK SMTH&MNGBL 15ML, 3 x CREAM SILK CONDITIONER SS/PINK, 3 x ENERGEN VNLA, 3 x NESCAFE ORIGINAL TWIN PACK, 3 x NESCAFE CREAMY WHITE TWIN PACK",Dine in,POS 2,Route 98 - Minimart,Owner,,,Closed
24/08/2026 20:30,2-0068,Sale,77.00,0.00,77.00,0.00,77.00,47.13,29.87,Cash,"1 x PRESTO PEANUT BUTTER, 1 x MINUTE MAID 250, 1 x PEPSI EXTRA FIZZ 1L",Dine in,POS 2,Route 98 - Minimart,Owner,,,Closed
24/08/2026 10:30,1-0307,Sale,8.00,0.00,8.00,0.00,8.00,5.75,2.25,Cash,1 x FRUIT SALAD,Dine in,POS 1,Route 98 - Minimart,Owner,,,Closed
24/08/2026 10:28,1-0306,Sale,29.98,0.00,29.98,0.00,29.98,24.10,5.88,Cash,1 x CREAMLINE JUMBO CONE MANGO PEANUT 140ML,Dine in,POS 1,Route 98 - Minimart,Owner,,,Closed
24/08/2026 10:27,1-0305,Sale,73.50,0.00,73.50,0.00,73.50,58.39,15.11,Cash,"1 x PIATTOS CHEESE 85G, 3 x FRUIT SALAD, 1 x MAGIC CHIPS CHEESE",Dine in,POS 1,Route 98 - Minimart,Owner,,,Closed
24/08/2026 09:32,1-0304,Sale,191.98,0.00,191.98,0.00,191.98,78.00,113.98,Cash,"6 x C2 SOLO APPLE 230ML, 1 x LEMON SQUARE LAVA CAKE PACK",Dine in,POS 1,Route 98 - Minimart,Owner,,,Closed
24/08/2026 08:54,1-0303,Sale,19.98,0.00,19.98,0.00,19.98,12.70,7.28,Cash,1 x CREAMLINE MINI CUP CHOCOLATE 75ML,Dine in,POS 1,Route 98 - Minimart,Owner,,,Closed
24/08/2026 08:52,1-0302,Sale,12.00,0.00,12.00,0.00,12.00,8.65,3.35,Cash,1 x REFRESH 500ML,Dine in,POS 1,Route 98 - Minimart,Owner,,,Closed
24/08/2026 08:27,1-0301,Sale,18.00,0.00,18.00,0.00,18.00,0.00,18.00,Cash,1 x LIFT CITRUS BLAST 320,Dine in,POS 1,Route 98 - Minimart,Owner,,,Closed
24/08/2026 08:25,1-0300,Sale,35.00,0.00,35.00,0.00,35.00,29.50,5.50,Cash,1 x VITAMILK(DOUBLECHOCO) 300ML,Dine in,POS 1,Route 98 - Minimart,Owner,,,Closed
24/08/2026 08:20,1-0299,Sale,72.00,0.00,72.00,0.00,72.00,7.92,64.08,Cash,"2 x STING STRWBRRY 320ML, 1 x SUPER CRUNCH CHEESE 5G, 1 x MAGIC CHIPS BBQ",Dine in,POS 1,Route 98 - Minimart,Owner,,,Closed
24/08/2026 05:54,2-0067,Sale,283.96,0.00,283.96,0.00,283.96,193.50,90.46,Cash,"1 x COCA COLA 1.5ML, 2 x CHICK BOY ONION & GARLIC 30G, 1 x OISHI PRAWN CRACKERS  NATURAL  24G, 1 x OISHI ONION RNGS, 1 x CREAMLINE FAMILY DOU ROCKY ROAD/VANILLA 950ML",Dine in,POS 2,Route 98 - Minimart,Owner,,,Closed
24/08/2026 05:17,2-0066,Sale,15.00,0.00,15.00,0.00,15.00,0.00,15.00,Cash,1 x WILKINS PURE 500,Dine in,POS 2,Route 98 - Minimart,Owner,,,Closed
24/08/2026 05:11,2-0065,Sale,47.96,0.00,47.96,0.00,47.96,36.50,11.46,Cash,"1 x CREAMLINE CONE BERRY CHOCO 110ML, 1 x CREAMLINE CONE ROCKY ROAD 110ML",Dine in,POS 2,Route 98 - Minimart,Owner,,,Closed
24/08/2026 05:04,2-0064,Sale,23.00,0.00,23.00,0.00,23.00,16.75,6.25,Cash,1 x STING 290ML,Dine in,POS 2,Route 98 - Minimart,Owner,,,Closed
24/08/2026 03:09,2-0063,Sale,75.00,0.00,75.00,0.00,75.00,0.00,75.00,Cash,1 x SPRITE 1.5L,Dine in,POS 2,Route 98 - Minimart,Owner,,,Closed
24/08/2026 03:06,2-0062,Sale,28.00,0.00,28.00,0.00,28.00,0.00,28.00,Cash,"1 x LIFT CITRUS BLAST 320, 1 x MOBY CARAMEL",Dine in,POS 2,Route 98 - Minimart,Owner,,,Closed
24/08/2026 00:15,2-0061,Sale,240.00,0.00,240.00,0.00,240.00,156.00,84.00,Cash,48 x NESCAFE STICK,Dine in,POS 2,Route 98 - Minimart,Owner,,,Closed
24/08/2026 00:11,2-0060,Sale,159.00,0.00,159.00,0.00,159.00,123.00,36.00,Cash,3 x SM FLAVORED BEER APPLE,Dine in,POS 2,Route 98 - Minimart,Owner,,,Closed
23/08/2026 23:24,2-0059,Sale,20.00,0.00,20.00,0.00,20.00,16.35,3.65,Cash,1 x MOUNTAIN DEW (290ML),Dine in,POS 2,Route 98 - Minimart,Owner,,,Closed
23/08/2026 23:14,2-0058,Sale,15.00,0.00,15.00,0.00,15.00,11.00,4.00,Cash,1 x COCA COLA 190ML,Dine in,POS 2,Route 98 - Minimart,Owner,,,Closed
23/08/2026 23:12,2-0057,Sale,64.98,0.00,64.98,0.00,64.98,48.55,16.43,Cash,"1 x MOUNTAIN DEW (290ML), 1 x CREAMLINE SUNDAE CARAMEL 120ML, 1 x MOUNTAIN DEW (290ML)",Dine in,POS 2,Route 98 - Minimart,Owner,,,Closed
23/08/2026 23:10,2-0056,Sale,15.00,0.00,15.00,0.00,15.00,11.00,4.00,Cash,1 x COCA COLA 190ML,Dine in,POS 2,Route 98 - Minimart,Owner,,,Closed
23/08/2026 23:02,2-0055,Sale,45.00,0.00,45.00,0.00,45.00,0.00,45.00,Cash,"1 x WILKINS PURE 1L, 1 x BEAR BRAND SWAK",Dine in,POS 2,Route 98 - Minimart,Owner,,,Closed
23/08/2026 22:33,2-0054,Sale,10.00,0.00,10.00,0.00,10.00,5.87,4.13,Cash,1 x PRESTO CHOCO VANILLA,Dine in,POS 2,Route 98 - Minimart,Owner,,,Closed
23/08/2026 22:22,1-0298,Sale,70.00,0.00,70.00,0.00,70.00,42.00,28.00,Cash,"1 x SUMMIT (1000ML), 1 x GATORADE (BLUE BOLT) 500ML",Dine in,POS 1,Route 98 - Minimart,Owner,,,Closed
23/08/2026 22:17,1-0297,Sale,164.98,0.00,164.98,0.00,164.98,112.75,52.23,Cash,1 x CREAMLINE FAMILY DOU COOKIES&CREAM/CHOCO 950ML,Dine in,POS 1,Route 98 - Minimart,Owner,,,Closed
23/08/2026 21:49,1-0296,Sale,158.98,0.00,158.98,0.00,158.98,122.51,36.47,Cash,"1 x MANG JUAN SUKANG PAOMBONG 90G, 1 x KROPEK NI MANGJUAN 90G, 1 x LEMON SQUARE CHEESE CAKE PACK",Dine in,POS 1,Route 98 - Minimart,Owner,,,Closed
23/08/2026 21:46,1-0295,Sale,329.98,0.00,329.98,0.00,329.98,272.07,57.91,Cash,"1 x ESCOBAR LIGHT 1L, 1 x PEPSI EXTRA FIZZ 1.5L, 2 x NISSIN CUP NOODLES SPCYHTBF",Dine in,POS 1,Route 98 - Minimart,Owner,,,Closed
23/08/2026 21:44,1-0294,Sale,19.98,0.00,19.98,0.00,19.98,12.70,7.28,Cash,1 x CREAMLINE MINI CUP CHOCO MARBLE 75ML,Dine in,POS 1,Route 98 - Minimart,Owner,,,Closed
23/08/2026 21:17,1-0293,Sale,167.50,0.00,167.50,0.00,167.50,77.98,89.52,Cash,"4 x LUCKYME PANCITCANTON XTRAHOT, 2 x OSAKA SARDINES, 1 x MR CHIPS MANAMIS MAIS 45G, 1 x SWEETCHILI CHPS BBQ, 1 x KROPEK NI MANGJUAN 90G",Dine in,POS 1,Route 98 - Minimart,Owner,,,Closed
23/08/2026 20:56,1-0292,Sale,25.00,0.00,25.00,0.00,25.00,13.00,12.00,Cash,1 x ICE CUBE 1KG,Dine in,POS 1,Route 98 - Minimart,Owner,,,Closed
23/08/2026 20:48,1-0291,Sale,209.96,0.00,209.96,0.00,209.96,78.25,131.71,Cash,"1 x MOUNTAIN DEW (290ML), 1 x VINO KULAFU 350, 2 x CHIPPY CHILI CHEESE 25G, 2 x CREAMLINE MINI CUP UBE 75ML, 1 x DINGDONG MIXED NUT 30G, 1 x ZONROXCSAFE95, 1 x VITAMILK(DOUBLECHOCO) 300ML, 1 x #misc",Dine in,POS 1,Route 98 - Minimart,Owner,,,Closed
23/08/2026 20:31,2-0053,Sale,199.98,0.00,199.98,0.00,199.98,160.00,39.98,Cash,1 x OREO ICE CREAM 450ML,Dine in,POS 2,Route 98 - Minimart,Owner,,,Closed
23/08/2026 20:25,2-0052,Sale,25.00,0.00,25.00,0.00,25.00,0.00,25.00,Cash,1 x SUMMIT (1000ML),,POS 2,Route 98 - Minimart,Owner,,,Closed
23/08/2026 20:08,1-0290,Sale,72.00,0.00,72.00,0.00,72.00,62.00,10.00,Cash,1 x MOUNTAIN DEW 1.5L,Dine in,POS 1,Route 98 - Minimart,Owner,,,Closed
23/08/2026 20:02,1-0289,Sale,30.00,0.00,30.00,0.00,30.00,22.00,8.00,Cash,2 x COCA COLA 190ML,Dine in,POS 1,Route 98 - Minimart,Owner,,,Closed
23/08/2026 20:02,1-0288,Sale,25.96,0.00,25.96,0.00,25.96,16.60,9.36,Cash,"1 x CREAMLINE FROOTEES ORANGE 50ML, 1 x CREAMLINE FROOTEES GRAPES 50ML",Dine in,POS 1,Route 98 - Minimart,Owner,,,Closed
23/08/2026 19:55,1-0287,Sale,80.00,0.00,80.00,0.00,80.00,58.28,21.72,Cash,"3 x MILO, 3 x MAGIC FLAKES, 1 x NESCAFE ORIGINAL TWIN PACK",Dine in,POS 1,Route 98 - Minimart,Owner,,,Closed
23/08/2026 19:25,1-0286,Sale,169.50,0.00,169.50,0.00,169.50,142.50,27.00,Cash,"1 x RED HORSE LITRO, 1 x MANG JUAN SUKANG PAOMBONG 90G",Dine in,POS 1,Route 98 - Minimart,Owner,,,Closed
23/08/2026 17:31,2-0051,Sale,29.50,0.00,29.50,0.00,29.50,23.01,6.49,Cash,1 x KROPEK NI MANGJUAN 90G,Dine in,POS 2,Route 98 - Minimart,Owner,,,Closed
23/08/2026 17:29,2-0050,Sale,181.96,0.00,181.96,0.00,181.96,106.19,75.77,Cash,"1 x PEPSI EXTRA FIZZ 1.5L, 2 x SUMMIT (1000ML), 3 x MAGIC FLAKES CHEESE, 1 x CLOUD 9 CLASSIC, 1 x CREAMLINE  CUP CHOCO MALLOW 210ML",Dine in,POS 2,Route 98 - Minimart,Owner,,,Closed
23/08/2026 17:13,2-0049,Sale,35.00,0.00,35.00,0.00,35.00,29.50,5.50,Cash,1 x VITAMILK(DOUBLECHOCO) 300ML,Dine in,POS 2,Route 98 - Minimart,Owner,,,Closed
23/08/2026 17:09,2-0048,Sale,15.00,0.00,15.00,0.00,15.00,0.00,15.00,Cash,1 x GILLETTE RUBIE BLADE,Dine in,POS 2,Route 98 - Minimart,Owner,,,Closed
23/08/2026 16:42,2-0047,Sale,25.00,0.00,25.00,0.00,25.00,0.00,25.00,Cash,1 x SUMMIT (1000ML),Dine in,POS 2,Route 98 - Minimart,Owner,,,Closed
23/08/2026 15:15,2-0046,Sale,45.00,0.00,45.00,0.00,45.00,20.00,25.00,Cash,"1 x COBRA ASTIG 330ML, 2 x OISHI CRACKLINGS",Dine in,POS 2,Route 98 - Minimart,Owner,,,Closed
23/08/2026 14:50,2-0045,Sale,39.98,0.00,39.98,0.00,39.98,30.50,9.48,Cash,"1 x VCUT SPICY BARBEQUE 25G, 2 x CHIZ CURLS 18G",Dine in,POS 2,Route 98 - Minimart,Owner,,,Closed
23/08/2026 13:21,2-0044,Sale,25.00,0.00,25.00,0.00,25.00,0.00,25.00,Cash,1 x SUMMIT (1000ML),Dine in,POS 2,Route 98 - Minimart,Owner,,,Closed
23/08/2026 12:16,1-0285,Sale,186.80,0.00,186.80,0.00,186.80,67.20,119.60,Cash,"10 x NISSIN EGGNOG COOKIES, 1 x SILVER SWAN SOY SAUCE 200ML, 12 x NESCAFE STICK, 1 x WHITE SUGAR 1/4",Dine in,POS 1,Route 98 - Minimart,Owner,,,Closed
23/08/2026 05:25,2-0043,Sale,40.00,0.00,40.00,0.00,40.00,0.00,40.00,Cash,"10 x HAPPY CLASSIC, 10 x HAPPY HOT N SPICY",Dine in,POS 2,Route 98 - Minimart,Owner,,,Closed
23/08/2026 05:23,2-0042,Sale,124.98,0.00,124.98,0.00,124.98,24.50,100.48,Cash,"1 x UNILOVE SQUALANE WIPES, 1 x COCA COLA 1.75L",Dine in,POS 2,Route 98 - Minimart,Owner,,,Closed
23/08/2026 04:24,2-0041,Sale,20.00,0.00,20.00,0.00,20.00,16.35,3.65,Cash,1 x MOUNTAIN DEW (290ML),Dine in,POS 2,Route 98 - Minimart,Owner,,,Closed
23/08/2026 04:05,2-0040,Sale,30.00,0.00,30.00,0.00,30.00,0.00,30.00,Cash,2 x WILKINS PURE 500,Dine in,POS 2,Route 98 - Minimart,Owner,,,Closed
23/08/2026 03:32,2-0039,Sale,140.00,0.00,140.00,0.00,140.00,120.00,20.00,Cash,1 x RED HORSE LITRO,Dine in,POS 2,Route 98 - Minimart,Owner,,,Closed
23/08/2026 03:22,2-0038,Sale,35.00,0.00,35.00,0.00,35.00,29.50,5.50,Cash,1 x VITAMILK(DOUBLECHOCO) 300ML,Dine in,POS 2,Route 98 - Minimart,Owner,,,Closed
23/08/2026 03:20,2-0037,Sale,140.00,0.00,140.00,0.00,140.00,120.00,20.00,Cash,1 x RED HORSE LITRO,Dine in,POS 2,Route 98 - Minimart,Owner,,,Closed
23/08/2026 02:57,2-0036,Sale,180.00,0.00,180.00,0.00,180.00,132.00,48.00,Cash,4 x ICE CUBE 3KG,Dine in,POS 2,Route 98 - Minimart,Owner,,,Closed
23/08/2026 01:25,2-0035,Sale,71.00,0.00,71.00,0.00,71.00,23.39,47.61,Cash,"1 x OSAKA SARDINES, 2 x LUCKYME PANCITCANTON CHILIMANSI, 1 x ROYAL 190",Dine in,POS 2,Route 98 - Minimart,Owner,,,Closed
23/08/2026 00:33,1-0284,Sale,118.00,0.00,118.00,0.00,118.00,90.19,27.81,Cash,"2 x SM FLAVORED BEER APPLE, 1 x MR CHIPS MANAMIS MAIS 45G",Dine in,POS 1,Route 98 - Minimart,Owner,,,Closed
22/08/2026 23:40,1-0283,Sale,140.00,0.00,140.00,0.00,140.00,120.00,20.00,Cash,1 x RED HORSE LITRO,Dine in,POS 1,Route 98 - Minimart,Owner,,,Closed
22/08/2026 22:52,1-0282,Sale,29.50,0.00,29.50,0.00,29.50,22.50,7.00,Cash,1 x MANG JUAN SUKAT SILI 90G,Dine in,POS 1,Route 98 - Minimart,Owner,,,Closed
22/08/2026 22:37,1-0281,Sale,140.00,0.00,140.00,0.00,140.00,120.00,20.00,Cash,1 x RED HORSE LITRO,Dine in,POS 1,Route 98 - Minimart,Owner,,,Closed
22/08/2026 22:09,1-0280,Sale,82.50,0.00,82.50,0.00,82.50,64.01,18.49,Cash,"1 x KROPEK NI MANGJUAN 90G, 1 x SM FLAVORED BEER APPLE",Dine in,POS 1,Route 98 - Minimart,Owner,,,Closed
22/08/2026 22:08,1-0279,Sale,10.00,0.00,10.00,0.00,10.00,7.92,2.08,Cash,1 x OVERLOAD CHOCO STRWBRRY,Dine in,POS 1,Route 98 - Minimart,Owner,,,Closed
22/08/2026 21:55,1-0278,Sale,140.00,0.00,140.00,0.00,140.00,0.00,140.00,Cash,"1 x TATTOOS CORN CHIPS SWEET CORN 58G, 1 x TATTOOS CORN CHIPS CHEESE 58G, 1 x TATTOOS CORN CHIPS SWEET CORN 58G, 1 x TATTOOS CORN CHIPS CHEESE 58G, 20 x DINGDONG MIXNUTS 5G, 20 x HAPPY BBQ",Dine in,POS 1,Route 98 - Minimart,Owner,,,Closed
22/08/2026 21:51,1-0277,Sale,25.00,0.00,25.00,0.00,25.00,19.50,5.50,Cash,1 x EVEREADY BATTERY AA,Dine in,POS 1,Route 98 - Minimart,Owner,,,Closed
22/08/2026 21:48,1-0276,Sale,140.00,0.00,140.00,0.00,140.00,120.00,20.00,Cash,1 x RED HORSE LITRO,Dine in,POS 1,Route 98 - Minimart,Owner,,,Closed
22/08/2026 21:45,1-0275,Sale,17.98,0.00,17.98,0.00,17.98,11.60,6.38,Cash,1 x CREAMLINE BAR COOKIES & CREAM,Dine in,POS 1,Route 98 - Minimart,Owner,,,Closed
22/08/2026 21:41,1-0274,Sale,29.50,0.00,29.50,0.00,29.50,22.50,7.00,Cash,1 x MANG JUAN SUKAT SILI 90G,Dine in,POS 1,Route 98 - Minimart,Owner,,,Closed
22/08/2026 21:27,1-0273,Sale,140.00,0.00,140.00,0.00,140.00,120.00,20.00,Cash,1 x RED HORSE LITRO,Dine in,POS 1,Route 98 - Minimart,Owner,,,Closed
22/08/2026 21:26,1-0272,Sale,110.00,0.00,110.00,0.00,110.00,71.00,39.00,Cash,"1 x RED HORSE 500, 1 x COCA COLA 190ML, 1 x OISHI CRACKLINGS, 1 x CRISPY PATATA 24G",Dine in,POS 1,Route 98 - Minimart,Owner,,,Closed
22/08/2026 21:15,1-0271,Sale,25.00,0.00,25.00,0.00,25.00,0.00,25.00,Cash,1 x SUMMIT (1000ML),Dine in,POS 1,Route 98 - Minimart,Owner,,,Closed
22/08/2026 21:14,1-0270,Sale,65.00,0.00,65.00,0.00,65.00,55.00,10.00,Cash,1 x OREO ICE CREAM 110ML,Dine in,POS 1,Route 98 - Minimart,Owner,,,Closed
22/08/2026 21:02,1-0269,Sale,19.98,0.00,19.98,0.00,19.98,16.15,3.83,Cash,1 x CREAMLINE PINIPIG CHOCOLATE 70ML,Dine in,POS 1,Route 98 - Minimart,Owner,,,Closed
22/08/2026 20:53,1-0268,Sale,140.00,0.00,140.00,0.00,140.00,120.00,20.00,Cash,1 x RED HORSE LITRO,Dine in,POS 1,Route 98 - Minimart,Owner,,,Closed
22/08/2026 20:51,1-0267,Sale,39.96,0.00,39.96,0.00,39.96,32.30,7.66,Cash,2 x CREAMLINE PINIPIG CHOCOLATE 70ML,Dine in,POS 1,Route 98 - Minimart,Owner,,,Closed
22/08/2026 20:41,1-0266,Sale,138.00,0.00,138.00,0.00,138.00,74.10,63.90,Cash,"4 x PIATTOS SOUR CREAM 40G, 1 x SISTERS NIGHT PLUS W/ WINGS 8PCS, 2 x MAGIC CREAMS PEANUT BUTTER",Dine in,POS 1,Route 98 - Minimart,Owner,,,Closed
22/08/2026 20:40,1-0265,Sale,25.00,0.00,25.00,0.00,25.00,0.00,25.00,Cash,1 x DAILY SCENT 25ML,Dine in,POS 1,Route 98 - Minimart,Owner,,,Closed
22/08/2026 20:28,1-0264,Sale,95.88,0.00,95.88,0.00,95.88,61.26,34.62,Cash,"1 x UNILOVE SQUALANE WIPES, 2 x NESTLE KOKO CRUNCH, 4 x NISSIN BREAD STIX",Dine in,POS 1,Route 98 - Minimart,Owner,,,Closed
22/08/2026 20:14,2-0034,Sale,49.98,0.00,49.98,0.00,49.98,15.85,34.13,Cash,"1 x SUMMIT (1000ML), 1 x CREAMLINE SUNDAE CARAMEL 120ML",Dine in,POS 2,Route 98 - Minimart,Owner,,,Closed
22/08/2026 19:47,1-0263,Sale,12.00,0.00,12.00,0.00,12.00,0.00,12.00,Cash,1 x MINUTE MAID 250,Dine in,POS 1,Route 98 - Minimart,Owner,,,Closed
22/08/2026 19:45,1-0262,Sale,12.00,0.00,12.00,0.00,12.00,5.87,6.13,Cash,"1 x DINGDONG MIXNUTS 5G, 1 x HIHO GARLIC, 1 x NIPS MILK CHOCO 14G",Dine in,POS 1,Route 98 - Minimart,Owner,,,Closed
22/08/2026 19:31,1-0261,Sale,45.00,0.00,45.00,0.00,45.00,33.19,11.81,Cash,"2 x OVERLOAD BLKFRST, 1 x COCA COLA 190ML, 1 x CLOUD 9 CLASSIC",Dine in,POS 1,Route 98 - Minimart,Owner,,,Closed
22/08/2026 19:17,1-0260,Sale,25.00,0.00,25.00,0.00,25.00,20.00,5.00,Cash,1 x COBRA ASTIG 330ML,Dine in,POS 1,Route 98 - Minimart,Owner,,,Closed
22/08/2026 18:46,1-0259,Sale,30.00,0.00,30.00,0.00,30.00,0.00,30.00,Cash,2 x LUCKYME PANCITCANTON ORIG,Dine in,POS 1,Route 98 - Minimart,Owner,,,Closed
22/08/2026 18:34,1-0258,Sale,15.00,0.00,15.00,0.00,15.00,0.00,15.00,Cash,1 x ROYAL 190,Dine in,POS 1,Route 98 - Minimart,Owner,,,Closed
22/08/2026 18:06,1-0257,Sale,32.00,0.00,32.00,0.00,32.00,0.00,32.00,Cash,"1 x WILKINS PURE 500, 1 x C2 SOLO APPLE 230ML",Dine in,POS 1,Route 98 - Minimart,Owner,,,Closed
22/08/2026 17:56,1-0256,Sale,84.98,0.00,84.98,0.00,84.98,65.75,19.23,Cash,"1 x COCA COLA 1.5ML, 1 x OISHI RINBEE",Dine in,POS 1,Route 98 - Minimart,Owner,,,Closed
22/08/2026 17:53,1-0255,Sale,34.98,0.00,34.98,0.00,34.98,7.50,27.48,Cash,"1 x NOVA COUNTRY CHEDDAR 20G, 1 x CHIPPY BBQ 25G, 1 x C2 SOLO APPLE 230ML",Dine in,POS 1,Route 98 - Minimart,Owner,,,Closed
22/08/2026 17:31,1-0254,Sale,50.00,0.00,50.00,0.00,50.00,42.00,8.00,Cash,2 x HOLIDAY BEEF LOAF,Dine in,POS 1,Route 98 - Minimart,Owner,,,Closed
22/08/2026 16:40,1-0253,Sale,72.00,0.00,72.00,0.00,72.00,62.00,10.00,Cash,1 x MOUNTAIN DEW 1.5L,Dine in,POS 1,Route 98 - Minimart,Owner,,,Closed
22/08/2026 16:13,1-0252,Sale,25.00,0.00,25.00,0.00,25.00,0.00,25.00,Cash,1 x STING STRWBRRY 320ML,Dine in,POS 1,Route 98 - Minimart,Owner,,,Closed
22/08/2026 16:06,1-0251,Sale,28.00,0.00,28.00,0.00,28.00,0.00,28.00,Cash,"1 x LIFT CITRUS BLAST 320, 1 x MOBY CARAMEL",Dine in,POS 1,Route 98 - Minimart,Owner,,,Closed
22/08/2026 15:33,1-0250,Sale,35.00,0.00,35.00,0.00,35.00,29.50,5.50,Cash,1 x VITAMILK(DOUBLECHOCO) 300ML,Dine in,POS 1,Route 98 - Minimart,Owner,,,Closed
22/08/2026 12:54,1-0249,Sale,35.00,0.00,35.00,0.00,35.00,29.50,5.50,Cash,1 x VITAMILK(DOUBLECHOCO) 300ML,Dine in,POS 1,Route 98 - Minimart,Owner,,,Closed
22/08/2026 12:13,1-0248,Sale,18.00,0.00,18.00,0.00,18.00,0.00,18.00,Cash,1 x LIFT CITRUS BLAST 320,Dine in,POS 1,Route 98 - Minimart,Owner,,,Closed
22/08/2026 11:47,1-0247,Sale,24.00,0.00,24.00,0.00,24.00,16.38,7.62,Cash,2 x MR CHIPS MANAMIS MAIS 45G,Dine in,POS 1,Route 98 - Minimart,Owner,,,Closed
22/08/2026 11:20,1-0246,Sale,51.50,0.00,51.50,0.00,51.50,29.14,22.36,Cash,"1 x MINUTE MAID 250, 1 x PRESTO PEANUT BUTTER, 1 x KROPEK NI MANGJUAN 90G",Dine in,POS 1,Route 98 - Minimart,Owner,,,Closed
22/08/2026 10:59,1-0245,Sale,25.00,0.00,25.00,0.00,25.00,0.00,25.00,Cash,1 x SUMMIT (1000ML),Dine in,POS 1,Route 98 - Minimart,Owner,,,Closed
22/08/2026 10:55,1-0244,Sale,90.00,0.00,90.00,0.00,90.00,55.00,35.00,Cash,"1 x OREO ICE CREAM 110ML, 1 x SUMMIT (1000ML)",Dine in,POS 1,Route 98 - Minimart,Owner,,,Closed
22/08/2026 09:56,1-0243,Sale,24.00,0.00,24.00,0.00,24.00,5.55,18.45,Cash,"1 x COCA COLA 190ML, 1 x MAGIC CREAMS PEANUT BUTTER",Dine in,POS 1,Route 98 - Minimart,Owner,,,Closed
22/08/2026 09:05,1-0242,Sale,102.00,0.00,102.00,0.00,102.00,55.54,46.46,Cash,"1 x MIGHTY BOND, 2 x CHUCKIE 110ML, 1 x CLOUD 9 CLASSIC, 1 x OVERLOAD CHOCO STRWBRRY, 1 x NIPS PEANUT 14G, 1 x TOOTHPICK, 1 x PILLOWS CHOCO 38G",Dine in,POS 1,Route 98 - Minimart,Owner,,,Closed
22/08/2026 08:38,1-0241,Sale,18.00,0.00,18.00,0.00,18.00,0.00,18.00,Cash,1 x LIFT BERRY BOLT 320,Dine in,POS 1,Route 98 - Minimart,Owner,,,Closed
22/08/2026 07:16,1-0240,Sale,50.00,0.00,50.00,0.00,50.00,26.00,24.00,Cash,2 x ICE CUBE 1KG,Dine in,POS 1,Route 98 - Minimart,Owner,,,Closed
21/08/2026 22:31,1-0239,Sale,40.00,0.00,40.00,0.00,40.00,0.00,40.00,Cash,"1 x SUMMIT (1000ML), 1 x COCA COLA 190ML",Dine in,POS 1,Route 98 - Minimart,Owner,,,Closed
21/08/2026 20:49,1-0238,Sale,87.00,0.00,87.00,0.00,87.00,62.00,25.00,Cash,"1 x MOUNTAIN DEW 1.5L, 1 x LUCKYME PANCITCANTON XTRAHOT",Dine in,POS 1,Route 98 - Minimart,Owner,,,Closed
21/08/2026 20:27,1-0237,Sale,22.00,0.00,22.00,0.00,22.00,0.00,22.00,Cash,"1 x BLACK CHILI CORN CHIPS BBQ, 1 x OISHI RINBEE",Dine in,POS 1,Route 98 - Minimart,Owner,,,Closed
21/08/2026 20:02,1-0236,Sale,75.00,0.00,75.00,0.00,75.00,60.00,15.00,Cash,1 x RED HORSE 500,Dine in,POS 1,Route 98 - Minimart,Owner,,,Closed
21/08/2026 19:58,1-0235,Sale,210.00,0.00,210.00,0.00,210.00,120.00,90.00,Cash,"2 x RED HORSE 500, 1 x #misc",Dine in,POS 1,Route 98 - Minimart,Owner,,,Closed
21/08/2026 19:25,1-0234,Sale,494.00,0.00,494.00,0.00,494.00,234.44,259.56,Cash,"1 x PIATTOS ROADHOUSE BBQ 85G, 1 x PIATTOS SOUR CREAM 85G, 1 x NESTLE 2in1 ROCKY ROAD & DOUBLE DUTCH 750ML, 1 x #misc, 1 x #misc",Dine in,POS 1,Route 98 - Minimart,Owner,,,Closed
21/08/2026 19:18,1-0233,Sale,301.00,0.00,301.00,0.00,301.00,161.66,139.34,Cash,"1 x WILKINS PURE 500, 2 x PRESTO CHOCO, 3 x SM FLAVORED BEER APPLE, 2 x CHUCKIE 110ML, 2 x PIATTOS CHEESE 40G, 1 x MR. CHIPS  NACHO CHEEZE 4G, 1 x STING STRWBRRY 320ML",Dine in,POS 1,Route 98 - Minimart,Owner,,,Cancelled
21/08/2026 19:14,1-0232,Sale,233.50,0.00,233.50,0.00,233.50,131.36,102.14,Cash,"1 x MOUNTAIN DEW (290ML), 1 x KROPEK NI MANGJUAN 90G, 1 x SAN MARINO CORNED TUNA, 2 x ICE CUBE 3KG, 2 x ICE CUBE 1KG",Dine in,POS 1,Route 98 - Minimart,Owner,,,Cancelled
21/08/2026 18:54,1-0231,Sale,87.00,0.00,87.00,0.00,87.00,60.00,27.00,Cash,"1 x RED HORSE 500, 1 x BLACK CHILI CORN CHIPS BBQ",Dine in,POS 1,Route 98 - Minimart,Owner,,,Closed
21/08/2026 18:52,1-0230,Sale,330.00,0.00,330.00,0.00,330.00,173.29,156.71,Cash,"1 x OISHI Potato Fries, 1 x MR CHIPS NACHO CHEESE 98G, 1 x CHIPPY BBQ 108G, 10 x DINGDONG MIXNUTS 5G, 3 x DINGDONG MIXED NUT 30G, 12 x NIPS MILK CHOCO 14G, 1 x MANG JUAN SUKAT SILI 90G, 1 x #misc, 1 x PIATTOS SOUR CREAM 85G",Dine in,POS 1,Route 98 - Minimart,Owner,,,Closed
21/08/2026 18:42,1-0229,Sale,150.00,0.00,150.00,0.00,150.00,120.00,30.00,Cash,2 x RED HORSE 500,Dine in,POS 1,Route 98 - Minimart,Owner,,,Closed
21/08/2026 18:41,1-0228,Sale,40.00,0.00,40.00,0.00,40.00,32.70,7.30,Cash,2 x MOUNTAIN DEW (290ML),Dine in,POS 1,Route 98 - Minimart,Owner,,,Closed
21/08/2026 16:20,1-0227,Sale,150.00,0.00,150.00,0.00,150.00,0.00,150.00,Cash,"1 x SPRITE 1.5L, 1 x COCA COLA 1.75L",Dine in,POS 1,Route 98 - Minimart,Owner,,,Closed
21/08/2026 15:49,1-0226,Sale,24.00,0.00,24.00,0.00,24.00,18.00,6.00,Cash,2 x PILLOWS CHOCO 38G,Dine in,POS 1,Route 98 - Minimart,Owner,,,Closed
21/08/2026 15:47,1-0225,Sale,62.50,0.00,62.50,0.00,62.50,14.50,48.00,Cash,"1 x CRISPY PATATA 24G, 2 x CHIZ CURLS 18G, 1 x DON FRANK WHITE, 1 x YAKULT",Dine in,POS 1,Route 98 - Minimart,Owner,,,Closed
21/08/2026 15:01,1-0224,Sale,9.00,0.00,9.00,0.00,9.00,5.55,3.45,Cash,1 x MAGIC FLAKES CHEESE,Dine in,POS 1,Route 98 - Minimart,Owner,,,Closed
21/08/2026 14:57,1-0223,Sale,23.00,0.00,23.00,0.00,23.00,0.00,23.00,Cash,"1 x LIFT CITRUS BLAST 320, 1 x DINGDONG MIXED NUT 30G",Dine in,POS 1,Route 98 - Minimart,Owner,,,Closed
21/08/2026 14:31,1-0222,Sale,25.00,0.00,25.00,0.00,25.00,0.00,25.00,Cash,1 x STING STRWBRRY 320ML,Dine in,POS 1,Route 98 - Minimart,Owner,,,Closed
21/08/2026 14:06,1-0221,Sale,50.00,0.00,50.00,0.00,50.00,0.00,50.00,Cash,"2 x PIATTOS CHEESE 40G, 1 x MR. CHIPS  NACHO CHEEZE 4G",Dine in,POS 1,Route 98 - Minimart,Owner,,,Closed
21/08/2026 14:04,1-0220,Sale,191.00,0.00,191.00,0.00,191.00,149.40,41.60,Cash,"3 x SM FLAVORED BEER APPLE, 2 x CHUCKIE 110ML",Dine in,POS 1,Route 98 - Minimart,Owner,,,Closed
21/08/2026 13:42,1-0219,Sale,53.00,0.00,53.00,0.00,53.00,12.26,40.74,Cash,"1 x LIFT CITRUS BLAST 320, 1 x WILKINS PURE 500, 2 x PRESTO CHOCO",Dine in,POS 1,Route 98 - Minimart,Owner,,,Closed
21/08/2026 13:36,1-0218,Sale,45.00,0.00,45.00,0.00,45.00,33.00,12.00,Cash,1 x ICE CUBE 3KG,Dine in,POS 1,Route 98 - Minimart,Owner,,,Closed
21/08/2026 12:51,1-0217,Sale,70.00,0.00,70.00,0.00,70.00,46.00,24.00,Cash,"1 x ICE CUBE 1KG, 1 x ICE CUBE 3KG",Dine in,POS 1,Route 98 - Minimart,Owner,,,Closed
21/08/2026 12:36,1-0216,Sale,73.50,0.00,73.50,0.00,73.50,22.50,51.00,Cash,"1 x MANG JUAN SUKAT SILI 90G, 1 x SAN MARINO CORNED TUNA",Dine in,POS 1,Route 98 - Minimart,Owner,,,Closed
21/08/2026 12:01,1-0215,Sale,20.00,0.00,20.00,0.00,20.00,16.35,3.65,Cash,1 x MOUNTAIN DEW (290ML),Dine in,POS 1,Route 98 - Minimart,Owner,,,Closed
21/08/2026 12:01,1-0214,Sale,65.00,0.00,65.00,0.00,65.00,55.00,10.00,Cash,1 x OREO ICE CREAM 110ML,Dine in,POS 1,Route 98 - Minimart,Owner,,,Closed
21/08/2026 12:00,1-0213,Sale,10.00,0.00,10.00,0.00,10.00,0.00,10.00,Cash,1 x CRISPY PATATA 24G,Dine in,POS 1,Route 98 - Minimart,Owner,,,Closed
21/08/2026 12:00,1-0212,Sale,18.00,0.00,18.00,0.00,18.00,0.00,18.00,Cash,1 x LIFT CITRUS BLAST 320,Dine in,POS 1,Route 98 - Minimart,Owner,,,Closed
21/08/2026 12:00,1-0211,Sale,18.00,0.00,18.00,0.00,18.00,0.00,18.00,Cash,1 x LIFT BERRY BOLT 320,Dine in,POS 1,Route 98 - Minimart,Owner,,,Closed
21/08/2026 12:00,1-0210,Sale,18.00,0.00,18.00,0.00,18.00,0.00,18.00,Cash,1 x LIFT BERRY BOLT 320,Dine in,POS 1,Route 98 - Minimart,Owner,,,Closed
21/08/2026 11:59,1-0209,Sale,25.00,0.00,25.00,0.00,25.00,0.00,25.00,Cash,1 x STING STRWBRRY 320ML,Dine in,POS 1,Route 98 - Minimart,Owner,,,Closed
21/08/2026 11:49,1-0208,Sale,15.00,0.00,15.00,0.00,15.00,0.00,15.00,Cash,1 x COCA COLA 190ML,Dine in,POS 1,Route 98 - Minimart,Owner,,,Closed
21/08/2026 11:46,1-0207,Sale,15.00,0.00,15.00,0.00,15.00,0.00,15.00,Cash,1 x ROYAL 190,Dine in,POS 1,Route 98 - Minimart,Owner,,,Closed
21/08/2026 11:24,1-0206,Sale,20.00,0.00,20.00,0.00,20.00,16.35,3.65,Cash,1 x MOUNTAIN DEW (290ML),Dine in,POS 1,Route 98 - Minimart,Owner,,,Closed
21/08/2026 10:33,1-0205,Sale,65.00,0.00,65.00,0.00,65.00,55.00,10.00,Cash,1 x OREO ICE CREAM 110ML,Dine in,POS 1,Route 98 - Minimart,Owner,,,Closed
21/08/2026 10:06,1-0204,Sale,28.00,0.00,28.00,0.00,28.00,0.00,28.00,Cash,"1 x LIFT CITRUS BLAST 320, 1 x CRISPY PATATA 24G",Dine in,POS 1,Route 98 - Minimart,Owner,,,Closed
21/08/2026 07:55,1-0203,Sale,18.00,0.00,18.00,0.00,18.00,0.00,18.00,Cash,1 x LIFT BERRY BOLT 320,Dine in,POS 1,Route 98 - Minimart,Owner,,,Closed
21/08/2026 07:52,1-0202,Sale,43.00,0.00,43.00,0.00,43.00,0.00,43.00,Cash,"1 x STING STRWBRRY 320ML, 1 x LIFT BERRY BOLT 320",Dine in,POS 1,Route 98 - Minimart,Owner,,,Closed
20/08/2026 22:12,1-0201,Sale,299.00,0.00,299.00,0.00,299.00,82.71,216.29,Cash,"1 x MOUNTAIN DEW (290ML), 5 x YAKULT, 2 x LA MIA TUNA FLKSNOIL, 2 x HOLIDAY LUNCHEON MEAT, 1 x MODESS W/ WINGS 8PCS",Dine in,POS 1,Route 98 - Minimart,Owner,,,Closed
20/08/2026 21:30,1-0200,Sale,124.00,0.00,124.00,0.00,124.00,5.75,118.25,Cash,"1 x SUMMIT (1000ML), 1 x SWEETCHILI CHPS BBQ, 1 x #misc, 1 x FRUIT SALAD, 2 x C2 SOLO APPLE 230ML",Dine in,POS 1,Route 98 - Minimart,Owner,,,Closed
20/08/2026 21:27,1-0199,Sale,70.00,0.00,70.00,0.00,70.00,0.00,70.00,Cash,"2 x DINGDONG MIXED NUT 30G, 10 x HAPPY CLASSIC, 1 x BLACK CHILI CORN CHIPS BBQ, 1 x PEEWEE PZZA SUPREME, 1 x LIFT CITRUS BLAST 320",Dine in,POS 1,Route 98 - Minimart,Owner,,,Closed
20/08/2026 21:13,1-0198,Sale,8.00,0.00,8.00,0.00,8.00,5.75,2.25,Cash,1 x FRUIT SALAD,Dine in,POS 1,Route 98 - Minimart,Owner,,,Closed
20/08/2026 20:56,1-0197,Sale,75.00,0.00,75.00,0.00,75.00,60.00,15.00,Cash,1 x RED HORSE 500,Dine in,POS 1,Route 98 - Minimart,Owner,,,Closed
20/08/2026 16:11,2-0033,Sale,28.00,0.00,28.00,0.00,28.00,0.00,28.00,Cash,"1 x LIFT CITRUS BLAST 320, 1 x PEEWEE PZZA SUPREME",Dine in,POS 2,Route 98 - Minimart,Owner,,,Closed
20/08/2026 15:35,2-0032,Sale,42.00,0.00,42.00,0.00,42.00,0.00,42.00,Cash,"1 x BLACK CHILI CORN CHIPS BBQ, 10 x HAPPY HOT N SPICY, 2 x DINGDONG MIXED NUT 30G",Dine in,POS 2,Route 98 - Minimart,Owner,,,Closed
20/08/2026 14:30,2-0031,Sale,80.00,0.00,80.00,0.00,80.00,33.10,46.90,Cash,"1 x SUKAMOD, 1 x STING 290ML, 1 x MOUNTAIN DEW (290ML)",Dine in,POS 2,Route 98 - Minimart,Owner,,,Closed
20/08/2026 14:24,2-0030,Sale,15.00,0.00,15.00,0.00,15.00,0.00,15.00,Cash,1 x WILKINS PURE 500,Dine in,POS 2,Route 98 - Minimart,Owner,,,Closed
20/08/2026 13:52,2-0029,Sale,44.00,0.00,44.00,0.00,44.00,7.25,36.75,Cash,"1 x PIATTOS CHEESE 40G, 1 x CHIZ CURLS 18G, 1 x COCA COLA 190ML",Dine in,POS 2,Route 98 - Minimart,Owner,,,Closed
20/08/2026 13:26,2-0028,Sale,103.00,0.00,103.00,0.00,103.00,74.05,28.95,Cash,"1 x NOVA COUNTRY CHEDDAR 20G, 3 x CLOUD 9 CLASSIC, 1 x OREO ICE CREAM 110ML",Dine in,POS 2,Route 98 - Minimart,Owner,,,Closed
20/08/2026 13:09,2-0027,Sale,15.00,0.00,15.00,0.00,15.00,0.00,15.00,Cash,1 x ROYAL 190,Dine in,POS 2,Route 98 - Minimart,Owner,,,Closed
20/08/2026 13:08,2-0026,Sale,35.00,0.00,35.00,0.00,35.00,29.50,5.50,Cash,1 x VITAMILK(DOUBLECHOCO) 300ML,Dine in,POS 2,Route 98 - Minimart,Owner,,,Closed
19/08/2026 22:41,2-0025,Sale,87.00,0.00,87.00,0.00,87.00,5.75,81.25,Cash,"2 x C2 SOLO APPLE 230ML, 1 x FRUIT SALAD, 1 x #misc",Dine in,POS 2,Route 98 - Minimart,Owner,,,Closed
19/08/2026 22:03,2-0024,Sale,12.00,0.00,12.00,0.00,12.00,0.00,12.00,Cash,1 x SWEETCHILI CHPS BBQ,Dine in,POS 2,Route 98 - Minimart,Owner,,,Closed
19/08/2026 21:59,2-0023,Sale,25.00,0.00,25.00,0.00,25.00,0.00,25.00,Cash,1 x SUMMIT (1000ML),Dine in,POS 2,Route 98 - Minimart,Owner,,,Closed
19/08/2026 21:43,1-0196,Sale,291.00,0.00,291.00,0.00,291.00,97.44,193.56,Cash,"3 x MOUNTAIN DEW (290ML), 1 x MR CHIPS MANAMIS MAIS 45G, 12 x NESCAFE STICK, 6 x DOWNY ANTIBAC, 6 x SURF(CHERRY BLOSSOM), 3 x ZONROXCSAFE95",Dine in,POS 1,Route 98 - Minimart,Owner,,,Closed
19/08/2026 20:40,1-0195,Sale,59.00,0.00,59.00,0.00,59.00,45.00,14.00,Cash,"1 x MANG JUAN SUKAT SILI 90G, 1 x MANG JUAN SUKANG PAOMBONG 90G",Dine in,POS 1,Route 98 - Minimart,Owner,,,Closed
19/08/2026 19:23,1-0194,Sale,171.00,0.00,171.00,0.00,171.00,87.55,83.45,Cash,"3 x GREAT TASTE CHOCO, 2 x GREAT TASTE PREMIUM ROAST, 2 x NESCAFE CREAMY WHITE TWIN PACK, 2 x NESCAFE ORIGINAL TWIN PACK, 3 x ENERGEN VNLA",Dine in,POS 1,Route 98 - Minimart,Owner,,,Closed
19/08/2026 18:51,1-0193,Sale,130.00,0.00,130.00,0.00,130.00,110.00,20.00,Cash,2 x OREO ICE CREAM 110ML,Dine in,POS 1,Route 98 - Minimart,Owner,,,Closed
19/08/2026 18:18,1-0192,Sale,130.00,0.00,130.00,0.00,130.00,110.00,20.00,Cash,2 x OREO ICE CREAM 110ML,Dine in,POS 1,Route 98 - Minimart,Owner,,,Closed
19/08/2026 18:16,1-0191,Sale,90.00,0.00,90.00,0.00,90.00,55.00,35.00,Cash,"1 x OREO ICE CREAM 110ML, 1 x SUMMIT (1000ML)",Dine in,POS 1,Route 98 - Minimart,Owner,,,Closed
19/08/2026 16:47,1-0190,Sale,150.00,0.00,150.00,0.00,150.00,0.00,150.00,Cash,2 x COCA COLA 1.75L,Dine in,POS 1,Route 98 - Minimart,Owner,,,Closed
19/08/2026 16:17,1-0189,Sale,150.00,0.00,150.00,0.00,150.00,120.00,30.00,Cash,2 x RED HORSE 500,Dine in,POS 1,Route 98 - Minimart,Owner,,,Closed
19/08/2026 16:10,1-0188,Sale,75.00,0.00,75.00,0.00,75.00,60.00,15.00,Cash,1 x RED HORSE 500,Dine in,POS 1,Route 98 - Minimart,Owner,,,Closed
19/08/2026 15:08,1-0187,Sale,25.00,0.00,25.00,0.00,25.00,0.00,25.00,Cash,1 x SUMMIT (1000ML),Dine in,POS 1,Route 98 - Minimart,Owner,,,Closed
19/08/2026 15:05,1-0186,Sale,36.00,0.00,36.00,0.00,36.00,11.74,24.26,Cash,"1 x PEEWEE PZZA SUPREME, 5 x HIHO GARLIC, 2 x NIPS PEANUT 14G",Dine in,POS 1,Route 98 - Minimart,Owner,,,Closed
19/08/2026 11:44,1-0185,Sale,35.00,0.00,35.00,0.00,35.00,29.50,5.50,Cash,1 x VITAMILK(DOUBLECHOCO) 300ML,Dine in,POS 1,Route 98 - Minimart,Owner,,,Closed
19/08/2026 11:05,1-0184,Sale,25.00,0.00,25.00,0.00,25.00,0.00,25.00,Cash,1 x STING STRWBRRY 320ML,Dine in,POS 1,Route 98 - Minimart,Owner,,,Closed
19/08/2026 10:57,1-0183,Sale,27.00,0.00,27.00,0.00,27.00,6.75,20.25,Cash,"1 x PILLOWS UBE 24G, 1 x LIFT CITRUS BLAST 320",Dine in,POS 1,Route 98 - Minimart,Owner,,,Closed
19/08/2026 10:18,1-0182,Sale,24.00,0.00,24.00,0.00,24.00,0.00,24.00,Cash,2 x SUPER CRUNCH CHEESE 5G,Dine in,POS 1,Route 98 - Minimart,Owner,,,Closed
19/08/2026 10:17,1-0181,Sale,20.00,0.00,20.00,0.00,20.00,12.26,7.74,Cash,2 x PRESTO CHOCO,Dine in,POS 1,Route 98 - Minimart,Owner,,,Closed
19/08/2026 08:16,1-0180,Sale,18.00,0.00,18.00,0.00,18.00,0.00,18.00,Cash,1 x LIFT CITRUS BLAST 320,Dine in,POS 1,Route 98 - Minimart,Owner,,,Closed
19/08/2026 08:05,1-0179,Sale,125.00,0.00,125.00,0.00,125.00,0.00,125.00,Cash,1 x LAMPEIN - M 12PCS,Dine in,POS 1,Route 98 - Minimart,Owner,,,Closed
18/08/2026 21:18,1-0178,Sale,75.00,0.00,75.00,0.00,75.00,60.00,15.00,Cash,1 x RED HORSE 500,Dine in,POS 1,Route 98 - Minimart,Owner,,,Closed
18/08/2026 21:18,1-0177,Sale,24.00,0.00,24.00,0.00,24.00,8.19,15.81,Cash,"1 x MR CHIPS MANAMIS MAIS 45G, 1 x SUPER CRUNCH SPECIAL CHIP CHARON 32G",Dine in,POS 1,Route 98 - Minimart,Owner,,,Closed
18/08/2026 21:14,1-0176,Sale,253.50,0.00,253.50,0.00,253.50,112.10,141.40,Cash,"5 x CLOUD 9 CLASSIC, 1 x PIATTOS SOUR CREAM 85G, 1 x MR CHIPS NACHO CHEESE 98G, 1 x CHIPPY BBQ 108G, 3 x DINGDONG MIXED NUTS 100G, 1 x PEEWEE SPICY CHILI 25G, 1 x OISHI RINBEE",Dine in,POS 1,Route 98 - Minimart,Owner,,,Closed
18/08/2026 21:12,1-0175,Sale,40.00,0.00,40.00,0.00,40.00,28.25,11.75,Cash,"1 x COLGATE, 1 x DINGDONG MIXED NUT 30G, 1 x SAFEGUARD EXTRA STRONG COOLING",Dine in,POS 1,Route 98 - Minimart,Owner,,,Closed
18/08/2026 20:56,1-0174,Sale,88.00,0.00,88.00,0.00,88.00,25.40,62.60,Cash,"4 x SUPER CRUNCH SPECIAL CHIP CHARON 32G, 4 x CLOUD 9 CLASSIC",Dine in,POS 1,Route 98 - Minimart,Owner,,,Closed
18/08/2026 19:49,1-0173,Sale,93.00,0.00,93.00,0.00,93.00,11.74,81.26,Cash,"2 x NIPS MILK CHOCO 14G, 1 x DINGDONG MIXED NUTS 100G, 2 x YAKULT, 1 x CHEEZ IT, 1 x MOBY CARAMEL",Dine in,POS 1,Route 98 - Minimart,Owner,,,Closed
18/08/2026 19:37,1-0172,Sale,10.00,0.00,10.00,0.00,10.00,7.92,2.08,Cash,1 x MAGIC CHIPS BBQ,Dine in,POS 1,Route 98 - Minimart,Owner,,,Closed
18/08/2026 19:26,1-0171,Sale,44.00,0.00,44.00,0.00,44.00,35.05,8.95,Cash,"1 x VITAMILK(DOUBLECHOCO) 300ML, 1 x MAGIC CREAMS BUTTER",Dine in,POS 1,Route 98 - Minimart,Owner,,,Closed
18/08/2026 19:14,1-0170,Sale,140.50,0.00,140.50,0.00,140.50,42.00,98.50,Cash,"1 x ZONROX ORIG 500, 3 x ARIEL TWIN JUMBO POWDER SUNRISE FRESH 66G, 6 x DOWNY ANTIBAC",Dine in,POS 1,Route 98 - Minimart,Owner,,,Closed
18/08/2026 16:01,2-0022,Sale,37.00,0.00,37.00,0.00,37.00,28.67,8.33,Cash,"2 x PILLOWS UBE 24G, 1 x OVERLOAD CHOCO STRWBRRY, 1 x CHIZ CURLS 18G",Dine in,POS 2,Route 98 - Minimart,Owner,,,Closed
18/08/2026 14:02,1-0169,Sale,25.00,0.00,25.00,0.00,25.00,20.00,5.00,Cash,1 x COBRA ASTIG 330ML,Dine in,POS 1,Route 98 - Minimart,Owner,,,Closed
18/08/2026 12:40,1-0168,Sale,18.00,0.00,18.00,0.00,18.00,0.00,18.00,Cash,1 x LIFT CITRUS BLAST 320,Dine in,POS 1,Route 98 - Minimart,Owner,,,Closed
18/08/2026 11:59,1-0167,Sale,12.00,0.00,12.00,0.00,12.00,8.65,3.35,Cash,1 x REFRESH 500ML,Dine in,POS 1,Route 98 - Minimart,Owner,,,Closed
18/08/2026 11:48,1-0166,Sale,25.00,0.00,25.00,0.00,25.00,0.00,25.00,Cash,1 x STING STRWBRRY 320ML,Dine in,POS 1,Route 98 - Minimart,Owner,,,Closed
18/08/2026 11:38,1-0165,Sale,15.00,0.00,15.00,0.00,15.00,0.00,15.00,Cash,1 x WILKINS PURE 500,Dine in,POS 1,Route 98 - Minimart,Owner,,,Closed
18/08/2026 11:37,1-0164,Sale,18.00,0.00,18.00,0.00,18.00,0.00,18.00,Cash,1 x LIFT CITRUS BLAST 320,Dine in,POS 1,Route 98 - Minimart,Owner,,,Closed
18/08/2026 11:16,1-0163,Sale,22.00,0.00,22.00,0.00,22.00,6.13,15.87,Cash,"1 x MINUTE MAID 250, 1 x PRESTO PEANUT BUTTER",Dine in,POS 1,Route 98 - Minimart,Owner,,,Closed
18/08/2026 10:51,1-0162,Sale,20.00,0.00,20.00,0.00,20.00,16.35,3.65,Cash,1 x MOUNTAIN DEW (290ML),Dine in,POS 1,Route 98 - Minimart,Owner,,,Closed
18/08/2026 10:51,1-0161,Sale,15.00,0.00,15.00,0.00,15.00,0.00,15.00,Cash,1 x COCA COLA 190ML,Dine in,POS 1,Route 98 - Minimart,Owner,,,Closed
18/08/2026 09:52,1-0160,Sale,20.00,0.00,20.00,0.00,20.00,12.26,7.74,Cash,2 x PRESTO CHOCO,Dine in,POS 1,Route 98 - Minimart,Owner,,,Closed
17/08/2026 20:46,1-0159,Sale,116.00,0.00,116.00,0.00,116.00,0.00,116.00,Cash,"1 x SUPER CRUNCH CHEESE 5G, 1 x OISHI RINBEE, 2 x C2 SOLO APPLE 230ML, 1 x #misc",Dine in,POS 1,Route 98 - Minimart,Owner,,,Closed
17/08/2026 19:06,1-0158,Sale,20.00,0.00,20.00,0.00,20.00,16.35,3.65,Cash,1 x MOUNTAIN DEW (290ML),Dine in,POS 1,Route 98 - Minimart,Owner,,,Closed
17/08/2026 16:50,1-0157,Sale,25.00,0.00,25.00,0.00,25.00,20.00,5.00,Cash,1 x COBRA ASTIG 330ML,Dine in,POS 1,Route 98 - Minimart,Owner,,,Closed
17/08/2026 16:31,1-0156,Sale,15.00,0.00,15.00,0.00,15.00,12.35,2.65,Cash,1 x GREAT TASTE PREMIUM ROAST,Dine in,POS 1,Route 98 - Minimart,Owner,,,Closed
17/08/2026 16:04,1-0155,Sale,10.00,0.00,10.00,0.00,10.00,0.00,10.00,Cash,5 x HAPPY HOT N SPICY,Dine in,POS 1,Route 98 - Minimart,Owner,,,Closed
17/08/2026 15:58,1-0154,Sale,150.00,0.00,150.00,0.00,150.00,120.00,30.00,Cash,2 x RED HORSE 500,Dine in,POS 1,Route 98 - Minimart,Owner,,,Closed
17/08/2026 15:17,1-0153,Sale,46.00,0.00,46.00,0.00,46.00,0.00,46.00,Cash,2 x HOLIDAY P&B 170G,Dine in,POS 1,Route 98 - Minimart,Owner,,,Closed
17/08/2026 15:01,1-0152,Sale,28.00,0.00,28.00,0.00,28.00,0.00,28.00,Cash,"1 x MOBY CARAMEL, 1 x LIFT CITRUS BLAST 320",Dine in,POS 1,Route 98 - Minimart,Owner,,,Closed
17/08/2026 14:19,1-0151,Sale,65.00,0.00,65.00,0.00,65.00,0.00,65.00,Cash,1 x TANDUAY RHUM 65P 375,Dine in,POS 1,Route 98 - Minimart,Owner,,,Closed
17/08/2026 13:31,1-0150,Sale,27.00,0.00,27.00,0.00,27.00,16.65,10.35,Cash,3 x MAGIC CREAMS PEANUT BUTTER,Dine in,POS 1,Route 98 - Minimart,Owner,,,Closed
17/08/2026 13:30,1-0149,Sale,15.00,0.00,15.00,0.00,15.00,0.00,15.00,Cash,3 x DINGDONG MIXED NUT 30G,Dine in,POS 1,Route 98 - Minimart,Owner,,,Closed
17/08/2026 13:07,1-0148,Sale,25.00,0.00,25.00,0.00,25.00,20.00,5.00,Cash,1 x COBRA ASTIG 330ML,Dine in,POS 1,Route 98 - Minimart,Owner,,,Closed
17/08/2026 12:08,1-0147,Sale,20.00,0.00,20.00,0.00,20.00,16.35,3.65,Cash,1 x MOUNTAIN DEW (290ML),Dine in,POS 1,Route 98 - Minimart,Owner,,,Closed
17/08/2026 11:46,1-0146,Sale,15.00,0.00,15.00,0.00,15.00,0.00,15.00,Cash,1 x ROYAL 190,Dine in,POS 1,Route 98 - Minimart,Owner,,,Closed
17/08/2026 11:17,1-0145,Sale,65.00,0.00,65.00,0.00,65.00,0.00,65.00,Cash,"1 x COCA COLA 290ML, 1 x SAN MARINO SPANISH STYLE TUNA",Dine in,POS 1,Route 98 - Minimart,Owner,,,Closed
17/08/2026 09:26,1-0144,Sale,25.00,0.00,25.00,0.00,25.00,0.00,25.00,Cash,1 x STING STRWBRRY 320ML,Dine in,POS 1,Route 98 - Minimart,Owner,,,Closed
17/08/2026 08:24,1-0143,Sale,50.00,0.00,50.00,0.00,50.00,0.00,50.00,Cash,2 x SUMMIT (1000ML),Dine in,POS 1,Route 98 - Minimart,Owner,,,Closed
16/08/2026 22:20,1-0142,Sale,80.00,0.00,80.00,0.00,80.00,0.00,80.00,Cash,"1 x TATTOOS CORN CHIPS CHEESE 58G, 1 x TATTOOS CORN CHIPS SWEET CORN 58G, 1 x VINO KULAFU 350",Dine in,POS 1,Route 98 - Minimart,Owner,,,Closed
16/08/2026 21:43,1-0141,Sale,30.00,0.00,30.00,0.00,30.00,21.77,8.23,Cash,"2 x GREAT TASTE STICK, 1 x MOUNTAIN DEW (290ML)",Dine in,POS 1,Route 98 - Minimart,Owner,,,Closed
16/08/2026 21:15,1-0140,Sale,20.00,0.00,20.00,0.00,20.00,0.00,20.00,Cash,"1 x PEEWEE SPICY CHILI 25G, 1 x CRISPY PATATA 24G",Dine in,POS 1,Route 98 - Minimart,Owner,,,Closed
16/08/2026 21:14,1-0139,Sale,140.00,0.00,140.00,0.00,140.00,120.00,20.00,Cash,1 x RED HORSE LITRO,Dine in,POS 1,Route 98 - Minimart,Owner,,,Closed
16/08/2026 20:31,1-0138,Sale,30.00,0.00,30.00,0.00,30.00,16.35,13.65,Cash,"1 x MOUNTAIN DEW (290ML), 1 x natalicious",Dine in,POS 1,Route 98 - Minimart,Owner,,,Closed
16/08/2026 20:25,1-0137,Sale,52.00,0.00,52.00,0.00,52.00,29.50,22.50,Cash,"1 x C2 SOLO APPLE 230ML, 1 x VITAMILK(DOUBLECHOCO) 300ML",Dine in,POS 1,Route 98 - Minimart,Owner,,,Closed
16/08/2026 18:40,2-0021,Sale,126.00,0.00,126.00,0.00,126.00,25.35,100.65,Cash,"3 x NESCAFE CREAMY WHITE TWIN PACK, 3 x ENERGEN VNLA, 3 x NESCAFE ORIGINAL TWIN PACK",Dine in,POS 2,Route 98 - Minimart,Owner,,,Closed
16/08/2026 18:12,2-0020,Sale,17.00,0.00,17.00,0.00,17.00,0.00,17.00,Cash,1 x C2 SOLO APPLE 230ML,Dine in,POS 2,Route 98 - Minimart,Owner,,,Closed
16/08/2026 18:01,1-0136,Sale,25.00,0.00,25.00,0.00,25.00,0.00,25.00,Cash,1 x SUMMIT (1000ML),Dine in,POS 1,Route 98 - Minimart,Owner,,,Closed
16/08/2026 17:49,1-0135,Sale,10.00,0.00,10.00,0.00,10.00,0.00,10.00,Cash,1 x PEEWEE PZZA SUPREME,Dine in,POS 1,Route 98 - Minimart,Owner,,,Closed
16/08/2026 17:32,1-0134,Sale,64.00,0.00,64.00,0.00,64.00,42.11,21.89,Cash,"1 x UNILOVE SQUALANE WIPES, 3 x NIPS PEANUT 14G",Dine in,POS 1,Route 98 - Minimart,Owner,,,Closed
16/08/2026 17:31,1-0133,Sale,20.00,0.00,20.00,0.00,20.00,0.00,20.00,Cash,"1 x PEEWEE PZZA SUPREME, 1 x MANG JUAN SUKAT SILI 26G",Dine in,POS 1,Route 98 - Minimart,Owner,,,Closed
16/08/2026 17:01,1-0132,Sale,50.00,0.00,50.00,0.00,50.00,0.00,50.00,Cash,2 x SUMMIT (1000ML),Dine in,POS 1,Route 98 - Minimart,Owner,,,Cancelled
16/08/2026 16:51,2-0019,Sale,35.00,0.00,35.00,0.00,35.00,16.75,18.25,Cash,"1 x STING 290ML, 1 x WILKINS PURE 500",Dine in,POS 2,Route 98 - Minimart,Owner,,,Closed
16/08/2026 16:32,2-0018,Sale,60.00,0.00,60.00,0.00,60.00,44.02,15.98,Cash,2 x NISSIN CUP NOODLES SPCYSF,Dine in,POS 2,Route 98 - Minimart,Owner,,,Closed
16/08/2026 16:23,2-0017,Sale,10.00,0.00,10.00,0.00,10.00,0.00,10.00,Cash,1 x OISHI ONION RNGS,Dine in,POS 2,Route 98 - Minimart,Owner,,,Closed
16/08/2026 16:19,2-0016,Sale,15.00,0.00,15.00,0.00,15.00,0.00,15.00,Cash,1 x NUTRIBOOST CHOCO 110,Dine in,POS 2,Route 98 - Minimart,Owner,,,Closed
16/08/2026 16:19,2-0015,Sale,75.00,0.00,75.00,0.00,75.00,0.00,75.00,Cash,1 x COCA COLA 1.75L,Dine in,POS 2,Route 98 - Minimart,Owner,,,Closed
16/08/2026 16:17,2-0014,Sale,15.00,0.00,15.00,0.00,15.00,0.00,15.00,Cash,1 x WILKINS PURE 500,Dine in,POS 2,Route 98 - Minimart,Owner,,,Closed
16/08/2026 15:57,2-0013,Sale,101.00,0.00,101.00,0.00,101.00,24.44,76.56,Cash,"1 x #misc, 1 x OISHI RINBEE, 1 x PEEWEE PZZA SUPREME, 1 x PEEWEE SPICY CHILI 25G, 2 x CLOUD 9 CLASSIC, 2 x NIPS PEANUT 14G",Dine in,POS 2,Route 98 - Minimart,Owner,,,Closed
16/08/2026 15:49,2-0012,Sale,50.00,0.00,50.00,0.00,50.00,0.00,50.00,Cash,1 x COCA COLA 1L,Dine in,POS 2,Route 98 - Minimart,Owner,,,Closed
16/08/2026 15:37,2-0011,Sale,17.00,0.00,17.00,0.00,17.00,0.00,17.00,Cash,1 x C2 SOLO APPLE 230ML,Dine in,POS 2,Route 98 - Minimart,Owner,,,Closed
16/08/2026 15:35,2-0010,Sale,15.00,0.00,15.00,0.00,15.00,0.00,15.00,Cash,1 x COCA COLA 190ML,Dine in,POS 2,Route 98 - Minimart,Owner,,,Closed
16/08/2026 15:28,2-0009,Sale,15.00,0.00,15.00,0.00,15.00,0.00,15.00,Cash,1 x NUTRIBOOST STRWBRRY 110,Dine in,POS 2,Route 98 - Minimart,Owner,,,Closed
16/08/2026 15:27,2-0008,Sale,25.00,0.00,25.00,0.00,25.00,0.00,25.00,Cash,1 x SUMMIT (1000ML),Dine in,POS 2,Route 98 - Minimart,Owner,,,Closed
16/08/2026 15:19,2-0007,Sale,9.00,0.00,9.00,0.00,9.00,0.00,9.00,Cash,1 x CHEEZ IT,Dine in,POS 2,Route 98 - Minimart,Owner,,,Closed
16/08/2026 15:17,2-0006,Sale,168.00,0.00,168.00,0.00,168.00,77.22,90.78,Cash,"1 x GATORADE (BLUE BOLT) 500ML, 3 x SUMMIT (1000ML), 3 x NIPS PEANUT 14G, 3 x NIPS MILK CHOCO 14G",Dine in,POS 2,Route 98 - Minimart,Owner,,,Closed
16/08/2026 14:48,2-0005,Sale,25.00,0.00,25.00,0.00,25.00,20.00,5.00,Cash,1 x COBRA ASTIG 330ML,Dine in,POS 2,Route 98 - Minimart,Owner,,,Closed
16/08/2026 14:37,2-0004,Sale,32.00,0.00,32.00,0.00,32.00,29.50,2.50,Cash,1 x VITAMILK(DOUBLECHOCO) 300ML,Dine in,POS 2,Route 98 - Minimart,Owner,,,Closed
16/08/2026 14:32,2-0003,Sale,58.00,0.00,58.00,0.00,58.00,29.50,28.50,Cash,"2 x MOBY CARAMEL, 1 x VITAMILK(DOUBLECHOCO) 300ML",Dine in,POS 2,Route 98 - Minimart,Owner,,,Closed
16/08/2026 14:23,2-0002,Sale,60.00,0.00,60.00,0.00,60.00,0.00,60.00,Cash,"1 x COCA COLA 1L, 1 x MOBY CARAMEL",Dine in,POS 2,Route 98 - Minimart,Owner,,,Closed
16/08/2026 14:11,2-0001,Sale,90.00,0.00,90.00,0.00,90.00,0.00,90.00,Cash,1 x #misc,,POS 2,Route 98 - Minimart,Owner,,,Closed
16/08/2026 12:34,1-0131,Sale,22.00,0.00,22.00,0.00,22.00,6.13,15.87,Cash,"1 x PRESTO PEANUT BUTTER, 1 x MINUTE MAID 250",Dine in,POS 1,Route 98 - Minimart,Owner,,,Closed
16/08/2026 12:30,1-0130,Sale,25.00,0.00,25.00,0.00,25.00,15.50,9.50,Cash,1 x NATURE'S SPRING PURE 1000ML,Dine in,POS 1,Route 98 - Minimart,Owner,,,Closed
16/08/2026 12:27,1-0129,Sale,25.00,0.00,25.00,0.00,25.00,15.50,9.50,Cash,1 x NATURE'S SPRING PURE 1000ML,Dine in,POS 1,Route 98 - Minimart,Owner,,,Closed
16/08/2026 12:25,1-0128,Sale,36.00,0.00,36.00,0.00,36.00,27.34,8.66,Cash,"2 x FRUIT SALAD, 2 x MAGIC CHIPS CHEESE",Dine in,POS 1,Route 98 - Minimart,Owner,,,Closed
16/08/2026 08:59,1-0127,Sale,40.00,0.00,40.00,0.00,40.00,0.00,40.00,Cash,"1 x SUPER CRUNCH CHEESE 5G, 1 x STING STRWBRRY 320ML, 1 x FUEGO MATCH - PIECE",Dine in,POS 1,Route 98 - Minimart,Owner,,,Closed
15/08/2026 22:17,1-0126,Sale,420.00,0.00,420.00,0.00,420.00,0.00,420.00,Cash,1 x FUNDADOR LIGHT,Dine in,POS 1,Route 98 - Minimart,Owner,,,Closed
15/08/2026 21:25,1-0125,Sale,90.00,0.00,90.00,0.00,90.00,0.00,90.00,Cash,10 x DOWNY ANTIBAC,Dine in,POS 1,Route 98 - Minimart,Owner,,,Closed
15/08/2026 20:54,1-0124,Sale,60.00,0.00,60.00,0.00,60.00,0.00,60.00,Cash,"4 x natalicious, 10 x HIHO GARLIC",Dine in,POS 1,Route 98 - Minimart,Owner,,,Closed
15/08/2026 18:44,1-0123,Sale,25.00,0.00,25.00,0.00,25.00,15.50,9.50,Cash,1 x NATURE'S SPRING PURE 1000ML,Dine in,POS 1,Route 98 - Minimart,Owner,,,Closed
15/08/2026 17:52,1-0122,Sale,8.00,0.00,8.00,0.00,8.00,0.00,8.00,Cash,1 x NOVA COUNTRY CHEDDAR 20G,Dine in,POS 1,Route 98 - Minimart,Owner,,,Closed
15/08/2026 17:51,1-0121,Sale,12.00,0.00,12.00,0.00,12.00,0.00,12.00,Cash,1 x MINUTE MAID 250,Dine in,POS 1,Route 98 - Minimart,Owner,,,Closed
15/08/2026 17:34,1-0120,Sale,32.00,0.00,32.00,0.00,32.00,0.00,32.00,Cash,"1 x NUTRIBOOST STRWBRRY 110, 1 x C2 SOLO APPLE 230ML",Dine in,POS 1,Route 98 - Minimart,Owner,,,Closed
15/08/2026 17:33,1-0119,Sale,30.00,0.00,30.00,0.00,30.00,0.00,30.00,Cash,"1 x COCA COLA 290ML, 1 x MOBY CARAMEL",Dine in,POS 1,Route 98 - Minimart,Owner,,,Closed
15/08/2026 15:20,1-0118,Sale,37.00,0.00,37.00,0.00,37.00,23.69,13.31,Cash,"1 x NATURE'S SPRING PURE 1000ML, 1 x MR CHIPS MANAMIS MAIS 45G",Dine in,POS 1,Route 98 - Minimart,Owner,,,Closed
15/08/2026 14:45,1-0117,Sale,34.00,0.00,34.00,0.00,34.00,0.00,34.00,Cash,2 x C2 SOLO APPLE 230ML,Dine in,POS 1,Route 98 - Minimart,Owner,,,Closed
15/08/2026 14:32,1-0116,Sale,138.50,0.00,138.50,0.00,138.50,38.00,100.50,Cash,"2 x C2 SOLO APPLE 230ML, 2 x NUTRIBOOST STRWBRRY 110, 1 x NATURE'S SPRING PURE 1000ML, 1 x PIATTOS CHEESE 40G, 1 x MANG JUAN SUKAT SILI 90G",Dine in,POS 1,Route 98 - Minimart,Owner,,,Closed
15/08/2026 13:45,1-0115,Sale,9.00,0.00,9.00,0.00,9.00,5.55,3.45,Cash,1 x MAGIC CREAMS BUTTER,Dine in,POS 1,Route 98 - Minimart,Owner,,,Closed
15/08/2026 13:07,1-0114,Sale,660.00,0.00,660.00,0.00,660.00,630.00,30.00,Cash,3 x 1 Case Softdrinks,Dine in,POS 1,Route 98 - Minimart,Owner,,,Closed
15/08/2026 12:52,1-0113,Sale,50.00,0.00,50.00,0.00,50.00,0.00,50.00,Cash,1 x GATORADE TROPICAL FRUIT 500ML,Dine in,POS 1,Route 98 - Minimart,Owner,,,Closed
15/08/2026 12:31,1-0112,Sale,43.00,0.00,43.00,0.00,43.00,0.00,43.00,Cash,"2 x COCA COLA 290ML, 1 x FUEGO MATCH - PIECE",Dine in,POS 1,Route 98 - Minimart,Owner,,,Closed
15/08/2026 11:42,1-0111,Sale,12.00,0.00,12.00,0.00,12.00,0.00,12.00,Cash,1 x MINUTE MAID 250,Dine in,POS 1,Route 98 - Minimart,Owner,,,Closed
15/08/2026 10:46,1-0110,Sale,30.00,0.00,30.00,0.00,30.00,0.00,30.00,Cash,2 x LUCKYME PANCITCANTON ORIG,Dine in,POS 1,Route 98 - Minimart,Owner,,,Closed
15/08/2026 10:38,1-0109,Sale,12.00,0.00,12.00,0.00,12.00,0.00,12.00,Cash,1 x MINUTE MAID 250,Dine in,POS 1,Route 98 - Minimart,Owner,,,Closed
15/08/2026 10:35,1-0108,Sale,25.00,0.00,25.00,0.00,25.00,0.00,25.00,Cash,1 x STING STRWBRRY 320ML,Dine in,POS 1,Route 98 - Minimart,Owner,,,Closed
15/08/2026 10:35,1-0107,Sale,63.00,0.00,63.00,0.00,63.00,12.26,50.74,Cash,"1 x STING STRWBRRY 320ML, 1 x LIFT BERRY BOLT 320, 2 x PRESTO CHOCO",Dine in,POS 1,Route 98 - Minimart,Owner,,,Closed
14/08/2026 21:34,1-0106,Sale,50.00,0.00,50.00,0.00,50.00,0.00,50.00,Cash,1 x COCA COLA 1L,Dine in,POS 1,Route 98 - Minimart,Owner,,,Closed
14/08/2026 21:16,1-0105,Sale,53.00,0.00,53.00,0.00,53.00,41.00,12.00,Cash,1 x SM FLAVORED BEER APPLE,Dine in,POS 1,Route 98 - Minimart,Owner,,,Closed
14/08/2026 21:00,1-0104,Sale,12.00,0.00,12.00,0.00,12.00,8.65,3.35,Cash,1 x REFRESH 500ML,Dine in,POS 1,Route 98 - Minimart,Owner,,,Closed
14/08/2026 20:52,1-0103,Sale,166.00,0.00,166.00,0.00,166.00,82.00,84.00,Cash,"2 x SM FLAVORED BEER APPLE, 1 x #misc",Dine in,POS 1,Route 98 - Minimart,Owner,,,Closed
14/08/2026 20:30,1-0102,Sale,25.00,0.00,25.00,0.00,25.00,15.50,9.50,Cash,1 x NATURE'S SPRING PURE 1000ML,Dine in,POS 1,Route 98 - Minimart,Owner,,,Closed
14/08/2026 20:11,1-0101,Sale,20.00,0.00,20.00,0.00,20.00,0.00,20.00,Cash,1 x COCA COLA 290ML,Dine in,POS 1,Route 98 - Minimart,Owner,,,Closed
14/08/2026 19:27,1-0100,Sale,20.00,0.00,20.00,0.00,20.00,0.00,20.00,Cash,1 x COCA COLA 290ML,Dine in,POS 1,Route 98 - Minimart,Owner,,,Closed
14/08/2026 19:18,1-0099,Sale,20.00,0.00,20.00,0.00,20.00,12.26,7.74,Cash,2 x PRESTO PEANUT BUTTER,Dine in,POS 1,Route 98 - Minimart,Owner,,,Closed
14/08/2026 18:28,1-0098,Sale,120.00,0.00,120.00,0.00,120.00,27.76,92.24,Cash,"1 x COCA COLA 1.75L, 1 x NATURE'S SPRING PURE 1000ML, 2 x PRESTO CHOCO",Dine in,POS 1,Route 98 - Minimart,Owner,,,Closed
14/08/2026 18:21,1-0097,Sale,10.00,0.00,10.00,0.00,10.00,0.00,10.00,Cash,1 x natalicious,Dine in,POS 1,Route 98 - Minimart,Owner,,,Closed
14/08/2026 17:57,1-0096,Sale,32.00,0.00,32.00,0.00,32.00,0.00,32.00,Cash,"6 x BLACK CHILI BBQ 7G, 10 x HAPPY HOT N SPICY",Dine in,POS 1,Route 98 - Minimart,Owner,,,Closed
14/08/2026 17:55,1-0095,Sale,48.00,0.00,48.00,0.00,48.00,6.13,41.87,Cash,"1 x GATORADE BLUE BOLT 350ML, 1 x PRESTO CHOCO",Dine in,POS 1,Route 98 - Minimart,Owner,,,Closed
14/08/2026 17:36,1-0094,Sale,12.00,0.00,12.00,0.00,12.00,0.00,12.00,Cash,1 x MINUTE MAID 250,Dine in,POS 1,Route 98 - Minimart,Owner,,,Closed
14/08/2026 17:15,1-0093,Sale,32.00,0.00,32.00,0.00,32.00,0.00,32.00,Cash,"1 x COCA COLA 290ML, 1 x MINUTE MAID 250",Dine in,POS 1,Route 98 - Minimart,Owner,,,Closed
14/08/2026 12:09,1-0092,Sale,60.00,0.00,60.00,0.00,60.00,0.00,60.00,Cash,"1 x GATORADE BLUE BOLT 350ML, 1 x C2 SOLO APPLE 230ML, 1 x DINGDONG MIXED NUT 30G",Dine in,POS 1,Route 98 - Minimart,Owner,,,Closed
14/08/2026 11:46,1-0091,Sale,38.00,0.00,38.00,0.00,38.00,33.18,4.82,Cash,1 x LA MIA TUNA AFRTDA,Dine in,POS 1,Route 98 - Minimart,Owner,,,Closed
14/08/2026 10:55,1-0090,Sale,24.00,0.00,24.00,0.00,24.00,17.30,6.70,Cash,2 x REFRESH 500ML,Dine in,POS 1,Route 98 - Minimart,Owner,,,Closed
14/08/2026 10:32,1-0089,Sale,72.00,0.00,72.00,0.00,72.00,47.13,24.87,Cash,"1 x MR CHIPS NACHO CHEESE 98G, 1 x CHIPPY BBQ 108G, 1 x MINUTE MAID 250",Dine in,POS 1,Route 98 - Minimart,Owner,,,Closed
14/08/2026 10:21,1-0088,Sale,30.00,0.00,30.00,0.00,30.00,0.00,30.00,Cash,2 x WILKINS PURE 500,Dine in,POS 1,Route 98 - Minimart,Owner,,,Closed
13/08/2026 21:55,1-0087,Sale,75.00,0.00,75.00,0.00,75.00,15.50,59.50,Cash,"1 x COCA COLA 1L, 1 x NATURE'S SPRING PURE 1000ML",Dine in,POS 1,Route 98 - Minimart,Owner,,,Closed
13/08/2026 21:55,1-0086,Sale,69.00,0.00,69.00,0.00,69.00,0.00,69.00,Cash,"2 x MEGASOFT TISSUE, 2 x C2 SOLO APPLE 230ML",Dine in,POS 1,Route 98 - Minimart,Owner,,,Closed
13/08/2026 15:06,1-0085,Sale,35.00,0.00,35.00,0.00,35.00,0.00,35.00,Cash,2 x MEGASOFT TISSUE,Dine in,POS 1,Route 98 - Minimart,Owner,,,Closed
12/08/2026 21:34,1-0084,Sale,126.00,0.00,126.00,0.00,126.00,0.00,126.00,Cash,"3 x GATORADE BLUE BOLT 350ML, 1 x SWEETCHILI CHPS BBQ",Dine in,POS 1,Route 98 - Minimart,Owner,,,Closed
12/08/2026 21:07,1-0083,Sale,261.00,0.00,261.00,0.00,261.00,0.00,261.00,Cash,"5 x DOWNY ANTIBAC, 9 x SURF POWDER KALAMANSI, 3 x ENERGEN VNLA, 3 x NESCAFE CREAMY WHITE TWIN PACK, 3 x NESCAFE ORIGINAL TWIN PACK",Dine in,POS 1,Route 98 - Minimart,Owner,,,Closed
12/08/2026 21:04,1-0082,Sale,99.00,0.00,99.00,0.00,99.00,0.00,99.00,Cash,"1 x COCA COLA 1.75L, 3 x NOVA COUNTRY CHEDDAR 20G",Dine in,POS 1,Route 98 - Minimart,Owner,,,Closed
12/08/2026 21:02,1-0081,Sale,20.00,0.00,20.00,0.00,20.00,0.00,20.00,Cash,1 x COCA COLA 290ML,Dine in,POS 1,Route 98 - Minimart,Owner,,,Closed
12/08/2026 15:37,1-0080,Sale,24.00,0.00,24.00,0.00,24.00,5.55,18.45,Cash,"1 x ROYAL 190, 1 x MAGIC CREAMS PEANUT BUTTER",Dine in,POS 1,Route 98 - Minimart,Owner,,,Closed
12/08/2026 14:31,1-0079,Sale,18.00,0.00,18.00,0.00,18.00,0.00,18.00,Cash,1 x LIFT BERRY BOLT 320,Dine in,POS 1,Route 98 - Minimart,Owner,,,Closed
12/08/2026 14:24,1-0078,Sale,25.00,0.00,25.00,0.00,25.00,15.50,9.50,Cash,1 x NATURE'S SPRING PURE 1000ML,Dine in,POS 1,Route 98 - Minimart,Owner,,,Closed
12/08/2026 12:19,1-0077,Sale,10.00,0.00,10.00,0.00,10.00,6.35,3.65,Cash,1 x CLOUD 9 CLASSIC,Dine in,POS 1,Route 98 - Minimart,Owner,,,Closed
12/08/2026 11:49,1-0076,Sale,50.00,0.00,50.00,0.00,50.00,0.00,50.00,Cash,1 x COCA COLA 1L,Dine in,POS 1,Route 98 - Minimart,Owner,,,Closed
12/08/2026 11:43,1-0075,Sale,20.00,0.00,20.00,0.00,20.00,0.00,20.00,Cash,1 x COCA COLA 290ML,Dine in,POS 1,Route 98 - Minimart,Owner,,,Closed
12/08/2026 10:40,1-0074,Sale,75.00,0.00,75.00,0.00,75.00,7.92,67.08,Cash,"1 x C2 SOLO APPLE 230ML, 2 x RICHEE, 1 x SISTERS DRY MAXI 8, 1 x MAGIC CHIPS CHEESE",Dine in,POS 1,Route 98 - Minimart,Owner,,,Closed
12/08/2026 08:53,1-0073,Sale,25.00,0.00,25.00,0.00,25.00,15.50,9.50,Cash,1 x NATURE'S SPRING PURE 1000ML,Dine in,POS 1,Route 98 - Minimart,Owner,,,Closed
12/08/2026 08:46,1-0072,Sale,25.00,0.00,25.00,0.00,25.00,0.00,25.00,Cash,1 x STING STRWBRRY 320ML,Dine in,POS 1,Route 98 - Minimart,Owner,,,Closed
11/08/2026 20:44,1-0071,Sale,15.00,0.00,15.00,0.00,15.00,0.00,15.00,Cash,1 x COCA COLA 190ML,Dine in,POS 1,Route 98 - Minimart,Owner,,,Closed
11/08/2026 20:26,1-0070,Sale,58.65,0.00,58.65,0.00,58.65,15.00,43.65,Cash,"1 x REFRESH 500ML, 1 x COCA COLA 1L",Dine in,POS 1,Route 98 - Minimart,Owner,,,Closed
11/08/2026 19:02,1-0069,Sale,15.00,0.00,15.00,0.00,15.00,0.00,15.00,Cash,1 x LUCKYME PANCITCANTON ORIG,Dine in,POS 1,Route 98 - Minimart,Owner,,,Closed
11/08/2026 18:55,1-0068,Sale,91.00,0.00,91.00,0.00,91.00,0.00,91.00,Cash,"3 x WINGS POWDER BLUE 57G, 2 x NUTRIBOOST CHOCO 110, 1 x STING STRWBRRY 320ML, 1 x MINUTE MAID 250",Dine in,POS 1,Route 98 - Minimart,Owner,,,Closed
11/08/2026 16:38,1-0067,Sale,159.00,0.00,159.00,0.00,159.00,15.50,143.50,Cash,"1 x RICHEE, 1 x CHIPPY BBQ 25G, 1 x DINGDONG MIXED NUTS 100G, 2 x COCA COLA 290ML, 2 x C2 SOLO APPLE 230ML, 1 x NATURE'S SPRING PURE 1000ML, 1 x SUPER CRUNCH SPECIAL CHIP CHARON 32G",Dine in,POS 1,Route 98 - Minimart,Owner,,,Closed
11/08/2026 16:35,1-0066,Sale,254.00,0.00,254.00,0.00,254.00,46.50,207.50,Cash,"2 x YAKULT, 1 x NATURE'S SPRING PURE 1000ML, 1 x COCA COLA 290ML, 2 x NATURE'S SPRING PURE 1000ML, 1 x STING STRWBRRY 320ML, 1 x SWTCHLI CRNCHPS BBQ 7G, 1 x OISHI ONION RNGS, 1 x WILKINS PURE 500, 1 x PIATTOS CHEESE 40G, 1 x C2 SOLO APPLE 230ML, 1 x TATTOOS CORN CHIPS SWEET CORN 58G, 1 x WILKINS PURE 500",Dine in,POS 1,Route 98 - Minimart,Owner,,,Closed
11/08/2026 16:13,1-0065,Sale,37.00,0.00,37.00,0.00,37.00,15.50,21.50,Cash,"1 x NATURE'S SPRING PURE 1000ML, 1 x BLACK CHILI CORN CHIPS BBQ",Dine in,POS 1,Route 98 - Minimart,Owner,,,Closed
10/08/2026 22:16,1-0064,Sale,283.50,0.00,283.50,0.00,283.50,0.00,283.50,Cash,"1 x TATTOOS CORN CHIPS SWEET CORN 58G, 1 x CHICK BOY ONION & GARLIC 30G, 1 x CHICK BOY TEXAS BBQ 30G, 1 x MR. CHIPS  NACHO CHEEZE 4G, 1 x ODONG PACK, 1 x MISUA PACK 12S, 1 x SPEED BAR SPECKLED BLUE, 1 x ZONROXLEMON500, 9 x PALMOLIVE AD+SH",Dine in,POS 1,Route 98 - Minimart,Owner,,,Closed
10/08/2026 20:23,1-0063,Sale,117.00,0.00,117.00,0.00,117.00,0.00,117.00,Cash,"1 x C2 SOLO APPLE 230ML, 2 x COCA COLA 1L",Dine in,POS 1,Route 98 - Minimart,Owner,,,Closed
10/08/2026 20:21,1-0062,Sale,47.00,0.00,47.00,0.00,47.00,0.00,47.00,Cash,"1 x COCA COLA 290ML, 1 x MINUTE MAID 250, 1 x WILKINS PURE 500",Dine in,POS 1,Route 98 - Minimart,Owner,,,Closed
10/08/2026 19:08,1-0061,Sale,28.50,0.00,28.50,0.00,28.50,0.00,28.50,Cash,1 x EFFICASCENT25,Dine in,POS 1,Route 98 - Minimart,Owner,,,Closed
10/08/2026 15:32,1-0060,Sale,12.00,0.00,12.00,0.00,12.00,0.00,12.00,Cash,1 x MINUTE MAID 250,Dine in,POS 1,Route 98 - Minimart,Owner,,,Closed
10/08/2026 14:50,1-0059,Sale,15.00,0.00,15.00,0.00,15.00,0.00,15.00,Cash,1 x NUTRIBOOST CHOCO 110,Dine in,POS 1,Route 98 - Minimart,Owner,,,Closed
10/08/2026 11:28,1-0058,Sale,50.00,0.00,50.00,0.00,50.00,0.00,50.00,Cash,"1 x NATURE'S SPRING PURE 1000ML, 1 x COCA COLA 290ML",Dine in,POS 1,Route 98 - Minimart,Owner,,,Closed
10/08/2026 09:27,1-0057,Sale,50.00,0.00,50.00,0.00,50.00,0.00,50.00,Cash,1 x COCA COLA 1L,Dine in,POS 1,Route 98 - Minimart,Owner,,,Closed
09/08/2026 21:10,1-0056,Sale,47.00,0.00,47.00,0.00,47.00,0.00,47.00,Cash,"1 x WILKINS PURE 1L, 1 x C2 SOLO APPLE 230ML",Dine in,POS 1,Route 98 - Minimart,Owner,,,Closed
09/08/2026 21:09,1-0055,Sale,50.00,0.00,50.00,0.00,50.00,0.00,50.00,Cash,"2 x RICHEE, 1 x COCA COLA 190ML, 1 x ROYAL 190",Dine in,POS 1,Route 98 - Minimart,Owner,,,Closed
09/08/2026 19:42,1-0054,Sale,19.00,0.00,19.00,0.00,19.00,0.00,19.00,Cash,"1 x RICHEE, 1 x CHEEZ IT",Dine in,POS 1,Route 98 - Minimart,Owner,,,Closed
09/08/2026 18:02,1-0053,Sale,200.00,0.00,200.00,0.00,200.00,0.00,200.00,Cash,"2 x WILKINS PURE 500, 3 x COCA COLA 190ML, 1 x PEEWEE PZZA SUPREME, 1 x MR. CHIPS  NACHO CHEEZE 4G, 1 x SWEETCHILI CHPS BBQ, 1 x DINGDONG MIXED NUTS 100G, 1 x MOBY CARAMEL, 1 x WILKINS PURE 500, 2 x COCA COLA 290ML",Dine in,POS 1,Route 98 - Minimart,Owner,,,Closed
09/08/2026 15:21,1-0052,Sale,45.00,0.00,45.00,0.00,45.00,0.00,45.00,Cash,"1 x COCA COLA 190ML, 2 x NUTRIBOOST CHOCO 110",Dine in,POS 1,Route 98 - Minimart,Owner,,,Closed
09/08/2026 15:16,1-0051,Sale,12.00,0.00,12.00,0.00,12.00,0.00,12.00,Cash,1 x SWEETCHILI CHPS BBQ,Dine in,POS 1,Route 98 - Minimart,Owner,,,Closed
09/08/2026 14:56,1-0050,Sale,15.00,0.00,15.00,0.00,15.00,0.00,15.00,Cash,1 x WILKINS PURE 500,Dine in,POS 1,Route 98 - Minimart,Owner,,,Closed
09/08/2026 14:47,1-0049,Sale,10.00,0.00,10.00,0.00,10.00,0.00,10.00,Cash,1 x CHIPPY BBQ 25G,Dine in,POS 1,Route 98 - Minimart,Owner,,,Closed
09/08/2026 14:43,1-0048,Sale,15.00,0.00,15.00,0.00,15.00,0.00,15.00,Cash,1 x WILKINS PURE 500,Dine in,POS 1,Route 98 - Minimart,Owner,,,Closed
09/08/2026 14:38,1-0047,Sale,75.00,0.00,75.00,0.00,75.00,0.00,75.00,Cash,1 x COCA COLA 1.75L,Dine in,POS 1,Route 98 - Minimart,Owner,,,Closed
09/08/2026 14:35,1-0046,Sale,30.00,0.00,30.00,0.00,30.00,0.00,30.00,Cash,"1 x COCA COLA 190ML, 1 x WILKINS PURE 500",Dine in,POS 1,Route 98 - Minimart,Owner,,,Closed
09/08/2026 12:47,1-0045,Sale,8.00,0.00,8.00,0.00,8.00,0.00,8.00,Cash,1 x NOVA COUNTRY CHEDDAR 20G,Dine in,POS 1,Route 98 - Minimart,Owner,,,Closed
09/08/2026 12:17,1-0044,Sale,20.00,0.00,20.00,0.00,20.00,0.00,20.00,Cash,1 x COCA COLA 290ML,Dine in,POS 1,Route 98 - Minimart,Owner,,,Closed
09/08/2026 11:25,1-0043,Sale,15.00,0.00,15.00,0.00,15.00,0.00,15.00,Cash,1 x WILKINS PURE 500,Dine in,POS 1,Route 98 - Minimart,Owner,,,Closed
09/08/2026 10:09,1-0042,Sale,12.00,0.00,12.00,0.00,12.00,0.00,12.00,Cash,1 x MINUTE MAID 250,Dine in,POS 1,Route 98 - Minimart,Owner,,,Closed
09/08/2026 10:06,1-0041,Sale,15.00,0.00,15.00,0.00,15.00,0.00,15.00,Cash,1 x NUTRIBOOST STRWBRRY 110,Dine in,POS 1,Route 98 - Minimart,Owner,,,Closed
08/08/2026 23:35,1-0040,Sale,140.00,0.00,140.00,0.00,140.00,120.00,20.00,Cash,1 x RED HORSE LITRO,Dine in,POS 1,Route 98 - Minimart,Owner,,,Closed
08/08/2026 23:07,1-0039,Sale,10.00,0.00,10.00,0.00,10.00,0.00,10.00,Cash,1 x RICHEE,Dine in,POS 1,Route 98 - Minimart,Owner,,,Closed
08/08/2026 23:06,1-0038,Sale,150.00,0.00,150.00,0.00,150.00,0.00,150.00,Cash,2 x COCA COLA 1.75L,Dine in,POS 1,Route 98 - Minimart,Owner,,,Closed
08/08/2026 23:02,1-0037,Sale,20.00,0.00,20.00,0.00,20.00,0.00,20.00,Cash,1 x COCA COLA 290ML,Dine in,POS 1,Route 98 - Minimart,Owner,,,Closed
08/08/2026 22:53,1-0036,Sale,204.00,0.00,204.00,0.00,204.00,0.00,204.00,Cash,"5 x WILKINS PURE 1L, 3 x LIFT BERRY BOLT 320",Dine in,POS 1,Route 98 - Minimart,Owner,,,Closed
08/08/2026 22:51,1-0035,Sale,160.00,0.00,160.00,0.00,160.00,120.00,40.00,Cash,"2 x PEEWEE PZZA SUPREME, 1 x RED HORSE LITRO",Dine in,POS 1,Route 98 - Minimart,Owner,,,Closed
08/08/2026 22:36,1-0034,Sale,50.00,0.00,50.00,0.00,50.00,0.00,50.00,Cash,"1 x PEEWEE PZZA SUPREME, 1 x WILKINS PURE 1L, 1 x OISHI PRAWN CRACKERS  NATURAL  24G",Dine in,POS 1,Route 98 - Minimart,Owner,,,Closed
08/08/2026 22:26,1-0033,Sale,160.00,0.00,160.00,0.00,160.00,120.00,40.00,Cash,"1 x RED HORSE LITRO, 2 x MANG JUAN SUKAT SILI 26G",Dine in,POS 1,Route 98 - Minimart,Owner,,,Closed
08/08/2026 22:21,1-0032,Sale,15.00,0.00,15.00,0.00,15.00,0.00,15.00,Cash,1 x WILKINS PURE 500,Dine in,POS 1,Route 98 - Minimart,Owner,,,Closed
08/08/2026 22:18,1-0031,Sale,30.00,0.00,30.00,0.00,30.00,0.00,30.00,Cash,1 x WILKINS PURE 1L,Dine in,POS 1,Route 98 - Minimart,Owner,,,Closed
08/08/2026 22:13,1-0030,Sale,15.00,0.00,15.00,0.00,15.00,0.00,15.00,Cash,1 x WILKINS PURE 500,Dine in,POS 1,Route 98 - Minimart,Owner,,,Closed
08/08/2026 21:49,1-0029,Sale,140.00,0.00,140.00,0.00,140.00,120.00,20.00,Cash,1 x RED HORSE LITRO,Dine in,POS 1,Route 98 - Minimart,Owner,,,Closed
08/08/2026 21:48,1-0028,Sale,140.00,0.00,140.00,0.00,140.00,120.00,20.00,Cash,1 x RED HORSE LITRO,Dine in,POS 1,Route 98 - Minimart,Owner,,,Cancelled
08/08/2026 21:47,1-0027,Sale,10.00,0.00,10.00,0.00,10.00,0.00,10.00,Cash,1 x PTATO FRS,Dine in,POS 1,Route 98 - Minimart,Owner,,,Closed
08/08/2026 21:42,1-0026,Sale,22.00,0.00,22.00,0.00,22.00,0.00,22.00,Cash,"1 x PTATO FRS, 1 x SPRCRNCH CHEESE",Dine in,POS 1,Route 98 - Minimart,Owner,,,Closed
08/08/2026 21:36,1-0025,Sale,30.00,0.00,30.00,0.00,30.00,0.00,30.00,Cash,1 x WILKINS PURE 1L,Dine in,POS 1,Route 98 - Minimart,Owner,,,Closed
08/08/2026 21:02,1-0024,Sale,157.00,0.00,157.00,0.00,157.00,120.00,37.00,Cash,"1 x RED HORSE LITRO, 1 x C2 SOLO APPLE 230ML",Dine in,POS 1,Route 98 - Minimart,Owner,,,Closed
08/08/2026 21:01,1-0023,Sale,157.00,0.00,157.00,0.00,157.00,120.00,37.00,Cash,"1 x RED HORSE LITRO, 1 x C2 SOLO APPLE 230ML",Dine in,POS 1,Route 98 - Minimart,Owner,,,Cancelled
08/08/2026 20:35,1-0022,Sale,17.00,0.00,17.00,0.00,17.00,0.00,17.00,Cash,1 x C2 SOLO APPLE 230ML,Dine in,POS 1,Route 98 - Minimart,Owner,,,Closed
08/08/2026 20:14,1-0021,Sale,30.00,0.00,30.00,0.00,30.00,0.00,30.00,Cash,1 x WILKINS PURE 1L,Dine in,POS 1,Route 98 - Minimart,Owner,,,Closed
08/08/2026 20:12,1-0020,Sale,47.00,0.00,47.00,0.00,47.00,0.00,47.00,Cash,"1 x C2 SOLO APPLE 230ML, 1 x WILKINS PURE 1L",Dine in,POS 1,Route 98 - Minimart,Owner,,,Closed
08/08/2026 20:06,1-0019,Sale,106.00,0.00,106.00,0.00,106.00,82.00,24.00,Cash,2 x SM FLAVORED BEER APPLE,Dine in,POS 1,Route 98 - Minimart,Owner,,,Closed
08/08/2026 20:02,1-0018,Sale,203.00,0.00,203.00,0.00,203.00,41.00,162.00,Cash,"1 x SM FLAVORED BEER APPLE, 4 x NESCAFE ORIGINAL TWIN PACK, 4 x NESCAFE CREAMY WHITE TWIN PACK, 1 x WILKINS PURE 1L",Dine in,POS 1,Route 98 - Minimart,Owner,,,Closed
08/08/2026 19:58,1-0017,Sale,45.00,0.00,45.00,0.00,45.00,0.00,45.00,Cash,1 x SAN MARINO SPANISH STYLE TUNA,Dine in,POS 1,Route 98 - Minimart,Owner,,,Closed
08/08/2026 18:53,1-0016,Sale,40.00,0.00,40.00,0.00,40.00,0.00,40.00,Cash,1 x SISTERS NIGHT PLUS W/ WINGS 8PCS,,POS 1,Route 98 - Minimart,Owner,,,Cancelled
08/08/2026 18:49,1-0015,Sale,40.00,0.00,40.00,0.00,40.00,0.00,40.00,Cash,1 x SISTERS NIGHT PLUS W/ WINGS 8PCS,Dine in,POS 1,Route 98 - Minimart,Owner,,,Cancelled
08/08/2026 15:47,1-0014,Sale,28.00,0.00,28.00,0.00,28.00,0.00,28.00,Cash,1 x SISTERS DRY MAXI 8,Dine in,POS 1,Route 98 - Minimart,Owner,,,Cancelled
08/08/2026 15:43,1-0013,Sale,28.00,0.00,28.00,0.00,28.00,0.00,28.00,Cash,1 x SISTERS DRY MAXI 8,Dine in,POS 1,Route 98 - Minimart,Owner,,,Cancelled
08/08/2026 12:44,1-0012,Sale,40.00,0.00,40.00,0.00,40.00,0.00,40.00,Cash,1 x ODONG PACK,Dine in,POS 1,Route 98 - Minimart,Owner,,,Cancelled
08/08/2026 12:43,1-0011,Sale,28.00,0.00,28.00,0.00,28.00,0.00,28.00,Cash,1 x SISTERS DRY MAXI 8,Dine in,POS 1,Route 98 - Minimart,Owner,,,Cancelled
08/08/2026 12:42,1-0010,Sale,28.00,0.00,28.00,0.00,28.00,0.00,28.00,Cash,1 x SISTERS DRY MAXI 8,Dine in,POS 1,Route 98 - Minimart,Owner,,,Cancelled
08/08/2026 12:36,1-0009,Sale,28.00,0.00,28.00,0.00,28.00,0.00,28.00,Cash,1 x SISTERS DRY MAXI 8,Dine in,POS 1,Route 98 - Minimart,Owner,,,Cancelled
08/08/2026 12:35,1-0008,Sale,28.00,0.00,28.00,0.00,28.00,0.00,28.00,Cash,1 x SISTERS DRY MAXI 8,Dine in,POS 1,Route 98 - Minimart,Owner,,,Cancelled
08/08/2026 03:06,1-0007,Sale,286.00,0.00,286.00,0.00,286.00,0.00,286.00,Cash,"1 x HEAD& SHOULDERS(SMOOTH & SILKY), 1 x REJOICE 4W, 1 x SAN MARINO CORNED TUNA, 1 x SENORITA DRY PEAS, 1 x SILVER SWAN SOY SAUCE 1L, 1 x SILVER SWAN SUKA 1L, 1 x SILVER SWAN SOY SAUCE 25ML, 2 x SILVER SWAN SUKA 1L",Dine in,POS 1,Route 98 - Minimart,Owner,,,Cancelled
30/07/2026 21:57,1-0006,Sale,143.00,0.00,143.00,0.00,143.00,0.00,143.00,Cash,1 x i love you,Dine in,POS 1,Route 98 - Minimart,Owner,,,Cancelled
30/07/2026 21:47,1-0005,Sale,105.00,0.00,105.00,0.00,105.00,80.00,25.00,Cash,"1 x CASINO ALCOHOL, 1 x Zonrox",Dine in,POS 1,Route 98 - Minimart,Owner,,,Cancelled
30/07/2026 21:42,1-0004,Sale,100.00,0.00,100.00,0.00,100.00,80.00,20.00,Cash,2 x Zonrox,Dine in,POS 1,Route 98 - Minimart,Owner,,,Cancelled
26/07/2026 20:57,1-0003,Sale,1550.00,0.00,1550.00,0.00,1550.00,1240.00,310.00,Cash,31 x Zonrox,Dine in,POS 1,Route 98 - Minimart,Owner,,,Cancelled
26/07/2026 20:57,1-0002,Sale,600.00,0.00,600.00,0.00,600.00,480.00,120.00,Cash,12 x Zonrox,Dine in,POS 1,Route 98 - Minimart,Owner,,,Cancelled
26/07/2026 20:57,1-0001,Sale,150.00,0.00,150.00,0.00,150.00,120.00,30.00,Cash,3 x Zonrox,Dine in,POS 1,Route 98 - Minimart,Owner,,,Cancelled
