Date,Receipt number,Receipt type,Gross sales,Discounts,Net sales,Taxes,Total collected,Cost of goods,Gross profit,Payment type,Description,Dining option,POS,Store,Cashier name,Customer name,Customer contacts,Status
01/10/2026 23:50,2-1678,Sale,148.88,0.00,148.88,0.00,148.88,114.05,34.83,Cash,"1 x GREAT TASTE CHOCO, 1 x GREAT TASTE WHITE TWIN PACK, 6 x ARIEL POWDER TWIN JUMBO PACK FRESH GARDEN BLOOM",Dine in,POS 2,Route 98 - Minimart,Owner,,,Closed
01/10/2026 23:48,2-1677,Sale,68.00,0.00,68.00,0.00,68.00,50.25,17.75,Cash,"1 x CHUCKIE 110ML, 1 x C2 GREEN TEA LEMON 335ML, 2 x MAGIC CREAMS BUTTER",Dine in,POS 2,Route 98 - Minimart,Owner,,,Closed
01/10/2026 23:12,2-1676,Sale,20.00,0.00,20.00,0.00,20.00,16.35,3.65,Cash,1 x MOUNTAIN DEW (290ML),Dine in,POS 2,Route 98 - Minimart,Owner,,,Closed
01/10/2026 23:08,2-1675,Sale,145.00,0.00,145.00,0.00,145.00,120.00,25.00,Cash,1 x RED HORSE LITRO,Dine in,POS 2,Route 98 - Minimart,Owner,,,Closed
01/10/2026 23:05,2-1674,Sale,38.50,0.00,38.50,0.00,38.50,29.65,8.85,Cash,1 x PIC-A ULTIMATE CHEDDAR 90G,Dine in,POS 2,Route 98 - Minimart,Owner,,,Closed
01/10/2026 23:02,2-1673,Sale,34.00,0.00,34.00,0.00,34.00,26.65,7.35,Cash,1 x C2 GREEN TEA LEMON 335ML,Dine in,POS 2,Route 98 - Minimart,Owner,,,Closed
01/10/2026 22:55,2-1672,Sale,3.00,0.00,3.00,0.00,3.00,0.00,3.00,Cash,1 x PLASTIC CUPS,Dine in,POS 2,Route 98 - Minimart,Owner,,,Closed
01/10/2026 22:44,2-1671,Sale,645.80,0.00,645.80,0.00,645.80,645.80,0.00,Cash,"35 x NATURE'S SPRING PURE 500ML, 38 x REFRESH 500ML",Dine in,POS 2,Route 98 - Minimart,Owner,,,Closed
01/10/2026 22:37,2-1670,Sale,32.75,0.00,32.75,0.00,32.75,19.50,13.25,Cash,"1 x MANG JUAN SUKAT SILI 90G, 1 x PLASTIC CUPS",Dine in,POS 2,Route 98 - Minimart,Owner,,,Closed
01/10/2026 22:27,2-1669,Sale,145.00,0.00,145.00,0.00,145.00,120.00,25.00,Cash,1 x RED HORSE LITRO,Dine in,POS 2,Route 98 - Minimart,Owner,,,Closed
01/10/2026 22:13,2-1668,Sale,554.84,0.00,554.84,0.00,554.84,362.50,192.34,Cash,"1 x GREAT TASTE WHITE, 2 x NESCAFE STICK, 1 x LEMON SQUARE LAVA CAKE, 1 x Royal 1.5L, 2 x SKYFLAKES CRACKER, 1 x CREAMLINE PINIPIG CHOCOLATE 70ML, 6 x SURF POWDER PURPLE BLOOMS 65G, 5 x DOWNY GARDEN BLOOM 75ML, 1 x PAYLESS PC EXTRA BIG EXTRA HOT, 1 x VENERANDA HOLIDAY PANCIT CANTON, 2 x PEPSI EXTRA FIZZ 195ML, 1 x DELIGHT PROBIOTIC 400ML, 1 x MAGIC CREAMS CONDENSED, 1 x CREAMLINE SUNDAE CHOCOLATE120ML, 1 x CHUCKIE 110ML, 1 x NESCAFE STICK, 1 x GREAT TASTE WHITE",Dine in,POS 2,Route 98 - Minimart,Owner,,,Closed
01/10/2026 22:03,2-1667,Sale,75.00,0.00,75.00,0.00,75.00,60.00,15.00,Cash,1 x RED HORSE 500,Dine in,POS 2,Route 98 - Minimart,Owner,,,Closed
01/10/2026 21:59,2-1666,Sale,51.00,0.00,51.00,0.00,51.00,34.93,16.07,Cash,"1 x CREAM-O CHOCOLATE CHIPS, 1 x MAGIC CREAMS CHOCO, 1 x DELIGHT PROBIOTIC 100ML, 1 x YAKULT",Dine in,POS 2,Route 98 - Minimart,Owner,,,Closed
01/10/2026 21:39,2-1665,Sale,55.00,0.00,55.00,0.00,55.00,36.68,18.32,Cash,"3 x YAKULT, 1 x JACK'NJILL MILKY KNOTS",Dine in,POS 2,Route 98 - Minimart,Owner,,,Closed
01/10/2026 21:33,2-1664,Sale,36.00,0.00,36.00,0.00,36.00,27.30,8.70,Cash,3 x WINSTON RED STICK,Dine in,POS 2,Route 98 - Minimart,Owner,,,Closed
01/10/2026 21:25,2-1663,Sale,145.00,0.00,145.00,0.00,145.00,120.00,25.00,Cash,1 x RED HORSE LITRO,Dine in,POS 2,Route 98 - Minimart,Owner,,,Closed
01/10/2026 21:11,2-1662,Sale,185.50,0.00,185.50,0.00,185.50,141.00,44.50,Cash,"3 x LUCKY ME PC CHILIMANSI KASALO PACK, 1 x PIATTOS SOUR CREAM 85G, 1 x OISHI FISH CRACKERS 90G, 1 x PIATTOS CHEESE 85G",Dine in,POS 2,Route 98 - Minimart,Owner,,,Closed
01/10/2026 21:08,2-1661,Sale,217.00,0.00,217.00,0.00,217.00,149.00,68.00,Cash,"1 x NATURE'S SPRING DISTILLED 1000ML, 3 x POCARI SWEAT 350ML, 3 x NATURE'S SPRING DISTILLED 500ML",Dine in,POS 2,Route 98 - Minimart,Owner,,,Closed
01/10/2026 20:47,2-1660,Sale,162.25,0.00,162.25,0.00,162.25,128.50,33.75,Cash,"1 x DELIGHT PROBIOTIC 400ML, 1 x RED HORSE 500, 1 x NOVA COUNTRY CHEDDAR 38G, 1 x TORTILLOS",Dine in,POS 2,Route 98 - Minimart,Owner,,,Closed
01/10/2026 20:42,2-1659,Sale,43.00,0.00,43.00,0.00,43.00,33.16,9.84,Cash,2 x COBRA  ASTIG CITRUS BLAST 290ML,Dine in,POS 2,Route 98 - Minimart,Owner,,,Closed
01/10/2026 20:33,2-1658,Sale,156.88,0.00,156.88,0.00,156.88,95.88,61.00,Cash,"1 x OISHI RINBEE, 1 x NUTRI STAR CHICKEN BBQ, 1 x RICHEE, 2 x ARIEL TWIN JUMBO POWDER SUNRISE FRESH 66G, 1 x 555 SARDINES 155G, 1 x PALMOLIVE IM, 3 x DOWNY SUNRISE FRESH 26ML, 1 x MONGGO",Dine in,POS 2,Route 98 - Minimart,Owner,,,Closed
01/10/2026 20:07,2-1657,Sale,10.00,0.00,10.00,0.00,10.00,8.02,1.98,Cash,1 x MIGHTY PULA  STICK,Dine in,POS 2,Route 98 - Minimart,Owner,,,Closed
01/10/2026 19:57,2-1656,Sale,110.73,0.00,110.73,0.00,110.73,91.65,19.08,Cash,"1 x SWEETCHILI CHPS BBQ, 1 x TATTOOS CORN CHIPS SWEET CORN 58G, 1 x TATTOOS TUBE SPICY PIZZA 60G, 1 x MOUNTAIN DEW 1.5L",Dine in,POS 2,Route 98 - Minimart,Owner,,,Closed
01/10/2026 19:46,2-1655,Sale,53.00,0.00,53.00,0.00,53.00,41.00,12.00,Cash,1 x SM FLAVORED BEER APPLE,Dine in,POS 2,Route 98 - Minimart,Owner,,,Closed
01/10/2026 19:00,2-1654,Sale,55.00,0.00,55.00,0.00,55.00,44.00,11.00,Cash,1 x VINO KULAFU 350,Dine in,POS 2,Route 98 - Minimart,Owner,,,Closed
01/10/2026 18:35,2-1653,Sale,10.00,0.00,10.00,0.00,10.00,8.02,1.98,Cash,1 x MIGHTY PULA  STICK,Dine in,POS 2,Route 98 - Minimart,Owner,,,Closed
01/10/2026 17:45,2-1652,Sale,318.00,0.00,318.00,0.00,318.00,246.00,72.00,Cash,6 x SM FLAVORED BEER APPLE,Dine in,POS 2,Route 98 - Minimart,Owner,,,Closed
01/10/2026 16:46,2-1651,Sale,103.00,0.00,103.00,0.00,103.00,80.85,22.15,Cash,"2 x DELIGHT PROBIOTIC 100ML, 1 x CHUCKIE 110ML, 1 x PRINGLES CHEESY CHEESE",Dine in,POS 2,Route 98 - Minimart,Owner,,,Closed
01/10/2026 16:34,2-1650,Sale,6.00,0.00,6.00,0.00,6.00,2.94,3.06,Cash,3 x XSAKTO 8G,Dine in,POS 2,Route 98 - Minimart,Owner,,,Closed
01/10/2026 16:33,2-1649,Sale,8.98,0.00,8.98,0.00,8.98,0.00,8.98,Cash,1 x PALMOLIVE US,Dine in,POS 2,Route 98 - Minimart,Owner,,,Closed
01/10/2026 16:29,2-1648,Sale,20.00,0.00,20.00,0.00,20.00,16.04,3.96,Cash,2 x MIGHTY PULA  STICK,Dine in,POS 2,Route 98 - Minimart,Owner,,,Closed
01/10/2026 15:31,2-1647,Sale,30.00,0.00,30.00,0.00,30.00,18.12,11.88,Cash,2 x NATURE'S SPRING PURE 500ML,Dine in,POS 2,Route 98 - Minimart,Owner,,,Closed
01/10/2026 15:14,2-1646,Sale,20.00,0.00,20.00,0.00,20.00,16.04,3.96,Cash,2 x MIGHTY PULA  STICK,Dine in,POS 2,Route 98 - Minimart,Owner,,,Closed
01/10/2026 15:11,2-1645,Sale,120.00,0.00,120.00,0.00,120.00,96.24,23.76,Cash,12 x MIGHTY PUTI STICK,Dine in,POS 2,Route 98 - Minimart,Owner,,,Closed
01/10/2026 14:22,2-1644,Sale,112.00,0.00,112.00,0.00,112.00,66.24,45.76,Cash,"3 x C2 GREEN TEA APPLE 335ML, 1 x #misc",Dine in,POS 2,Route 98 - Minimart,Owner,,,Closed
01/10/2026 13:26,2-1643,Sale,174.00,0.00,174.00,0.00,174.00,132.48,41.52,Cash,6 x C2 GREEN TEA APPLE 335ML,Dine in,POS 2,Route 98 - Minimart,Owner,,,Closed
01/10/2026 12:38,2-1642,Sale,84.75,0.00,84.75,0.00,84.75,61.67,23.08,Cash,1 x COCA COLA 1.75L,Dine in,POS 2,Route 98 - Minimart,Owner,,,Closed
01/10/2026 12:09,2-1641,Sale,30.00,0.00,30.00,0.00,30.00,24.10,5.90,Cash,1 x CREAMLINE JUMBO CONE UBE QUESO 140ML,Dine in,POS 2,Route 98 - Minimart,Owner,,,Closed
01/10/2026 11:43,2-1640,Sale,10.00,0.00,10.00,0.00,10.00,8.02,1.98,Cash,1 x MIGHTY PULA  STICK,Dine in,POS 2,Route 98 - Minimart,Owner,,,Closed
01/10/2026 11:31,2-1639,Sale,220.00,0.00,220.00,0.00,220.00,0.00,220.00,Cash,1 x #misc,Dine in,POS 2,Route 98 - Minimart,Owner,,,Closed
01/10/2026 11:29,2-1638,Sale,18.00,0.00,18.00,0.00,18.00,11.10,6.90,Cash,2 x MAGIC CREAMS CONDENSED,Dine in,POS 2,Route 98 - Minimart,Owner,,,Closed
01/10/2026 11:25,2-1637,Sale,45.00,0.00,45.00,0.00,45.00,34.25,10.75,Cash,1 x POCARI SWEAT 350ML,Dine in,POS 2,Route 98 - Minimart,Owner,,,Closed
01/10/2026 10:38,1-0352,Sale,60.00,0.00,60.00,0.00,60.00,48.00,12.00,Cash,1 x DELIGHT PROBIOTIC 400ML,Dine in,POS 1,Route 98 - Minimart,Owner,,,Closed
01/10/2026 09:55,1-0351,Sale,38.75,0.00,38.75,0.00,38.75,27.98,10.77,Cash,"1 x CREAMLINE PINOY CLASSIC MANGGO 60ML, 1 x MIGHTY PULA  STICK, 1 x NOVA COUNTRY CHEDDAR 20G",Dine in,POS 1,Route 98 - Minimart,Owner,,,Closed
01/10/2026 08:50,1-0350,Sale,25.00,0.00,25.00,0.00,25.00,14.26,10.74,Cash,1 x NATURE'S SPRING PURE 1000ML,Dine in,POS 1,Route 98 - Minimart,Owner,,,Closed
01/10/2026 08:23,1-0349,Sale,88.00,0.00,88.00,0.00,88.00,68.48,19.52,Cash,"1 x MIGHTY PULA  STICK, 2 x MIGHTY PUTI STICK, 1 x C2 GREEN TEA LEMON 1L",Dine in,POS 1,Route 98 - Minimart,Owner,,,Closed
30/09/2026 22:45,2-1636,Sale,65.00,0.00,65.00,0.00,65.00,9.88,55.12,Cash,"1 x PAMPERS NB 4PCS, 1 x CREAMLINE MILKY POP LOLLY MILK CHOCO 60ML",Dine in,POS 2,Route 98 - Minimart,Owner,,,Closed
30/09/2026 22:35,2-1635,Sale,75.00,0.00,75.00,0.00,75.00,60.00,15.00,Cash,1 x RED HORSE 500,Dine in,POS 2,Route 98 - Minimart,Owner,,,Closed
30/09/2026 22:26,2-1634,Sale,20.00,0.00,20.00,0.00,20.00,12.70,7.30,Cash,1 x CREAMLINE MINI CUP CHOCO MARBLE 75ML,Dine in,POS 2,Route 98 - Minimart,Owner,,,Closed
30/09/2026 22:19,2-1633,Sale,145.00,0.00,145.00,0.00,145.00,120.00,25.00,Cash,1 x RED HORSE LITRO,Dine in,POS 2,Route 98 - Minimart,Owner,,,Closed
30/09/2026 22:09,2-1632,Sale,60.00,0.00,60.00,0.00,60.00,48.12,11.88,Cash,"3 x MIGHTY PULA  STICK, 3 x MIGHTY PUTI STICK",Dine in,POS 2,Route 98 - Minimart,Owner,,,Closed
30/09/2026 21:56,2-1631,Sale,168.00,0.00,168.00,0.00,168.00,136.70,31.30,Cash,"1 x SNAFFLE CORN CHIPS, 1 x RED HORSE LITRO, 1 x DUTCH MILL BLUE BERRY JUICE 90ML",Dine in,POS 2,Route 98 - Minimart,Owner,,,Closed
30/09/2026 21:52,2-1630,Sale,48.00,0.00,48.00,0.00,48.00,35.96,12.04,Cash,"2 x MIGHTY PULA  STICK, 1 x JACK'NJILL MILKY KNOTS, 1 x CLOUD 9 OVERLOAD",Dine in,POS 2,Route 98 - Minimart,Owner,,,Closed
30/09/2026 21:48,2-1629,Sale,19.98,0.00,19.98,0.00,19.98,14.55,5.43,Cash,"1 x CRISPY PATATA 24G, 1 x FISH CRACKERS 24G",Dine in,POS 2,Route 98 - Minimart,Owner,,,Closed
30/09/2026 21:48,2-1628,Sale,50.00,0.00,50.00,0.00,50.00,44.00,6.00,Cash,1 x VINO KULAFU 350,Dine in,POS 2,Route 98 - Minimart,Owner,,,Closed
30/09/2026 21:47,2-1627,Sale,152.25,0.00,152.25,0.00,152.25,107.55,44.70,Cash,"3 x NOVA COUNTRY CHEDDAR 78G, 3 x MANG JUAN SUKAT SILI 26G",Dine in,POS 2,Route 98 - Minimart,Owner,,,Closed
30/09/2026 21:27,2-1626,Sale,338.75,0.00,338.75,0.00,338.75,275.00,63.75,Cash,"2 x RED HORSE LITRO, 1 x STING 290ML, 1 x PEEWEE SIZZLING BBQ 60G",Dine in,POS 2,Route 98 - Minimart,Owner,,,Closed
30/09/2026 21:24,2-1625,Sale,145.00,0.00,145.00,0.00,145.00,120.00,25.00,Cash,1 x RED HORSE LITRO,Dine in,POS 2,Route 98 - Minimart,Owner,,,Closed
30/09/2026 21:16,2-1624,Sale,36.50,0.00,36.50,0.00,36.50,25.00,11.50,Cash,"1 x STING 290ML, 1 x SWEETCHILI CHPS BBQ",Dine in,POS 2,Route 98 - Minimart,Owner,,,Closed
30/09/2026 21:14,2-1623,Sale,87.23,0.00,87.23,0.00,87.23,63.30,23.93,Cash,"1 x MANG JUAN SUKAT SILI 90G, 1 x FISH CRACKERS 24G, 1 x OISHI ONION RNGS, 1 x CRISPY PATATA 24G, 1 x OISHI CRACKLINGS, 1 x PIATTOS SOUR CREAM 40G",Dine in,POS 2,Route 98 - Minimart,Owner,,,Closed
30/09/2026 21:13,2-1622,Sale,25.00,0.00,25.00,0.00,25.00,16.04,8.96,Cash,"2 x MIGHTY PUTI STICK, 1 x #misc",Dine in,POS 2,Route 98 - Minimart,Owner,,,Closed
30/09/2026 20:46,2-1621,Sale,80.00,0.00,80.00,0.00,80.00,62.80,17.20,Cash,"1 x CHOCOMUCHO RED, 1 x CHOCOMUCHO WHITE CARAMEL, 1 x VINO KULAFU 350",Dine in,POS 2,Route 98 - Minimart,Owner,,,Closed
30/09/2026 19:59,2-1620,Sale,80.00,0.00,80.00,0.00,80.00,58.84,21.16,Cash,"1 x POCARI SWEAT 500ML, 1 x NATURE'S SPRING PURE 1000ML",Dine in,POS 2,Route 98 - Minimart,Owner,,,Closed
30/09/2026 19:56,2-1619,Sale,48.00,0.00,48.00,0.00,48.00,36.40,11.60,Cash,4 x WINSTON RED STICK,Dine in,POS 2,Route 98 - Minimart,Owner,,,Closed
30/09/2026 19:55,2-1618,Sale,36.00,0.00,36.00,0.00,36.00,27.30,8.70,Cash,3 x WINSTON RED STICK,Dine in,POS 2,Route 98 - Minimart,Owner,,,Closed
30/09/2026 19:52,2-1617,Sale,70.00,0.00,70.00,0.00,70.00,60.15,9.85,Cash,"1 x VINO KULAFU 350, 1 x CREAMLINE PINIPIG CHOCOLATE 70ML",Dine in,POS 2,Route 98 - Minimart,Owner,,,Closed
30/09/2026 19:42,2-1616,Sale,17.00,0.00,17.00,0.00,17.00,9.92,7.08,Cash,"1 x WINSTON WHITE STICK, 1 x #misc",Dine in,POS 2,Route 98 - Minimart,Owner,,,Closed
30/09/2026 19:00,2-1615,Sale,145.00,0.00,145.00,0.00,145.00,120.00,25.00,Cash,1 x RED HORSE LITRO,Dine in,POS 2,Route 98 - Minimart,Owner,,,Closed
30/09/2026 18:59,2-1614,Sale,109.00,0.00,109.00,0.00,109.00,78.68,30.32,Cash,"2 x CREAM-O CRINKLES, 1 x OVERLOAD CHOCO STRAWBERRY, 1 x CREAM-O COOKIES AND CREAM, 1 x CREAM-O DOUBLE CHOCOLATE CHIPS, 1 x C2 GREEN TEA APPLE 1L",Dine in,POS 2,Route 98 - Minimart,Owner,,,Closed
30/09/2026 18:52,2-1613,Sale,60.00,0.00,60.00,0.00,60.00,48.00,12.00,Cash,1 x DELIGHT PROBIOTIC 400ML,Dine in,POS 2,Route 98 - Minimart,Owner,,,Closed
30/09/2026 18:09,2-1612,Sale,228.48,0.00,228.48,0.00,228.48,160.73,67.75,Cash,"1 x PRESTO CHOCO VANILLA PACK, 1 x NISSIN BUTTER COCONUT PACK, 1 x PIATTOS SOUR CREAM 85G, 1 x NESTLE FRESH MILK 250ML",Dine in,POS 2,Route 98 - Minimart,Owner,,,Closed
30/09/2026 18:07,2-1611,Sale,20.00,0.00,20.00,0.00,20.00,16.04,3.96,Cash,2 x MIGHTY PULA  STICK,Dine in,POS 2,Route 98 - Minimart,Owner,,,Closed
30/09/2026 17:58,2-1610,Sale,46.00,0.00,46.00,0.00,46.00,36.58,9.42,Cash,1 x GATORADE TROPICAL FRUIT 500ML,Dine in,POS 2,Route 98 - Minimart,Owner,,,Closed
30/09/2026 17:55,2-1609,Sale,36.00,0.00,36.00,0.00,36.00,25.86,10.14,Cash,"2 x JACK'NJILL BERRY KNOTS, 1 x CHUCKIE 110ML",Dine in,POS 2,Route 98 - Minimart,Owner,,,Closed
30/09/2026 17:54,2-1608,Sale,66.00,0.00,66.00,0.00,66.00,51.80,14.20,Cash,"1 x NESTLE MILO 180ML, 3 x WINSTON RED STICK",Dine in,POS 2,Route 98 - Minimart,Owner,,,Closed
30/09/2026 17:20,2-1607,Sale,19.00,0.00,19.00,0.00,19.00,14.14,4.86,Cash,"1 x MAGIC CHIPS BBQ, 1 x MAGIC CHIPS CHEESE",Dine in,POS 2,Route 98 - Minimart,Owner,,,Closed
30/09/2026 17:18,2-1606,Sale,51.00,0.00,51.00,0.00,51.00,0.00,51.00,Cash,"1 x OMEGA15, 1 x EFFICASCENT25",Dine in,POS 2,Route 98 - Minimart,Owner,,,Closed
30/09/2026 16:30,2-1605,Sale,75.00,0.00,75.00,0.00,75.00,60.00,15.00,Cash,1 x RED HORSE 500,Dine in,POS 2,Route 98 - Minimart,Owner,,,Closed
30/09/2026 16:27,2-1604,Sale,49.00,0.00,49.00,0.00,49.00,36.15,12.85,Cash,"2 x WINSTON RED STICK, 1 x GREAT TASTE WHITE, 3 x NESCAFE STICK",Dine in,POS 2,Route 98 - Minimart,Owner,,,Closed
30/09/2026 16:23,2-1603,Sale,30.00,0.00,30.00,0.00,30.00,23.44,6.56,Cash,1 x CREAMLINE  CUP CHOCO MALLOW 210ML,Dine in,POS 2,Route 98 - Minimart,Owner,,,Closed
30/09/2026 16:04,2-1602,Sale,315.44,0.00,315.44,0.00,315.44,256.42,59.02,Cash,"3 x OREO ICE CREAM 110ML, 1 x PRINGLES SOUR CREAM & ONION, 1 x GATORADE BLUE BOLT 350ML, 1 x FUN SIZE! PIATTOS CHEESE 18G, 1 x NATURE'S SPRING DISTILLED 1000ML",Dine in,POS 2,Route 98 - Minimart,Owner,,,Closed
30/09/2026 15:56,2-1601,Sale,174.00,0.00,174.00,0.00,174.00,149.70,24.30,Cash,"1 x OVERLOAD BLACK FOREST PACK, 3 x CHUCKIE 180ML",Dine in,POS 2,Route 98 - Minimart,Owner,,,Closed
30/09/2026 15:10,2-1600,Sale,392.50,0.00,392.50,0.00,392.50,360.43,32.07,Cash,"1 x SUPER CRUNCH CHEESE 5G, 1 x DINGDONG MIXED NUT 30G, 2 x RED HORSE SUPER, 1 x LIFT CITRUS BLAST 320, 1 x CREAMLINE JUMBO CONE DOUBLE DUTCH 140ML, 1 x OVERLOAD CHOCO STRAWBERRY",Dine in,POS 2,Route 98 - Minimart,Owner,,,Closed
30/09/2026 14:06,2-1599,Sale,257.80,0.00,257.80,0.00,257.80,90.80,167.00,Cash,"1 x LAMPEIN XL 12PCS, 3 x ARIEL TWIN JUMBO POWDER SUNRISE FRESH 66G, 4 x DOWNY GARDEN BLOOM 26ML, 3 x PANTENE SHAMPOO HAIR FALL CONTROL",Dine in,POS 2,Route 98 - Minimart,Owner,,,Closed
30/09/2026 13:26,2-1598,Sale,126.73,0.00,126.73,0.00,126.73,83.07,43.66,Cash,"1 x MONDE SPECIAL MAMON, 1 x C2 GREEN TEA APPLE 335ML, 1 x CLOUD 9 OVERLOAD, 1 x UNILOVE SQUALANE WIPES, 1 x CHIZ CURLS 18G",Dine in,POS 2,Route 98 - Minimart,Owner,,,Closed
30/09/2026 11:14,2-1597,Sale,20.00,0.00,20.00,0.00,20.00,16.04,3.96,Cash,2 x MIGHTY PULA  STICK,Dine in,POS 2,Route 98 - Minimart,Owner,,,Closed
30/09/2026 10:21,2-1596,Sale,175.00,0.00,175.00,0.00,175.00,96.70,78.30,Cash,5 x NATURE'S SPRING PH9 ALKALINE 1000ML,Dine in,POS 2,Route 98 - Minimart,Owner,,,Closed
30/09/2026 10:06,2-1595,Sale,17.00,0.00,17.00,0.00,17.00,15.32,1.68,Cash,1 x C2 SOLO LEMON 230ML,Dine in,POS 2,Route 98 - Minimart,Owner,,,Closed
30/09/2026 10:05,2-1594,Sale,17.00,0.00,17.00,0.00,17.00,15.32,1.68,Cash,1 x C2 SOLO LEMON 230ML,Dine in,POS 2,Route 98 - Minimart,Owner,,,Closed
30/09/2026 09:57,2-1593,Sale,70.00,0.00,70.00,0.00,70.00,56.02,13.98,Cash,"1 x DELIGHT PROBIOTIC 400ML, 1 x MIGHTY PULA  STICK",Dine in,POS 2,Route 98 - Minimart,Owner,,,Closed
30/09/2026 09:56,2-1592,Sale,58.00,0.00,58.00,0.00,58.00,44.42,13.58,Cash,1 x C2 GREEN TEA APPLE 1L,Dine in,POS 2,Route 98 - Minimart,Owner,,,Closed
29/09/2026 23:21,2-1591,Sale,203.00,0.00,203.00,0.00,203.00,156.40,46.60,Cash,"1 x RED HORSE LITRO, 4 x WINSTON RED STICK, 1 x #misc",Dine in,POS 2,Route 98 - Minimart,Owner,,,Closed
29/09/2026 23:19,2-1590,Sale,238.00,0.00,238.00,0.00,238.00,149.24,88.76,Cash,"1 x MISUA PACK 12S, 2 x OSAKA SARDINES, 4 x GREAT TASTE PREMIUM ROAST, 6 x GREAT TASTE STICK, 1 x CDO HOMESTYLE CORNED BEEF 150G",Dine in,POS 2,Route 98 - Minimart,Owner,,,Closed
29/09/2026 23:12,2-1589,Sale,15.00,0.00,15.00,0.00,15.00,9.06,5.94,Cash,1 x NATURE'S SPRING PURE 500ML,Dine in,POS 2,Route 98 - Minimart,Owner,,,Closed
29/09/2026 23:11,2-1588,Sale,173.25,0.00,173.25,0.00,173.25,132.15,41.10,Cash,"2 x SM FLAVORED BEER APPLE, 1 x PIATTOS SOUR CREAM 85G, 1 x CHIPPY BBQ 108G",Dine in,POS 2,Route 98 - Minimart,Owner,,,Closed
29/09/2026 21:37,2-1587,Sale,50.00,0.00,50.00,0.00,50.00,40.10,9.90,Cash,5 x MIGHTY PULA  STICK,Dine in,POS 2,Route 98 - Minimart,Owner,,,Closed
29/09/2026 21:31,2-1586,Sale,27.00,0.00,27.00,0.00,27.00,14.88,12.12,Cash,"6 x XSAKTO 8G, 6 x SUPER CRUNCH BEEFY BBQ 5G",Dine in,POS 2,Route 98 - Minimart,Owner,,,Closed
29/09/2026 21:31,2-1585,Sale,39.00,0.00,39.00,0.00,39.00,21.80,17.20,Cash,4 x MR. CHIPS  NACHO CHEEZE 4G,Dine in,POS 2,Route 98 - Minimart,Owner,,,Closed
29/09/2026 21:29,2-1584,Sale,38.75,0.00,38.75,0.00,38.75,29.59,9.16,Cash,"1 x C2 GREEN TEA LEMON 335ML, 1 x CLOVER CHEESIER 24G",Dine in,POS 2,Route 98 - Minimart,Owner,,,Closed
29/09/2026 21:28,2-1583,Sale,154.00,0.00,154.00,0.00,154.00,92.83,61.17,Cash,"2 x COCA COLA 1L BOTTLE, 1 x GATORADE BLUE BOLT 350ML, 3 x PLASTIC CUPS",Dine in,POS 2,Route 98 - Minimart,Owner,,,Closed
29/09/2026 21:26,2-1582,Sale,16.00,0.00,16.00,0.00,16.00,11.40,4.60,Cash,1 x DELIGHT PROBIOTIC 100ML,Dine in,POS 2,Route 98 - Minimart,Owner,,,Closed
29/09/2026 21:25,2-1581,Sale,20.00,0.00,20.00,0.00,20.00,15.25,4.75,Cash,"1 x OISHI RINBEE, 1 x RICHEE",Dine in,POS 2,Route 98 - Minimart,Owner,,,Closed
29/09/2026 21:21,2-1580,Sale,640.00,0.00,640.00,0.00,640.00,519.79,120.21,Cash,"3 x RED HORSE LITRO, 1 x CREAMLINE SUNDAE CARAMEL 120ML, 1 x CREAMLINE  CUP CHOCO MALLOW 210ML, 2 x CREAMLINE JUMBO CONE UBE QUESO 140ML, 1 x CREAMLINE JUMBO CONE ROCKY ROAD 140ML, 1 x CREAMLINE JUMBO CONE UBE QUESO 140ML, 1 x CREAMLINE JUMBO CONE COOKIES & CREAM 140ML",Dine in,POS 2,Route 98 - Minimart,Owner,,,Closed
29/09/2026 20:31,2-1579,Sale,234.67,0.00,234.67,0.00,234.67,171.83,62.84,Cash,"1 x COCA COLA 290ML, 1 x C2 GREEN TEA APPLE 335ML, 1 x DELIGHT PROBIOTIC 400ML, 5 x SURF POWDER PURPLE BLOOMS 65G, 4 x SUNSILK SMTH&MNGBL 15ML, 4 x CREAM SILK CONDITIONER SS/PINK",Dine in,POS 2,Route 98 - Minimart,Owner,,,Closed
29/09/2026 20:28,2-1578,Sale,95.00,0.00,95.00,0.00,95.00,85.00,10.00,Cash,1 x SAMYANG BULDAK CHEESE,Dine in,POS 2,Route 98 - Minimart,Owner,,,Closed
29/09/2026 20:17,2-1577,Sale,24.00,0.00,24.00,0.00,24.00,18.20,5.80,Cash,2 x WINSTON RED STICK,Dine in,POS 2,Route 98 - Minimart,Owner,,,Closed
29/09/2026 20:16,2-1576,Sale,73.25,0.00,73.25,0.00,73.25,62.25,11.00,Cash,"1 x VINO KULAFU 350, 1 x CREAMLINE CONE CHOCO QUESO 110ML",Dine in,POS 2,Route 98 - Minimart,Owner,,,Closed
29/09/2026 20:12,2-1575,Sale,320.00,0.00,320.00,0.00,320.00,244.90,75.10,Cash,"1 x KULAFU 700ML, 1 x CLVB 1 LTR, 1 x ICE CUBE 1KG",Dine in,POS 2,Route 98 - Minimart,Owner,,,Closed
29/09/2026 20:01,2-1574,Sale,310.00,0.00,310.00,0.00,310.00,240.00,70.00,Cash,"2 x RED HORSE LITRO, 1 x #misc",Dine in,POS 2,Route 98 - Minimart,Owner,,,Closed
29/09/2026 20:00,2-1573,Sale,28.50,0.00,28.50,0.00,28.50,0.00,28.50,Cash,1 x EFFICASCENT25,Dine in,POS 2,Route 98 - Minimart,Owner,,,Closed
29/09/2026 19:51,2-1572,Sale,20.00,0.00,20.00,0.00,20.00,16.04,3.96,Cash,2 x MIGHTY PULA  STICK,Dine in,POS 2,Route 98 - Minimart,Owner,,,Closed
29/09/2026 19:23,2-1571,Sale,20.00,0.00,20.00,0.00,20.00,16.04,3.96,Cash,2 x MIGHTY PULA  STICK,Dine in,POS 2,Route 98 - Minimart,Owner,,,Closed
29/09/2026 19:04,2-1570,Sale,55.50,0.00,55.50,0.00,55.50,26.25,29.25,Cash,"2 x JACK'NJILL PRETZEL, 1 x CLOUD 9 CLASSIC, 1 x FUN SIZE! PIATTOS CHEESE 18G, 1 x #misc",Dine in,POS 2,Route 98 - Minimart,Owner,,,Closed
29/09/2026 18:49,2-1569,Sale,105.75,0.00,105.75,0.00,105.75,73.05,32.70,Cash,"1 x COCA COLA 1L BOTTLE, 1 x SILKA (WHITENING HERBAL SOAP), 1 x CHIPPY BBQ 108G",Dine in,POS 2,Route 98 - Minimart,Owner,,,Closed
29/09/2026 18:48,2-1568,Sale,120.00,0.00,120.00,0.00,120.00,79.42,40.58,Cash,"1 x GATORADE BLUE BOLT 350ML, 1 x NATURE'S SPRING PH9 ALKALINE 1000ML, 1 x POCARI SWEAT 350ML, 1 x #misc",Dine in,POS 2,Route 98 - Minimart,Owner,,,Closed
29/09/2026 17:33,2-1567,Sale,314.75,0.00,314.75,0.00,314.75,259.70,55.05,Cash,"1 x CLVB 1.5 LTR, 1 x MANG JUAN SUKANG PAOMBONG 90G, 1 x DINGDONG SNACK MIX SWEET&SPICY 100G",Dine in,POS 2,Route 98 - Minimart,Owner,,,Closed
29/09/2026 17:30,2-1566,Sale,161.75,0.00,161.75,0.00,161.75,120.97,40.78,Cash,"1 x PIC-A BBQ OVERLAOD 90G, 1 x PIC-A ULTIMATE CHEDDAR 90G, 1 x COCA COLA 1.75L",Dine in,POS 2,Route 98 - Minimart,Owner,,,Closed
29/09/2026 17:29,2-1565,Sale,10.00,0.00,10.00,0.00,10.00,8.02,1.98,Cash,1 x MIGHTY PULA  STICK,Dine in,POS 2,Route 98 - Minimart,Owner,,,Closed
29/09/2026 17:22,2-1564,Sale,38.50,0.00,38.50,0.00,38.50,27.65,10.85,Cash,"1 x CHIPPY BBQ 25G, 1 x CHIPPY BBQ 108G",Dine in,POS 2,Route 98 - Minimart,Owner,,,Closed
29/09/2026 17:20,2-1563,Sale,24.00,0.00,24.00,0.00,24.00,18.20,5.80,Cash,2 x WINSTON RED STICK,Dine in,POS 2,Route 98 - Minimart,Owner,,,Closed
29/09/2026 17:04,2-1562,Sale,30.00,0.00,30.00,0.00,30.00,18.12,11.88,Cash,2 x NATURE'S SPRING PURE 500ML,Dine in,POS 2,Route 98 - Minimart,Owner,,,Closed
29/09/2026 16:47,2-1561,Sale,9.96,0.00,9.96,0.00,9.96,0.00,9.96,Cash,2 x AJINOMOTO SEASONING,Dine in,POS 2,Route 98 - Minimart,Owner,,,Closed
29/09/2026 16:19,2-1560,Sale,59.00,0.00,59.00,0.00,59.00,46.44,12.56,Cash,"2 x CREAMLINE PINIPIG CHOCOLATE 70ML, 1 x MAGIC CHIPS BBQ, 1 x MAGIC CHIPS CHEESE",Dine in,POS 2,Route 98 - Minimart,Owner,,,Closed
29/09/2026 15:54,2-1559,Sale,38.50,0.00,38.50,0.00,38.50,28.80,9.70,Cash,1 x PIATTOS CHEESE 85G,Dine in,POS 2,Route 98 - Minimart,Owner,,,Closed
29/09/2026 15:53,2-1558,Sale,58.00,0.00,58.00,0.00,58.00,44.42,13.58,Cash,1 x C2 GREEN TEA APPLE 1L,Dine in,POS 2,Route 98 - Minimart,Owner,,,Closed
29/09/2026 15:27,2-1557,Sale,30.00,0.00,30.00,0.00,30.00,24.06,5.94,Cash,3 x MIGHTY PULA  STICK,Dine in,POS 2,Route 98 - Minimart,Owner,,,Closed
29/09/2026 15:20,2-1556,Sale,63.50,0.00,63.50,0.00,63.50,46.08,17.42,Cash,"1 x STING 290ML, 1 x C2 GREEN TEA APPLE 335ML, 1 x CHIZ CURLS 18G",Dine in,POS 2,Route 98 - Minimart,Owner,,,Closed
29/09/2026 15:17,2-1555,Sale,9.98,0.00,9.98,0.00,9.98,7.80,2.18,Cash,1 x LEMON SQUARE LAVA CAKE,Dine in,POS 2,Route 98 - Minimart,Owner,,,Closed
29/09/2026 15:16,2-1554,Sale,19.50,0.00,19.50,0.00,19.50,14.50,5.00,Cash,2 x CHIZ CURLS 18G,Dine in,POS 2,Route 98 - Minimart,Owner,,,Closed
29/09/2026 15:11,2-1553,Sale,80.25,0.00,80.25,0.00,80.25,61.56,18.69,Cash,"3 x NOVA COUNTRY CHEDDAR 20G, 1 x CREAMLINE COOLERS CHOCOLATE 50ML, 2 x OVERLOAD BLACK FOREST, 2 x OVERLOAD CHOCO STRAWBERRY",Dine in,POS 2,Route 98 - Minimart,Owner,,,Closed
29/09/2026 15:07,2-1552,Sale,36.75,0.00,36.75,0.00,36.75,28.37,8.38,Cash,"1 x OVERLOAD CHOCO STRAWBERRY, 1 x OVERLOAD BLACK FOREST, 1 x NOVA COUNTRY CHEDDAR 20G, 1 x NIPS PEANUT 14G",Dine in,POS 2,Route 98 - Minimart,Owner,,,Closed
29/09/2026 14:38,2-1551,Sale,66.50,0.00,66.50,0.00,66.50,44.44,22.06,Cash,"1 x COBRA  ASTIG CITRUS BLAST 290ML, 2 x FISH CRACKERS 24G, 1 x NATURE'S SPRING PURE 1000ML",Dine in,POS 2,Route 98 - Minimart,Owner,,,Closed
29/09/2026 14:04,2-1550,Sale,40.00,0.00,40.00,0.00,40.00,33.00,7.00,Cash,2 x COCA COLA 290ML,Dine in,POS 2,Route 98 - Minimart,Owner,,,Closed
29/09/2026 13:47,2-1549,Sale,48.00,0.00,48.00,0.00,48.00,36.40,11.60,Cash,4 x WINSTON RED STICK,Dine in,POS 2,Route 98 - Minimart,Owner,,,Closed
29/09/2026 13:43,2-1548,Sale,45.00,0.00,45.00,0.00,45.00,31.33,13.67,Cash,"1 x GATORADE BLUE BOLT 350ML, 5 x HAPPY ORIGNAL",Dine in,POS 2,Route 98 - Minimart,Owner,,,Closed
29/09/2026 12:18,2-1547,Sale,8.98,0.00,8.98,0.00,8.98,6.23,2.75,Cash,1 x DOWNY SUNRISE FRESH 26ML,Dine in,POS 2,Route 98 - Minimart,Owner,,,Closed
29/09/2026 11:47,2-1546,Sale,62.00,0.00,62.00,0.00,62.00,0.00,62.00,Cash,1 x ZONROX ORIG 1L,Dine in,POS 2,Route 98 - Minimart,Owner,,,Closed
29/09/2026 11:22,2-1545,Sale,16.00,0.00,16.00,0.00,16.00,0.00,16.00,Cash,"1 x WINGS POWDER BLUE 57G, 1 x #misc",Dine in,POS 2,Route 98 - Minimart,Owner,,,Closed
29/09/2026 10:12,2-1544,Sale,169.50,0.00,169.50,0.00,169.50,123.34,46.16,Cash,"1 x COCA COLA 1.75L, 1 x SPRITE 1.75L",Dine in,POS 2,Route 98 - Minimart,Owner,,,Closed
28/09/2026 20:23,2-1543,Sale,32.00,0.00,32.00,0.00,32.00,14.08,17.92,Cash,"1 x NIPS WHITE CHOCO 14G, 1 x #StyroCups w/ stirrer, 1 x GREAT TASTE WHITE TWIN PACK, 1 x NESCAFE STICK",Dine in,POS 2,Route 98 - Minimart,Owner,,,Closed
28/09/2026 20:20,2-1542,Sale,37.48,0.00,37.48,0.00,37.48,16.66,20.82,Cash,"1 x CHICK BOY TEXAS BBQ 30G, 1 x ROYAL 190, 1 x FUN SIZE! PIATTOS CHEESE 18G",Dine in,POS 2,Route 98 - Minimart,Owner,,,Closed
28/09/2026 20:04,2-1541,Sale,20.00,0.00,20.00,0.00,20.00,16.50,3.50,Cash,1 x COCA COLA 290ML,Dine in,POS 2,Route 98 - Minimart,Owner,,,Closed
28/09/2026 20:01,2-1540,Sale,100.00,0.00,100.00,0.00,100.00,88.00,12.00,Cash,2 x VINO KULAFU 350,Dine in,POS 2,Route 98 - Minimart,Owner,,,Closed
28/09/2026 19:57,2-1539,Sale,20.00,0.00,20.00,0.00,20.00,16.04,3.96,Cash,2 x MIGHTY PULA  STICK,Dine in,POS 2,Route 98 - Minimart,Owner,,,Closed
28/09/2026 19:56,2-1538,Sale,92.00,0.00,92.00,0.00,92.00,60.16,31.84,Cash,"2 x NATURE'S SPRING DISTILLED 1000ML, 3 x WINSTON RED STICK",Dine in,POS 2,Route 98 - Minimart,Owner,,,Closed
28/09/2026 18:58,2-1537,Sale,24.75,0.00,24.75,0.00,24.75,15.97,8.78,Cash,"1 x CHIPPY BBQ 25G, 1 x PREMIER PURIFIED WATER 500ML",Dine in,POS 2,Route 98 - Minimart,Owner,,,Closed
28/09/2026 18:55,2-1536,Sale,66.00,0.00,66.00,0.00,66.00,56.70,9.30,Cash,"2 x OSAKA SARDINES, 1 x WINSTON WHITE STICK",Dine in,POS 2,Route 98 - Minimart,Owner,,,Closed
28/09/2026 18:52,2-1535,Sale,20.00,0.00,20.00,0.00,20.00,16.04,3.96,Cash,2 x MIGHTY PULA  STICK,Dine in,POS 2,Route 98 - Minimart,Owner,,,Closed
28/09/2026 18:50,2-1534,Sale,60.00,0.00,60.00,0.00,60.00,45.50,14.50,Cash,5 x WINSTON RED STICK,Dine in,POS 2,Route 98 - Minimart,Owner,,,Closed
28/09/2026 18:50,2-1533,Sale,15.00,0.00,15.00,0.00,15.00,9.40,5.60,Cash,1 x CHOCOMUCHO WHITE CARAMEL,Dine in,POS 2,Route 98 - Minimart,Owner,,,Closed
28/09/2026 18:30,2-1532,Sale,16.98,0.00,16.98,0.00,16.98,9.22,7.76,Cash,"1 x CHICK BOY ONION & GARLIC 30G, 1 x #StyroCups w/ stirrer",Dine in,POS 2,Route 98 - Minimart,Owner,,,Closed
28/09/2026 18:29,2-1531,Sale,327.75,0.00,327.75,0.00,327.75,261.84,65.91,Cash,"1 x LIFT BERRY BOLT 320, 1 x COCA COLA 1.75L, 1 x GSM BLUE MOJITO, 2 x CREAMLINE CONE UBE MACAPUNO 110ML, 2 x MOBY CARAMEL",Dine in,POS 2,Route 98 - Minimart,Owner,,,Closed
28/09/2026 18:23,2-1530,Sale,70.00,0.00,70.00,0.00,70.00,50.10,19.90,Cash,"1 x SM FLAVORED BEER APPLE, 1 x #misc, 1 x WINSTON RED STICK",Dine in,POS 2,Route 98 - Minimart,Owner,,,Closed
28/09/2026 17:16,2-1529,Sale,70.00,0.00,70.00,0.00,70.00,45.55,24.45,Cash,"1 x NUTRIBOOST STRWBRRY 110, 1 x PRINGLES CHEESY CHEESE",Dine in,POS 2,Route 98 - Minimart,Owner,,,Closed
28/09/2026 17:14,2-1528,Sale,83.67,0.00,83.67,0.00,83.67,61.85,21.82,Cash,"3 x TATTOOS CORN TUBE PIZZA 60G, 1 x PEEWEE SIZZLING BBQ 60G, 1 x TATTOOS CORN TUBE PIZZA 60G",Dine in,POS 2,Route 98 - Minimart,Owner,,,Closed
28/09/2026 17:08,2-1527,Sale,26.75,0.00,26.75,0.00,26.75,18.09,8.66,Cash,"1 x CHIPPY BBQ 25G, 1 x C2 SOLO APPLE 230ML",Dine in,POS 2,Route 98 - Minimart,Owner,,,Closed
28/09/2026 17:03,2-1526,Sale,18.50,0.00,18.50,0.00,18.50,15.75,2.75,Cash,1 x PIATTOS SOUR CREAM 40G,Dine in,POS 2,Route 98 - Minimart,Owner,,,Closed
28/09/2026 16:57,2-1525,Sale,55.00,0.00,55.00,0.00,55.00,45.55,9.45,Cash,1 x PRINGLES CHEESY CHEESE,Dine in,POS 2,Route 98 - Minimart,Owner,,,Closed
28/09/2026 16:52,2-1524,Sale,10.00,0.00,10.00,0.00,10.00,8.02,1.98,Cash,1 x MIGHTY PULA  STICK,Dine in,POS 2,Route 98 - Minimart,Owner,,,Closed
28/09/2026 16:45,2-1523,Sale,19.50,0.00,19.50,0.00,19.50,14.50,5.00,Cash,2 x CHIZ CURLS 18G,Dine in,POS 2,Route 98 - Minimart,Owner,,,Closed
28/09/2026 16:41,2-1522,Sale,48.25,0.00,48.25,0.00,48.25,35.63,12.62,Cash,"1 x C2 GREEN TEA APPLE 335ML, 1 x CHIZ CURLS 18G, 1 x CHIPPY CHILI CHEESE 25G",Dine in,POS 2,Route 98 - Minimart,Owner,,,Closed
28/09/2026 16:22,2-1521,Sale,16.00,0.00,16.00,0.00,16.00,11.40,4.60,Cash,1 x DELIGHT PROBIOTIC 100ML,Dine in,POS 2,Route 98 - Minimart,Owner,,,Closed
28/09/2026 16:19,2-1520,Sale,10.00,0.00,10.00,0.00,10.00,6.75,3.25,Cash,1 x OISHI CRACKLINGS,Dine in,POS 2,Route 98 - Minimart,Owner,,,Closed
28/09/2026 16:05,2-1519,Sale,20.25,0.00,20.25,0.00,20.25,14.25,6.00,Cash,1 x VCUT CHEESE FLAVOR 25G,Dine in,POS 2,Route 98 - Minimart,Owner,,,Closed
28/09/2026 16:02,2-1518,Sale,71.23,0.00,71.23,0.00,71.23,46.27,24.96,Cash,"1 x MR CHIPS MANAMIS MAIS 45G, 1 x C2 GREEN TEA APPLE 335ML, 1 x MONDE SPECIAL MAMON",Dine in,POS 2,Route 98 - Minimart,Owner,,,Closed
28/09/2026 15:44,2-1517,Sale,145.00,0.00,145.00,0.00,145.00,120.00,25.00,Cash,1 x RED HORSE LITRO,Dine in,POS 2,Route 98 - Minimart,Owner,,,Closed
28/09/2026 15:37,2-1516,Sale,12.00,0.00,12.00,0.00,12.00,9.10,2.90,Cash,1 x WINSTON RED STICK,Dine in,POS 2,Route 98 - Minimart,Owner,,,Closed
28/09/2026 15:21,2-1515,Sale,39.50,0.00,39.50,0.00,39.50,27.25,12.25,Cash,"1 x SUPER CRUNCH SWEET CORN 55G, 1 x STING 290ML",Dine in,POS 2,Route 98 - Minimart,Owner,,,Closed
28/09/2026 15:12,2-1514,Sale,47.75,0.00,47.75,0.00,47.75,34.10,13.65,Cash,"2 x WINSTON RED STICK, 1 x TATTOOS CORN CHIPS BBQ 58G, 1 x BLACK CHILI CORN CHIPS BBQ",Dine in,POS 2,Route 98 - Minimart,Owner,,,Closed
28/09/2026 14:47,2-1513,Sale,40.00,0.00,40.00,0.00,40.00,0.00,40.00,Cash,1 x SUKAMOD,Dine in,POS 2,Route 98 - Minimart,Owner,,,Closed
28/09/2026 14:25,2-1512,Sale,22.50,0.00,22.50,0.00,22.50,0.00,22.50,Cash,1 x OMEGA15,Dine in,POS 2,Route 98 - Minimart,Owner,,,Closed
28/09/2026 14:24,2-1511,Sale,35.00,0.00,35.00,0.00,35.00,19.34,15.66,Cash,1 x NATURE'S SPRING PH9 ALKALINE 1000ML,Dine in,POS 2,Route 98 - Minimart,Owner,,,Closed
28/09/2026 14:05,2-1510,Sale,160.00,0.00,160.00,0.00,160.00,128.32,31.68,Cash,16 x MIGHTY PUTI STICK,Dine in,POS 2,Route 98 - Minimart,Owner,,,Closed
28/09/2026 13:48,2-1509,Sale,44.00,0.00,44.00,0.00,44.00,33.20,10.80,Cash,2 x RAPSA PANCIT BIHON,Dine in,POS 2,Route 98 - Minimart,Owner,,,Closed
28/09/2026 12:09,2-1508,Sale,10.00,0.00,10.00,0.00,10.00,8.02,1.98,Cash,1 x MIGHTY PULA  STICK,Dine in,POS 2,Route 98 - Minimart,Owner,,,Closed
28/09/2026 10:49,2-1507,Sale,35.00,0.00,35.00,0.00,35.00,25.83,9.17,Cash,1 x GATORADE BLUE BOLT 350ML,Dine in,POS 2,Route 98 - Minimart,Owner,,,Closed
28/09/2026 10:47,2-1506,Sale,55.00,0.00,55.00,0.00,55.00,44.58,10.42,Cash,1 x POCARI SWEAT 500ML,Dine in,POS 2,Route 98 - Minimart,Owner,,,Closed
28/09/2026 10:29,2-1505,Sale,60.00,0.00,60.00,0.00,60.00,48.00,12.00,Cash,1 x DELIGHT PROBIOTIC 400ML,Dine in,POS 2,Route 98 - Minimart,Owner,,,Closed
28/09/2026 10:06,2-1504,Sale,35.00,0.00,35.00,0.00,35.00,24.77,10.23,Cash,"1 x STING 290ML, 1 x MIGHTY PULA  STICK",Dine in,POS 2,Route 98 - Minimart,Owner,,,Closed
27/09/2026 21:58,2-1503,Sale,207.98,0.00,207.98,0.00,207.98,156.00,51.98,Cash,"1 x LEMON SQUARE CHEESE CAKE, 3 x NESCAFE ORIGINAL TWIN PACK, 2 x NESCAFE CREAMY WHITE TWIN PACK, 2 x NESTEA LEMON, 12 x NESCAFE STICK",Dine in,POS 2,Route 98 - Minimart,Owner,,,Closed
27/09/2026 21:55,2-1502,Sale,20.00,0.00,20.00,0.00,20.00,16.04,3.96,Cash,2 x MIGHTY PUTI STICK,Dine in,POS 2,Route 98 - Minimart,Owner,,,Closed
27/09/2026 21:54,2-1501,Sale,65.00,0.00,65.00,0.00,65.00,54.00,11.00,Cash,1 x SMIRNOFF,Dine in,POS 2,Route 98 - Minimart,Owner,,,Closed
27/09/2026 21:52,2-1500,Sale,81.00,0.00,81.00,0.00,81.00,57.26,23.74,Cash,"1 x ICE CUBE 1KG, 3 x WINSTON WHITE STICK, 2 x CAMEL PREMIUM TABACCOS STICK",Dine in,POS 2,Route 98 - Minimart,Owner,,,Closed
27/09/2026 21:51,2-1499,Sale,244.00,0.00,244.00,0.00,244.00,204.80,39.20,Cash,"2 x GSM GIN ROUND 350ML, 2 x TANG MIXED BERRIES",Dine in,POS 2,Route 98 - Minimart,Owner,,,Closed
27/09/2026 21:13,2-1498,Sale,70.00,0.00,70.00,0.00,70.00,60.04,9.96,Cash,"1 x VINO KULAFU 350, 2 x MIGHTY PULA  STICK",Dine in,POS 2,Route 98 - Minimart,Owner,,,Closed
27/09/2026 21:13,2-1497,Sale,80.96,0.00,80.96,0.00,80.96,60.17,20.79,Cash,"1 x NISSIN BREAD STIX, 1 x PILLOWS UBE 24G, 1 x CRISPY PATATA 24G, 4 x NIPS PEANUT 14G, 2 x MIGHTY PULA  STICK",Dine in,POS 2,Route 98 - Minimart,Owner,,,Closed
27/09/2026 21:02,2-1496,Sale,35.00,0.00,35.00,0.00,35.00,24.00,11.00,Cash,1 x ICE CUBE 2KG,Dine in,POS 2,Route 98 - Minimart,Owner,,,Closed
27/09/2026 20:46,2-1495,Sale,41.00,0.00,41.00,0.00,41.00,0.00,41.00,Card,1 x OMEGA30,Dine in,POS 2,Route 98 - Minimart,Owner,,,Closed
27/09/2026 20:42,2-1494,Sale,72.50,0.00,72.50,0.00,72.50,55.16,17.34,Cash,"1 x COCA COLA 190ML, 2 x C2 GREEN TEA APPLE 335ML",Dine in,POS 2,Route 98 - Minimart,Owner,,,Closed
27/09/2026 20:24,2-1493,Sale,203.50,0.00,203.50,0.00,203.50,172.94,30.56,Cash,"1 x RED HORSE SUPER, 2 x MIGHTY PULA  STICK, 1 x MARTY'S CRACKLINGS CHICK INSL 90G",Dine in,POS 2,Route 98 - Minimart,Owner,,,Closed
27/09/2026 20:17,2-1492,Sale,135.00,0.00,135.00,0.00,135.00,0.00,135.00,Cash,1 x #misc,Dine in,POS 2,Route 98 - Minimart,Owner,,,Closed
27/09/2026 20:16,2-1491,Sale,70.00,0.00,70.00,0.00,70.00,56.14,13.86,Cash,7 x MIGHTY PULA  STICK,Dine in,POS 2,Route 98 - Minimart,Owner,,,Closed
27/09/2026 19:26,2-1490,Sale,70.00,0.00,70.00,0.00,70.00,60.04,9.96,Cash,"1 x VINO KULAFU 350, 2 x MIGHTY PULA  STICK",Dine in,POS 2,Route 98 - Minimart,Owner,,,Closed
27/09/2026 19:23,2-1489,Sale,10.00,0.00,10.00,0.00,10.00,8.02,1.98,Cash,1 x MIGHTY PULA  STICK,Dine in,POS 2,Route 98 - Minimart,Owner,,,Closed
27/09/2026 19:22,2-1488,Sale,50.00,0.00,50.00,0.00,50.00,38.50,11.50,Cash,2 x LUCKY ME PC SWEET&SPICY KASALO PACK,Dine in,POS 2,Route 98 - Minimart,Owner,,,Closed
27/09/2026 19:19,2-1487,Sale,290.00,0.00,290.00,0.00,290.00,240.00,50.00,Cash,2 x RED HORSE LITRO,Dine in,POS 2,Route 98 - Minimart,Owner,,,Closed
27/09/2026 18:59,2-1486,Sale,15.00,0.00,15.00,0.00,15.00,9.40,5.60,Cash,1 x CHOCOMUCHO  COKIES &  CREAM,Dine in,POS 2,Route 98 - Minimart,Owner,,,Closed
27/09/2026 18:49,2-1485,Sale,61.50,0.00,61.50,0.00,61.50,41.00,20.50,Cash,"1 x ICE CUBE 1KG, 2 x NOVA HOMESTYLE BBQ 38G",Dine in,POS 2,Route 98 - Minimart,Owner,,,Closed
27/09/2026 18:35,2-1484,Sale,100.00,0.00,100.00,0.00,100.00,88.00,12.00,Cash,2 x VINO KULAFU 350,Dine in,POS 2,Route 98 - Minimart,Owner,,,Closed
27/09/2026 18:28,2-1483,Sale,16.98,0.00,16.98,0.00,16.98,13.40,3.58,Cash,1 x KOPIKO BLANCA 2PK,Dine in,POS 2,Route 98 - Minimart,Owner,,,Closed
27/09/2026 18:27,2-1482,Sale,24.00,0.00,24.00,0.00,24.00,19.84,4.16,Cash,2 x WINSTON WHITE STICK,Dine in,POS 2,Route 98 - Minimart,Owner,,,Closed
27/09/2026 18:15,2-1481,Sale,25.00,0.00,25.00,0.00,25.00,13.00,12.00,Cash,1 x ICE CUBE 1KG,Dine in,POS 2,Route 98 - Minimart,Owner,,,Closed
27/09/2026 18:13,2-1480,Sale,25.98,0.00,25.98,0.00,25.98,19.50,6.48,Cash,1 x SAFEGUARD EXTRA STRONG COOLING,Dine in,POS 2,Route 98 - Minimart,Owner,,,Closed
27/09/2026 18:12,2-1479,Sale,220.00,0.00,220.00,0.00,220.00,184.00,36.00,Cash,1 x WINSTON WHITE KAHA,Dine in,POS 2,Route 98 - Minimart,Owner,,,Closed
27/09/2026 17:28,2-1478,Sale,9.98,0.00,9.98,0.00,9.98,7.80,2.18,Cash,1 x LEMON SQUARE LAVA CAKE,Dine in,POS 2,Route 98 - Minimart,Owner,,,Closed
27/09/2026 16:40,2-1477,Sale,9.00,0.00,9.00,0.00,9.00,7.50,1.50,Cash,1 x OISHI PRAWN CRACKERS SPICY 24G,Dine in,POS 2,Route 98 - Minimart,Owner,,,Closed
27/09/2026 16:39,2-1476,Sale,276.73,0.00,276.73,0.00,276.73,211.61,65.12,Cash,"1 x VCUT SPICY BARBEQUE 60G, 1 x MR CHIPS NACHO CHEESE 98G, 1 x MANG JUAN SUKANG PAOMBONG 90G, 1 x COCA COLA 290ML, 2 x DELIGHT PROBIOTIC 400ML, 1 x NATURE'S SPRING PURE 1000ML, 1 x TATTOOS CORN TUBE PIZZA 60G",Dine in,POS 2,Route 98 - Minimart,Owner,,,Closed
27/09/2026 16:30,2-1475,Sale,10.00,0.00,10.00,0.00,10.00,6.45,3.55,Cash,1 x PRESTO PEANUT BUTTER,Dine in,POS 2,Route 98 - Minimart,Owner,,,Closed
27/09/2026 16:28,2-1474,Sale,120.00,0.00,120.00,0.00,120.00,96.00,24.00,Cash,2 x DELIGHT PROBIOTIC 400ML,Dine in,POS 2,Route 98 - Minimart,Owner,,,Closed
27/09/2026 16:24,2-1473,Sale,50.00,0.00,50.00,0.00,50.00,44.00,6.00,Cash,1 x VINO KULAFU 350,Dine in,POS 2,Route 98 - Minimart,Owner,,,Closed
27/09/2026 16:19,2-1472,Sale,36.00,0.00,36.00,0.00,36.00,19.88,16.12,Cash,2 x NATURE'S SPRING DISTILLED 500ML,Dine in,POS 2,Route 98 - Minimart,Owner,,,Closed
27/09/2026 15:51,2-1471,Sale,45.00,0.00,45.00,0.00,45.00,0.00,45.00,Cash,"1 x NUTRIBOOST STRWBRRY 110, 2 x ROYAL 190",Dine in,POS 2,Route 98 - Minimart,Owner,,,Closed
27/09/2026 15:41,2-1470,Sale,10.00,0.00,10.00,0.00,10.00,8.02,1.98,Cash,1 x MIGHTY PULA  STICK,Dine in,POS 2,Route 98 - Minimart,Owner,,,Closed
27/09/2026 15:25,2-1469,Sale,10.00,0.00,10.00,0.00,10.00,8.02,1.98,Cash,1 x MIGHTY PULA  STICK,Dine in,POS 2,Route 98 - Minimart,Owner,,,Closed
27/09/2026 15:20,2-1468,Sale,664.21,0.00,664.21,0.00,664.21,528.15,136.06,Cash,"3 x DELIGHT PROBIOTIC 400ML, 1 x OISHI FISH CRACKERS 90G, 1 x NOBRELLI CHOCO-MANGGA-UBE 1.3L, 1 x NESTLE 2in1 ALMOND BROWNIE FUDGE& COOKIES 750ML, 1 x MANG JUAN SUKANG PAOMBONG 90G",Dine in,POS 2,Route 98 - Minimart,Owner,,,Closed
27/09/2026 15:14,2-1467,Sale,1006.44,0.00,1006.44,0.00,1006.44,674.58,331.86,Cash,"1 x DINGDONG MIX NUTS REAL GARLIC 100G, 1 x ZONROX ORIG 1L, 2 x VITAMILK(DOUBLECHOCO) 300ML, 1 x TANDUAY SELECT 700ML, 2 x COCA COLA 1.75L, 2 x ROYAL 1.75L, 1 x SPRITE 1.75L, 3 x TATTOOS CORN TUBE PIZZA 60G, 1 x DAILY SCENT 50ML, 1 x MANG JUAN SUKAT SILI 26G, 2 x CREAMLINE COOLERS CHOCOLATE 50ML, 3 x CREAMLINE COOLERS MELON 70ML, 1 x CREAMLINE COOLERS MANGO 70ML, 3 x CREAMLINE COOLERS STRAWBERRY 50ML, 1 x CREAMLINE MILKY POP LOLLY MILK CHOCO 60ML, 1 x FUN SIZE! PIATTOS CHEESE 18G",Dine in,POS 2,Route 98 - Minimart,Owner,,,Closed
27/09/2026 15:05,2-1466,Sale,100.00,0.00,100.00,0.00,100.00,52.00,48.00,Cash,4 x ICE CUBE 1KG,Dine in,POS 2,Route 98 - Minimart,Owner,,,Closed
27/09/2026 15:03,2-1465,Sale,25.00,0.00,25.00,0.00,25.00,13.00,12.00,Cash,1 x ICE CUBE 1KG,Dine in,POS 2,Route 98 - Minimart,Owner,,,Closed
27/09/2026 15:02,2-1464,Sale,50.00,0.00,50.00,0.00,50.00,40.10,9.90,Cash,5 x MIGHTY PULA  STICK,Dine in,POS 2,Route 98 - Minimart,Owner,,,Closed
27/09/2026 14:48,2-1463,Sale,173.00,0.00,173.00,0.00,173.00,129.19,43.81,Cash,"1 x COCA COLA 1.75L, 5 x WINSTON RED STICK, 1 x NOVA HOMESTYLE BBQ 38G, 1 x MIGHTY PULA  STICK",Dine in,POS 2,Route 98 - Minimart,Owner,,,Closed
27/09/2026 14:33,2-1462,Sale,15.00,0.00,15.00,0.00,15.00,0.00,15.00,Cash,1 x NUTRIBOOST STRWBRRY 110,Dine in,POS 2,Route 98 - Minimart,Owner,,,Closed
27/09/2026 14:20,2-1461,Sale,40.00,0.00,40.00,0.00,40.00,29.45,10.55,Cash,"1 x CREAMLINE PINOY CLASSIC MANGGO 60ML, 1 x CREAMLINE PINIPIG CHOCOLATE 70ML",Dine in,POS 2,Route 98 - Minimart,Owner,,,Closed
27/09/2026 14:17,2-1460,Sale,17.00,0.00,17.00,0.00,17.00,15.32,1.68,Cash,1 x C2 SOLO LEMON 230ML,Dine in,POS 2,Route 98 - Minimart,Owner,,,Closed
27/09/2026 14:07,2-1459,Sale,155.00,0.00,155.00,0.00,155.00,115.34,39.66,Cash,"1 x NATURE'S SPRING PH9 ALKALINE 1000ML, 2 x DELIGHT PROBIOTIC 400ML",Dine in,POS 2,Route 98 - Minimart,Owner,,,Closed
27/09/2026 13:52,2-1458,Sale,29.75,0.00,29.75,0.00,29.75,22.50,7.25,Cash,1 x MANG JUAN SUKANG PAOMBONG 90G,Dine in,POS 2,Route 98 - Minimart,Owner,,,Closed
27/09/2026 13:42,2-1457,Sale,125.00,0.00,125.00,0.00,125.00,65.00,60.00,Cash,5 x ICE CUBE 1KG,Dine in,POS 2,Route 98 - Minimart,Owner,,,Closed
27/09/2026 13:36,2-1456,Sale,40.00,0.00,40.00,0.00,40.00,25.40,14.60,Cash,4 x CLOUD 9 CLASSIC,Dine in,POS 2,Route 98 - Minimart,Owner,,,Closed
27/09/2026 12:43,2-1455,Sale,246.00,0.00,246.00,0.00,246.00,146.94,99.06,Cash,"7 x NATURE'S SPRING DISTILLED 500ML, 8 x PREMIER PURIFIED WATER 500ML",Dine in,POS 2,Route 98 - Minimart,Owner,,,Closed
27/09/2026 12:37,2-1454,Sale,35.00,0.00,35.00,0.00,35.00,24.77,10.23,Cash,"1 x STING 290ML, 1 x MIGHTY PULA  STICK",Dine in,POS 2,Route 98 - Minimart,Owner,,,Closed
27/09/2026 12:33,2-1453,Sale,231.00,0.00,231.00,0.00,231.00,137.66,93.34,Cash,"13 x NATURE'S SPRING PURE 500ML, 2 x NATURE'S SPRING DISTILLED 500ML",Dine in,POS 2,Route 98 - Minimart,Owner,,,Closed
27/09/2026 12:19,2-1452,Sale,38.00,0.00,38.00,0.00,38.00,33.18,4.82,Cash,1 x LA MIA TUNA AFRTDA,Dine in,POS 2,Route 98 - Minimart,Owner,,,Closed
27/09/2026 12:03,2-1451,Sale,10.00,0.00,10.00,0.00,10.00,8.02,1.98,Cash,1 x MIGHTY PULA  STICK,Dine in,POS 2,Route 98 - Minimart,Owner,,,Closed
27/09/2026 11:06,2-1450,Sale,10.00,0.00,10.00,0.00,10.00,8.02,1.98,Cash,1 x MIGHTY PULA  STICK,Dine in,POS 2,Route 98 - Minimart,Owner,,,Closed
27/09/2026 10:56,2-1449,Sale,34.75,0.00,34.75,0.00,34.75,23.05,11.70,Cash,"1 x STING 290ML, 1 x CHIPPY CHILI CHEESE 25G",Dine in,POS 2,Route 98 - Minimart,Owner,,,Closed
27/09/2026 10:36,2-1448,Sale,48.25,0.00,48.25,0.00,48.25,36.58,11.67,Cash,"1 x C2 GREEN TEA APPLE 335ML, 2 x CHIZ CURLS 18G",Dine in,POS 2,Route 98 - Minimart,Owner,,,Closed
27/09/2026 10:08,2-1447,Sale,30.00,0.00,30.00,0.00,30.00,24.06,5.94,Cash,3 x MIGHTY PULA  STICK,Dine in,POS 2,Route 98 - Minimart,Owner,,,Closed
27/09/2026 10:05,2-1446,Sale,42.73,0.00,42.73,0.00,42.73,32.00,10.73,Cash,"1 x OISHI PRAWN CRACKERS 60G, 1 x FISH CRACKERS 24G, 1 x CRISPY PATATA 24G",Dine in,POS 2,Route 98 - Minimart,Owner,,,Closed
27/09/2026 10:04,2-1445,Sale,105.00,0.00,105.00,0.00,105.00,63.00,42.00,Cash,"1 x ROYAL 190, 1 x COCA COLA 1L BOTTLE, 1 x VITAMILK(DOUBLECHOCO) 300ML",Dine in,POS 2,Route 98 - Minimart,Owner,,,Closed
27/09/2026 02:03,2-1444,Sale,182.00,0.00,182.00,0.00,182.00,147.60,34.40,Cash,"2 x PIATTOS ROADHOUSE BBQ 40G, 1 x RED HORSE LITRO",Dine in,POS 2,Route 98 - Minimart,Owner,,,Closed
27/09/2026 01:54,2-1443,Sale,21.96,0.00,21.96,0.00,21.96,15.50,6.46,Card,"1 x LEMON SQUARE LAVA CAKE, 1 x LEMON SQUARE CHEESE CAKE",Dine in,POS 2,Route 98 - Minimart,Owner,,,Closed
27/09/2026 01:53,2-1442,Sale,84.75,0.00,84.75,0.00,84.75,61.67,23.08,Cash,1 x COCA COLA 1.75L,Dine in,POS 2,Route 98 - Minimart,Owner,,,Closed
27/09/2026 01:44,2-1441,Sale,145.00,0.00,145.00,0.00,145.00,120.00,25.00,Cash,1 x RED HORSE LITRO,Dine in,POS 2,Route 98 - Minimart,Owner,,,Closed
27/09/2026 01:39,2-1440,Sale,24.00,0.00,24.00,0.00,24.00,18.20,5.80,Cash,2 x WINSTON RED STICK,Dine in,POS 2,Route 98 - Minimart,Owner,,,Closed
27/09/2026 01:33,2-1439,Sale,20.00,0.00,20.00,0.00,20.00,16.50,3.50,Cash,1 x COCA COLA 290ML,Dine in,POS 2,Route 98 - Minimart,Owner,,,Closed
27/09/2026 01:17,2-1438,Sale,50.00,0.00,50.00,0.00,50.00,39.55,10.45,Cash,1 x NESTLE FRESH MILK 250ML,Dine in,POS 2,Route 98 - Minimart,Owner,,,Closed
27/09/2026 01:16,2-1437,Sale,35.00,0.00,35.00,0.00,35.00,19.34,15.66,Cash,1 x NATURE'S SPRING PH9 ALKALINE 1000ML,Dine in,POS 2,Route 98 - Minimart,Owner,,,Closed
27/09/2026 01:15,2-1436,Sale,50.00,0.00,50.00,0.00,50.00,44.00,6.00,Cash,1 x VINO KULAFU 350,Dine in,POS 2,Route 98 - Minimart,Owner,,,Closed
27/09/2026 01:15,2-1435,Sale,145.00,0.00,145.00,0.00,145.00,120.00,25.00,Cash,1 x RED HORSE LITRO,Dine in,POS 2,Route 98 - Minimart,Owner,,,Closed
27/09/2026 00:37,2-1434,Sale,38.50,0.00,38.50,0.00,38.50,33.22,5.28,Cash,1 x PIATTOS ROADHOUSE BBQ 85G,Dine in,POS 2,Route 98 - Minimart,Owner,,,Closed
27/09/2026 00:34,2-1433,Sale,94.00,0.00,94.00,0.00,94.00,70.49,23.51,Cash,"5 x CAMEL PREMIUM TABACCOS STICK, 2 x MIGHTY PUTI STICK, 2 x WINSTON RED STICK",Dine in,POS 2,Route 98 - Minimart,Owner,,,Closed
27/09/2026 00:32,2-1432,Sale,145.00,0.00,145.00,0.00,145.00,120.00,25.00,Cash,1 x RED HORSE LITRO,Dine in,POS 2,Route 98 - Minimart,Owner,,,Closed
27/09/2026 00:17,2-1431,Sale,25.00,0.00,25.00,0.00,25.00,15.85,9.15,Cash,1 x CREAMLINE SUNDAE CHOCOLATE120ML,Dine in,POS 2,Route 98 - Minimart,Owner,,,Closed
27/09/2026 00:16,2-1430,Sale,145.00,0.00,145.00,0.00,145.00,120.00,25.00,Cash,1 x RED HORSE LITRO,Dine in,POS 2,Route 98 - Minimart,Owner,,,Closed
27/09/2026 00:09,2-1429,Sale,138.50,0.00,138.50,0.00,138.50,101.60,36.90,Cash,"1 x MANG JUAN SUKAT SILI 90G, 1 x DINGDONG HOT& SPICY 100G, 1 x OISHI CRACKLINGS, 1 x ICE CUBE 2KG, 1 x CHIPPY CHILI & CHEESE 108G",Dine in,POS 2,Route 98 - Minimart,Owner,,,Closed
26/09/2026 23:52,2-1428,Sale,30.00,0.00,30.00,0.00,30.00,16.50,13.50,Cash,15 x HAPPY NUTS SWEET CHILI 5G,Dine in,POS 2,Route 98 - Minimart,Owner,,,Closed
26/09/2026 23:46,2-1427,Sale,20.00,0.00,20.00,0.00,20.00,16.15,3.85,Cash,1 x CREAMLINE PINIPIG CHOCOLATE 70ML,Dine in,POS 2,Route 98 - Minimart,Owner,,,Closed
26/09/2026 23:44,2-1426,Sale,145.00,0.00,145.00,0.00,145.00,120.00,25.00,Cash,1 x RED HORSE LITRO,Dine in,POS 2,Route 98 - Minimart,Owner,,,Closed
26/09/2026 23:41,2-1425,Sale,25.00,0.00,25.00,0.00,25.00,15.85,9.15,Card,1 x CREAMLINE SUNDAE CARAMEL 120ML,Dine in,POS 2,Route 98 - Minimart,Owner,,,Closed
26/09/2026 23:22,2-1424,Sale,24.00,0.00,24.00,0.00,24.00,18.20,5.80,Cash,2 x WINSTON RED STICK,Dine in,POS 2,Route 98 - Minimart,Owner,,,Closed
26/09/2026 23:14,2-1423,Sale,196.00,0.00,196.00,0.00,196.00,156.40,39.60,Cash,"1 x RED HORSE LITRO, 1 x #misc, 4 x WINSTON RED STICK",Dine in,POS 2,Route 98 - Minimart,Owner,,,Closed
26/09/2026 23:12,2-1422,Sale,186.73,0.00,186.73,0.00,186.73,152.50,34.23,Cash,"1 x MANG JUAN SUKAT SILI 90G, 1 x CHICK BOY TEXAS BBQ 30G, 1 x RED HORSE LITRO",Dine in,POS 2,Route 98 - Minimart,Owner,,,Closed
26/09/2026 23:11,2-1421,Sale,35.00,0.00,35.00,0.00,35.00,29.50,5.50,Cash,1 x VITAMILK(DOUBLECHOCO) 300ML,Dine in,POS 2,Route 98 - Minimart,Owner,,,Closed
26/09/2026 23:10,2-1420,Sale,215.00,0.00,215.00,0.00,215.00,184.00,31.00,Cash,1 x WINSTON RED KAHA,Dine in,POS 2,Route 98 - Minimart,Owner,,,Closed
26/09/2026 23:00,2-1419,Sale,45.00,0.00,45.00,0.00,45.00,30.41,14.59,Cash,"1 x NATURE'S SPRING PURE 1000ML, 1 x CREAMLINE PINIPIG CHOCOLATE 70ML",Dine in,POS 2,Route 98 - Minimart,Owner,,,Closed
26/09/2026 22:43,2-1418,Sale,30.00,0.00,30.00,0.00,30.00,24.06,5.94,Cash,3 x MIGHTY PULA  STICK,Dine in,POS 2,Route 98 - Minimart,Owner,,,Closed
26/09/2026 22:30,2-1417,Sale,24.00,0.00,24.00,0.00,24.00,18.20,5.80,Cash,2 x WINSTON RED STICK,Dine in,POS 2,Route 98 - Minimart,Owner,,,Closed
26/09/2026 22:29,2-1416,Sale,70.00,0.00,70.00,0.00,70.00,60.04,9.96,Cash,"1 x VINO KULAFU 350, 2 x MIGHTY PULA  STICK",Dine in,POS 2,Route 98 - Minimart,Owner,,,Closed
26/09/2026 22:26,2-1415,Sale,17.00,0.00,17.00,0.00,17.00,11.79,5.21,Cash,1 x C2 SOLO APPLE 230ML,Dine in,POS 2,Route 98 - Minimart,Owner,,,Closed
26/09/2026 22:04,2-1414,Sale,222.00,0.00,222.00,0.00,222.00,140.48,81.52,Cash,"12 x RED CHILI CORN CHIPS 7G, 12 x SUPER BAWANG 5G, 2 x DINGDONG MIX NUTS REAL GARLIC 100G, 4 x NATURE'S SPRING DISTILLED 1000ML",Dine in,POS 2,Route 98 - Minimart,Owner,,,Closed
26/09/2026 21:59,2-1413,Sale,5.00,0.00,5.00,0.00,5.00,0.83,4.17,Cash,1 x MAXX CANDY,Dine in,POS 2,Route 98 - Minimart,Owner,,,Closed
26/09/2026 21:58,2-1412,Sale,20.00,0.00,20.00,0.00,20.00,16.04,3.96,Cash,2 x MIGHTY PUTI STICK,Dine in,POS 2,Route 98 - Minimart,Owner,,,Closed
26/09/2026 21:49,2-1411,Sale,20.00,0.00,20.00,0.00,20.00,16.35,3.65,Cash,1 x MOUNTAIN DEW (290ML),Dine in,POS 2,Route 98 - Minimart,Owner,,,Closed
26/09/2026 21:39,2-1410,Sale,86.00,0.00,86.00,0.00,86.00,71.30,14.70,Cash,"3 x WINSTON RED STICK, 1 x VINO KULAFU 350",Dine in,POS 2,Route 98 - Minimart,Owner,,,Closed
26/09/2026 21:33,2-1409,Sale,186.98,0.00,186.98,0.00,186.98,149.72,37.26,Cash,"1 x OISHI PRAWN CRACKERS SPICY 24G, 1 x BLACK CHILI CORN CHIPS BBQ, 1 x DINGDONG HOT& SPICY 100G, 1 x PEEWEE PZZA SUPREME, 1 x OISHI CRACKLINGS, 1 x PIATTOS SOUR CREAM 40G, 1 x DINGDONG HOT& SPICY 100G, 1 x PIATTOS SOUR CREAM 40G, 1 x PIATTOS ROADHOUSE BBQ 85G",Dine in,POS 2,Route 98 - Minimart,Owner,,,Closed
26/09/2026 21:31,2-1408,Sale,50.00,0.00,50.00,0.00,50.00,28.52,21.48,Cash,2 x NATURE'S SPRING PURE 1000ML,Dine in,POS 2,Route 98 - Minimart,Owner,,,Closed
26/09/2026 21:29,2-1407,Sale,20.00,0.00,20.00,0.00,20.00,16.04,3.96,Cash,2 x MIGHTY PUTI STICK,Dine in,POS 2,Route 98 - Minimart,Owner,,,Closed
26/09/2026 21:17,2-1406,Sale,166.00,0.00,166.00,0.00,166.00,126.80,39.20,Cash,"2 x ENERGEN CHOCO, 6 x ENERGEN VANILLA, 1 x DEL MONTE SWEET CHILI 320G, 1 x COCA COLA 290ML",Dine in,POS 2,Route 98 - Minimart,Owner,,,Closed
26/09/2026 21:07,2-1405,Sale,9.00,0.00,9.00,0.00,9.00,6.75,2.25,Cash,1 x PILLOWS UBE 24G,Dine in,POS 2,Route 98 - Minimart,Owner,,,Closed
26/09/2026 21:02,2-1404,Sale,10.00,0.00,10.00,0.00,10.00,7.92,2.08,Cash,1 x OVERLOAD CHOCO STRAWBERRY,Dine in,POS 2,Route 98 - Minimart,Owner,,,Closed
26/09/2026 20:50,2-1403,Sale,5.00,0.00,5.00,0.00,5.00,0.00,5.00,Cash,1 x #StyroCups w/ stirrer,Dine in,POS 2,Route 98 - Minimart,Owner,,,Closed
26/09/2026 20:33,2-1402,Sale,35.00,0.00,35.00,0.00,35.00,29.50,5.50,Card,1 x VITAMILK(DOUBLECHOCO) 300ML,Dine in,POS 2,Route 98 - Minimart,Owner,,,Closed
26/09/2026 20:07,2-1401,Sale,92.75,0.00,92.75,0.00,92.75,74.07,18.68,Cash,"1 x MR CHIPS NACHO CHEESE 98G, 1 x PIATTOS CHEESE 85G, 1 x CHIPPY CHILI & CHEESE 108G",Dine in,POS 2,Route 98 - Minimart,Owner,,,Closed
26/09/2026 20:05,2-1400,Sale,160.00,0.00,160.00,0.00,160.00,76.35,83.65,Cash,"1 x TANDUAY RHUM 65P 375, 1 x RED HORSE 500, 1 x MOUNTAIN DEW (290ML)",Dine in,POS 2,Route 98 - Minimart,Owner,,,Closed
26/09/2026 20:05,2-1399,Sale,16.98,0.00,16.98,0.00,16.98,12.63,4.35,Cash,1 x JOY LEMON DISHWASHING LIQUID 40ML,Dine in,POS 2,Route 98 - Minimart,Owner,,,Closed
26/09/2026 19:49,2-1398,Sale,35.00,0.00,35.00,0.00,35.00,29.50,5.50,Cash,1 x VITAMILK(DOUBLECHOCO) 300ML,Dine in,POS 2,Route 98 - Minimart,Owner,,,Closed
26/09/2026 19:48,2-1397,Sale,289.96,0.00,289.96,0.00,289.96,200.58,89.38,Cash,"1 x SKYFLAKES CRACKER 1PACK, 1 x MONDE SPECIAL MAMON PACK, 1 x POCARI SWEAT 500ML",Dine in,POS 2,Route 98 - Minimart,Owner,,,Closed
26/09/2026 19:47,2-1396,Sale,15.00,0.00,15.00,0.00,15.00,0.00,15.00,Cash,1 x NUTRIBOOST STRWBRRY 110,Dine in,POS 2,Route 98 - Minimart,Owner,,,Closed
26/09/2026 19:32,2-1395,Sale,466.75,0.00,466.75,0.00,466.75,401.17,65.58,Cash,"1 x GANADOR OLIVER 5KG, 1 x COCA COLA 1.75L, 1 x MOUNTAIN DEW 1.5L",Dine in,POS 2,Route 98 - Minimart,Owner,,,Closed
26/09/2026 19:31,2-1394,Sale,35.00,0.00,35.00,0.00,35.00,24.00,11.00,Cash,1 x ICE CUBE 2KG,Dine in,POS 2,Route 98 - Minimart,Owner,,,Closed
26/09/2026 19:20,2-1393,Sale,280.00,0.00,280.00,0.00,280.00,185.16,94.84,Cash,"1 x ABSOLUTE 6000ML, 1 x ICE CUBE 2KG, 2 x POCARI SWEAT 500ML, 1 x #misc",Dine in,POS 2,Route 98 - Minimart,Owner,,,Closed
26/09/2026 19:14,2-1392,Sale,71.50,0.00,71.50,0.00,71.50,53.92,17.58,Cash,"1 x CRISPY PATATA 85G, 2 x CHEEZ IT, 1 x MAGIC CHIPS CHEESE, 1 x MAGIC CREAMS BUTTER",Dine in,POS 2,Route 98 - Minimart,Owner,,,Closed
26/09/2026 18:56,2-1391,Sale,8.00,0.00,8.00,0.00,8.00,5.00,3.00,Cash,1 x SNAFFLE CORN CHIPS,Dine in,POS 2,Route 98 - Minimart,Owner,,,Closed
26/09/2026 18:55,2-1390,Sale,45.00,0.00,45.00,0.00,45.00,36.75,8.25,Cash,"1 x VITAMILK(DOUBLECHOCO) 300ML, 1 x CAMEL PREMIUM TABACCOS STICK",Dine in,POS 2,Route 98 - Minimart,Owner,,,Closed
26/09/2026 18:44,2-1389,Sale,15.00,0.00,15.00,0.00,15.00,9.37,5.63,Cash,1 x WILKINS PURE 500,Dine in,POS 2,Route 98 - Minimart,Owner,,,Closed
26/09/2026 18:04,2-1388,Sale,44.00,0.00,44.00,0.00,44.00,34.00,10.00,Cash,"1 x CREAMLINE COOLERS MELON 70ML, 1 x CREAMLINE JUMBO CONE DOUBLE DUTCH 140ML",Dine in,POS 2,Route 98 - Minimart,Owner,,,Closed
26/09/2026 17:47,2-1387,Sale,35.00,0.00,35.00,0.00,35.00,24.00,11.00,Cash,1 x ICE CUBE 2KG,Dine in,POS 2,Route 98 - Minimart,Owner,,,Closed
26/09/2026 17:45,2-1386,Sale,140.96,0.00,140.96,0.00,140.96,138.37,2.59,Cash,"1 x MOUNTAIN DEW (290ML), 1 x MOBY CARAMEL, 1 x LEMON SQUARE LAVA CAKE, 2 x MIGHTY PULA  STICK, 1 x LIFT CITRUS BLAST 320, 1 x MOBY CARAMEL, 1 x MIGHTY PULA  STICK, 1 x PEEWEE PZZA SUPREME, 1 x DINGDONG MIXED NUTS ORANGE 100G",Dine in,POS 2,Route 98 - Minimart,Owner,,,Closed
26/09/2026 17:35,2-1385,Sale,26.00,0.00,26.00,0.00,26.00,18.50,7.50,Cash,"1 x COCA COLA 190ML, 1 x OISHI PRAWN CRACKERS SPICY 24G, 1 x #misc",Dine in,POS 2,Route 98 - Minimart,Owner,,,Closed
26/09/2026 17:34,2-1384,Sale,30.00,0.00,30.00,0.00,30.00,24.10,5.90,Cash,1 x CREAMLINE JUMBO CONE COOKIES & CREAM 140ML,Dine in,POS 2,Route 98 - Minimart,Owner,,,Closed
26/09/2026 17:30,2-1383,Sale,363.73,0.00,363.73,0.00,363.73,290.95,72.78,Cash,"1 x CLVB 1.5 LTR, 1 x NISSIN BREAD STIX PACK, 1 x RICHEE 60G",Dine in,POS 2,Route 98 - Minimart,Owner,,,Closed
26/09/2026 17:23,2-1382,Sale,10.00,0.00,10.00,0.00,10.00,8.02,1.98,Cash,1 x MIGHTY PULA  STICK,Dine in,POS 2,Route 98 - Minimart,Owner,,,Closed
26/09/2026 16:58,2-1381,Sale,265.90,0.00,265.90,0.00,265.90,186.36,79.54,Cash,"1 x CDO HOMESTYLE CORNED BEEF 150G, 1 x DOWNY GARDEN BLOOM 26ML, 10 x MAGIC SARAP SACHET, 1 x GREAT TASTE WHITE TWIN PACK, 4 x CREAM SILK CONDITIONER SS/PINK, 4 x SUNSILK SMTH&MNGBL 15ML, 1 x COCA COLA 1L BOTTLE",Dine in,POS 2,Route 98 - Minimart,Owner,,,Closed
26/09/2026 16:38,2-1380,Sale,461.98,0.00,461.98,0.00,461.98,351.15,110.83,Cash,"12 x NESTEA LEMON, 1 x CREAMLINE CONE UBE MACAPUNO 110ML, 1 x CREAMLINE JUMBO CONE DOUBLE DUTCH 140ML, 1 x COCA COLA 290ML, 1 x GATORADE (BLUE BOLT) 500ML, 1 x CRISPY PATATA 24G, 1 x PILLOWS UBE 24G, 1 x GILLETTE RUBIE BLADE",Dine in,POS 2,Route 98 - Minimart,Owner,,,Closed
26/09/2026 16:07,2-1379,Sale,332.00,0.00,332.00,0.00,332.00,238.68,93.32,Cash,"2 x NESTLE MILO 180ML, 1 x NATURE'S SPRING PURE 350ML, 1 x CLOUD 9 CLASSIC PACK, 8 x NOVA COUNTRY CHEDDAR 20G, 8 x FUN SIZE! PIATTOS CHEESE 18G",Dine in,POS 2,Route 98 - Minimart,Owner,,,Closed
26/09/2026 16:04,2-1378,Sale,232.00,0.00,232.00,0.00,232.00,200.30,31.70,Cash,"1 x NESTLE FRESH MILK 1000ML, 2 x NESTLE FRESH MILK 250ML",Dine in,POS 2,Route 98 - Minimart,Owner,,,Closed
26/09/2026 15:40,2-1377,Sale,40.00,0.00,40.00,0.00,40.00,29.00,11.00,Cash,"1 x SURF POWDER PURPLE BLOOMS 65G, 3 x SURF POWDER ROSE FRESH 65G",Dine in,POS 2,Route 98 - Minimart,Owner,,,Closed
26/09/2026 14:48,2-1376,Sale,93.75,0.00,93.75,0.00,93.75,73.00,20.75,Cash,"1 x CREAMLINE CONE BERRY CHOCO 110ML, 1 x CREAMLINE CONE UBE MACAPUNO 110ML, 1 x CREAMLINE CONE CHOCO QUESO 110ML, 1 x CREAMLINE CONE BERRY CHOCO 110ML",Dine in,POS 2,Route 98 - Minimart,Owner,,,Closed
26/09/2026 14:44,2-1375,Sale,36.00,0.00,36.00,0.00,36.00,82.32,-46.32,Cash,2 x LIFT CITRUS BLAST 320,Dine in,POS 2,Route 98 - Minimart,Owner,,,Closed
26/09/2026 14:34,2-1374,Sale,83.75,0.00,83.75,0.00,83.75,66.45,17.30,Cash,"1 x MOBY CARAMEL PUFFS 60G, 2 x CREAMLINE JUMBO CONE COOKIES & CREAM 140ML",Dine in,POS 2,Route 98 - Minimart,Owner,,,Closed
26/09/2026 14:15,2-1373,Sale,200.00,0.00,200.00,0.00,200.00,175.60,24.40,Cash,4 x VINO KULAFU 350,Dine in,POS 2,Route 98 - Minimart,Owner,,,Closed
26/09/2026 13:55,2-1372,Sale,50.00,0.00,50.00,0.00,50.00,31.70,18.30,Cash,2 x CREAMLINE SUNDAE STRAWBERRY 120ML,Dine in,POS 2,Route 98 - Minimart,Owner,,,Closed
26/09/2026 13:53,2-1371,Sale,197.00,0.00,197.00,0.00,197.00,119.83,77.17,Cash,"2 x NOVA COUNTRY CHEDDAR 20G, 2 x FUN SIZE! PIATTOS CHEESE 18G, 1 x UNILOVE BABY WIPES, 1 x KAMI BATHROOM TISSUE, 1 x NATURE'S SPRING DISTILLED 1000ML, 2 x NATURE'S SPRING DISTILLED 500ML",Dine in,POS 2,Route 98 - Minimart,Owner,,,Closed
26/09/2026 10:27,2-1370,Sale,53.00,0.00,53.00,0.00,53.00,42.18,10.82,Cash,"1 x BEAR BRAND SWAK, 1 x LA MIA TUNA HOTSPCY",Dine in,POS 2,Route 98 - Minimart,Owner,,,Closed
26/09/2026 09:11,2-1369,Sale,472.92,0.00,472.92,0.00,472.92,369.03,103.89,Cash,"4 x MONDE SPECIAL MAMON, 2 x OVERLOAD CHOCOSTRWBRRY 10s, 1 x OVERLOAD BLACK FOREST PACK, 1 x POCARI SWEAT 350ML, 1 x LA MIA TUNA HOTSPCY",Dine in,POS 2,Route 98 - Minimart,Owner,,,Closed
26/09/2026 09:08,2-1368,Sale,60.75,0.00,60.75,0.00,60.75,21.57,39.18,Cash,"2 x NUTRIBOOST CHOCO 110, 1 x BLACK CHILI CORN CHIPS BBQ, 1 x FUN SIZE! PIATTOS CHEESE 18G, 1 x NOVA COUNTRY CHEDDAR 20G",Dine in,POS 2,Route 98 - Minimart,Owner,,,Closed
26/09/2026 08:31,2-1367,Sale,10.00,0.00,10.00,0.00,10.00,8.02,1.98,Cash,1 x MIGHTY PULA  STICK,Dine in,POS 2,Route 98 - Minimart,Owner,,,Closed
26/09/2026 08:28,2-1366,Sale,23.00,0.00,23.00,0.00,23.00,8.02,14.98,Cash,"1 x MIGHTY PULA  STICK, 1 x SILVER SWAN SOY SAUCE 200ML",Dine in,POS 2,Route 98 - Minimart,Owner,,,Closed
26/09/2026 08:06,2-1365,Sale,12.00,0.00,12.00,0.00,12.00,9.25,2.75,Cash,1 x MILO,Dine in,POS 2,Route 98 - Minimart,Owner,,,Closed
25/09/2026 23:18,2-1364,Sale,225.00,0.00,225.00,0.00,225.00,180.00,45.00,Cash,3 x RED HORSE 500,Dine in,POS 2,Route 98 - Minimart,Owner,,,Closed
25/09/2026 23:00,2-1363,Sale,75.00,0.00,75.00,0.00,75.00,60.00,15.00,Cash,1 x RED HORSE 500,Dine in,POS 2,Route 98 - Minimart,Owner,,,Closed
25/09/2026 23:00,2-1362,Sale,75.00,0.00,75.00,0.00,75.00,57.06,17.94,Cash,"1 x NATURE'S SPRING PURE 500ML, 1 x DELIGHT PROBIOTIC 400ML",Dine in,POS 2,Route 98 - Minimart,Owner,,,Closed
25/09/2026 22:30,2-1361,Sale,30.00,0.00,30.00,0.00,30.00,24.06,5.94,Cash,"1 x MIGHTY PULA  STICK, 2 x MIGHTY PUTI STICK",Dine in,POS 2,Route 98 - Minimart,Owner,,,Closed
25/09/2026 22:27,2-1360,Sale,38.50,0.00,38.50,0.00,38.50,29.55,8.95,Cash,1 x NOVA HOMESTYLE BBQ 78G,Dine in,POS 2,Route 98 - Minimart,Owner,,,Closed
25/09/2026 22:11,2-1359,Sale,457.25,0.00,457.25,0.00,457.25,191.67,265.58,Cash,"1 x DELIGHT PROBIOTIC 400ML, 1 x HOLIDAY P&B 170G, 1 x C2 SOLO APPLE 230ML, 1 x #misc, 1 x NOVA COUNTRY CHEDDAR 20G PACK, 4 x NESTEA LEMON CUCUMBER",Dine in,POS 2,Route 98 - Minimart,Owner,,,Closed
25/09/2026 22:04,2-1358,Sale,497.98,0.00,497.98,0.00,497.98,400.23,97.75,Cash,"2 x RED HORSE LITRO, 2 x POCARI SWEAT 500ML, 1 x KROPEK NI MANGJUAN 90G, 1 x PLASTIC CUPS, 3 x MIGHTY PUTI STICK, 1 x ICE CUBE 2KG",Dine in,POS 2,Route 98 - Minimart,Owner,,,Closed
25/09/2026 21:59,2-1357,Sale,80.00,0.00,80.00,0.00,80.00,64.50,15.50,Cash,"1 x DELIGHT PROBIOTIC 400ML, 1 x COCA COLA 290ML",Dine in,POS 2,Route 98 - Minimart,Owner,,,Closed
25/09/2026 21:33,2-1356,Sale,10.00,0.00,10.00,0.00,10.00,7.50,2.50,Cash,1 x CLOVER CHEESIER 24G,Dine in,POS 2,Route 98 - Minimart,Owner,,,Closed
25/09/2026 21:13,2-1355,Sale,67.98,0.00,67.98,0.00,67.98,50.27,17.71,Cash,"2 x PILLOWS CHOCO 38G, 1 x OVERLOAD BLACK FOREST, 1 x NISSIN BREAD STIX, 2 x WINSTON RED STICK",Dine in,POS 2,Route 98 - Minimart,Owner,,,Closed
25/09/2026 21:07,2-1354,Sale,64.75,0.00,64.75,0.00,64.75,40.75,24.00,Cash,"1 x CHIZ CURLS 18G, 1 x COCA COLA 1L BOTTLE",Dine in,POS 2,Route 98 - Minimart,Owner,,,Closed
25/09/2026 20:36,2-1353,Sale,100.00,0.00,100.00,0.00,100.00,78.03,21.97,Cash,"1 x VITAMILK(DOUBLECHOCO) 300ML, 2 x CREAMLINE PINIPIG CHOCOLATE 70ML, 1 x CREAMLINE MILKY POP LOLLY MILK CHOCO 60ML, 1 x CLOUD 9 CLASSIC",Dine in,POS 2,Route 98 - Minimart,Owner,,,Closed
25/09/2026 20:18,2-1352,Sale,9.96,0.00,9.96,0.00,9.96,0.00,9.96,Cash,2 x AJINOMOTO SEASONING,Dine in,POS 2,Route 98 - Minimart,Owner,,,Closed
25/09/2026 20:12,2-1351,Sale,28.00,0.00,28.00,0.00,28.00,16.43,11.57,Cash,1 x NATURE'S SPRING DISTILLED 1000ML,Dine in,POS 2,Route 98 - Minimart,Owner,,,Closed
25/09/2026 20:01,2-1350,Sale,50.00,0.00,50.00,0.00,50.00,40.10,9.90,Cash,5 x MIGHTY PUTI STICK,Dine in,POS 2,Route 98 - Minimart,Owner,,,Closed
25/09/2026 19:58,2-1349,Sale,45.00,0.00,45.00,0.00,45.00,33.98,11.02,Cash,"1 x CREAMLINE MILKY POP LOLLY MILK CHOCO 60ML, 1 x CREAMLINE JUMBO CONE COOKIES & CREAM 140ML",Dine in,POS 2,Route 98 - Minimart,Owner,,,Closed
25/09/2026 19:51,2-1348,Sale,24.00,0.00,24.00,0.00,24.00,19.84,4.16,Cash,2 x WINSTON WHITE STICK,Dine in,POS 2,Route 98 - Minimart,Owner,,,Closed
25/09/2026 19:48,2-1347,Sale,50.00,0.00,50.00,0.00,50.00,43.90,6.10,Cash,1 x VINO KULAFU 350,Dine in,POS 2,Route 98 - Minimart,Owner,,,Closed
25/09/2026 19:48,2-1346,Sale,350.48,0.00,350.48,0.00,350.48,243.57,106.91,Card,"1 x NESTLE 2in1 ROCKY ROAD & DOUBLE DUTCH 750ML, 1 x PIATTOS ROADHOUSE BBQ 85G, 1 x PILLOWS CHOCO 38G, 1 x DINGDONG HOT& SPICY 100G, 1 x CLOUD 9 CLASSIC, 1 x #misc",Dine in,POS 2,Route 98 - Minimart,Owner,,,Closed
25/09/2026 19:40,2-1345,Sale,30.00,0.00,30.00,0.00,30.00,24.06,5.94,Cash,3 x MIGHTY PUTI STICK,Dine in,POS 2,Route 98 - Minimart,Owner,,,Closed
25/09/2026 19:40,2-1344,Sale,90.00,0.00,90.00,0.00,90.00,69.06,20.94,Cash,"1 x NATURE'S SPRING PURE 500ML, 1 x RED HORSE 500",Dine in,POS 2,Route 98 - Minimart,Owner,,,Closed
25/09/2026 19:30,2-1343,Sale,86.00,0.00,86.00,0.00,86.00,53.30,32.70,Cash,"2 x ICE CUBE 1KG, 3 x WINSTON RED STICK",Dine in,POS 2,Route 98 - Minimart,Owner,,,Closed
25/09/2026 19:29,2-1342,Sale,136.00,0.00,136.00,0.00,136.00,110.69,25.31,Cash,"1 x C2 SOLO APPLE 230ML, 1 x DINGDONG HOT& SPICY 100G, 2 x HOLIDAY CORNED BEEF 150G",Dine in,POS 2,Route 98 - Minimart,Owner,,,Closed
25/09/2026 19:20,2-1341,Sale,36.00,0.00,36.00,0.00,36.00,27.30,8.70,Cash,3 x WINSTON RED STICK,Dine in,POS 2,Route 98 - Minimart,Owner,,,Closed
25/09/2026 19:03,2-1340,Sale,229.50,0.00,229.50,0.00,229.50,179.99,49.51,Card,"1 x MOUNTAIN DEW 1.5L, 1 x C2 GREEN TEA APPLE 335ML, 1 x COCA COLA 1.75L, 2 x WINSTON RED STICK, 2 x MIGHTY PULA  STICK",Dine in,POS 2,Route 98 - Minimart,Owner,,,Closed
25/09/2026 18:39,2-1339,Sale,25.00,0.00,25.00,0.00,25.00,13.00,12.00,Cash,1 x ICE CUBE 1KG,Dine in,POS 2,Route 98 - Minimart,Owner,,,Closed
25/09/2026 18:38,2-1338,Sale,50.00,0.00,50.00,0.00,50.00,26.00,24.00,Cash,2 x ICE CUBE 1KG,Dine in,POS 2,Route 98 - Minimart,Owner,,,Closed
25/09/2026 18:05,2-1337,Sale,48.00,0.00,48.00,0.00,48.00,36.40,11.60,Cash,4 x WINSTON RED STICK,Dine in,POS 2,Route 98 - Minimart,Owner,,,Closed
25/09/2026 17:59,2-1336,Sale,15.00,0.00,15.00,0.00,15.00,11.00,4.00,Cash,1 x COCA COLA 190ML,Dine in,POS 2,Route 98 - Minimart,Owner,,,Closed
25/09/2026 17:52,2-1335,Sale,78.96,0.00,78.96,0.00,78.96,63.28,15.68,Card,"1 x LA MIA TUNA AFRTDA, 1 x KOPIKO BLACK 2PK, 1 x LEMON SQUARE CHEESE CAKE, 1 x PILLOWS CHOCO 38G",Dine in,POS 2,Route 98 - Minimart,Owner,,,Closed
25/09/2026 17:09,2-1334,Sale,134.75,0.00,134.75,0.00,134.75,105.57,29.18,Cash,"1 x COCA COLA 1.75L, 1 x VINO KULAFU 350",Dine in,POS 2,Route 98 - Minimart,Owner,,,Closed
25/09/2026 16:37,2-1333,Sale,96.48,0.00,96.48,0.00,96.48,19.15,77.33,Cash,"1 x TATTOOS CORN TUBE PIZZA 60G, 1 x Royal 1.25L, 1 x BLACK CHILI CORN CHIPS BBQ, 1 x #misc",Dine in,POS 2,Route 98 - Minimart,Owner,,,Closed
25/09/2026 16:05,2-1332,Sale,155.00,0.00,155.00,0.00,155.00,112.75,42.25,Cash,1 x CREAMLINE FAMILY DOU ROCKY ROAD/VANILLA 950ML,Dine in,POS 2,Route 98 - Minimart,Owner,,,Closed
25/09/2026 15:46,2-1331,Sale,96.00,0.00,96.00,0.00,96.00,80.06,15.94,Cash,"1 x ALASKA CONDENSADA 300ML, 3 x MIGHTY PULA  STICK",Dine in,POS 2,Route 98 - Minimart,Owner,,,Closed
25/09/2026 15:14,2-1330,Sale,38.00,0.00,38.00,0.00,38.00,25.98,12.02,Cash,"1 x NATURE'S SPRING DISTILLED 500ML, 2 x MIGHTY PUTI STICK",Dine in,POS 2,Route 98 - Minimart,Owner,,,Closed
25/09/2026 15:08,2-1329,Sale,76.00,0.00,76.00,0.00,76.00,54.80,21.20,Cash,"1 x CREAMLINE PINOY CLASSIC MANGGO 60ML, 1 x OVERLOAD CHOCO STRAWBERRY, 1 x OVERLOAD BLACK FOREST, 1 x MANG JUAN SUKANG PAOMBONG 26G, 1 x COCA COLA 190ML, 1 x NOVA COUNTRY CHEDDAR 20G",Dine in,POS 2,Route 98 - Minimart,Owner,,,Closed
25/09/2026 14:59,2-1328,Sale,24.00,0.00,24.00,0.00,24.00,19.84,4.16,Cash,2 x WINSTON WHITE STICK,Dine in,POS 2,Route 98 - Minimart,Owner,,,Closed
25/09/2026 14:58,2-1327,Sale,68.00,0.00,68.00,0.00,68.00,49.88,18.12,Cash,"1 x CREAMLINE JUMBO CONE COOKIES & CREAM 140ML, 2 x MAGIC CHIPS BBQ, 1 x NATURE'S SPRING DISTILLED 500ML",Dine in,POS 2,Route 98 - Minimart,Owner,,,Closed
25/09/2026 14:47,2-1326,Sale,25.00,0.00,25.00,0.00,25.00,16.75,8.25,Cash,1 x STING 290ML,Dine in,POS 2,Route 98 - Minimart,Owner,,,Closed
25/09/2026 14:44,2-1325,Sale,175.00,0.00,175.00,0.00,175.00,136.38,38.62,Cash,"1 x NESTLE FRESH MILK 250ML, 1 x DELIGHT PROBIOTIC 400ML, 4 x MIGHTY PULA  STICK, 1 x STING 290ML",Dine in,POS 2,Route 98 - Minimart,Owner,,,Closed
25/09/2026 13:39,2-1324,Sale,21.50,0.00,21.50,0.00,21.50,16.58,4.92,Cash,1 x COBRA  ASTIG CITRUS BLAST 290ML,Dine in,POS 2,Route 98 - Minimart,Owner,,,Closed
25/09/2026 13:26,2-1323,Sale,87.00,0.00,87.00,0.00,87.00,67.21,19.79,Cash,"2 x MIGHTY PULA  STICK, 2 x MIGHTY PUTI STICK, 1 x WINSTON RED STICK, 1 x CREAMLINE MILKY POP LOLLY MILK CHOCO 60ML, 1 x CREAMLINE PINIPIG CHOCOLATE 70ML",Dine in,POS 2,Route 98 - Minimart,Owner,,,Closed
25/09/2026 13:24,2-1322,Sale,221.96,0.00,221.96,0.00,221.96,180.15,41.81,Cash,"1 x SAMYANG BULDAK HOT CHICKEN, 1 x NOVA COUNTRY CHEDDAR 78G, 1 x PIATTOS SOUR CREAM 85G, 1 x NESTLE MILO 180ML, 2 x NISSIN BREAD STIX",Dine in,POS 2,Route 98 - Minimart,Owner,,,Closed
25/09/2026 12:42,2-1321,Sale,35.00,0.00,35.00,0.00,35.00,27.00,8.00,Cash,1 x DINGDONG HOT& SPICY 100G,Dine in,POS 2,Route 98 - Minimart,Owner,,,Closed
25/09/2026 12:41,2-1320,Sale,28.50,0.00,28.50,0.00,28.50,21.90,6.60,Cash,1 x MARTY'S CRACKLINGS SPCY VNGR 90G,Dine in,POS 2,Route 98 - Minimart,Owner,,,Closed
25/09/2026 12:28,2-1319,Sale,62.00,0.00,62.00,0.00,62.00,46.04,15.96,Cash,"1 x C2 SOLO APPLE 230ML, 1 x POCARI SWEAT 350ML",Dine in,POS 2,Route 98 - Minimart,Owner,,,Closed
25/09/2026 12:27,2-1318,Sale,49.48,0.00,49.48,0.00,49.48,31.59,17.89,Cash,"1 x NATURE'S SPRING DISTILLED 1000ML, 1 x PEEWEE PZZA SUPREME, 1 x FUN SIZE! PIATTOS CHEESE 18G",Dine in,POS 2,Route 98 - Minimart,Owner,,,Closed
25/09/2026 11:40,2-1317,Sale,229.75,0.00,229.75,0.00,229.75,190.75,39.00,Cash,1 x CREAMLINE DOUBLE DUTCH 1.3ML,Dine in,POS 2,Route 98 - Minimart,Owner,,,Closed
25/09/2026 11:14,2-1316,Sale,160.00,0.00,160.00,0.00,160.00,123.39,36.61,Cash,"5 x CREAMLINE PINIPIG CHOCOLATE 70ML, 2 x CREAMLINE PINOY CLASSIC UBE MANGGO 60 ML, 2 x MIGHTY PULA  STICK",Dine in,POS 2,Route 98 - Minimart,Owner,,,Closed
25/09/2026 08:52,2-1315,Sale,22.00,0.00,22.00,0.00,22.00,17.12,4.88,Cash,"1 x MIGHTY PULA  STICK, 1 x WINSTON RED STICK",Dine in,POS 2,Route 98 - Minimart,Owner,,,Closed
24/09/2026 23:38,2-1314,Sale,33.50,0.00,33.50,0.00,33.50,25.65,7.85,Cash,1 x OISHI FISH CRACKERS 90G,Dine in,POS 2,Route 98 - Minimart,Owner,,,Closed
24/09/2026 23:37,2-1313,Sale,50.00,0.00,50.00,0.00,50.00,28.52,21.48,Cash,2 x NATURE'S SPRING PURE 1000ML,Dine in,POS 2,Route 98 - Minimart,Owner,,,Closed
24/09/2026 23:35,2-1312,Sale,268.00,0.00,268.00,0.00,268.00,203.90,64.10,Cash,"1 x GSM BLUE MOJITO, 4 x DINGDONG MIXNUTS 5G, 1 x FISH CRACKERS 24G, 10 x DINGDONG MIXNUTS 5G, 10 x HAPPY CHICKEN ADOBO 5G, 1 x ICE CUBE 1KG, 1 x CREAMLINE JUMBO CONE UBE QUESO 140ML",Dine in,POS 2,Route 98 - Minimart,Owner,,,Closed
24/09/2026 23:32,2-1311,Sale,2.00,0.00,2.00,0.00,2.00,0.00,2.00,Cash,1 x #misc,Dine in,POS 2,Route 98 - Minimart,Owner,,,Closed
24/09/2026 23:29,2-1310,Sale,36.00,0.00,36.00,0.00,36.00,27.30,8.70,Cash,3 x WINSTON RED STICK,Dine in,POS 2,Route 98 - Minimart,Owner,,,Closed
24/09/2026 23:17,2-1309,Sale,39.00,0.00,39.00,0.00,39.00,25.80,13.20,Cash,"1 x PILLOWS UBE 24G, 3 x CLOUD 9 CLASSIC",Dine in,POS 2,Route 98 - Minimart,Owner,,,Closed
24/09/2026 23:14,2-1308,Sale,12.00,0.00,12.00,0.00,12.00,9.10,2.90,Cash,1 x WINSTON RED STICK,Dine in,POS 2,Route 98 - Minimart,Owner,,,Closed
24/09/2026 23:01,2-1307,Sale,65.00,0.00,65.00,0.00,65.00,45.50,19.50,Cash,"5 x WINSTON RED STICK, 1 x #misc",Dine in,POS 2,Route 98 - Minimart,Owner,,,Closed
24/09/2026 22:55,2-1306,Sale,87.00,0.00,87.00,0.00,87.00,69.10,17.90,Cash,"1 x RED HORSE 500, 1 x WINSTON RED STICK",Dine in,POS 2,Route 98 - Minimart,Owner,,,Closed
24/09/2026 22:32,2-1305,Sale,148.25,0.00,148.25,0.00,148.25,116.70,31.55,Cash,"3 x CREAMLINE JUMBO CONE UBE QUESO 140ML, 1 x MANG JUAN SUKANG PAOMBONG 90G, 1 x MARTY'S CRACKLINGS SPCY VNGR 90G",Dine in,POS 2,Route 98 - Minimart,Owner,,,Closed
24/09/2026 22:00,2-1304,Sale,264.75,0.00,264.75,0.00,264.75,206.44,58.31,Cash,"1 x TANDUAY SELECT 700ML, 1 x COCA COLA 1L BOTTLE, 1 x ICE CUBE 1KG, 2 x PLASTIC CUPS, 1 x CHIPPY BBQ 108G",Dine in,POS 2,Route 98 - Minimart,Owner,,,Closed
24/09/2026 21:56,2-1303,Sale,51.00,0.00,51.00,0.00,51.00,36.26,14.74,Cash,"1 x #misc, 1 x COCA COLA 290ML, 2 x NIPS PEANUT 14G, 1 x MIGHTY PULA  STICK",Dine in,POS 2,Route 98 - Minimart,Owner,,,Closed
24/09/2026 21:31,2-1302,Sale,24.00,0.00,24.00,0.00,24.00,18.20,5.80,Cash,2 x WINSTON RED STICK,Dine in,POS 2,Route 98 - Minimart,Owner,,,Closed
24/09/2026 21:31,2-1301,Sale,3.00,0.00,3.00,0.00,3.00,0.00,3.00,Cash,1 x PLASTIC CUPS,Dine in,POS 2,Route 98 - Minimart,Owner,,,Closed
24/09/2026 21:29,2-1300,Sale,28.50,0.00,28.50,0.00,28.50,24.00,4.50,Card,"1 x PIATTOS SOUR CREAM 40G, 1 x CHEEZ IT",Dine in,POS 2,Route 98 - Minimart,Owner,,,Closed
24/09/2026 21:28,2-1299,Sale,20.00,0.00,20.00,0.00,20.00,16.04,3.96,Cash,"1 x MIGHTY PULA  STICK, 1 x MIGHTY PUTI STICK",Dine in,POS 2,Route 98 - Minimart,Owner,,,Closed
24/09/2026 21:27,2-1298,Sale,110.00,0.00,110.00,0.00,110.00,86.90,23.10,Cash,1 x KULAFU 700ML,Dine in,POS 2,Route 98 - Minimart,Owner,,,Closed
24/09/2026 21:27,2-1297,Sale,220.00,0.00,220.00,0.00,220.00,130.80,89.20,Cash,"1 x VINO KULAFU 350, 1 x KULAFU 700ML, 1 x Royal 1.25L",Dine in,POS 2,Route 98 - Minimart,Owner,,,Closed
24/09/2026 21:14,2-1296,Sale,88.92,0.00,88.92,0.00,88.92,64.50,24.42,Cash,"1 x C2 SOLO APPLE 230ML, 4 x PANTENE SHAMPOO NOURISHED SHINE, 3 x ENERGEN CHOCO",Dine in,POS 2,Route 98 - Minimart,Owner,,,Closed
24/09/2026 21:10,2-1295,Sale,905.00,0.00,905.00,0.00,905.00,744.00,161.00,Cash,"6 x RED HORSE LITRO, 1 x ICE CUBE 2KG",Dine in,POS 2,Route 98 - Minimart,Owner,,,Closed
24/09/2026 21:06,2-1294,Sale,71.75,0.00,71.75,0.00,71.75,53.47,18.28,Cash,"1 x RICHEE 60G, 6 x NIPS PEANUT 14G",Dine in,POS 2,Route 98 - Minimart,Owner,,,Closed
24/09/2026 21:03,2-1293,Sale,100.00,0.00,100.00,0.00,100.00,87.80,12.20,Cash,2 x VINO KULAFU 350,Dine in,POS 2,Route 98 - Minimart,Owner,,,Closed
24/09/2026 20:34,2-1292,Sale,24.00,0.00,24.00,0.00,24.00,18.20,5.80,Cash,2 x WINSTON RED STICK,Dine in,POS 2,Route 98 - Minimart,Owner,,,Closed
24/09/2026 20:23,2-1291,Sale,70.00,0.00,70.00,0.00,70.00,56.40,13.60,Cash,"1 x CREAMLINE JUMBO CONE UBE QUESO 140ML, 2 x CREAMLINE PINIPIG CHOCOLATE 70ML",Dine in,POS 2,Route 98 - Minimart,Owner,,,Closed
24/09/2026 20:17,2-1290,Sale,95.00,0.00,95.00,0.00,95.00,78.15,16.85,Cash,"1 x POCARI SWEAT 350ML, 1 x VINO KULAFU 350",Dine in,POS 2,Route 98 - Minimart,Owner,,,Closed
24/09/2026 20:15,2-1289,Sale,85.00,0.00,85.00,0.00,85.00,64.05,20.95,Cash,"2 x CREAMLINE JUMBO CONE DOUBLE DUTCH 140ML, 1 x CREAMLINE SUNDAE STRAWBERRY 120ML",Dine in,POS 2,Route 98 - Minimart,Owner,,,Closed
24/09/2026 20:10,2-1288,Sale,68.00,0.00,68.00,0.00,68.00,45.33,22.67,Cash,"1 x NATURE'S SPRING DISTILLED 1000ML, 2 x CREAMLINE COOLERS MANGO 70ML, 1 x WINSTON RED STICK",Dine in,POS 2,Route 98 - Minimart,Owner,,,Closed
24/09/2026 19:56,2-1287,Sale,60.00,0.00,60.00,0.00,60.00,48.00,12.00,Card,1 x DELIGHT PROBIOTIC 400ML,Dine in,POS 2,Route 98 - Minimart,Owner,,,Closed
24/09/2026 19:55,2-1286,Sale,150.00,0.00,150.00,0.00,150.00,100.50,49.50,Cash,3 x COCA COLA 1L BOTTLE,Dine in,POS 2,Route 98 - Minimart,Owner,,,Closed
24/09/2026 19:43,2-1285,Sale,167.00,0.00,167.00,0.00,167.00,120.95,46.05,Cash,"1 x #StyroCups w/ stirrer, 1 x MAGIC CREAMS CONDENSED, 1 x PRESTO CHOCO PEANUT BUTTER, 1 x CREAMLINE SUNDAE CARAMEL 120ML, 1 x NISSIN BUTTER COCONUT 28G, 1 x DELIGHT PROBIOTIC 400ML, 1 x NESTLE FRESH MILK 250ML",Dine in,POS 2,Route 98 - Minimart,Owner,,,Closed
24/09/2026 19:36,2-1284,Sale,15.00,0.00,15.00,0.00,15.00,0.00,15.00,Cash,1 x NUTRIBOOST STRWBRRY 110,Dine in,POS 2,Route 98 - Minimart,Owner,,,Closed
24/09/2026 19:25,2-1283,Sale,48.00,0.00,48.00,0.00,48.00,32.78,15.22,Cash,"1 x NATURE'S SPRING DISTILLED 1000ML, 1 x MOUNTAIN DEW (290ML)",Dine in,POS 2,Route 98 - Minimart,Owner,,,Closed
24/09/2026 19:25,2-1282,Sale,9.00,0.00,9.00,0.00,9.00,5.55,3.45,Cash,1 x MAGIC CREAMS CONDENSED,Dine in,POS 2,Route 98 - Minimart,Owner,,,Closed
24/09/2026 19:07,2-1281,Sale,33.75,0.00,33.75,0.00,33.75,23.65,10.10,Cash,"1 x MR. CHIPS  NACHO CHEEZE 4G, 2 x WINSTON RED STICK",Dine in,POS 2,Route 98 - Minimart,Owner,,,Closed
24/09/2026 18:21,2-1280,Sale,12.50,0.00,12.50,0.00,12.50,8.19,4.31,Cash,1 x MR CHIPS MANAMIS MAIS 45G,Dine in,POS 2,Route 98 - Minimart,Owner,,,Closed
24/09/2026 18:06,2-1279,Sale,50.00,0.00,50.00,0.00,50.00,33.50,16.50,Cash,2 x STING 290ML,Dine in,POS 2,Route 98 - Minimart,Owner,,,Closed
24/09/2026 17:15,2-1278,Sale,17.00,0.00,17.00,0.00,17.00,11.60,5.40,Cash,1 x CREAMLINE BAR ROCKY ROAD,Dine in,POS 2,Route 98 - Minimart,Owner,,,Closed
24/09/2026 16:47,2-1277,Sale,20.00,0.00,20.00,0.00,20.00,16.04,3.96,Cash,"1 x MIGHTY PULA  STICK, 1 x MIGHTY PUTI STICK",Dine in,POS 2,Route 98 - Minimart,Owner,,,Closed
24/09/2026 16:42,2-1276,Sale,48.00,0.00,48.00,0.00,48.00,36.40,11.60,Cash,4 x WINSTON RED STICK,Dine in,POS 2,Route 98 - Minimart,Owner,,,Closed
24/09/2026 16:41,2-1275,Sale,210.98,0.00,210.98,0.00,210.98,168.00,42.98,Cash,1 x NOBRELLI CHOCO-MANGGA-UBE 1.3L,Dine in,POS 2,Route 98 - Minimart,Owner,,,Closed
24/09/2026 15:40,2-1274,Sale,16.98,0.00,16.98,0.00,16.98,13.40,3.58,Card,1 x KOPIKO BLACK 2PK,Dine in,POS 2,Route 98 - Minimart,Owner,,,Closed
24/09/2026 15:29,2-1273,Sale,30.00,0.00,30.00,0.00,30.00,24.50,5.50,Cash,1 x NESTLE MILO 180ML,Dine in,POS 2,Route 98 - Minimart,Owner,,,Closed
24/09/2026 15:28,2-1272,Sale,36.00,0.00,36.00,0.00,36.00,27.30,8.70,Cash,3 x WINSTON RED STICK,Dine in,POS 2,Route 98 - Minimart,Owner,,,Closed
24/09/2026 15:06,2-1271,Sale,39.00,0.00,39.00,0.00,39.00,32.87,6.13,Cash,"1 x TROPICANA TWISTER ORANGE, 1 x OISHI RINBEE",Dine in,POS 2,Route 98 - Minimart,Owner,,,Closed
24/09/2026 14:49,2-1270,Sale,30.00,0.00,30.00,0.00,30.00,22.96,7.04,Cash,"1 x NATURE'S SPRING PURE 350ML, 2 x MIGHTY PULA  STICK",Dine in,POS 2,Route 98 - Minimart,Owner,,,Closed
24/09/2026 14:48,2-1269,Sale,94.00,0.00,94.00,0.00,94.00,57.20,36.80,Cash,"1 x DAILY SCENT 50ML, 1 x LIFT CITRUS BLAST 320, 2 x MIGHTY PUTI STICK",Dine in,POS 2,Route 98 - Minimart,Owner,,,Closed
24/09/2026 14:04,2-1268,Sale,332.00,0.00,332.00,0.00,332.00,73.37,258.63,Cash,"1 x TROPICANA TWISTER ORANGE, 1 x DELIGHT PROBIOTIC 400ML, 1 x #misc, 1 x #misc, 1 x #misc",Dine in,POS 2,Route 98 - Minimart,Owner,,,Closed
24/09/2026 13:50,2-1267,Sale,220.00,0.00,220.00,0.00,220.00,184.00,36.00,Cash,1 x WINSTON WHITE KAHA,Dine in,POS 2,Route 98 - Minimart,Owner,,,Closed
24/09/2026 13:48,2-1266,Sale,153.75,0.00,153.75,0.00,153.75,113.47,40.28,Cash,"1 x COCA COLA 1.75L, 1 x NESTLE MILO 180ML, 3 x WINSTON RED STICK, 1 x FUEGO MATCH - PIECE",Dine in,POS 2,Route 98 - Minimart,Owner,,,Closed
24/09/2026 13:46,2-1265,Sale,96.00,0.00,96.00,0.00,96.00,70.44,25.56,Cash,12 x NIPS MILK CHOCO 14G,Dine in,POS 2,Route 98 - Minimart,Owner,,,Closed
24/09/2026 13:29,2-1264,Sale,12.00,0.00,12.00,0.00,12.00,9.10,2.90,Cash,1 x WINSTON RED STICK,Dine in,POS 2,Route 98 - Minimart,Owner,,,Closed
24/09/2026 13:28,2-1263,Sale,41.50,0.00,41.50,0.00,41.50,31.95,9.55,Cash,1 x VCUT SPICY BARBEQUE 60G,Dine in,POS 2,Route 98 - Minimart,Owner,,,Closed
24/09/2026 12:35,2-1262,Sale,84.75,0.00,84.75,0.00,84.75,61.67,23.08,Cash,1 x COCA COLA 1.75L,Dine in,POS 2,Route 98 - Minimart,Owner,,,Closed
24/09/2026 10:14,2-1261,Sale,10.00,0.00,10.00,0.00,10.00,8.02,1.98,Cash,1 x MIGHTY PULA  STICK,Dine in,POS 2,Route 98 - Minimart,Owner,,,Closed
24/09/2026 10:12,2-1260,Sale,89.98,0.00,89.98,0.00,89.98,43.79,46.19,Cash,"1 x MONGGO, 1 x PEPSI EXTRA FIZZ 195ML, 1 x STING 290ML, 2 x MIGHTY PULA  STICK, 1 x AJINOMOTO SEASONING",Dine in,POS 2,Route 98 - Minimart,Owner,,,Closed
24/09/2026 00:42,2-1259,Sale,29.94,0.00,29.94,0.00,29.94,23.25,6.69,Cash,3 x CRISPY PATATA 24G,Dine in,POS 2,Route 98 - Minimart,Owner,,,Closed
24/09/2026 00:42,2-1258,Sale,19.50,0.00,19.50,0.00,19.50,12.60,6.90,Cash,2 x CHIPPY BBQ 25G,Dine in,POS 2,Route 98 - Minimart,Owner,,,Closed
24/09/2026 00:40,2-1257,Sale,275.00,0.00,275.00,0.00,275.00,241.00,34.00,Cash,"2 x BAGUIO PURE COCONUT 175ML, 1 x CAMEL PREMIUM TABACCOS KAHA",Dine in,POS 2,Route 98 - Minimart,Owner,,,Closed
24/09/2026 00:08,2-1256,Sale,164.96,0.00,164.96,0.00,164.96,135.50,29.46,Cash,"2 x CRISPY PATATA 24G, 1 x RED HORSE LITRO",Dine in,POS 2,Route 98 - Minimart,Owner,,,Closed
24/09/2026 00:03,2-1255,Sale,78.98,0.00,78.98,0.00,78.98,49.42,29.56,Cash,"2 x NATURE'S SPRING PURE 1000ML, 1 x FISH CRACKERS 24G, 1 x OISHI CRACKLINGS, 1 x SKYFLAKES CRACKER",Dine in,POS 2,Route 98 - Minimart,Owner,,,Closed
23/09/2026 23:48,2-1254,Sale,97.44,0.00,97.44,0.00,97.44,47.19,50.25,Cash,"12 x NESCAFE STICK, 3 x AJINOMOTO SEASONING, 1 x SALT 1/4, 1 x MR CHIPS MANAMIS MAIS 45G",Dine in,POS 2,Route 98 - Minimart,Owner,,,Closed
23/09/2026 23:44,2-1253,Sale,40.00,0.00,40.00,0.00,40.00,32.08,7.92,Cash,4 x MIGHTY PULA  STICK,Dine in,POS 2,Route 98 - Minimart,Owner,,,Closed
23/09/2026 23:32,2-1252,Sale,35.00,0.00,35.00,0.00,35.00,18.50,16.50,Cash,"1 x ICE CUBE 1KG, 5 x HAPPY NUTS SWEET CHILI 5G",Dine in,POS 2,Route 98 - Minimart,Owner,,,Closed
23/09/2026 23:22,2-1251,Sale,145.00,0.00,145.00,0.00,145.00,120.00,25.00,Cash,1 x RED HORSE LITRO,Dine in,POS 2,Route 98 - Minimart,Owner,,,Closed
23/09/2026 23:21,2-1250,Sale,10.00,0.00,10.00,0.00,10.00,2.71,7.29,Cash,"1 x #StyroCups w/ stirrer, 1 x GREAT TASTE STICK",Dine in,POS 2,Route 98 - Minimart,Owner,,,Closed
23/09/2026 23:04,2-1249,Sale,164.96,0.00,164.96,0.00,164.96,135.50,29.46,Cash,"2 x CRISPY PATATA 24G, 1 x RED HORSE LITRO",Dine in,POS 2,Route 98 - Minimart,Owner,,,Closed
23/09/2026 22:45,2-1248,Sale,60.00,0.00,60.00,0.00,60.00,45.50,14.50,Cash,5 x WINSTON RED STICK,Dine in,POS 2,Route 98 - Minimart,Owner,,,Closed
23/09/2026 22:34,2-1247,Sale,25.00,0.00,25.00,0.00,25.00,16.75,8.25,Cash,1 x STING 290ML,Dine in,POS 2,Route 98 - Minimart,Owner,,,Closed
23/09/2026 22:17,2-1246,Sale,172.00,0.00,172.00,0.00,172.00,121.44,50.56,Cash,"14 x DINGDONG MIXNUTS 5G, 12 x SUPER BAWANG 5G, 6 x WINSTON RED STICK, 4 x WINSTON WHITE STICK",Dine in,POS 2,Route 98 - Minimart,Owner,,,Closed
23/09/2026 22:11,2-1245,Sale,435.00,0.00,435.00,0.00,435.00,360.00,75.00,Cash,3 x RED HORSE LITRO,Dine in,POS 2,Route 98 - Minimart,Owner,,,Closed
23/09/2026 22:06,2-1244,Sale,236.00,0.00,236.00,0.00,236.00,184.36,51.64,Cash,"1 x RED HORSE LITRO, 1 x ICE CUBE 1KG, 3 x WINSTON RED STICK, 3 x MIGHTY PUTI STICK",Dine in,POS 2,Route 98 - Minimart,Owner,,,Closed
23/09/2026 21:58,2-1243,Sale,24.00,0.00,24.00,0.00,24.00,18.20,5.80,Cash,2 x WINSTON RED STICK,Dine in,POS 2,Route 98 - Minimart,Owner,,,Closed
23/09/2026 21:33,2-1242,Sale,249.88,0.00,249.88,0.00,249.88,187.13,62.75,Cash,"6 x DOWNY SUNRISE FRESH 26ML, 6 x SURF POWDER KALAMANSI, 3 x NESCAFE CREAMY WHITE TWIN PACK, 5 x NESCAFE STICK, 1 x DELIGHT PROBIOTIC 400ML",Dine in,POS 2,Route 98 - Minimart,Owner,,,Closed
23/09/2026 21:21,2-1241,Sale,90.00,0.00,90.00,0.00,90.00,72.18,17.82,Cash,9 x MIGHTY PULA  STICK,Dine in,POS 2,Route 98 - Minimart,Owner,,,Closed
23/09/2026 21:13,2-1240,Sale,135.00,0.00,135.00,0.00,135.00,0.00,135.00,Cash,1 x #misc,Dine in,POS 2,Route 98 - Minimart,Owner,,,Closed
23/09/2026 21:12,2-1239,Sale,59.00,0.00,59.00,0.00,59.00,41.00,18.00,Cash,"1 x COCA COLA 1L BOTTLE, 1 x OISHI CRACKLINGS",Dine in,POS 2,Route 98 - Minimart,Owner,,,Closed
23/09/2026 21:05,2-1238,Sale,3.00,0.00,3.00,0.00,3.00,0.00,3.00,Cash,1 x FUEGO MATCH - PIECE,Dine in,POS 2,Route 98 - Minimart,Owner,,,Closed
23/09/2026 21:05,2-1237,Sale,40.00,0.00,40.00,0.00,40.00,32.39,7.61,Cash,"2 x MIGHTY PULA  STICK, 1 x MOUNTAIN DEW (290ML)",Dine in,POS 2,Route 98 - Minimart,Owner,,,Closed
23/09/2026 21:05,2-1236,Sale,36.00,0.00,36.00,0.00,36.00,27.30,8.70,Cash,3 x WINSTON RED STICK,Dine in,POS 2,Route 98 - Minimart,Owner,,,Closed
23/09/2026 21:03,2-1235,Sale,163.71,0.00,163.71,0.00,163.71,126.51,37.20,Cash,"1 x C2 GREEN TEA APPLE 1L, 1 x DELIGHT PROBIOTIC 400ML, 2 x JOY KALAMANSI DISHWASHING LIQUID 40ML, 1 x COLGATE FRESH CONFIDENCE",Dine in,POS 2,Route 98 - Minimart,Owner,,,Closed
23/09/2026 21:02,2-1234,Sale,324.00,0.00,324.00,0.00,324.00,235.92,88.08,Cash,"1 x CLVB 1 LTR, 1 x COCA COLA 1L BOTTLE, 1 x #misc, 4 x WINSTON RED STICK, 1 x MIGHTY PULA  STICK, 1 x ICE CUBE 1KG",Dine in,POS 2,Route 98 - Minimart,Owner,,,Closed
23/09/2026 20:56,2-1233,Sale,10.00,0.00,10.00,0.00,10.00,8.02,1.98,Cash,1 x MIGHTY PULA  STICK,Dine in,POS 2,Route 98 - Minimart,Owner,,,Closed
23/09/2026 20:56,2-1232,Sale,186.50,0.00,186.50,0.00,186.50,148.12,38.38,Cash,"1 x PIATTOS CHEESE 85G, 2 x DINGDONG SNACK MIX WITH  CHIPS CURLS 100G, 1 x MARTY'S CRACKLINGS PLN SLTD 90G, 2 x MANG JUAN SUKAT SILI 90G",Dine in,POS 2,Route 98 - Minimart,Owner,,,Closed
23/09/2026 20:47,2-1231,Sale,36.00,0.00,36.00,0.00,36.00,27.30,8.70,Cash,3 x WINSTON RED STICK,Dine in,POS 2,Route 98 - Minimart,Owner,,,Closed
23/09/2026 20:46,2-1230,Sale,20.00,0.00,20.00,0.00,20.00,16.04,3.96,Cash,2 x MIGHTY PUTI STICK,Dine in,POS 2,Route 98 - Minimart,Owner,,,Closed
23/09/2026 20:44,2-1229,Sale,646.00,0.00,646.00,0.00,646.00,405.40,240.60,Cash,"1 x DELIGHT PROBIOTIC 100ML, 1 x SMIRNOFF, 2 x RED HORSE 500, 5 x YAKULT, 2 x SAMYANG BULDAK CARBONBARA, 1 x #misc",Dine in,POS 2,Route 98 - Minimart,Owner,,,Closed
23/09/2026 20:00,2-1228,Sale,74.00,0.00,74.00,0.00,74.00,59.10,14.90,Cash,"2 x PIATTOS ROADHOUSE BBQ 40G, 2 x PIATTOS SOUR CREAM 40G",Dine in,POS 2,Route 98 - Minimart,Owner,,,Closed
23/09/2026 19:26,2-1227,Sale,24.50,0.00,24.50,0.00,24.50,14.30,10.20,Cash,"1 x MANG JUAN SUKAT SILI 26G, 1 x MANG JUAN SUKANG PAOMBONG 26G",Dine in,POS 2,Route 98 - Minimart,Owner,,,Closed
23/09/2026 19:17,2-1226,Sale,77.00,0.00,77.00,0.00,77.00,59.10,17.90,Cash,2 x NOVA COUNTRY CHEDDAR 78G,Dine in,POS 2,Route 98 - Minimart,Owner,,,Closed
23/09/2026 18:40,2-1225,Sale,50.00,0.00,50.00,0.00,50.00,27.40,22.60,Cash,"5 x DINGDONG MIXNUTS 5G, 10 x CORN BITS HALO HALO, 10 x HAPPY NUTS SWEET CHILI 5G",Dine in,POS 2,Route 98 - Minimart,Owner,,,Closed
23/09/2026 18:18,2-1224,Sale,78.00,0.00,78.00,0.00,78.00,60.90,17.10,Cash,"4 x WINSTON RED STICK, 1 x NESTLE MILO 180ML",Dine in,POS 2,Route 98 - Minimart,Owner,,,Closed
23/09/2026 17:57,2-1223,Sale,89.00,0.00,89.00,0.00,89.00,69.45,19.55,Cash,"1 x NIPS WHITE CHOCO PACK, 6 x PILLOWS UBE 24G",Dine in,POS 2,Route 98 - Minimart,Owner,,,Closed
23/09/2026 17:55,2-1222,Sale,10.00,0.00,10.00,0.00,10.00,8.02,1.98,Cash,1 x MIGHTY PULA  STICK,Dine in,POS 2,Route 98 - Minimart,Owner,,,Closed
23/09/2026 17:54,2-1221,Sale,280.00,0.00,280.00,0.00,280.00,200.38,79.62,Cash,"3 x MILO, 8 x ENERGEN VANILLA, 1 x DELIGHT PROBIOTIC 400ML, 1 x NATURE'S SPRING DISTILLED 1000ML, 12 x NESCAFE STICK",Dine in,POS 2,Route 98 - Minimart,Owner,,,Closed
23/09/2026 17:35,2-1220,Sale,17.98,0.00,17.98,0.00,17.98,13.40,4.58,Card,"1 x KOPIKO BROWN 2PK, 1 x #misc",Dine in,POS 2,Route 98 - Minimart,Owner,,,Closed
23/09/2026 16:53,2-1219,Sale,43.50,0.00,43.50,0.00,43.50,32.98,10.52,Cash,"2 x NOVA COUNTRY CHEDDAR 20G, 2 x NIPS MILK CHOCO 14G, 1 x OVERLOAD CHOCO STRAWBERRY",Dine in,POS 2,Route 98 - Minimart,Owner,,,Closed
23/09/2026 16:52,2-1218,Sale,50.71,0.00,50.71,0.00,50.71,38.40,12.31,Cash,"1 x CREAMLINE BAR ROCKY ROAD, 2 x KOPIKO BLANCA 2PK",Dine in,POS 2,Route 98 - Minimart,Owner,,,Closed
23/09/2026 16:46,2-1217,Sale,60.00,0.00,60.00,0.00,60.00,48.00,12.00,Cash,1 x DELIGHT PROBIOTIC 400ML,Dine in,POS 2,Route 98 - Minimart,Owner,,,Closed
23/09/2026 15:56,2-1216,Sale,10.00,0.00,10.00,0.00,10.00,7.25,2.75,Cash,1 x CAMEL PREMIUM TABACCOS STICK,Dine in,POS 2,Route 98 - Minimart,Owner,,,Closed
23/09/2026 15:51,2-1215,Sale,72.25,0.00,72.25,0.00,72.25,54.30,17.95,Cash,"1 x MANG JUAN SUKAT SILI 26G, 1 x DELIGHT PROBIOTIC 400ML",Dine in,POS 2,Route 98 - Minimart,Owner,,,Closed
23/09/2026 15:45,2-1214,Sale,15.00,0.00,15.00,0.00,15.00,9.06,5.94,Cash,1 x NATURE'S SPRING PURE 500ML,Dine in,POS 2,Route 98 - Minimart,Owner,,,Closed
23/09/2026 15:36,2-1213,Sale,39.50,0.00,39.50,0.00,39.50,30.36,9.14,Cash,"1 x NATURE'S SPRING PURE 350ML, 1 x CREAMLINE CUP CHOCO MUD PIE 210ML",Dine in,POS 2,Route 98 - Minimart,Owner,,,Closed
23/09/2026 15:36,2-1212,Sale,136.75,0.00,136.75,0.00,136.75,92.05,44.70,Cash,"1 x COCA COLA 1.75L, 10 x HAPPY CHICKEN ADOBO 5G, 6 x XSAKTO 8G, 1 x DINGDONG SNACK MIX 30G, 1 x DINGDONG MIXED NUT 30G",Dine in,POS 2,Route 98 - Minimart,Owner,,,Closed
23/09/2026 15:08,2-1211,Sale,75.00,0.00,75.00,0.00,75.00,60.00,15.00,Cash,1 x RED HORSE 500,Dine in,POS 2,Route 98 - Minimart,Owner,,,Closed
23/09/2026 14:36,2-1210,Sale,10.00,0.00,10.00,0.00,10.00,6.35,3.65,Cash,1 x CLOUD 9 CLASSIC,Dine in,POS 2,Route 98 - Minimart,Owner,,,Closed
23/09/2026 14:23,2-1209,Sale,18.00,0.00,18.00,0.00,18.00,41.16,-23.16,Cash,1 x LIFT CITRUS BLAST 320,Dine in,POS 2,Route 98 - Minimart,Owner,,,Closed
23/09/2026 13:17,2-1208,Sale,48.00,0.00,48.00,0.00,48.00,36.40,11.60,Cash,4 x WINSTON RED STICK,Dine in,POS 2,Route 98 - Minimart,Owner,,,Closed
23/09/2026 13:12,2-1207,Sale,10.00,0.00,10.00,0.00,10.00,6.45,3.55,Cash,1 x PRESTO CHOCO PEANUT BUTTER,Dine in,POS 2,Route 98 - Minimart,Owner,,,Closed
23/09/2026 13:04,2-1206,Sale,50.00,0.00,50.00,0.00,50.00,16.35,33.65,Cash,"1 x MOUNTAIN DEW (290ML), 2 x ROYAL 190",Dine in,POS 2,Route 98 - Minimart,Owner,,,Closed
23/09/2026 12:43,2-1205,Sale,10.00,0.00,10.00,0.00,10.00,8.02,1.98,Cash,1 x MIGHTY PULA  STICK,Dine in,POS 2,Route 98 - Minimart,Owner,,,Closed
23/09/2026 12:28,2-1204,Sale,59.96,0.00,59.96,0.00,59.96,48.20,11.76,Cash,"1 x CREAMLINE JUMBO CONE UBE QUESO 140ML, 1 x CREAMLINE JUMBO CONE DOUBLE DUTCH 140ML",Dine in,POS 2,Route 98 - Minimart,Owner,,,Closed
23/09/2026 11:42,2-1203,Sale,50.00,0.00,50.00,0.00,50.00,43.90,6.10,Cash,1 x VINO KULAFU 350,Dine in,POS 2,Route 98 - Minimart,Owner,,,Closed
23/09/2026 11:36,2-1202,Sale,162.23,0.00,162.23,0.00,162.23,118.11,44.12,Cash,"1 x PEEWEE SIZZLING BARBEQUE 25G, 2 x OISHI PRAWN CRACKERS  NATURAL  24G, 1 x DINGDONG MIXED NUT 30G, 2 x FUN SIZE! PIATTOS CHEESE 18G, 2 x NOVA COUNTRY CHEDDAR 20G, 1 x COCA COLA 1.75L",Dine in,POS 2,Route 98 - Minimart,Owner,,,Closed
23/09/2026 11:27,2-1201,Sale,123.98,0.00,123.98,0.00,123.98,109.25,14.73,Cash,"1 x LUCKYME MAC & CHEESE, 1 x SAMYANG BULDAK CHEESE",Dine in,POS 2,Route 98 - Minimart,Owner,,,Closed
23/09/2026 10:05,2-1200,Sale,50.00,0.00,50.00,0.00,50.00,35.75,14.25,Cash,"1 x COCA COLA 290ML, 2 x PRESTO CHOCO PEANUT BUTTER, 1 x CLOUD 9 CLASSIC",Dine in,POS 2,Route 98 - Minimart,Owner,,,Closed
22/09/2026 22:41,2-1199,Sale,155.00,0.00,155.00,0.00,155.00,125.50,29.50,Cash,"1 x RED HORSE LITRO, 5 x HAPPY BBQ",Dine in,POS 2,Route 98 - Minimart,Owner,,,Closed
22/09/2026 22:28,2-1198,Sale,20.00,0.00,20.00,0.00,20.00,16.04,3.96,Cash,2 x MIGHTY PULA  STICK,Dine in,POS 2,Route 98 - Minimart,Owner,,,Closed
22/09/2026 22:20,2-1197,Sale,120.00,0.00,120.00,0.00,120.00,94.92,25.08,Cash,"1 x KULAFU 700ML, 1 x MIGHTY PULA  STICK",Dine in,POS 2,Route 98 - Minimart,Owner,,,Closed
22/09/2026 22:20,2-1196,Sale,72.00,0.00,72.00,0.00,72.00,54.60,17.40,Cash,6 x WINSTON RED STICK,Dine in,POS 2,Route 98 - Minimart,Owner,,,Closed
22/09/2026 22:04,2-1195,Sale,90.00,0.00,90.00,0.00,90.00,61.46,28.54,Cash,"1 x NATURE'S SPRING PURE 1000ML, 1 x PRESTO CHOCO PEANUT BUTTER, 1 x PILLOWS CHOCO 38G, 1 x STING 290ML, 2 x OISHI ONION RNGS",Dine in,POS 2,Route 98 - Minimart,Owner,,,Closed
22/09/2026 21:28,2-1194,Sale,35.00,0.00,35.00,0.00,35.00,24.00,11.00,Cash,1 x ICE CUBE 2KG,Dine in,POS 2,Route 98 - Minimart,Owner,,,Closed
22/09/2026 21:22,2-1193,Sale,60.00,0.00,60.00,0.00,60.00,0.00,60.00,Cash,1 x Royal 1.25L,Dine in,POS 2,Route 98 - Minimart,Owner,,,Closed
22/09/2026 21:21,2-1192,Sale,130.00,0.00,130.00,0.00,130.00,115.00,15.00,Cash,1 x SM PALE PILSEN GRANDE,Dine in,POS 2,Route 98 - Minimart,Owner,,,Closed
22/09/2026 21:17,2-1191,Sale,172.00,0.00,172.00,0.00,172.00,142.40,29.60,Cash,"2 x VINO KULAFU 350, 6 x WINSTON RED STICK",Dine in,POS 2,Route 98 - Minimart,Owner,,,Closed
22/09/2026 21:06,2-1190,Sale,130.00,0.00,130.00,0.00,130.00,115.00,15.00,Card,1 x SM PALE PILSEN GRANDE,Dine in,POS 2,Route 98 - Minimart,Owner,,,Closed
22/09/2026 20:15,2-1189,Sale,110.50,0.00,110.50,0.00,110.50,85.03,25.47,Cash,"1 x DINGDONG MIXED NUTS ORANGE 100G, 2 x MAGIC CHIPS BBQ, 2 x MAGIC CHIPS CHEESE, 1 x SISTERS OVERNIGHT DRY",Dine in,POS 2,Route 98 - Minimart,Owner,,,Closed
22/09/2026 20:11,2-1188,Sale,356.62,0.00,356.62,0.00,356.62,190.00,166.62,Cash,"6 x MAGIC SARAP SACHET, 18 x AJINOMOTO SEASONING, 1 x SPEED BAR BLUE, 1 x OREO ICE CREAM 450ML",Dine in,POS 2,Route 98 - Minimart,Owner,,,Closed
22/09/2026 19:51,2-1187,Sale,20.00,0.00,20.00,0.00,20.00,13.52,6.48,Cash,"1 x MIGHTY PULA  STICK, 5 x HAPPY CHICKEN ADOBO 5G",Dine in,POS 2,Route 98 - Minimart,Owner,,,Closed
22/09/2026 19:40,2-1186,Sale,10.00,0.00,10.00,0.00,10.00,0.00,10.00,Cash,1 x #misc,Dine in,POS 2,Route 98 - Minimart,Owner,,,Closed
22/09/2026 19:40,2-1185,Sale,50.00,0.00,50.00,0.00,50.00,33.50,16.50,Cash,1 x COCA COLA 1L BOTTLE,Dine in,POS 2,Route 98 - Minimart,Owner,,,Closed
22/09/2026 19:37,2-1184,Sale,12.00,0.00,12.00,0.00,12.00,9.10,2.90,Cash,1 x WINSTON RED STICK,Dine in,POS 2,Route 98 - Minimart,Owner,,,Closed
22/09/2026 19:12,2-1183,Sale,145.00,0.00,145.00,0.00,145.00,120.00,25.00,Cash,1 x RED HORSE LITRO,Dine in,POS 2,Route 98 - Minimart,Owner,,,Closed
22/09/2026 19:10,2-1182,Sale,31.00,0.00,31.00,0.00,31.00,24.00,7.00,Cash,1 x DINGDONG MIX NUTS REAL GARLIC 100G,Dine in,POS 2,Route 98 - Minimart,Owner,,,Closed
22/09/2026 19:09,2-1181,Sale,99.75,0.00,99.75,0.00,99.75,61.67,38.08,Cash,"1 x COCA COLA 1.75L, 1 x #misc",Dine in,POS 2,Route 98 - Minimart,Owner,,,Closed
22/09/2026 19:04,2-1180,Sale,119.00,0.00,119.00,0.00,119.00,93.65,25.35,Cash,"1 x RED HORSE 500, 3 x NIPS MILK CHOCO 14G, 2 x MIGHTY PULA  STICK",Dine in,POS 2,Route 98 - Minimart,Owner,,,Closed
22/09/2026 19:00,2-1179,Sale,120.00,0.00,120.00,0.00,120.00,91.00,29.00,Cash,10 x WINSTON RED STICK,Dine in,POS 2,Route 98 - Minimart,Owner,,,Closed
22/09/2026 18:58,2-1178,Sale,235.00,0.00,235.00,0.00,235.00,145.00,90.00,Cash,"1 x CLVB 1 LTR, 1 x COCA COLA 1L",Dine in,POS 2,Route 98 - Minimart,Owner,,,Closed
22/09/2026 18:46,2-1177,Sale,24.00,0.00,24.00,0.00,24.00,18.20,5.80,Cash,2 x WINSTON RED STICK,Dine in,POS 2,Route 98 - Minimart,Owner,,,Closed
22/09/2026 18:41,2-1176,Sale,28.00,0.00,28.00,0.00,28.00,13.00,15.00,Cash,"1 x ICE CUBE 1KG, 1 x #misc",Dine in,POS 2,Route 98 - Minimart,Owner,,,Closed
22/09/2026 18:39,2-1175,Sale,74.73,0.00,74.73,0.00,74.73,45.51,29.22,Cash,"1 x MANG JUAN SUKANG PAOMBONG 90G, 1 x KROPEK NI MANGJUAN 90G, 1 x NUTRIBOOST CHOCO 110",Dine in,POS 2,Route 98 - Minimart,Owner,,,Closed
22/09/2026 18:36,2-1174,Sale,252.00,0.00,252.00,0.00,252.00,198.66,53.34,Cash,"3 x RED HORSE 500, 3 x MAGIC CHIPS CHEESE",Dine in,POS 2,Route 98 - Minimart,Owner,,,Closed
22/09/2026 18:31,2-1173,Sale,25.00,0.00,25.00,0.00,25.00,14.26,10.74,Cash,1 x NATURE'S SPRING PURE 1000ML,Dine in,POS 2,Route 98 - Minimart,Owner,,,Closed
22/09/2026 18:06,2-1172,Sale,24.00,0.00,24.00,0.00,24.00,18.20,5.80,Cash,2 x WINSTON RED STICK,Dine in,POS 2,Route 98 - Minimart,Owner,,,Closed
22/09/2026 18:05,2-1171,Sale,243.25,0.00,243.25,0.00,243.25,194.00,49.25,Cash,"3 x RED HORSE 500, 1 x NOVA COUNTRY CHEDDAR 38G",Dine in,POS 2,Route 98 - Minimart,Owner,,,Closed
22/09/2026 17:27,2-1170,Sale,12.00,0.00,12.00,0.00,12.00,9.10,2.90,Cash,1 x WINSTON RED STICK,Dine in,POS 2,Route 98 - Minimart,Owner,,,Closed
22/09/2026 17:20,2-1169,Sale,86.00,0.00,86.00,0.00,86.00,70.72,15.28,Cash,"1 x DELIGHT PROBIOTIC 400ML, 1 x C2 SOLO LEMON 230ML, 1 x OISHI PRAWN CRACKERS  NATURAL  24G",Dine in,POS 2,Route 98 - Minimart,Owner,,,Closed
21/09/2026 22:39,2-1168,Sale,28.00,0.00,28.00,0.00,28.00,16.43,11.57,Cash,1 x NATURE'S SPRING DISTILLED 1000ML,Dine in,POS 2,Route 98 - Minimart,Owner,,,Closed
21/09/2026 22:39,2-1167,Sale,36.00,0.00,36.00,0.00,36.00,27.30,8.70,Cash,3 x WINSTON RED STICK,Dine in,POS 2,Route 98 - Minimart,Owner,,,Closed
21/09/2026 22:37,2-1166,Sale,19.98,0.00,19.98,0.00,19.98,14.75,5.23,Cash,"1 x TORTILLOS, 1 x PEEWEE SPICY CHILI 25G",Dine in,POS 2,Route 98 - Minimart,Owner,,,Closed
21/09/2026 22:35,2-1165,Sale,535.00,0.00,535.00,0.00,535.00,440.20,94.80,Cash,"3 x RED HORSE LITRO, 10 x MIGHTY PULA  STICK",Dine in,POS 2,Route 98 - Minimart,Owner,,,Closed
21/09/2026 22:08,2-1164,Sale,21.98,0.00,21.98,0.00,21.98,16.65,5.33,Cash,"1 x NESCAFE STICK, 1 x KOPIKO BLACK 2PK",Dine in,POS 2,Route 98 - Minimart,Owner,,,Closed
21/09/2026 22:05,2-1163,Sale,53.75,0.00,53.75,0.00,53.75,43.62,10.13,Cash,"1 x TROPICANA TWISTER ORANGE, 1 x PEEWEE SIZZLING BBQ 60G",Dine in,POS 2,Route 98 - Minimart,Owner,,,Closed
21/09/2026 21:51,2-1162,Sale,40.00,0.00,40.00,0.00,40.00,32.08,7.92,Cash,"2 x MIGHTY PULA  STICK, 2 x MIGHTY PUTI STICK",Dine in,POS 2,Route 98 - Minimart,Owner,,,Closed
21/09/2026 21:36,2-1161,Sale,36.00,0.00,36.00,0.00,36.00,27.30,8.70,Cash,3 x WINSTON RED STICK,Dine in,POS 2,Route 98 - Minimart,Owner,,,Closed
21/09/2026 21:20,2-1160,Sale,108.00,0.00,108.00,0.00,108.00,80.50,27.50,Cash,"2 x NESCAFE ORIGINAL TWIN PACK, 2 x NESCAFE CREAMY WHITE TWIN PACK, 1 x UNILOVE SQUALANE WIPES",Dine in,POS 2,Route 98 - Minimart,Owner,,,Closed
21/09/2026 21:18,2-1159,Sale,136.00,0.00,136.00,0.00,136.00,109.79,26.21,Card,"1 x DELIGHT PROBIOTIC 400ML, 2 x MAGIC CHIPS CHEESE, 1 x NUTRI STAR CHICKEN BBQ, 1 x OVERLOAD BLACK FOREST, 1 x LA MIA TUNA AFRTDA",Dine in,POS 2,Route 98 - Minimart,Owner,,,Closed
21/09/2026 21:11,2-1158,Sale,12.00,0.00,12.00,0.00,12.00,9.10,2.90,Cash,1 x WINSTON RED STICK,Dine in,POS 2,Route 98 - Minimart,Owner,,,Closed
21/09/2026 20:31,2-1157,Sale,20.00,0.00,20.00,0.00,20.00,5.45,14.55,Cash,"5 x TAGAY CHILIGARLIC 7G, 5 x MUNCHER GREEN PEAS",Dine in,POS 2,Route 98 - Minimart,Owner,,,Closed
21/09/2026 20:27,2-1156,Sale,3.00,0.00,3.00,0.00,3.00,0.00,3.00,Cash,1 x #misc,Dine in,POS 2,Route 98 - Minimart,Owner,,,Closed
21/09/2026 20:26,2-1155,Sale,262.50,0.00,262.50,0.00,262.50,209.81,52.69,Cash,"1 x DELIGHT PROBIOTIC 400ML, 1 x NATURE'S SPRING PURE 500ML, 1 x SISTERS OVERNIGHT DRY, 1 x RED HORSE LITRO",Dine in,POS 2,Route 98 - Minimart,Owner,,,Closed
21/09/2026 20:06,2-1154,Sale,75.50,0.00,75.50,0.00,75.50,56.37,19.13,Cash,"1 x PIATTOS SOUR CREAM 85G, 1 x MAGIC CHIPS BBQ, 1 x MOBY CRUNCHY CHOCOLATE, 1 x DELIGHT PROBIOTIC 100ML",Dine in,POS 2,Route 98 - Minimart,Owner,,,Closed
21/09/2026 20:02,2-1153,Sale,119.25,0.00,119.25,0.00,119.25,81.40,37.85,Cash,"2 x ICE CUBE 2KG, 1 x MANG JUAN SUKANG PAOMBONG 90G, 2 x MR. CHIPS  NACHO CHEEZE 4G",Dine in,POS 2,Route 98 - Minimart,Owner,,,Closed
21/09/2026 19:56,2-1152,Sale,84.98,0.00,84.98,0.00,84.98,72.00,12.98,Cash,1 x ABSOLUTE 6000ML,Dine in,POS 2,Route 98 - Minimart,Owner,,,Closed
21/09/2026 19:50,2-1151,Sale,95.00,0.00,95.00,0.00,95.00,76.04,18.96,Cash,"1 x RED HORSE 500, 2 x MIGHTY PULA  STICK",Dine in,POS 2,Route 98 - Minimart,Owner,,,Closed
21/09/2026 19:47,2-1150,Sale,93.00,0.00,93.00,0.00,93.00,61.02,31.98,Cash,"2 x MAGIC FLAKES, 5 x YAKULT",Dine in,POS 2,Route 98 - Minimart,Owner,,,Closed
21/09/2026 19:39,2-1149,Sale,36.50,0.00,36.50,0.00,36.50,28.00,8.50,Cash,2 x NOVA COUNTRY CHEDDAR 38G,Dine in,POS 2,Route 98 - Minimart,Owner,,,Closed
21/09/2026 19:35,2-1148,Sale,278.00,0.00,278.00,0.00,278.00,232.70,45.30,Cash,"1 x VITAMILK(DOUBLECHOCO) 300ML, 1 x SMIRNOFF, 1 x DELIGHT PROBIOTIC 400ML, 2 x CLOUD 9 CLASSIC, 1 x SAMYANG SWICY (SWTSPCY)",Dine in,POS 2,Route 98 - Minimart,Owner,,,Closed
21/09/2026 19:34,2-1147,Sale,75.00,0.00,75.00,0.00,75.00,60.00,15.00,Cash,1 x RED HORSE 500,Dine in,POS 2,Route 98 - Minimart,Owner,,,Closed
21/09/2026 19:33,2-1146,Sale,154.71,0.00,154.71,0.00,154.71,130.57,24.14,Cash,"1 x CREAMLINE JUMBO CONE MANGO PEANUT 140ML, 1 x OREO ICE CREAM 110ML, 1 x PIATTOS ROADHOUSE BBQ 85G, 1 x CREAMLINE CONE UBE MACAPUNO 110ML",Dine in,POS 2,Route 98 - Minimart,Owner,,,Closed
21/09/2026 19:30,2-1145,Sale,127.00,0.00,127.00,0.00,127.00,95.52,31.48,Cash,"1 x PIATTOS SOUR CREAM 85G, 1 x PIATTOS CHEESE 85G, 2 x STING 290ML",Dine in,POS 2,Route 98 - Minimart,Owner,,,Closed
21/09/2026 18:37,2-1144,Sale,19.98,0.00,19.98,0.00,19.98,16.15,3.83,Card,1 x CREAMLINE PINIPIG CHOCOLATE 70ML,Dine in,POS 2,Route 98 - Minimart,Owner,,,Closed
21/09/2026 18:16,2-1143,Sale,10.00,0.00,10.00,0.00,10.00,8.25,1.75,Card,1 x NUTRI STAR CHICKEN BBQ,Dine in,POS 2,Route 98 - Minimart,Owner,,,Closed
21/09/2026 17:42,2-1142,Sale,23.96,0.00,23.96,0.00,23.96,17.90,6.06,Cash,2 x LUCKYME CHICKEN NOODLES,Dine in,POS 2,Route 98 - Minimart,Owner,,,Closed
21/09/2026 17:42,2-1141,Sale,52.50,0.00,52.50,0.00,52.50,36.58,15.92,Cash,"1 x GREAT TASTE PREMIUM ROAST, 1 x #misc, 1 x MR CHIPS MANAMIS MAIS 45G, 2 x MIGHTY PULA  STICK",Dine in,POS 2,Route 98 - Minimart,Owner,,,Closed
21/09/2026 15:50,2-1140,Sale,87.75,0.00,87.75,0.00,87.75,63.63,24.12,Cash,"1 x MOUNTAIN DEW (290ML), 4 x CHIPPY CHILI CHEESE 25G, 1 x C2 GREEN TEA APPLE 335ML",Dine in,POS 2,Route 98 - Minimart,Owner,,,Closed
21/09/2026 14:33,2-1139,Sale,30.00,0.00,30.00,0.00,30.00,11.00,19.00,Cash,"1 x COCA COLA 190ML, 1 x ROYAL 190",Dine in,POS 2,Route 98 - Minimart,Owner,,,Closed
21/09/2026 14:14,2-1138,Sale,43.96,0.00,43.96,0.00,43.96,31.90,12.06,Cash,"1 x COCA COLA 290ML, 2 x LEMON SQUARE CHEESE CAKE",Dine in,POS 2,Route 98 - Minimart,Owner,,,Closed
21/09/2026 12:51,2-1137,Sale,144.75,0.00,144.75,0.00,144.75,107.17,37.58,Cash,"1 x COCA COLA 1.75L, 5 x WINSTON RED STICK",Dine in,POS 2,Route 98 - Minimart,Owner,,,Closed
21/09/2026 10:55,2-1136,Sale,308.86,0.00,308.86,0.00,308.86,242.43,66.43,Cash,"1 x LA MIA TUNA HOTSPCY, 1 x NOBRELLI CHOCO-KESO-UBE 1.3L, 3 x CRISPY PATATA 24G, 3 x SKYFLAKES CRACKER",Dine in,POS 2,Route 98 - Minimart,Owner,,,Closed
21/09/2026 10:50,2-1135,Sale,114.86,0.00,114.86,0.00,114.86,43.85,71.01,Cash,"1 x ZONROX ORIG 250, 4 x NISSIN BUTTER COCONUT 14G, 1 x OISHI PRAWN CRACKERS  NATURAL  24G, 1 x MOBY CARAMEL, 1 x #misc, 2 x PALMOLIVE IM, 1 x ARIEL TWIN JUMBO POWDER SUNRISE FRESH 66G",Dine in,POS 2,Route 98 - Minimart,Owner,,,Closed
21/09/2026 10:04,2-1134,Sale,485.00,0.00,485.00,0.00,485.00,426.32,58.68,Cash,"1 x NATURE'S SPRING DISTILLED 5LTRS, 1 x IVORY GRAINS CLASSIC 5KG",Dine in,POS 2,Route 98 - Minimart,Owner,,,Closed
21/09/2026 09:51,2-1133,Sale,24.98,0.00,24.98,0.00,24.98,15.85,9.13,Cash,1 x CREAMLINE SUNDAE CARAMEL 120ML,Dine in,POS 2,Route 98 - Minimart,Owner,,,Closed
21/09/2026 09:49,2-1132,Sale,357.46,0.00,357.46,0.00,357.46,258.90,98.56,Cash,"1 x NOVA COUNTRY CHEDDAR 78G, 1 x CREAMLINE PINIPIG CHOCOLATE 70ML, 1 x CREAMLINE JUMBO CONE MANGO PEANUT 140ML, 1 x PIATTOS CHEESE 40G, 1 x CHIPPY CHILI & CHEESE 108G, 1 x NOVA COUNTRY CHEDDAR 38G, 1 x VCUT CHEESE FLAVOR 60G, 6 x NIPS MILK CHOCO 14G, 3 x NUTRI STAR CHICKEN BBQ, 20 x HAPPY NUTS SWEET CHILI 5G, 10 x HAPPY CHICKEN ADOBO 5G, 12 x CORN BITS HALO HALO",Dine in,POS 2,Route 98 - Minimart,Owner,,,Closed
20/09/2026 22:49,2-1131,Sale,12.00,0.00,12.00,0.00,12.00,9.10,2.90,Cash,1 x WINSTON RED STICK,Dine in,POS 2,Route 98 - Minimart,Owner,,,Closed
20/09/2026 22:49,2-1130,Sale,35.00,0.00,35.00,0.00,35.00,24.00,11.00,Cash,1 x ICE CUBE 2KG,Dine in,POS 2,Route 98 - Minimart,Owner,,,Closed
20/09/2026 22:49,2-1129,Sale,76.00,0.00,76.00,0.00,76.00,59.38,16.62,Cash,"3 x WINSTON RED STICK, 4 x MIGHTY PULA  STICK",Dine in,POS 2,Route 98 - Minimart,Owner,,,Closed
20/09/2026 22:47,2-1128,Sale,155.00,0.00,155.00,0.00,155.00,128.02,26.98,Cash,"1 x RED HORSE LITRO, 1 x MIGHTY PUTI STICK",Dine in,POS 2,Route 98 - Minimart,Owner,,,Closed
20/09/2026 22:42,2-1127,Sale,125.00,0.00,125.00,0.00,125.00,99.00,26.00,Cash,1 x TODAY'S MIXED FRUITS 836G,Dine in,POS 2,Route 98 - Minimart,Owner,,,Closed
20/09/2026 22:40,2-1126,Sale,20.00,0.00,20.00,0.00,20.00,9.92,10.08,Cash,"1 x WINSTON WHITE STICK, 1 x FUEGO MATCH - PIECE, 1 x #misc",Dine in,POS 2,Route 98 - Minimart,Owner,,,Closed
20/09/2026 22:15,2-1125,Sale,36.00,0.00,36.00,0.00,36.00,27.30,8.70,Cash,3 x WINSTON RED STICK,Dine in,POS 2,Route 98 - Minimart,Owner,,,Closed
20/09/2026 21:56,2-1124,Sale,40.00,0.00,40.00,0.00,40.00,34.75,5.25,Cash,1 x STAR CORNED BEEF 150G,Dine in,POS 2,Route 98 - Minimart,Owner,,,Closed
20/09/2026 21:37,2-1123,Sale,30.00,0.00,30.00,0.00,30.00,20.25,9.75,Cash,3 x DINGDONG MIXED NUT 30G,Dine in,POS 2,Route 98 - Minimart,Owner,,,Closed
20/09/2026 21:36,2-1122,Sale,56.00,0.00,56.00,0.00,56.00,39.60,16.40,Cash,"2 x CREAMLINE COOLERS STRAWBERRY 50ML, 1 x CREAMLINE COOLERS MELON 70ML, 1 x CREAMLINE COOLERS CHOCOLATE 50ML",Dine in,POS 2,Route 98 - Minimart,Owner,,,Closed
20/09/2026 21:32,2-1121,Sale,102.96,0.00,102.96,0.00,102.96,78.90,24.06,Card,"2 x LUCKYME MAC & CHEESE, 5 x NESTLE KOKO CRUNCH",Dine in,POS 2,Route 98 - Minimart,Owner,,,Closed
20/09/2026 21:21,2-1120,Sale,55.00,0.00,55.00,0.00,55.00,38.50,16.50,Cash,"3 x SURF POWDER ROSE FRESH 65G, 1 x STING 290ML",Dine in,POS 2,Route 98 - Minimart,Owner,,,Closed
20/09/2026 21:04,2-1119,Sale,147.50,0.00,147.50,0.00,147.50,113.95,33.55,Cash,"2 x SM FLAVORED BEER APPLE, 1 x VCUT CHEESE FLAVOR 60G",Dine in,POS 2,Route 98 - Minimart,Owner,,,Closed
20/09/2026 21:01,2-1118,Sale,24.00,0.00,24.00,0.00,24.00,18.20,5.80,Cash,2 x WINSTON RED STICK,Dine in,POS 2,Route 98 - Minimart,Owner,,,Closed
20/09/2026 21:00,2-1117,Sale,167.00,0.00,167.00,0.00,167.00,134.25,32.75,Cash,"1 x OISHI PRAWN CRACKERS SPICY 24G, 1 x RED HORSE LITRO, 1 x DINGDONG MIXED NUT 30G, 1 x #misc",Dine in,POS 2,Route 98 - Minimart,Owner,,,Closed
20/09/2026 20:50,2-1116,Sale,50.00,0.00,50.00,0.00,50.00,27.26,22.74,Cash,"1 x NATURE'S SPRING PURE 1000ML, 1 x ICE CUBE 1KG",Dine in,POS 2,Route 98 - Minimart,Owner,,,Closed
20/09/2026 20:49,2-1115,Sale,60.73,0.00,60.73,0.00,60.73,46.73,14.00,Cash,"1 x KOPIKO BLACK 2PK, 1 x GREAT TASTE WHITE TWIN PACK, 1 x MANG JUAN SUKANG PAOMBONG 90G",Dine in,POS 2,Route 98 - Minimart,Owner,,,Closed
20/09/2026 20:35,2-1114,Sale,99.96,0.00,99.96,0.00,99.96,73.40,26.56,Cash,"1 x DELIGHT PROBIOTIC 400ML, 2 x CREAMLINE MINI CUP CHOCOLATE 75ML",Dine in,POS 2,Route 98 - Minimart,Owner,,,Closed
20/09/2026 20:24,2-1113,Sale,290.00,0.00,290.00,0.00,290.00,240.00,50.00,Cash,2 x RED HORSE LITRO,Dine in,POS 2,Route 98 - Minimart,Owner,,,Closed
20/09/2026 20:08,2-1112,Sale,41.00,0.00,41.00,0.00,41.00,31.30,9.70,Cash,"3 x WINSTON RED STICK, 1 x LION TIGER KATOL - COIL",Dine in,POS 2,Route 98 - Minimart,Owner,,,Closed
20/09/2026 19:46,2-1111,Sale,20.00,0.00,20.00,0.00,20.00,16.04,3.96,Cash,2 x MIGHTY PULA  STICK,Dine in,POS 2,Route 98 - Minimart,Owner,,,Closed
20/09/2026 19:42,2-1110,Sale,145.00,0.00,145.00,0.00,145.00,120.00,25.00,Cash,1 x RED HORSE LITRO,Dine in,POS 2,Route 98 - Minimart,Owner,,,Closed
20/09/2026 19:35,2-1109,Sale,28.98,0.00,28.98,0.00,28.98,23.02,5.96,Cash,"1 x LEMON SQUARE CHEESE CAKE, 1 x C2 SOLO LEMON 230ML",Dine in,POS 2,Route 98 - Minimart,Owner,,,Closed
20/09/2026 19:29,2-1108,Sale,60.00,0.00,60.00,0.00,60.00,48.00,12.00,Card,1 x DELIGHT PROBIOTIC 400ML,Dine in,POS 2,Route 98 - Minimart,Owner,,,Closed
20/09/2026 19:19,2-1107,Sale,24.00,0.00,24.00,0.00,24.00,18.20,5.80,Cash,2 x WINSTON RED STICK,Dine in,POS 2,Route 98 - Minimart,Owner,,,Closed
20/09/2026 19:17,2-1106,Sale,9.75,0.00,9.75,0.00,9.75,6.30,3.45,Cash,1 x CHIPPY BBQ 25G,Dine in,POS 2,Route 98 - Minimart,Owner,,,Closed
20/09/2026 19:17,2-1105,Sale,25.00,0.00,25.00,0.00,25.00,13.00,12.00,Cash,1 x ICE CUBE 1KG,Dine in,POS 2,Route 98 - Minimart,Owner,,,Closed
20/09/2026 19:08,2-1104,Sale,86.25,0.00,86.25,0.00,86.25,44.42,41.83,Cash,"1 x C2 GREEN TEA APPLE 1L, 1 x EFFICASCENT25",Dine in,POS 2,Route 98 - Minimart,Owner,,,Closed
20/09/2026 19:07,2-1103,Sale,57.25,0.00,57.25,0.00,57.25,22.08,35.17,Cash,"1 x EFFICASCENT25, 1 x C2 GREEN TEA APPLE 335ML",Dine in,POS 2,Route 98 - Minimart,Owner,,,Cancelled
20/09/2026 18:53,2-1102,Sale,100.00,0.00,100.00,0.00,100.00,84.00,16.00,Cash,4 x HOLIDAY BEEF LOAF,Dine in,POS 2,Route 98 - Minimart,Owner,,,Closed
20/09/2026 18:47,2-1101,Sale,290.00,0.00,290.00,0.00,290.00,240.00,50.00,Cash,2 x RED HORSE LITRO,Dine in,POS 2,Route 98 - Minimart,Owner,,,Closed
20/09/2026 18:31,2-1100,Sale,79.00,0.00,79.00,0.00,79.00,70.29,8.71,Cash,"2 x 555 SARDINES 155G, 1 x OSAKA SARDINES",Dine in,POS 2,Route 98 - Minimart,Owner,,,Closed
20/09/2026 18:28,2-1099,Sale,44.00,0.00,44.00,0.00,44.00,34.24,9.76,Cash,"2 x WINSTON RED STICK, 2 x MIGHTY PULA  STICK",Dine in,POS 2,Route 98 - Minimart,Owner,,,Closed
20/09/2026 18:23,2-1098,Sale,145.00,0.00,145.00,0.00,145.00,120.00,25.00,Cash,1 x RED HORSE LITRO,Dine in,POS 2,Route 98 - Minimart,Owner,,,Closed
20/09/2026 18:10,2-1097,Sale,15.00,0.00,15.00,0.00,15.00,0.00,15.00,Cash,1 x GILLETTE RUBIE BLADE,Dine in,POS 2,Route 98 - Minimart,Owner,,,Closed
20/09/2026 18:10,2-1096,Sale,107.76,0.00,107.76,0.00,107.76,74.76,33.00,Card,12 x DOWNY KONTRA  GERMS 26ML,Dine in,POS 2,Route 98 - Minimart,Owner,,,Closed
20/09/2026 18:00,2-1095,Sale,145.00,0.00,145.00,0.00,145.00,120.00,25.00,Cash,1 x RED HORSE LITRO,Dine in,POS 2,Route 98 - Minimart,Owner,,,Closed
20/09/2026 17:59,2-1094,Sale,59.00,0.00,59.00,0.00,59.00,42.03,16.97,Cash,"1 x NIPS WHITE CHOCO PACK, 12 x MUNCHER GREEN PEAS",Dine in,POS 2,Route 98 - Minimart,Owner,,,Closed
20/09/2026 17:57,2-1093,Sale,48.00,0.00,48.00,0.00,48.00,36.40,11.60,Cash,4 x WINSTON RED STICK,Dine in,POS 2,Route 98 - Minimart,Owner,,,Closed
20/09/2026 17:48,2-1092,Sale,84.75,0.00,84.75,0.00,84.75,61.67,23.08,Cash,1 x COCA COLA 1.75L,Dine in,POS 2,Route 98 - Minimart,Owner,,,Closed
20/09/2026 17:48,2-1091,Sale,25.00,0.00,25.00,0.00,25.00,13.00,12.00,Cash,1 x ICE CUBE 1KG,Dine in,POS 2,Route 98 - Minimart,Owner,,,Closed
20/09/2026 17:44,2-1090,Sale,22.00,0.00,22.00,0.00,22.00,17.12,4.88,Cash,"1 x MIGHTY PULA  STICK, 1 x WINSTON RED STICK",Dine in,POS 2,Route 98 - Minimart,Owner,,,Closed
20/09/2026 17:39,2-1089,Sale,321.75,0.00,321.75,0.00,321.75,261.35,60.40,Cash,"1 x CHIPPY BBQ 108G, 2 x RED HORSE LITRO, 1 x #misc",Dine in,POS 2,Route 98 - Minimart,Owner,,,Closed
20/09/2026 17:28,2-1088,Sale,145.00,0.00,145.00,0.00,145.00,120.00,25.00,Cash,1 x RED HORSE LITRO,Dine in,POS 2,Route 98 - Minimart,Owner,,,Closed
20/09/2026 17:25,2-1087,Sale,12.00,0.00,12.00,0.00,12.00,9.92,2.08,Cash,1 x WINSTON WHITE STICK,Dine in,POS 2,Route 98 - Minimart,Owner,,,Closed
20/09/2026 17:05,2-1086,Sale,85.00,0.00,85.00,0.00,85.00,68.02,16.98,Cash,"1 x RED HORSE 500, 1 x MIGHTY PULA  STICK",Dine in,POS 2,Route 98 - Minimart,Owner,,,Closed
20/09/2026 17:00,2-1085,Sale,9.00,0.00,9.00,0.00,9.00,6.75,2.25,Cash,1 x PILLOWS UBE 24G,Dine in,POS 2,Route 98 - Minimart,Owner,,,Closed
20/09/2026 16:51,2-1084,Sale,59.00,0.00,59.00,0.00,59.00,46.88,12.12,Cash,2 x CREAMLINE CUP CHOCO MUD PIE 210ML,Dine in,POS 2,Route 98 - Minimart,Owner,,,Closed
20/09/2026 16:40,2-1083,Sale,188.25,0.00,188.25,0.00,188.25,83.57,104.68,Cash,"1 x ROYAL 1.75L, 1 x Royal 1.5L, 1 x MARTY'S CRACKLINGS CHICK INSL 90G",Dine in,POS 2,Route 98 - Minimart,Owner,,,Closed
20/09/2026 16:32,2-1082,Sale,3.00,0.00,3.00,0.00,3.00,0.00,3.00,Cash,1 x #misc,Dine in,POS 2,Route 98 - Minimart,Owner,,,Closed
20/09/2026 16:31,2-1081,Sale,198.50,0.00,198.50,0.00,198.50,154.90,43.60,Cash,"1 x RED HORSE LITRO, 1 x ICE CUBE 1KG, 1 x MARTY'S CRACKLINGS SPCY VNGR 90G",Dine in,POS 2,Route 98 - Minimart,Owner,,,Closed
20/09/2026 16:23,2-1080,Sale,12.00,0.00,12.00,0.00,12.00,9.10,2.90,Cash,1 x WINSTON RED STICK,Dine in,POS 2,Route 98 - Minimart,Owner,,,Closed
20/09/2026 16:22,2-1079,Sale,25.00,0.00,25.00,0.00,25.00,0.00,25.00,Cash,1 x SUMMIT (1000ML),Dine in,POS 2,Route 98 - Minimart,Owner,,,Closed
20/09/2026 16:02,2-1078,Sale,60.00,0.00,60.00,0.00,60.00,48.00,12.00,Cash,1 x DELIGHT PROBIOTIC 400ML,Dine in,POS 2,Route 98 - Minimart,Owner,,,Closed
20/09/2026 15:46,2-1077,Sale,30.00,0.00,30.00,0.00,30.00,22.00,8.00,Cash,2 x COCA COLA 190ML,Dine in,POS 2,Route 98 - Minimart,Owner,,,Closed
20/09/2026 15:29,2-1076,Sale,25.00,0.00,25.00,0.00,25.00,14.26,10.74,Cash,1 x NATURE'S SPRING PURE 1000ML,Dine in,POS 2,Route 98 - Minimart,Owner,,,Closed
20/09/2026 15:23,2-1075,Sale,70.00,0.00,70.00,0.00,70.00,56.20,13.80,Cash,"1 x DELIGHT PROBIOTIC 400ML, 1 x GREAT TASTE WHITE",Dine in,POS 2,Route 98 - Minimart,Owner,,,Closed
20/09/2026 15:05,2-1074,Sale,33.50,0.00,33.50,0.00,33.50,23.20,10.30,Cash,"1 x CREAMLINE BAR COOKIES & CREAM, 1 x CREAMLINE BAR ROCKY ROAD",Dine in,POS 2,Route 98 - Minimart,Owner,,,Closed
20/09/2026 14:58,2-1073,Sale,22.89,0.00,22.89,0.00,22.89,17.55,5.34,Cash,1 x EDEN CHEESE 45G,Dine in,POS 2,Route 98 - Minimart,Owner,,,Closed
20/09/2026 14:47,2-1072,Sale,20.00,0.00,20.00,0.00,20.00,14.37,5.63,Cash,"1 x MIGHTY PULA  STICK, 1 x CLOUD 9 CLASSIC",Dine in,POS 2,Route 98 - Minimart,Owner,,,Closed
20/09/2026 14:25,2-1071,Sale,20.00,0.00,20.00,0.00,20.00,16.04,3.96,Cash,2 x MIGHTY PULA  STICK,Dine in,POS 2,Route 98 - Minimart,Owner,,,Closed
20/09/2026 14:21,2-1070,Sale,63.00,0.00,63.00,0.00,63.00,32.93,30.07,Cash,"1 x COCA COLA 290ML, 1 x NATURE'S SPRING DISTILLED 1000ML, 1 x NUTRIBOOST STRWBRRY 110",Dine in,POS 2,Route 98 - Minimart,Owner,,,Closed
20/09/2026 13:57,2-1069,Sale,134.75,0.00,134.75,0.00,134.75,101.77,32.98,Cash,"1 x COCA COLA 1.75L, 5 x MIGHTY PULA  STICK",Dine in,POS 2,Route 98 - Minimart,Owner,,,Closed
20/09/2026 13:02,2-1068,Sale,20.00,0.00,20.00,0.00,20.00,16.35,3.65,Cash,1 x MOUNTAIN DEW (290ML),Dine in,POS 2,Route 98 - Minimart,Owner,,,Closed
20/09/2026 12:56,2-1067,Sale,35.94,0.00,35.94,0.00,35.94,23.10,12.84,Cash,3 x LEMON SQUARE CHEESE CAKE,Dine in,POS 2,Route 98 - Minimart,Owner,,,Closed
20/09/2026 12:54,2-1066,Sale,35.00,0.00,35.00,0.00,35.00,29.50,5.50,Cash,1 x VITAMILK(DOUBLECHOCO) 300ML,Dine in,POS 2,Route 98 - Minimart,Owner,,,Closed
20/09/2026 12:48,2-1065,Sale,10.00,0.00,10.00,0.00,10.00,8.02,1.98,Cash,1 x MIGHTY PULA  STICK,Dine in,POS 2,Route 98 - Minimart,Owner,,,Closed
20/09/2026 12:47,2-1064,Sale,5.00,0.00,5.00,0.00,5.00,0.00,5.00,Cash,1 x #misc,Dine in,POS 2,Route 98 - Minimart,Owner,,,Closed
20/09/2026 12:12,2-1063,Sale,80.00,0.00,80.00,0.00,80.00,55.26,24.74,Cash,"1 x PEPSI EXTRA FIZZ 1L, 1 x NATURE'S SPRING PURE 1000ML",Dine in,POS 2,Route 98 - Minimart,Owner,,,Closed
20/09/2026 11:51,2-1062,Sale,84.75,0.00,84.75,0.00,84.75,61.67,23.08,Cash,1 x COCA COLA 1.75L,Dine in,POS 2,Route 98 - Minimart,Owner,,,Closed
20/09/2026 11:49,2-1061,Sale,79.00,0.00,79.00,0.00,79.00,62.78,16.22,Cash,"1 x POCARI SWEAT 500ML, 2 x WINSTON RED STICK",Dine in,POS 2,Route 98 - Minimart,Owner,,,Closed
20/09/2026 11:40,2-1060,Sale,184.50,0.00,184.50,0.00,184.50,162.03,22.47,Cash,"1 x TANDUAY SELECT 700ML, 1 x CREAMLINE CUP CHOCO MUD PIE 210ML",Dine in,POS 2,Route 98 - Minimart,Owner,,,Closed
20/09/2026 10:16,2-1059,Sale,20.00,0.00,20.00,0.00,20.00,14.77,5.23,Cash,"1 x DINGDONG SNACK MIX 30G, 1 x MIGHTY PULA  STICK",Dine in,POS 2,Route 98 - Minimart,Owner,,,Closed
20/09/2026 08:53,2-1058,Sale,90.00,0.00,90.00,0.00,90.00,54.36,35.64,Cash,6 x NATURE'S SPRING PURE 500ML,Dine in,POS 2,Route 98 - Minimart,Owner,,,Closed
20/09/2026 08:40,2-1057,Sale,26.98,0.00,26.98,0.00,26.98,14.65,12.33,Cash,"1 x SKYFLAKES CRACKER, 1 x ENERGEN VANILLA, 1 x #misc",Dine in,POS 2,Route 98 - Minimart,Owner,,,Closed
20/09/2026 08:39,2-1056,Sale,28.00,0.00,28.00,0.00,28.00,16.43,11.57,Cash,1 x NATURE'S SPRING DISTILLED 1000ML,Dine in,POS 2,Route 98 - Minimart,Owner,,,Closed
20/09/2026 00:45,2-1055,Sale,20.00,0.00,20.00,0.00,20.00,16.04,3.96,Cash,2 x MIGHTY PULA  STICK,Dine in,POS 2,Route 98 - Minimart,Owner,,,Closed
20/09/2026 00:26,2-1054,Sale,120.00,0.00,120.00,0.00,120.00,91.00,29.00,Cash,10 x WINSTON RED STICK,Dine in,POS 2,Route 98 - Minimart,Owner,,,Closed
20/09/2026 00:20,2-1053,Sale,215.00,0.00,215.00,0.00,215.00,184.00,31.00,Cash,1 x WINSTON RED KAHA,Dine in,POS 2,Route 98 - Minimart,Owner,,,Closed
20/09/2026 00:14,2-1052,Sale,221.78,0.00,221.78,0.00,221.78,97.86,123.92,Cash,"1 x ZONROX ORIG 1L, 1 x BARETA BAR W/ FABCON, 4 x ARIEL POWDER TWIN JUMBO PACK FLORAL PASSION, 6 x DOWNY KONTRA  GERMS 26ML",Dine in,POS 2,Route 98 - Minimart,Owner,,,Closed
20/09/2026 00:08,2-1051,Sale,14.98,0.00,14.98,0.00,14.98,10.90,4.08,Card,1 x TATTOOS CORN TUBE PIZZA 60G,Dine in,POS 2,Route 98 - Minimart,Owner,,,Closed
