Date,Receipt number,Receipt type,Category,SKU,Item,Variant,Modifiers applied,Quantity,Gross sales,Discounts,Net sales,Cost of goods,Gross profit,Taxes,Dining option,POS,Store,Cashier name,Customer name,Customer contacts,Comment,Status
01/10/2026 23:50,2-1678,Sale,FOOD,10221,GREAT TASTE CHOCO,,,1.000,15.00,0.00,15.00,12.50,2.50,0.00,Dine in,POS 2,Route 98 - Minimart,Owner,,,,Closed
01/10/2026 23:50,2-1678,Sale,DRINKS,98000050,GREAT TASTE WHITE TWIN PACK,,,1.000,14.00,0.00,14.00,10.83,3.17,0.00,Dine in,POS 2,Route 98 - Minimart,Owner,,,,Closed
01/10/2026 23:50,2-1678,Sale,Cleaning/Laundry Supplies,98000001,ARIEL POWDER TWIN JUMBO PACK FRESH GARDEN BLOOM,,,6.000,119.88,0.00,119.88,90.72,29.16,0.00,Dine in,POS 2,Route 98 - Minimart,Owner,,,,Closed
01/10/2026 23:48,2-1677,Sale,DRINKS,10268,CHUCKIE 110ML,,,1.000,16.00,0.00,16.00,12.50,3.50,0.00,Dine in,POS 2,Route 98 - Minimart,Owner,,,,Closed
01/10/2026 23:48,2-1677,Sale,DRINKS,10534,C2 GREEN TEA LEMON 335ML,,,1.000,34.00,0.00,34.00,26.65,7.35,0.00,Dine in,POS 2,Route 98 - Minimart,Owner,,,,Closed
01/10/2026 23:48,2-1677,Sale,SNACKS,10214,MAGIC CREAMS BUTTER,,,2.000,18.00,0.00,18.00,11.10,6.90,0.00,Dine in,POS 2,Route 98 - Minimart,Owner,,,,Closed
01/10/2026 23:12,2-1676,Sale,DRINKS,10239,MOUNTAIN DEW (290ML),,,1.000,20.00,0.00,20.00,16.35,3.65,0.00,Dine in,POS 2,Route 98 - Minimart,Owner,,,,Closed
01/10/2026 23:08,2-1675,Sale,DRINKS,10084,RED HORSE LITRO,,,1.000,145.00,0.00,145.00,120.00,25.00,0.00,Dine in,POS 2,Route 98 - Minimart,Owner,,,,Closed
01/10/2026 23:05,2-1674,Sale,SNACKS,10502,PIC-A ULTIMATE CHEDDAR 90G,,,1.000,38.50,0.00,38.50,29.65,8.85,0.00,Dine in,POS 2,Route 98 - Minimart,Owner,,,,Closed
01/10/2026 23:02,2-1673,Sale,DRINKS,10534,C2 GREEN TEA LEMON 335ML,,,1.000,34.00,0.00,34.00,26.65,7.35,0.00,Dine in,POS 2,Route 98 - Minimart,Owner,,,,Closed
01/10/2026 22:55,2-1672,Sale,,10485,PLASTIC CUPS,,,1.000,3.00,0.00,3.00,0.00,3.00,0.00,Dine in,POS 2,Route 98 - Minimart,Owner,,,,Closed
01/10/2026 22:44,2-1671,Sale,DRINKS,10437,NATURE'S SPRING PURE 500ML,,,35.000,317.10,0.00,317.10,317.10,0.00,0.00,Dine in,POS 2,Route 98 - Minimart,Owner,,,,Closed
01/10/2026 22:44,2-1671,Sale,DRINKS,10230,REFRESH 500ML,,,38.000,328.70,0.00,328.70,328.70,0.00,0.00,Dine in,POS 2,Route 98 - Minimart,Owner,,,,Closed
01/10/2026 22:37,2-1670,Sale,SNACKS,10215,MANG JUAN SUKAT SILI 90G,,,1.000,29.75,0.00,29.75,19.50,10.25,0.00,Dine in,POS 2,Route 98 - Minimart,Owner,,,,Closed
01/10/2026 22:37,2-1670,Sale,,10485,PLASTIC CUPS,,,1.000,3.00,0.00,3.00,0.00,3.00,0.00,Dine in,POS 2,Route 98 - Minimart,Owner,,,,Closed
01/10/2026 22:27,2-1669,Sale,DRINKS,10084,RED HORSE LITRO,,,1.000,145.00,0.00,145.00,120.00,25.00,0.00,Dine in,POS 2,Route 98 - Minimart,Owner,,,,Closed
01/10/2026 22:13,2-1668,Sale,FOOD,10205,GREAT TASTE WHITE,,,1.000,10.00,0.00,10.00,8.20,1.80,0.00,Dine in,POS 2,Route 98 - Minimart,Owner,,,,Closed
01/10/2026 22:13,2-1668,Sale,FOOD,10189,NESCAFE STICK,,,2.000,10.00,0.00,10.00,6.50,3.50,0.00,Dine in,POS 2,Route 98 - Minimart,Owner,,,,Closed
01/10/2026 22:13,2-1668,Sale,FOOD,10332,LEMON SQUARE LAVA CAKE,,,1.000,9.98,0.00,9.98,7.80,2.18,0.00,Dine in,POS 2,Route 98 - Minimart,Owner,,,,Closed
01/10/2026 22:13,2-1668,Sale,DRINKS,10252,Royal 1.5L,,,1.000,75.00,0.00,75.00,0.00,75.00,0.00,Dine in,POS 2,Route 98 - Minimart,Owner,,,,Closed
01/10/2026 22:13,2-1668,Sale,SNACKS,10374,SKYFLAKES CRACKER,,,2.000,19.96,0.00,19.96,12.00,7.96,0.00,Dine in,POS 2,Route 98 - Minimart,Owner,,,,Closed
01/10/2026 22:13,2-1668,Sale,ICE CREAM 🍦,10344,CREAMLINE PINIPIG CHOCOLATE 70ML,,,1.000,20.00,0.00,20.00,16.15,3.85,0.00,Dine in,POS 2,Route 98 - Minimart,Owner,,,,Closed
01/10/2026 22:13,2-1668,Sale,Cleaning/Laundry Supplies,10406,SURF POWDER PURPLE BLOOMS 65G,,,6.000,60.00,0.00,60.00,43.50,16.50,0.00,Dine in,POS 2,Route 98 - Minimart,Owner,,,,Closed
01/10/2026 22:13,2-1668,Sale,Cleaning/Laundry Supplies,980000030,DOWNY GARDEN BLOOM 75ML,,,5.000,109.90,0.00,109.90,81.75,28.15,0.00,Dine in,POS 2,Route 98 - Minimart,Owner,,,,Closed
01/10/2026 22:13,2-1668,Sale,FOOD,10525,PAYLESS PC EXTRA BIG EXTRA HOT,,,1.000,20.00,0.00,20.00,15.75,4.25,0.00,Dine in,POS 2,Route 98 - Minimart,Owner,,,,Closed
01/10/2026 22:13,2-1668,Sale,FOOD,10461,VENERANDA HOLIDAY PANCIT CANTON,,,1.000,65.00,0.00,65.00,55.50,9.50,0.00,Dine in,POS 2,Route 98 - Minimart,Owner,,,,Closed
01/10/2026 22:13,2-1668,Sale,DRINKS,10383Q,PEPSI EXTRA FIZZ 195ML,,,2.000,30.00,0.00,30.00,22.00,8.00,0.00,Dine in,POS 2,Route 98 - Minimart,Owner,,,,Closed
01/10/2026 22:13,2-1668,Sale,DRINKS,98000135,DELIGHT PROBIOTIC 400ML,,,1.000,60.00,0.00,60.00,48.00,12.00,0.00,Dine in,POS 2,Route 98 - Minimart,Owner,,,,Closed
01/10/2026 22:13,2-1668,Sale,SNACKS,10212,MAGIC CREAMS CONDENSED,,,1.000,9.00,0.00,9.00,5.55,3.45,0.00,Dine in,POS 2,Route 98 - Minimart,Owner,,,,Closed
01/10/2026 22:13,2-1668,Sale,ICE CREAM 🍦,10365,CREAMLINE SUNDAE CHOCOLATE120ML,,,1.000,25.00,0.00,25.00,15.85,9.15,0.00,Dine in,POS 2,Route 98 - Minimart,Owner,,,,Closed
01/10/2026 22:13,2-1668,Sale,DRINKS,10268,CHUCKIE 110ML,,,1.000,16.00,0.00,16.00,12.50,3.50,0.00,Dine in,POS 2,Route 98 - Minimart,Owner,,,,Closed
01/10/2026 22:13,2-1668,Sale,FOOD,10189,NESCAFE STICK,,,1.000,5.00,0.00,5.00,3.25,1.75,0.00,Dine in,POS 2,Route 98 - Minimart,Owner,,,,Closed
01/10/2026 22:13,2-1668,Sale,FOOD,10205,GREAT TASTE WHITE,,,1.000,10.00,0.00,10.00,8.20,1.80,0.00,Dine in,POS 2,Route 98 - Minimart,Owner,,,,Closed
01/10/2026 22:03,2-1667,Sale,DRINKS,10083,RED HORSE 500,,,1.000,75.00,0.00,75.00,60.00,15.00,0.00,Dine in,POS 2,Route 98 - Minimart,Owner,,,,Closed
01/10/2026 21:59,2-1666,Sale,FOOD,10508,CREAM-O CHOCOLATE CHIPS,,,1.000,11.00,0.00,11.00,7.98,3.02,0.00,Dine in,POS 2,Route 98 - Minimart,Owner,,,,Closed
01/10/2026 21:59,2-1666,Sale,SNACKS,10213,MAGIC CREAMS CHOCO,,,1.000,9.00,0.00,9.00,5.55,3.45,0.00,Dine in,POS 2,Route 98 - Minimart,Owner,,,,Closed
01/10/2026 21:59,2-1666,Sale,DRINKS,98000136,DELIGHT PROBIOTIC 100ML,,,1.000,16.00,0.00,16.00,11.40,4.60,0.00,Dine in,POS 2,Route 98 - Minimart,Owner,,,,Closed
01/10/2026 21:59,2-1666,Sale,DRINKS,10193,YAKULT,,,1.000,15.00,0.00,15.00,10.00,5.00,0.00,Dine in,POS 2,Route 98 - Minimart,Owner,,,,Closed
01/10/2026 21:39,2-1665,Sale,DRINKS,10193,YAKULT,,,3.000,45.00,0.00,45.00,30.00,15.00,0.00,Dine in,POS 2,Route 98 - Minimart,Owner,,,,Closed
01/10/2026 21:39,2-1665,Sale,FOOD,10517,JACK'NJILL MILKY KNOTS,,,1.000,10.00,0.00,10.00,6.68,3.32,0.00,Dine in,POS 2,Route 98 - Minimart,Owner,,,,Closed
01/10/2026 21:33,2-1664,Sale,CIGARETTE,98000117,WINSTON RED STICK,,,3.000,36.00,0.00,36.00,27.30,8.70,0.00,Dine in,POS 2,Route 98 - Minimart,Owner,,,,Closed
01/10/2026 21:25,2-1663,Sale,DRINKS,10084,RED HORSE LITRO,,,1.000,145.00,0.00,145.00,120.00,25.00,0.00,Dine in,POS 2,Route 98 - Minimart,Owner,,,,Closed
01/10/2026 21:11,2-1662,Sale,FOOD,10459,LUCKY ME PC CHILIMANSI KASALO PACK,,,3.000,75.00,0.00,75.00,57.75,17.25,0.00,Dine in,POS 2,Route 98 - Minimart,Owner,,,,Closed
01/10/2026 21:11,2-1662,Sale,SNACKS,10220,PIATTOS SOUR CREAM 85G,,,1.000,38.50,0.00,38.50,28.80,9.70,0.00,Dine in,POS 2,Route 98 - Minimart,Owner,,,,Closed
01/10/2026 21:11,2-1662,Sale,SNACKS,10404,OISHI FISH CRACKERS 90G,,,1.000,33.50,0.00,33.50,25.65,7.85,0.00,Dine in,POS 2,Route 98 - Minimart,Owner,,,,Closed
01/10/2026 21:11,2-1662,Sale,SNACKS,10202,PIATTOS CHEESE 85G,,,1.000,38.50,0.00,38.50,28.80,9.70,0.00,Dine in,POS 2,Route 98 - Minimart,Owner,,,,Closed
01/10/2026 21:08,2-1661,Sale,DRINKS,10439,NATURE'S SPRING DISTILLED 1000ML,,,1.000,28.00,0.00,28.00,16.43,11.57,0.00,Dine in,POS 2,Route 98 - Minimart,Owner,,,,Closed
01/10/2026 21:08,2-1661,Sale,DRINKS,98000078,POCARI SWEAT 350ML,,,3.000,135.00,0.00,135.00,102.75,32.25,0.00,Dine in,POS 2,Route 98 - Minimart,Owner,,,,Closed
01/10/2026 21:08,2-1661,Sale,DRINKS,10438,NATURE'S SPRING DISTILLED 500ML,,,3.000,54.00,0.00,54.00,29.82,24.18,0.00,Dine in,POS 2,Route 98 - Minimart,Owner,,,,Closed
01/10/2026 20:47,2-1660,Sale,DRINKS,98000135,DELIGHT PROBIOTIC 400ML,,,1.000,60.00,0.00,60.00,48.00,12.00,0.00,Dine in,POS 2,Route 98 - Minimart,Owner,,,,Closed
01/10/2026 20:47,2-1660,Sale,DRINKS,10083,RED HORSE 500,,,1.000,75.00,0.00,75.00,60.00,15.00,0.00,Dine in,POS 2,Route 98 - Minimart,Owner,,,,Closed
01/10/2026 20:47,2-1660,Sale,SNACKS,98000056,NOVA COUNTRY CHEDDAR 38G,,,1.000,18.25,0.00,18.25,14.00,4.25,0.00,Dine in,POS 2,Route 98 - Minimart,Owner,,,,Closed
01/10/2026 20:47,2-1660,Sale,SNACKS,98000058,TORTILLOS,,,1.000,9.00,0.00,9.00,6.50,2.50,0.00,Dine in,POS 2,Route 98 - Minimart,Owner,,,,Closed
01/10/2026 20:42,2-1659,Sale,,98000093,COBRA  ASTIG CITRUS BLAST 290ML,,,2.000,43.00,0.00,43.00,33.16,9.84,0.00,Dine in,POS 2,Route 98 - Minimart,Owner,,,,Closed
01/10/2026 20:33,2-1658,Sale,SNACKS,10140,OISHI RINBEE,,,1.000,9.00,0.00,9.00,6.75,2.25,0.00,Dine in,POS 2,Route 98 - Minimart,Owner,,,,Closed
01/10/2026 20:33,2-1658,Sale,SNACKS,98000138,NUTRI STAR CHICKEN BBQ,,,1.000,10.00,0.00,10.00,8.25,1.75,0.00,Dine in,POS 2,Route 98 - Minimart,Owner,,,,Closed
01/10/2026 20:33,2-1658,Sale,SNACKS,10150,RICHEE,,,1.000,11.00,0.00,11.00,8.50,2.50,0.00,Dine in,POS 2,Route 98 - Minimart,Owner,,,,Closed
01/10/2026 20:33,2-1658,Sale,Cleaning/Laundry Supplies,98000003,ARIEL TWIN JUMBO POWDER SUNRISE FRESH 66G,,,2.000,39.96,0.00,39.96,30.24,9.72,0.00,Dine in,POS 2,Route 98 - Minimart,Owner,,,,Closed
01/10/2026 20:33,2-1658,Sale,FOOD,10261,555 SARDINES 155G,,,1.000,26.00,0.00,26.00,23.45,2.55,0.00,Dine in,POS 2,Route 98 - Minimart,Owner,,,,Closed
01/10/2026 20:33,2-1658,Sale,BATH ESSENTIALS,10017,PALMOLIVE IM,,,1.000,8.98,0.00,8.98,0.00,8.98,0.00,Dine in,POS 2,Route 98 - Minimart,Owner,,,,Closed
01/10/2026 20:33,2-1658,Sale,Cleaning/Laundry Supplies,980000026,DOWNY SUNRISE FRESH 26ML,,,3.000,26.94,0.00,26.94,18.69,8.25,0.00,Dine in,POS 2,Route 98 - Minimart,Owner,,,,Closed
01/10/2026 20:33,2-1658,Sale,FOOD,10060,MONGGO,,,1.000,25.00,0.00,25.00,0.00,25.00,0.00,Dine in,POS 2,Route 98 - Minimart,Owner,,,,Closed
01/10/2026 20:07,2-1657,Sale,,98000110,MIGHTY PULA  STICK,,,1.000,10.00,0.00,10.00,8.02,1.98,0.00,Dine in,POS 2,Route 98 - Minimart,Owner,,,,Closed
01/10/2026 19:57,2-1656,Sale,SNACKS,10157,SWEETCHILI CHPS BBQ,,,1.000,11.50,0.00,11.50,8.25,3.25,0.00,Dine in,POS 2,Route 98 - Minimart,Owner,,,,Closed
01/10/2026 19:57,2-1656,Sale,SNACKS,10160,TATTOOS CORN CHIPS SWEET CORN 58G,,,1.000,12.25,0.00,12.25,10.50,1.75,0.00,Dine in,POS 2,Route 98 - Minimart,Owner,,,,Closed
01/10/2026 19:57,2-1656,Sale,SNACKS,10397,TATTOOS TUBE SPICY PIZZA 60G,,,1.000,14.98,0.00,14.98,10.90,4.08,0.00,Dine in,POS 2,Route 98 - Minimart,Owner,,,,Closed
01/10/2026 19:57,2-1656,Sale,DRINKS,10275,MOUNTAIN DEW 1.5L,,,1.000,72.00,0.00,72.00,62.00,10.00,0.00,Dine in,POS 2,Route 98 - Minimart,Owner,,,,Closed
01/10/2026 19:46,2-1655,Sale,DRINKS,10085,SM FLAVORED BEER APPLE,,,1.000,53.00,0.00,53.00,41.00,12.00,0.00,Dine in,POS 2,Route 98 - Minimart,Owner,,,,Closed
01/10/2026 19:00,2-1654,Sale,DRINKS,10119,VINO KULAFU 350,,,1.000,55.00,0.00,55.00,44.00,11.00,0.00,Dine in,POS 2,Route 98 - Minimart,Owner,,,,Closed
01/10/2026 18:35,2-1653,Sale,,98000110,MIGHTY PULA  STICK,,,1.000,10.00,0.00,10.00,8.02,1.98,0.00,Dine in,POS 2,Route 98 - Minimart,Owner,,,,Closed
01/10/2026 17:45,2-1652,Sale,DRINKS,10085,SM FLAVORED BEER APPLE,,,6.000,318.00,0.00,318.00,246.00,72.00,0.00,Dine in,POS 2,Route 98 - Minimart,Owner,,,,Closed
01/10/2026 16:46,2-1651,Sale,DRINKS,98000136,DELIGHT PROBIOTIC 100ML,,,2.000,32.00,0.00,32.00,22.80,9.20,0.00,Dine in,POS 2,Route 98 - Minimart,Owner,,,,Closed
01/10/2026 16:46,2-1651,Sale,DRINKS,10268,CHUCKIE 110ML,,,1.000,16.00,0.00,16.00,12.50,3.50,0.00,Dine in,POS 2,Route 98 - Minimart,Owner,,,,Closed
01/10/2026 16:46,2-1651,Sale,SNACKS,10491,PRINGLES CHEESY CHEESE,,,1.000,55.00,0.00,55.00,45.55,9.45,0.00,Dine in,POS 2,Route 98 - Minimart,Owner,,,,Closed
01/10/2026 16:34,2-1650,Sale,SNACKS,10412,XSAKTO 8G,,,3.000,6.00,0.00,6.00,2.94,3.06,0.00,Dine in,POS 2,Route 98 - Minimart,Owner,,,,Closed
01/10/2026 16:33,2-1649,Sale,BATH ESSENTIALS,10019,PALMOLIVE US,,,1.000,8.98,0.00,8.98,0.00,8.98,0.00,Dine in,POS 2,Route 98 - Minimart,Owner,,,,Closed
01/10/2026 16:29,2-1648,Sale,,98000110,MIGHTY PULA  STICK,,,2.000,20.00,0.00,20.00,16.04,3.96,0.00,Dine in,POS 2,Route 98 - Minimart,Owner,,,,Closed
01/10/2026 15:31,2-1647,Sale,DRINKS,10437,NATURE'S SPRING PURE 500ML,,,2.000,30.00,0.00,30.00,18.12,11.88,0.00,Dine in,POS 2,Route 98 - Minimart,Owner,,,,Closed
01/10/2026 15:14,2-1646,Sale,,98000110,MIGHTY PULA  STICK,,,2.000,20.00,0.00,20.00,16.04,3.96,0.00,Dine in,POS 2,Route 98 - Minimart,Owner,,,,Closed
01/10/2026 15:11,2-1645,Sale,,98000112,MIGHTY PUTI STICK,,,12.000,120.00,0.00,120.00,96.24,23.76,0.00,Dine in,POS 2,Route 98 - Minimart,Owner,,,,Closed
01/10/2026 14:22,2-1644,Sale,DRINKS,98000051,C2 GREEN TEA APPLE 335ML,,,3.000,87.00,0.00,87.00,66.24,20.76,0.00,Dine in,POS 2,Route 98 - Minimart,Owner,,,,Closed
01/10/2026 14:22,2-1644,Sale,,10235,"#misc",,,1.000,25.00,0.00,25.00,0.00,25.00,0.00,Dine in,POS 2,Route 98 - Minimart,Owner,,,,Closed
01/10/2026 13:26,2-1643,Sale,DRINKS,98000051,C2 GREEN TEA APPLE 335ML,,,6.000,174.00,0.00,174.00,132.48,41.52,0.00,Dine in,POS 2,Route 98 - Minimart,Owner,,,,Closed
01/10/2026 12:38,2-1642,Sale,DRINKS,98000046,COCA COLA 1.75L,,,1.000,84.75,0.00,84.75,61.67,23.08,0.00,Dine in,POS 2,Route 98 - Minimart,Owner,,,,Closed
01/10/2026 12:09,2-1641,Sale,ICE CREAM 🍦,10342,CREAMLINE JUMBO CONE UBE QUESO 140ML,,,1.000,30.00,0.00,30.00,24.10,5.90,0.00,Dine in,POS 2,Route 98 - Minimart,Owner,,,,Closed
01/10/2026 11:43,2-1640,Sale,,98000110,MIGHTY PULA  STICK,,,1.000,10.00,0.00,10.00,8.02,1.98,0.00,Dine in,POS 2,Route 98 - Minimart,Owner,,,,Closed
01/10/2026 11:31,2-1639,Sale,,10235,"#misc",,,1.000,220.00,0.00,220.00,0.00,220.00,0.00,Dine in,POS 2,Route 98 - Minimart,Owner,,,,Closed
01/10/2026 11:29,2-1638,Sale,SNACKS,10212,MAGIC CREAMS CONDENSED,,,2.000,18.00,0.00,18.00,11.10,6.90,0.00,Dine in,POS 2,Route 98 - Minimart,Owner,,,,Closed
01/10/2026 11:25,2-1637,Sale,DRINKS,98000078,POCARI SWEAT 350ML,,,1.000,45.00,0.00,45.00,34.25,10.75,0.00,Dine in,POS 2,Route 98 - Minimart,Owner,,,,Closed
01/10/2026 10:38,1-0352,Sale,DRINKS,98000135,DELIGHT PROBIOTIC 400ML,,,1.000,60.00,0.00,60.00,48.00,12.00,0.00,Dine in,POS 1,Route 98 - Minimart,Owner,,,,Closed
01/10/2026 09:55,1-0351,Sale,ICE CREAM 🍦,10359,CREAMLINE PINOY CLASSIC MANGGO 60ML,,,1.000,20.00,0.00,20.00,13.30,6.70,0.00,Dine in,POS 1,Route 98 - Minimart,Owner,,,,Closed
01/10/2026 09:55,1-0351,Sale,,98000110,MIGHTY PULA  STICK,,,1.000,10.00,0.00,10.00,8.02,1.98,0.00,Dine in,POS 1,Route 98 - Minimart,Owner,,,,Closed
01/10/2026 09:55,1-0351,Sale,SNACKS,10149,NOVA COUNTRY CHEDDAR 20G,,,1.000,8.75,0.00,8.75,6.66,2.09,0.00,Dine in,POS 1,Route 98 - Minimart,Owner,,,,Closed
01/10/2026 08:50,1-0350,Sale,DRINKS,10188,NATURE'S SPRING PURE 1000ML,,,1.000,25.00,0.00,25.00,14.26,10.74,0.00,Dine in,POS 1,Route 98 - Minimart,Owner,,,,Closed
01/10/2026 08:23,1-0349,Sale,,98000110,MIGHTY PULA  STICK,,,1.000,10.00,0.00,10.00,8.02,1.98,0.00,Dine in,POS 1,Route 98 - Minimart,Owner,,,,Closed
01/10/2026 08:23,1-0349,Sale,,98000112,MIGHTY PUTI STICK,,,2.000,20.00,0.00,20.00,16.04,3.96,0.00,Dine in,POS 1,Route 98 - Minimart,Owner,,,,Closed
01/10/2026 08:23,1-0349,Sale,DRINKS,980000055,C2 GREEN TEA LEMON 1L,,,1.000,58.00,0.00,58.00,44.42,13.58,0.00,Dine in,POS 1,Route 98 - Minimart,Owner,,,,Closed
30/09/2026 22:45,2-1636,Sale,BABY ESSENTIALS,10074,PAMPERS NB 4PCS,,,1.000,50.00,0.00,50.00,0.00,50.00,0.00,Dine in,POS 2,Route 98 - Minimart,Owner,,,,Closed
30/09/2026 22:45,2-1636,Sale,ICE CREAM 🍦,10362,CREAMLINE MILKY POP LOLLY MILK CHOCO 60ML,,,1.000,15.00,0.00,15.00,9.88,5.12,0.00,Dine in,POS 2,Route 98 - Minimart,Owner,,,,Closed
30/09/2026 22:35,2-1635,Sale,DRINKS,10083,RED HORSE 500,,,1.000,75.00,0.00,75.00,60.00,15.00,0.00,Dine in,POS 2,Route 98 - Minimart,Owner,,,,Closed
30/09/2026 22:26,2-1634,Sale,ICE CREAM 🍦,10369,CREAMLINE MINI CUP CHOCO MARBLE 75ML,,,1.000,20.00,0.00,20.00,12.70,7.30,0.00,Dine in,POS 2,Route 98 - Minimart,Owner,,,,Closed
30/09/2026 22:19,2-1633,Sale,DRINKS,10084,RED HORSE LITRO,,,1.000,145.00,0.00,145.00,120.00,25.00,0.00,Dine in,POS 2,Route 98 - Minimart,Owner,,,,Closed
30/09/2026 22:09,2-1632,Sale,,98000110,MIGHTY PULA  STICK,,,3.000,30.00,0.00,30.00,24.06,5.94,0.00,Dine in,POS 2,Route 98 - Minimart,Owner,,,,Closed
30/09/2026 22:09,2-1632,Sale,,98000112,MIGHTY PUTI STICK,,,3.000,30.00,0.00,30.00,24.06,5.94,0.00,Dine in,POS 2,Route 98 - Minimart,Owner,,,,Closed
30/09/2026 21:56,2-1631,Sale,FOOD,10490,SNAFFLE CORN CHIPS,,,1.000,8.00,0.00,8.00,5.00,3.00,0.00,Dine in,POS 2,Route 98 - Minimart,Owner,,,,Closed
30/09/2026 21:56,2-1631,Sale,DRINKS,10084,RED HORSE LITRO,,,1.000,145.00,0.00,145.00,120.00,25.00,0.00,Dine in,POS 2,Route 98 - Minimart,Owner,,,,Closed
30/09/2026 21:56,2-1631,Sale,,98000144,DUTCH MILL BLUE BERRY JUICE 90ML,,,1.000,15.00,0.00,15.00,11.70,3.30,0.00,Dine in,POS 2,Route 98 - Minimart,Owner,,,,Closed
30/09/2026 21:52,2-1630,Sale,,98000110,MIGHTY PULA  STICK,,,2.000,20.00,0.00,20.00,16.04,3.96,0.00,Dine in,POS 2,Route 98 - Minimart,Owner,,,,Closed
30/09/2026 21:52,2-1630,Sale,FOOD,10517,JACK'NJILL MILKY KNOTS,,,1.000,10.00,0.00,10.00,6.68,3.32,0.00,Dine in,POS 2,Route 98 - Minimart,Owner,,,,Closed
30/09/2026 21:52,2-1630,Sale,FOOD,10522,CLOUD 9 OVERLOAD,,,1.000,18.00,0.00,18.00,13.24,4.76,0.00,Dine in,POS 2,Route 98 - Minimart,Owner,,,,Closed
30/09/2026 21:48,2-1629,Sale,SNACKS,10146,CRISPY PATATA 24G,,,1.000,9.98,0.00,9.98,7.75,2.23,0.00,Dine in,POS 2,Route 98 - Minimart,Owner,,,,Closed
30/09/2026 21:48,2-1629,Sale,SNACKS,98000072,FISH CRACKERS 24G,,,1.000,10.00,0.00,10.00,6.80,3.20,0.00,Dine in,POS 2,Route 98 - Minimart,Owner,,,,Closed
30/09/2026 21:48,2-1628,Sale,DRINKS,10119,VINO KULAFU 350,,,1.000,50.00,0.00,50.00,44.00,6.00,0.00,Dine in,POS 2,Route 98 - Minimart,Owner,,,,Closed
30/09/2026 21:47,2-1627,Sale,SNACKS,98000059,NOVA COUNTRY CHEDDAR 78G,,,3.000,115.50,0.00,115.50,88.65,26.85,0.00,Dine in,POS 2,Route 98 - Minimart,Owner,,,,Closed
30/09/2026 21:47,2-1627,Sale,SNACKS,98000071,MANG JUAN SUKAT SILI 26G,,,3.000,36.75,0.00,36.75,18.90,17.85,0.00,Dine in,POS 2,Route 98 - Minimart,Owner,,,,Closed
30/09/2026 21:27,2-1626,Sale,DRINKS,10084,RED HORSE LITRO,,,2.000,290.00,0.00,290.00,240.00,50.00,0.00,Dine in,POS 2,Route 98 - Minimart,Owner,,,,Closed
30/09/2026 21:27,2-1626,Sale,DRINKS,10253,STING 290ML,,,1.000,25.00,0.00,25.00,16.75,8.25,0.00,Dine in,POS 2,Route 98 - Minimart,Owner,,,,Closed
30/09/2026 21:27,2-1626,Sale,SNACKS,10395,PEEWEE SIZZLING BBQ 60G,,,1.000,23.75,0.00,23.75,18.25,5.50,0.00,Dine in,POS 2,Route 98 - Minimart,Owner,,,,Closed
30/09/2026 21:24,2-1625,Sale,DRINKS,10084,RED HORSE LITRO,,,1.000,145.00,0.00,145.00,120.00,25.00,0.00,Dine in,POS 2,Route 98 - Minimart,Owner,,,,Closed
30/09/2026 21:16,2-1624,Sale,DRINKS,10253,STING 290ML,,,1.000,25.00,0.00,25.00,16.75,8.25,0.00,Dine in,POS 2,Route 98 - Minimart,Owner,,,,Closed
30/09/2026 21:16,2-1624,Sale,SNACKS,10157,SWEETCHILI CHPS BBQ,,,1.000,11.50,0.00,11.50,8.25,3.25,0.00,Dine in,POS 2,Route 98 - Minimart,Owner,,,,Closed
30/09/2026 21:14,2-1623,Sale,SNACKS,10215,MANG JUAN SUKAT SILI 90G,,,1.000,29.75,0.00,29.75,19.50,10.25,0.00,Dine in,POS 2,Route 98 - Minimart,Owner,,,,Closed
30/09/2026 21:14,2-1623,Sale,SNACKS,98000072,FISH CRACKERS 24G,,,1.000,10.00,0.00,10.00,6.80,3.20,0.00,Dine in,POS 2,Route 98 - Minimart,Owner,,,,Closed
30/09/2026 21:14,2-1623,Sale,SNACKS,10137,OISHI ONION RNGS,,,1.000,9.00,0.00,9.00,6.75,2.25,0.00,Dine in,POS 2,Route 98 - Minimart,Owner,,,,Closed
30/09/2026 21:14,2-1623,Sale,SNACKS,10146,CRISPY PATATA 24G,,,1.000,9.98,0.00,9.98,7.75,2.23,0.00,Dine in,POS 2,Route 98 - Minimart,Owner,,,,Closed
30/09/2026 21:14,2-1623,Sale,SNACKS,10130,OISHI CRACKLINGS,,,1.000,10.00,0.00,10.00,6.75,3.25,0.00,Dine in,POS 2,Route 98 - Minimart,Owner,,,,Closed
30/09/2026 21:14,2-1623,Sale,SNACKS,10145,PIATTOS SOUR CREAM 40G,,,1.000,18.50,0.00,18.50,15.75,2.75,0.00,Dine in,POS 2,Route 98 - Minimart,Owner,,,,Closed
30/09/2026 21:13,2-1622,Sale,,98000112,MIGHTY PUTI STICK,,,2.000,20.00,0.00,20.00,16.04,3.96,0.00,Dine in,POS 2,Route 98 - Minimart,Owner,,,,Closed
30/09/2026 21:13,2-1622,Sale,,10235,"#misc",,,1.000,5.00,0.00,5.00,0.00,5.00,0.00,Dine in,POS 2,Route 98 - Minimart,Owner,,,,Closed
30/09/2026 20:46,2-1621,Sale,SNACKS,98000149,CHOCOMUCHO RED,,,1.000,15.00,0.00,15.00,9.40,5.60,0.00,Dine in,POS 2,Route 98 - Minimart,Owner,,,,Closed
30/09/2026 20:46,2-1621,Sale,SNACKS,98000147,CHOCOMUCHO WHITE CARAMEL,,,1.000,15.00,0.00,15.00,9.40,5.60,0.00,Dine in,POS 2,Route 98 - Minimart,Owner,,,,Closed
30/09/2026 20:46,2-1621,Sale,DRINKS,10119,VINO KULAFU 350,,,1.000,50.00,0.00,50.00,44.00,6.00,0.00,Dine in,POS 2,Route 98 - Minimart,Owner,,,,Closed
30/09/2026 19:59,2-1620,Sale,DRINKS,98000076,POCARI SWEAT 500ML,,,1.000,55.00,0.00,55.00,44.58,10.42,0.00,Dine in,POS 2,Route 98 - Minimart,Owner,,,,Closed
30/09/2026 19:59,2-1620,Sale,DRINKS,10188,NATURE'S SPRING PURE 1000ML,,,1.000,25.00,0.00,25.00,14.26,10.74,0.00,Dine in,POS 2,Route 98 - Minimart,Owner,,,,Closed
30/09/2026 19:56,2-1619,Sale,CIGARETTE,98000117,WINSTON RED STICK,,,4.000,48.00,0.00,48.00,36.40,11.60,0.00,Dine in,POS 2,Route 98 - Minimart,Owner,,,,Closed
30/09/2026 19:55,2-1618,Sale,CIGARETTE,98000117,WINSTON RED STICK,,,3.000,36.00,0.00,36.00,27.30,8.70,0.00,Dine in,POS 2,Route 98 - Minimart,Owner,,,,Closed
30/09/2026 19:52,2-1617,Sale,DRINKS,10119,VINO KULAFU 350,,,1.000,50.00,0.00,50.00,44.00,6.00,0.00,Dine in,POS 2,Route 98 - Minimart,Owner,,,,Closed
30/09/2026 19:52,2-1617,Sale,ICE CREAM 🍦,10344,CREAMLINE PINIPIG CHOCOLATE 70ML,,,1.000,20.00,0.00,20.00,16.15,3.85,0.00,Dine in,POS 2,Route 98 - Minimart,Owner,,,,Closed
30/09/2026 19:42,2-1616,Sale,,98000116,WINSTON WHITE STICK,,,1.000,12.00,0.00,12.00,9.92,2.08,0.00,Dine in,POS 2,Route 98 - Minimart,Owner,,,,Closed
30/09/2026 19:42,2-1616,Sale,,10235,"#misc",,,1.000,5.00,0.00,5.00,0.00,5.00,0.00,Dine in,POS 2,Route 98 - Minimart,Owner,,,,Closed
30/09/2026 19:00,2-1615,Sale,DRINKS,10084,RED HORSE LITRO,,,1.000,145.00,0.00,145.00,120.00,25.00,0.00,Dine in,POS 2,Route 98 - Minimart,Owner,,,,Closed
30/09/2026 18:59,2-1614,Sale,FOOD,10513,CREAM-O CRINKLES,,,2.000,20.00,0.00,20.00,12.24,7.76,0.00,Dine in,POS 2,Route 98 - Minimart,Owner,,,,Closed
30/09/2026 18:59,2-1614,Sale,SNACKS,10223,OVERLOAD CHOCO STRAWBERRY,,,1.000,10.00,0.00,10.00,7.92,2.08,0.00,Dine in,POS 2,Route 98 - Minimart,Owner,,,,Closed
30/09/2026 18:59,2-1614,Sale,FOOD,10512,CREAM-O COOKIES AND CREAM,,,1.000,10.00,0.00,10.00,6.12,3.88,0.00,Dine in,POS 2,Route 98 - Minimart,Owner,,,,Closed
30/09/2026 18:59,2-1614,Sale,FOOD,10510,CREAM-O DOUBLE CHOCOLATE CHIPS,,,1.000,11.00,0.00,11.00,7.98,3.02,0.00,Dine in,POS 2,Route 98 - Minimart,Owner,,,,Closed
30/09/2026 18:59,2-1614,Sale,DRINKS,98000054,C2 GREEN TEA APPLE 1L,,,1.000,58.00,0.00,58.00,44.42,13.58,0.00,Dine in,POS 2,Route 98 - Minimart,Owner,,,,Closed
30/09/2026 18:52,2-1613,Sale,DRINKS,98000135,DELIGHT PROBIOTIC 400ML,,,1.000,60.00,0.00,60.00,48.00,12.00,0.00,Dine in,POS 2,Route 98 - Minimart,Owner,,,,Closed
30/09/2026 18:09,2-1612,Sale,,10500,PRESTO CHOCO VANILLA PACK,,,1.000,85.00,0.00,85.00,53.13,31.87,0.00,Dine in,POS 2,Route 98 - Minimart,Owner,,,,Closed
30/09/2026 18:09,2-1612,Sale,SNACKS,10377,NISSIN BUTTER COCONUT PACK,,,1.000,54.98,0.00,54.98,39.25,15.73,0.00,Dine in,POS 2,Route 98 - Minimart,Owner,,,,Closed
30/09/2026 18:09,2-1612,Sale,SNACKS,10220,PIATTOS SOUR CREAM 85G,,,1.000,38.50,0.00,38.50,28.80,9.70,0.00,Dine in,POS 2,Route 98 - Minimart,Owner,,,,Closed
30/09/2026 18:09,2-1612,Sale,DRINKS,10441,NESTLE FRESH MILK 250ML,,,1.000,50.00,0.00,50.00,39.55,10.45,0.00,Dine in,POS 2,Route 98 - Minimart,Owner,,,,Closed
30/09/2026 18:07,2-1611,Sale,,98000110,MIGHTY PULA  STICK,,,2.000,20.00,0.00,20.00,16.04,3.96,0.00,Dine in,POS 2,Route 98 - Minimart,Owner,,,,Closed
30/09/2026 17:58,2-1610,Sale,DRINKS,10191,GATORADE TROPICAL FRUIT 500ML,,,1.000,46.00,0.00,46.00,36.58,9.42,0.00,Dine in,POS 2,Route 98 - Minimart,Owner,,,,Closed
30/09/2026 17:55,2-1609,Sale,,10516,JACK'NJILL BERRY KNOTS,,,2.000,20.00,0.00,20.00,13.36,6.64,0.00,Dine in,POS 2,Route 98 - Minimart,Owner,,,,Closed
30/09/2026 17:55,2-1609,Sale,DRINKS,10268,CHUCKIE 110ML,,,1.000,16.00,0.00,16.00,12.50,3.50,0.00,Dine in,POS 2,Route 98 - Minimart,Owner,,,,Closed
30/09/2026 17:54,2-1608,Sale,DRINKS,10444,NESTLE MILO 180ML,,,1.000,30.00,0.00,30.00,24.50,5.50,0.00,Dine in,POS 2,Route 98 - Minimart,Owner,,,,Closed
30/09/2026 17:54,2-1608,Sale,CIGARETTE,98000117,WINSTON RED STICK,,,3.000,36.00,0.00,36.00,27.30,8.70,0.00,Dine in,POS 2,Route 98 - Minimart,Owner,,,,Closed
30/09/2026 17:20,2-1607,Sale,SNACKS,10224,MAGIC CHIPS BBQ,,,1.000,10.00,0.00,10.00,7.92,2.08,0.00,Dine in,POS 2,Route 98 - Minimart,Owner,,,,Closed
30/09/2026 17:20,2-1607,Sale,SNACKS,10195,MAGIC CHIPS CHEESE,,,1.000,9.00,0.00,9.00,6.22,2.78,0.00,Dine in,POS 2,Route 98 - Minimart,Owner,,,,Closed
30/09/2026 17:18,2-1606,Sale,ESSENTIAL OILS,10006,OMEGA15,,,1.000,22.50,0.00,22.50,0.00,22.50,0.00,Dine in,POS 2,Route 98 - Minimart,Owner,,,,Closed
30/09/2026 17:18,2-1606,Sale,ESSENTIAL OILS,10005,EFFICASCENT25,,,1.000,28.50,0.00,28.50,0.00,28.50,0.00,Dine in,POS 2,Route 98 - Minimart,Owner,,,,Closed
30/09/2026 16:30,2-1605,Sale,DRINKS,10083,RED HORSE 500,,,1.000,75.00,0.00,75.00,60.00,15.00,0.00,Dine in,POS 2,Route 98 - Minimart,Owner,,,,Closed
30/09/2026 16:27,2-1604,Sale,CIGARETTE,98000117,WINSTON RED STICK,,,2.000,24.00,0.00,24.00,18.20,5.80,0.00,Dine in,POS 2,Route 98 - Minimart,Owner,,,,Closed
30/09/2026 16:27,2-1604,Sale,FOOD,10205,GREAT TASTE WHITE,,,1.000,10.00,0.00,10.00,8.20,1.80,0.00,Dine in,POS 2,Route 98 - Minimart,Owner,,,,Closed
30/09/2026 16:27,2-1604,Sale,FOOD,10189,NESCAFE STICK,,,3.000,15.00,0.00,15.00,9.75,5.25,0.00,Dine in,POS 2,Route 98 - Minimart,Owner,,,,Closed
30/09/2026 16:23,2-1603,Sale,ICE CREAM 🍦,10363,CREAMLINE  CUP CHOCO MALLOW 210ML,,,1.000,30.00,0.00,30.00,23.44,6.56,0.00,Dine in,POS 2,Route 98 - Minimart,Owner,,,,Closed
30/09/2026 16:04,2-1602,Sale,ICE CREAM 🍦,19,OREO ICE CREAM 110ML,,,3.000,188.94,0.00,188.94,165.00,23.94,0.00,Dine in,POS 2,Route 98 - Minimart,Owner,,,,Closed
30/09/2026 16:04,2-1602,Sale,SNACKS,98000130,PRINGLES SOUR CREAM & ONION,,,1.000,53.00,0.00,53.00,42.50,10.50,0.00,Dine in,POS 2,Route 98 - Minimart,Owner,,,,Closed
30/09/2026 16:04,2-1602,Sale,DRINKS,10190,GATORADE BLUE BOLT 350ML,,,1.000,35.00,0.00,35.00,25.83,9.17,0.00,Dine in,POS 2,Route 98 - Minimart,Owner,,,,Closed
30/09/2026 16:04,2-1602,Sale,SNACKS,98000068,FUN SIZE! PIATTOS CHEESE 18G,,,1.000,10.50,0.00,10.50,6.66,3.84,0.00,Dine in,POS 2,Route 98 - Minimart,Owner,,,,Closed
30/09/2026 16:04,2-1602,Sale,DRINKS,10439,NATURE'S SPRING DISTILLED 1000ML,,,1.000,28.00,0.00,28.00,16.43,11.57,0.00,Dine in,POS 2,Route 98 - Minimart,Owner,,,,Closed
30/09/2026 15:56,2-1601,Sale,SNACKS,10254,OVERLOAD BLACK FOREST PACK,,,1.000,90.00,0.00,90.00,79.20,10.80,0.00,Dine in,POS 2,Route 98 - Minimart,Owner,,,,Closed
30/09/2026 15:56,2-1601,Sale,DRINKS,98000140,CHUCKIE 180ML,,,3.000,84.00,0.00,84.00,70.50,13.50,0.00,Dine in,POS 2,Route 98 - Minimart,Owner,,,,Closed
30/09/2026 15:10,2-1600,Sale,SNACKS,10186,SUPER CRUNCH CHEESE 5G,,,1.000,14.50,0.00,14.50,10.50,4.00,0.00,Dine in,POS 2,Route 98 - Minimart,Owner,,,,Closed
30/09/2026 15:10,2-1600,Sale,SNACKS,10155,DINGDONG MIXED NUT 30G,,,1.000,10.00,0.00,10.00,6.75,3.25,0.00,Dine in,POS 2,Route 98 - Minimart,Owner,,,,Closed
30/09/2026 15:10,2-1600,Sale,DRINKS,98000075,RED HORSE SUPER,,,2.000,310.00,0.00,310.00,270.00,40.00,0.00,Dine in,POS 2,Route 98 - Minimart,Owner,,,,Closed
30/09/2026 15:10,2-1600,Sale,DRINKS,10110,LIFT CITRUS BLAST 320,,,1.000,18.00,0.00,18.00,41.16,-23.16,0.00,Dine in,POS 2,Route 98 - Minimart,Owner,,,,Closed
30/09/2026 15:10,2-1600,Sale,ICE CREAM 🍦,10339,CREAMLINE JUMBO CONE DOUBLE DUTCH 140ML,,,1.000,30.00,0.00,30.00,24.10,5.90,0.00,Dine in,POS 2,Route 98 - Minimart,Owner,,,,Closed
30/09/2026 15:10,2-1600,Sale,SNACKS,10223,OVERLOAD CHOCO STRAWBERRY,,,1.000,10.00,0.00,10.00,7.92,2.08,0.00,Dine in,POS 2,Route 98 - Minimart,Owner,,,,Closed
30/09/2026 14:06,2-1599,Sale,,10498,LAMPEIN XL 12PCS,,,1.000,135.00,0.00,135.00,0.00,135.00,0.00,Dine in,POS 2,Route 98 - Minimart,Owner,,,,Closed
30/09/2026 14:06,2-1599,Sale,Cleaning/Laundry Supplies,98000003,ARIEL TWIN JUMBO POWDER SUNRISE FRESH 66G,,,3.000,59.94,0.00,59.94,45.36,14.58,0.00,Dine in,POS 2,Route 98 - Minimart,Owner,,,,Closed
30/09/2026 14:06,2-1599,Sale,Cleaning/Laundry Supplies,980000025,DOWNY GARDEN BLOOM 26ML,,,4.000,35.92,0.00,35.92,24.92,11.00,0.00,Dine in,POS 2,Route 98 - Minimart,Owner,,,,Closed
30/09/2026 14:06,2-1599,Sale,BATH ESSENTIALS,980000021,PANTENE SHAMPOO HAIR FALL CONTROL,,,3.000,26.94,0.00,26.94,20.52,6.42,0.00,Dine in,POS 2,Route 98 - Minimart,Owner,,,,Closed
30/09/2026 13:26,2-1598,Sale,FOOD,10333,MONDE SPECIAL MAMON,,,1.000,29.98,0.00,29.98,16.00,13.98,0.00,Dine in,POS 2,Route 98 - Minimart,Owner,,,,Closed
30/09/2026 13:26,2-1598,Sale,DRINKS,98000051,C2 GREEN TEA APPLE 335ML,,,1.000,29.00,0.00,29.00,22.08,6.92,0.00,Dine in,POS 2,Route 98 - Minimart,Owner,,,,Closed
30/09/2026 13:26,2-1598,Sale,FOOD,10522,CLOUD 9 OVERLOAD,,,1.000,18.00,0.00,18.00,13.24,4.76,0.00,Dine in,POS 2,Route 98 - Minimart,Owner,,,,Closed
30/09/2026 13:26,2-1598,Sale,HOME ESSENTIALS,10249,UNILOVE SQUALANE WIPES,,,1.000,40.00,0.00,40.00,24.50,15.50,0.00,Dine in,POS 2,Route 98 - Minimart,Owner,,,,Closed
30/09/2026 13:26,2-1598,Sale,SNACKS,10266,CHIZ CURLS 18G,,,1.000,9.75,0.00,9.75,7.25,2.50,0.00,Dine in,POS 2,Route 98 - Minimart,Owner,,,,Closed
30/09/2026 11:14,2-1597,Sale,,98000110,MIGHTY PULA  STICK,,,2.000,20.00,0.00,20.00,16.04,3.96,0.00,Dine in,POS 2,Route 98 - Minimart,Owner,,,,Closed
30/09/2026 10:21,2-1596,Sale,,10488,NATURE'S SPRING PH9 ALKALINE 1000ML,,,5.000,175.00,0.00,175.00,96.70,78.30,0.00,Dine in,POS 2,Route 98 - Minimart,Owner,,,,Closed
30/09/2026 10:06,2-1595,Sale,DRINKS,98000053,C2 SOLO LEMON 230ML,,,1.000,17.00,0.00,17.00,15.32,1.68,0.00,Dine in,POS 2,Route 98 - Minimart,Owner,,,,Closed
30/09/2026 10:05,2-1594,Sale,DRINKS,98000053,C2 SOLO LEMON 230ML,,,1.000,17.00,0.00,17.00,15.32,1.68,0.00,Dine in,POS 2,Route 98 - Minimart,Owner,,,,Closed
30/09/2026 09:57,2-1593,Sale,DRINKS,98000135,DELIGHT PROBIOTIC 400ML,,,1.000,60.00,0.00,60.00,48.00,12.00,0.00,Dine in,POS 2,Route 98 - Minimart,Owner,,,,Closed
30/09/2026 09:57,2-1593,Sale,,98000110,MIGHTY PULA  STICK,,,1.000,10.00,0.00,10.00,8.02,1.98,0.00,Dine in,POS 2,Route 98 - Minimart,Owner,,,,Closed
30/09/2026 09:56,2-1592,Sale,DRINKS,98000054,C2 GREEN TEA APPLE 1L,,,1.000,58.00,0.00,58.00,44.42,13.58,0.00,Dine in,POS 2,Route 98 - Minimart,Owner,,,,Closed
29/09/2026 23:21,2-1591,Sale,DRINKS,10084,RED HORSE LITRO,,,1.000,145.00,0.00,145.00,120.00,25.00,0.00,Dine in,POS 2,Route 98 - Minimart,Owner,,,,Closed
29/09/2026 23:21,2-1591,Sale,CIGARETTE,98000117,WINSTON RED STICK,,,4.000,48.00,0.00,48.00,36.40,11.60,0.00,Dine in,POS 2,Route 98 - Minimart,Owner,,,,Closed
29/09/2026 23:21,2-1591,Sale,,10235,"#misc",,,1.000,10.00,0.00,10.00,0.00,10.00,0.00,Dine in,POS 2,Route 98 - Minimart,Owner,,,,Closed
29/09/2026 23:19,2-1590,Sale,FOOD,10041,MISUA PACK 12S,,,1.000,52.00,0.00,52.00,0.00,52.00,0.00,Dine in,POS 2,Route 98 - Minimart,Owner,,,,Closed
29/09/2026 23:19,2-1590,Sale,FOOD,10201,OSAKA SARDINES,,,2.000,54.00,0.00,54.00,46.78,7.22,0.00,Dine in,POS 2,Route 98 - Minimart,Owner,,,,Closed
29/09/2026 23:19,2-1590,Sale,FOOD,10204,GREAT TASTE PREMIUM ROAST,,,4.000,60.00,0.00,60.00,49.40,10.60,0.00,Dine in,POS 2,Route 98 - Minimart,Owner,,,,Closed
29/09/2026 23:19,2-1590,Sale,DRINKS,10194,GREAT TASTE STICK,,,6.000,30.00,0.00,30.00,16.26,13.74,0.00,Dine in,POS 2,Route 98 - Minimart,Owner,,,,Closed
29/09/2026 23:19,2-1590,Sale,FOOD,10479,CDO HOMESTYLE CORNED BEEF 150G,,,1.000,42.00,0.00,42.00,36.80,5.20,0.00,Dine in,POS 2,Route 98 - Minimart,Owner,,,,Closed
29/09/2026 23:12,2-1589,Sale,DRINKS,10437,NATURE'S SPRING PURE 500ML,,,1.000,15.00,0.00,15.00,9.06,5.94,0.00,Dine in,POS 2,Route 98 - Minimart,Owner,,,,Closed
29/09/2026 23:11,2-1588,Sale,DRINKS,10085,SM FLAVORED BEER APPLE,,,2.000,106.00,0.00,106.00,82.00,24.00,0.00,Dine in,POS 2,Route 98 - Minimart,Owner,,,,Closed
29/09/2026 23:11,2-1588,Sale,SNACKS,10220,PIATTOS SOUR CREAM 85G,,,1.000,38.50,0.00,38.50,28.80,9.70,0.00,Dine in,POS 2,Route 98 - Minimart,Owner,,,,Closed
29/09/2026 23:11,2-1588,Sale,SNACKS,10217,CHIPPY BBQ 108G,,,1.000,28.75,0.00,28.75,21.35,7.40,0.00,Dine in,POS 2,Route 98 - Minimart,Owner,,,,Closed
29/09/2026 21:37,2-1587,Sale,,98000110,MIGHTY PULA  STICK,,,5.000,50.00,0.00,50.00,40.10,9.90,0.00,Dine in,POS 2,Route 98 - Minimart,Owner,,,,Closed
29/09/2026 21:31,2-1586,Sale,SNACKS,10412,XSAKTO 8G,,,6.000,12.00,0.00,12.00,5.88,6.12,0.00,Dine in,POS 2,Route 98 - Minimart,Owner,,,,Closed
29/09/2026 21:31,2-1586,Sale,SNACKS,10496,SUPER CRUNCH BEEFY BBQ 5G,,,6.000,15.00,0.00,15.00,9.00,6.00,0.00,Dine in,POS 2,Route 98 - Minimart,Owner,,,,Closed
29/09/2026 21:31,2-1585,Sale,SNACKS,10148,MR. CHIPS  NACHO CHEEZE 4G,,,4.000,39.00,0.00,39.00,21.80,17.20,0.00,Dine in,POS 2,Route 98 - Minimart,Owner,,,,Closed
29/09/2026 21:29,2-1584,Sale,DRINKS,98000052,C2 GREEN TEA LEMON 335ML,,,1.000,28.75,0.00,28.75,22.09,6.66,0.00,Dine in,POS 2,Route 98 - Minimart,Owner,,,,Closed
29/09/2026 21:29,2-1584,Sale,SNACKS,10317,CLOVER CHEESIER 24G,,,1.000,10.00,0.00,10.00,7.50,2.50,0.00,Dine in,POS 2,Route 98 - Minimart,Owner,,,,Closed
29/09/2026 21:28,2-1583,Sale,DRINKS,10486,COCA COLA 1L BOTTLE,,,2.000,110.00,0.00,110.00,67.00,43.00,0.00,Dine in,POS 2,Route 98 - Minimart,Owner,,,,Closed
29/09/2026 21:28,2-1583,Sale,DRINKS,10190,GATORADE BLUE BOLT 350ML,,,1.000,35.00,0.00,35.00,25.83,9.17,0.00,Dine in,POS 2,Route 98 - Minimart,Owner,,,,Closed
29/09/2026 21:28,2-1583,Sale,,10485,PLASTIC CUPS,,,3.000,9.00,0.00,9.00,0.00,9.00,0.00,Dine in,POS 2,Route 98 - Minimart,Owner,,,,Closed
29/09/2026 21:26,2-1582,Sale,DRINKS,98000136,DELIGHT PROBIOTIC 100ML,,,1.000,16.00,0.00,16.00,11.40,4.60,0.00,Dine in,POS 2,Route 98 - Minimart,Owner,,,,Closed
29/09/2026 21:25,2-1581,Sale,SNACKS,10140,OISHI RINBEE,,,1.000,9.00,0.00,9.00,6.75,2.25,0.00,Dine in,POS 2,Route 98 - Minimart,Owner,,,,Closed
29/09/2026 21:25,2-1581,Sale,SNACKS,10150,RICHEE,,,1.000,11.00,0.00,11.00,8.50,2.50,0.00,Dine in,POS 2,Route 98 - Minimart,Owner,,,,Closed
29/09/2026 21:21,2-1580,Sale,DRINKS,10084,RED HORSE LITRO,,,3.000,435.00,0.00,435.00,360.00,75.00,0.00,Dine in,POS 2,Route 98 - Minimart,Owner,,,,Closed
29/09/2026 21:21,2-1580,Sale,ICE CREAM 🍦,10366,CREAMLINE SUNDAE CARAMEL 120ML,,,1.000,25.00,0.00,25.00,15.85,9.15,0.00,Dine in,POS 2,Route 98 - Minimart,Owner,,,,Closed
29/09/2026 21:21,2-1580,Sale,ICE CREAM 🍦,10363,CREAMLINE  CUP CHOCO MALLOW 210ML,,,1.000,30.00,0.00,30.00,23.44,6.56,0.00,Dine in,POS 2,Route 98 - Minimart,Owner,,,,Closed
29/09/2026 21:21,2-1580,Sale,ICE CREAM 🍦,10342,CREAMLINE JUMBO CONE UBE QUESO 140ML,,,2.000,60.00,0.00,60.00,48.20,11.80,0.00,Dine in,POS 2,Route 98 - Minimart,Owner,,,,Closed
29/09/2026 21:21,2-1580,Sale,ICE CREAM 🍦,10341,CREAMLINE JUMBO CONE ROCKY ROAD 140ML,,,1.000,30.00,0.00,30.00,24.10,5.90,0.00,Dine in,POS 2,Route 98 - Minimart,Owner,,,,Closed
29/09/2026 21:21,2-1580,Sale,ICE CREAM 🍦,10342,CREAMLINE JUMBO CONE UBE QUESO 140ML,,,1.000,30.00,0.00,30.00,24.10,5.90,0.00,Dine in,POS 2,Route 98 - Minimart,Owner,,,,Closed
29/09/2026 21:21,2-1580,Sale,ICE CREAM 🍦,10340,CREAMLINE JUMBO CONE COOKIES & CREAM 140ML,,,1.000,30.00,0.00,30.00,24.10,5.90,0.00,Dine in,POS 2,Route 98 - Minimart,Owner,,,,Closed
29/09/2026 20:31,2-1579,Sale,DRINKS,10107,COCA COLA 290ML,,,1.000,20.00,0.00,20.00,16.50,3.50,0.00,Dine in,POS 2,Route 98 - Minimart,Owner,,,,Closed
29/09/2026 20:31,2-1579,Sale,DRINKS,98000051,C2 GREEN TEA APPLE 335ML,,,1.000,28.75,0.00,28.75,22.08,6.67,0.00,Dine in,POS 2,Route 98 - Minimart,Owner,,,,Closed
29/09/2026 20:31,2-1579,Sale,DRINKS,98000135,DELIGHT PROBIOTIC 400ML,,,1.000,60.00,0.00,60.00,48.00,12.00,0.00,Dine in,POS 2,Route 98 - Minimart,Owner,,,,Closed
29/09/2026 20:31,2-1579,Sale,Cleaning/Laundry Supplies,10406,SURF POWDER PURPLE BLOOMS 65G,,,5.000,50.00,0.00,50.00,36.25,13.75,0.00,Dine in,POS 2,Route 98 - Minimart,Owner,,,,Closed
29/09/2026 20:31,2-1579,Sale,BATH ESSENTIALS,10271,SUNSILK SMTH&MNGBL 15ML,,,4.000,35.92,0.00,35.92,24.00,11.92,0.00,Dine in,POS 2,Route 98 - Minimart,Owner,,,,Closed
29/09/2026 20:31,2-1579,Sale,BATH ESSENTIALS,10270,CREAM SILK CONDITIONER SS/PINK,,,4.000,40.00,0.00,40.00,25.00,15.00,0.00,Dine in,POS 2,Route 98 - Minimart,Owner,,,,Closed
29/09/2026 20:28,2-1578,Sale,FOOD,10457,SAMYANG BULDAK CHEESE,,,1.000,95.00,0.00,95.00,85.00,10.00,0.00,Dine in,POS 2,Route 98 - Minimart,Owner,,,,Closed
29/09/2026 20:17,2-1577,Sale,CIGARETTE,98000117,WINSTON RED STICK,,,2.000,24.00,0.00,24.00,18.20,5.80,0.00,Dine in,POS 2,Route 98 - Minimart,Owner,,,,Closed
29/09/2026 20:16,2-1576,Sale,DRINKS,10119,VINO KULAFU 350,,,1.000,50.00,0.00,50.00,44.00,6.00,0.00,Dine in,POS 2,Route 98 - Minimart,Owner,,,,Closed
29/09/2026 20:16,2-1576,Sale,ICE CREAM 🍦,10338,CREAMLINE CONE CHOCO QUESO 110ML,,,1.000,23.25,0.00,23.25,18.25,5.00,0.00,Dine in,POS 2,Route 98 - Minimart,Owner,,,,Closed
29/09/2026 20:12,2-1575,Sale,DRINKS,10435,KULAFU 700ML,,,1.000,110.00,0.00,110.00,86.90,23.10,0.00,Dine in,POS 2,Route 98 - Minimart,Owner,,,,Closed
29/09/2026 20:12,2-1575,Sale,DRINKS,10273,CLVB 1 LTR,,,1.000,185.00,0.00,185.00,145.00,40.00,0.00,Dine in,POS 2,Route 98 - Minimart,Owner,,,,Closed
29/09/2026 20:12,2-1575,Sale,ICE,10298,ICE CUBE 1KG,,,1.000,25.00,0.00,25.00,13.00,12.00,0.00,Dine in,POS 2,Route 98 - Minimart,Owner,,,,Closed
29/09/2026 20:01,2-1574,Sale,DRINKS,10084,RED HORSE LITRO,,,2.000,290.00,0.00,290.00,240.00,50.00,0.00,Dine in,POS 2,Route 98 - Minimart,Owner,,,,Closed
29/09/2026 20:01,2-1574,Sale,,10235,"#misc",,,1.000,20.00,0.00,20.00,0.00,20.00,0.00,Dine in,POS 2,Route 98 - Minimart,Owner,,,,Closed
29/09/2026 20:00,2-1573,Sale,ESSENTIAL OILS,10005,EFFICASCENT25,,,1.000,28.50,0.00,28.50,0.00,28.50,0.00,Dine in,POS 2,Route 98 - Minimart,Owner,,,,Closed
29/09/2026 19:51,2-1572,Sale,,98000110,MIGHTY PULA  STICK,,,2.000,20.00,0.00,20.00,16.04,3.96,0.00,Dine in,POS 2,Route 98 - Minimart,Owner,,,,Closed
29/09/2026 19:23,2-1571,Sale,,98000110,MIGHTY PULA  STICK,,,2.000,20.00,0.00,20.00,16.04,3.96,0.00,Dine in,POS 2,Route 98 - Minimart,Owner,,,,Closed
29/09/2026 19:04,2-1570,Sale,FOOD,10515,JACK'NJILL PRETZEL,,,2.000,20.00,0.00,20.00,13.24,6.76,0.00,Dine in,POS 2,Route 98 - Minimart,Owner,,,,Closed
29/09/2026 19:04,2-1570,Sale,SNACKS,10231,CLOUD 9 CLASSIC,,,1.000,10.00,0.00,10.00,6.35,3.65,0.00,Dine in,POS 2,Route 98 - Minimart,Owner,,,,Closed
29/09/2026 19:04,2-1570,Sale,SNACKS,98000068,FUN SIZE! PIATTOS CHEESE 18G,,,1.000,10.50,0.00,10.50,6.66,3.84,0.00,Dine in,POS 2,Route 98 - Minimart,Owner,,,,Closed
29/09/2026 19:04,2-1570,Sale,,10235,"#misc",,,1.000,15.00,0.00,15.00,0.00,15.00,0.00,Dine in,POS 2,Route 98 - Minimart,Owner,,,,Closed
29/09/2026 18:49,2-1569,Sale,DRINKS,10486,COCA COLA 1L BOTTLE,,,1.000,55.00,0.00,55.00,33.50,21.50,0.00,Dine in,POS 2,Route 98 - Minimart,Owner,,,,Closed
29/09/2026 18:49,2-1569,Sale,HOME ESSENTIALS,10247,SILKA (WHITENING HERBAL SOAP),,,1.000,22.00,0.00,22.00,18.20,3.80,0.00,Dine in,POS 2,Route 98 - Minimart,Owner,,,,Closed
29/09/2026 18:49,2-1569,Sale,SNACKS,10217,CHIPPY BBQ 108G,,,1.000,28.75,0.00,28.75,21.35,7.40,0.00,Dine in,POS 2,Route 98 - Minimart,Owner,,,,Closed
29/09/2026 18:48,2-1568,Sale,DRINKS,10190,GATORADE BLUE BOLT 350ML,,,1.000,35.00,0.00,35.00,25.83,9.17,0.00,Dine in,POS 2,Route 98 - Minimart,Owner,,,,Closed
29/09/2026 18:48,2-1568,Sale,,10488,NATURE'S SPRING PH9 ALKALINE 1000ML,,,1.000,35.00,0.00,35.00,19.34,15.66,0.00,Dine in,POS 2,Route 98 - Minimart,Owner,,,,Closed
29/09/2026 18:48,2-1568,Sale,DRINKS,98000078,POCARI SWEAT 350ML,,,1.000,45.00,0.00,45.00,34.25,10.75,0.00,Dine in,POS 2,Route 98 - Minimart,Owner,,,,Closed
29/09/2026 18:48,2-1568,Sale,,10235,"#misc",,,1.000,5.00,0.00,5.00,0.00,5.00,0.00,Dine in,POS 2,Route 98 - Minimart,Owner,,,,Closed
29/09/2026 17:33,2-1567,Sale,DRINKS,98000039,CLVB 1.5 LTR,,,1.000,255.00,0.00,255.00,211.20,43.80,0.00,Dine in,POS 2,Route 98 - Minimart,Owner,,,,Closed
29/09/2026 17:33,2-1567,Sale,SNACKS,10216,MANG JUAN SUKANG PAOMBONG 90G,,,1.000,29.75,0.00,29.75,22.50,7.25,0.00,Dine in,POS 2,Route 98 - Minimart,Owner,,,,Closed
29/09/2026 17:33,2-1567,Sale,SNACKS,10392,DINGDONG SNACK MIX SWEET&SPICY 100G,,,1.000,30.00,0.00,30.00,26.00,4.00,0.00,Dine in,POS 2,Route 98 - Minimart,Owner,,,,Closed
29/09/2026 17:30,2-1566,Sale,SNACKS,10503,PIC-A BBQ OVERLAOD 90G,,,1.000,38.50,0.00,38.50,29.65,8.85,0.00,Dine in,POS 2,Route 98 - Minimart,Owner,,,,Closed
29/09/2026 17:30,2-1566,Sale,SNACKS,10502,PIC-A ULTIMATE CHEDDAR 90G,,,1.000,38.50,0.00,38.50,29.65,8.85,0.00,Dine in,POS 2,Route 98 - Minimart,Owner,,,,Closed
29/09/2026 17:30,2-1566,Sale,DRINKS,98000046,COCA COLA 1.75L,,,1.000,84.75,0.00,84.75,61.67,23.08,0.00,Dine in,POS 2,Route 98 - Minimart,Owner,,,,Closed
29/09/2026 17:29,2-1565,Sale,,98000110,MIGHTY PULA  STICK,,,1.000,10.00,0.00,10.00,8.02,1.98,0.00,Dine in,POS 2,Route 98 - Minimart,Owner,,,,Closed
29/09/2026 17:22,2-1564,Sale,SNACKS,10143,CHIPPY BBQ 25G,,,1.000,9.75,0.00,9.75,6.30,3.45,0.00,Dine in,POS 2,Route 98 - Minimart,Owner,,,,Closed
29/09/2026 17:22,2-1564,Sale,SNACKS,10217,CHIPPY BBQ 108G,,,1.000,28.75,0.00,28.75,21.35,7.40,0.00,Dine in,POS 2,Route 98 - Minimart,Owner,,,,Closed
29/09/2026 17:20,2-1563,Sale,CIGARETTE,98000117,WINSTON RED STICK,,,2.000,24.00,0.00,24.00,18.20,5.80,0.00,Dine in,POS 2,Route 98 - Minimart,Owner,,,,Closed
29/09/2026 17:04,2-1562,Sale,DRINKS,10437,NATURE'S SPRING PURE 500ML,,,2.000,30.00,0.00,30.00,18.12,11.88,0.00,Dine in,POS 2,Route 98 - Minimart,Owner,,,,Closed
29/09/2026 16:47,2-1561,Sale,FOOD,10045,AJINOMOTO SEASONING,,,2.000,9.96,0.00,9.96,0.00,9.96,0.00,Dine in,POS 2,Route 98 - Minimart,Owner,,,,Closed
29/09/2026 16:19,2-1560,Sale,ICE CREAM 🍦,10344,CREAMLINE PINIPIG CHOCOLATE 70ML,,,2.000,40.00,0.00,40.00,32.30,7.70,0.00,Dine in,POS 2,Route 98 - Minimart,Owner,,,,Closed
29/09/2026 16:19,2-1560,Sale,SNACKS,10224,MAGIC CHIPS BBQ,,,1.000,10.00,0.00,10.00,7.92,2.08,0.00,Dine in,POS 2,Route 98 - Minimart,Owner,,,,Closed
29/09/2026 16:19,2-1560,Sale,SNACKS,10195,MAGIC CHIPS CHEESE,,,1.000,9.00,0.00,9.00,6.22,2.78,0.00,Dine in,POS 2,Route 98 - Minimart,Owner,,,,Closed
29/09/2026 15:54,2-1559,Sale,SNACKS,10202,PIATTOS CHEESE 85G,,,1.000,38.50,0.00,38.50,28.80,9.70,0.00,Dine in,POS 2,Route 98 - Minimart,Owner,,,,Closed
29/09/2026 15:53,2-1558,Sale,DRINKS,98000054,C2 GREEN TEA APPLE 1L,,,1.000,58.00,0.00,58.00,44.42,13.58,0.00,Dine in,POS 2,Route 98 - Minimart,Owner,,,,Closed
29/09/2026 15:27,2-1557,Sale,,98000110,MIGHTY PULA  STICK,,,3.000,30.00,0.00,30.00,24.06,5.94,0.00,Dine in,POS 2,Route 98 - Minimart,Owner,,,,Closed
29/09/2026 15:20,2-1556,Sale,DRINKS,10253,STING 290ML,,,1.000,25.00,0.00,25.00,16.75,8.25,0.00,Dine in,POS 2,Route 98 - Minimart,Owner,,,,Closed
29/09/2026 15:20,2-1556,Sale,DRINKS,98000051,C2 GREEN TEA APPLE 335ML,,,1.000,28.75,0.00,28.75,22.08,6.67,0.00,Dine in,POS 2,Route 98 - Minimart,Owner,,,,Closed
29/09/2026 15:20,2-1556,Sale,SNACKS,10266,CHIZ CURLS 18G,,,1.000,9.75,0.00,9.75,7.25,2.50,0.00,Dine in,POS 2,Route 98 - Minimart,Owner,,,,Closed
29/09/2026 15:17,2-1555,Sale,FOOD,10332,LEMON SQUARE LAVA CAKE,,,1.000,9.98,0.00,9.98,7.80,2.18,0.00,Dine in,POS 2,Route 98 - Minimart,Owner,,,,Closed
29/09/2026 15:16,2-1554,Sale,SNACKS,10266,CHIZ CURLS 18G,,,2.000,19.50,0.00,19.50,14.50,5.00,0.00,Dine in,POS 2,Route 98 - Minimart,Owner,,,,Closed
29/09/2026 15:11,2-1553,Sale,SNACKS,10149,NOVA COUNTRY CHEDDAR 20G,,,3.000,26.25,0.00,26.25,19.98,6.27,0.00,Dine in,POS 2,Route 98 - Minimart,Owner,,,,Closed
29/09/2026 15:11,2-1553,Sale,ICE CREAM 🍦,10381,CREAMLINE COOLERS CHOCOLATE 50ML,,,1.000,14.00,0.00,14.00,9.90,4.10,0.00,Dine in,POS 2,Route 98 - Minimart,Owner,,,,Closed
29/09/2026 15:11,2-1553,Sale,SNACKS,10222,OVERLOAD BLACK FOREST,,,2.000,20.00,0.00,20.00,15.84,4.16,0.00,Dine in,POS 2,Route 98 - Minimart,Owner,,,,Closed
29/09/2026 15:11,2-1553,Sale,SNACKS,10223,OVERLOAD CHOCO STRAWBERRY,,,2.000,20.00,0.00,20.00,15.84,4.16,0.00,Dine in,POS 2,Route 98 - Minimart,Owner,,,,Closed
29/09/2026 15:07,2-1552,Sale,SNACKS,10223,OVERLOAD CHOCO STRAWBERRY,,,1.000,10.00,0.00,10.00,7.92,2.08,0.00,Dine in,POS 2,Route 98 - Minimart,Owner,,,,Closed
29/09/2026 15:07,2-1552,Sale,SNACKS,10222,OVERLOAD BLACK FOREST,,,1.000,10.00,0.00,10.00,7.92,2.08,0.00,Dine in,POS 2,Route 98 - Minimart,Owner,,,,Closed
29/09/2026 15:07,2-1552,Sale,SNACKS,10149,NOVA COUNTRY CHEDDAR 20G,,,1.000,8.75,0.00,8.75,6.66,2.09,0.00,Dine in,POS 2,Route 98 - Minimart,Owner,,,,Closed
29/09/2026 15:07,2-1552,Sale,SNACKS,10203,NIPS PEANUT 14G,,,1.000,8.00,0.00,8.00,5.87,2.13,0.00,Dine in,POS 2,Route 98 - Minimart,Owner,,,,Closed
29/09/2026 14:38,2-1551,Sale,,98000093,COBRA  ASTIG CITRUS BLAST 290ML,,,1.000,21.50,0.00,21.50,16.58,4.92,0.00,Dine in,POS 2,Route 98 - Minimart,Owner,,,,Closed
29/09/2026 14:38,2-1551,Sale,SNACKS,98000072,FISH CRACKERS 24G,,,2.000,20.00,0.00,20.00,13.60,6.40,0.00,Dine in,POS 2,Route 98 - Minimart,Owner,,,,Closed
29/09/2026 14:38,2-1551,Sale,DRINKS,10188,NATURE'S SPRING PURE 1000ML,,,1.000,25.00,0.00,25.00,14.26,10.74,0.00,Dine in,POS 2,Route 98 - Minimart,Owner,,,,Closed
29/09/2026 14:04,2-1550,Sale,DRINKS,10107,COCA COLA 290ML,,,2.000,40.00,0.00,40.00,33.00,7.00,0.00,Dine in,POS 2,Route 98 - Minimart,Owner,,,,Closed
29/09/2026 13:47,2-1549,Sale,CIGARETTE,98000117,WINSTON RED STICK,,,4.000,48.00,0.00,48.00,36.40,11.60,0.00,Dine in,POS 2,Route 98 - Minimart,Owner,,,,Closed
29/09/2026 13:43,2-1548,Sale,DRINKS,10190,GATORADE BLUE BOLT 350ML,,,1.000,35.00,0.00,35.00,25.83,9.17,0.00,Dine in,POS 2,Route 98 - Minimart,Owner,,,,Closed
29/09/2026 13:43,2-1548,Sale,SNACKS,10492,HAPPY ORIGNAL,,,5.000,10.00,0.00,10.00,5.50,4.50,0.00,Dine in,POS 2,Route 98 - Minimart,Owner,,,,Closed
29/09/2026 12:18,2-1547,Sale,Cleaning/Laundry Supplies,980000026,DOWNY SUNRISE FRESH 26ML,,,1.000,8.98,0.00,8.98,6.23,2.75,0.00,Dine in,POS 2,Route 98 - Minimart,Owner,,,,Closed
29/09/2026 11:47,2-1546,Sale,Cleaning/Laundry Supplies,10010,ZONROX ORIG 1L,,,1.000,62.00,0.00,62.00,0.00,62.00,0.00,Dine in,POS 2,Route 98 - Minimart,Owner,,,,Closed
29/09/2026 11:22,2-1545,Sale,Cleaning/Laundry Supplies,10104,WINGS POWDER BLUE 57G,,,1.000,8.00,0.00,8.00,0.00,8.00,0.00,Dine in,POS 2,Route 98 - Minimart,Owner,,,,Closed
29/09/2026 11:22,2-1545,Sale,,10235,"#misc",,,1.000,8.00,0.00,8.00,0.00,8.00,0.00,Dine in,POS 2,Route 98 - Minimart,Owner,,,,Closed
29/09/2026 10:12,2-1544,Sale,DRINKS,98000046,COCA COLA 1.75L,,,1.000,84.75,0.00,84.75,61.67,23.08,0.00,Dine in,POS 2,Route 98 - Minimart,Owner,,,,Closed
29/09/2026 10:12,2-1544,Sale,DRINKS,98000119,SPRITE 1.75L,,,1.000,84.75,0.00,84.75,61.67,23.08,0.00,Dine in,POS 2,Route 98 - Minimart,Owner,,,,Closed
28/09/2026 20:23,2-1543,Sale,FOOD,10243,NIPS WHITE CHOCO 14G,,,1.000,8.00,0.00,8.00,0.00,8.00,0.00,Dine in,POS 2,Route 98 - Minimart,Owner,,,,Closed
28/09/2026 20:23,2-1543,Sale,,9800170,"#StyroCups w/ stirrer",,,1.000,5.00,0.00,5.00,0.00,5.00,0.00,Dine in,POS 2,Route 98 - Minimart,Owner,,,,Closed
28/09/2026 20:23,2-1543,Sale,DRINKS,98000050,GREAT TASTE WHITE TWIN PACK,,,1.000,14.00,0.00,14.00,10.83,3.17,0.00,Dine in,POS 2,Route 98 - Minimart,Owner,,,,Closed
28/09/2026 20:23,2-1543,Sale,FOOD,10189,NESCAFE STICK,,,1.000,5.00,0.00,5.00,3.25,1.75,0.00,Dine in,POS 2,Route 98 - Minimart,Owner,,,,Closed
28/09/2026 20:20,2-1542,Sale,,10197,CHICK BOY TEXAS BBQ 30G,,,1.000,11.98,0.00,11.98,10.00,1.98,0.00,Dine in,POS 2,Route 98 - Minimart,Owner,,,,Closed
28/09/2026 20:20,2-1542,Sale,DRINKS,10117,ROYAL 190,,,1.000,15.00,0.00,15.00,0.00,15.00,0.00,Dine in,POS 2,Route 98 - Minimart,Owner,,,,Closed
28/09/2026 20:20,2-1542,Sale,SNACKS,98000068,FUN SIZE! PIATTOS CHEESE 18G,,,1.000,10.50,0.00,10.50,6.66,3.84,0.00,Dine in,POS 2,Route 98 - Minimart,Owner,,,,Closed
28/09/2026 20:04,2-1541,Sale,DRINKS,10107,COCA COLA 290ML,,,1.000,20.00,0.00,20.00,16.50,3.50,0.00,Dine in,POS 2,Route 98 - Minimart,Owner,,,,Closed
28/09/2026 20:01,2-1540,Sale,DRINKS,10119,VINO KULAFU 350,,,2.000,100.00,0.00,100.00,88.00,12.00,0.00,Dine in,POS 2,Route 98 - Minimart,Owner,,,,Closed
28/09/2026 19:57,2-1539,Sale,,98000110,MIGHTY PULA  STICK,,,2.000,20.00,0.00,20.00,16.04,3.96,0.00,Dine in,POS 2,Route 98 - Minimart,Owner,,,,Closed
28/09/2026 19:56,2-1538,Sale,DRINKS,10439,NATURE'S SPRING DISTILLED 1000ML,,,2.000,56.00,0.00,56.00,32.86,23.14,0.00,Dine in,POS 2,Route 98 - Minimart,Owner,,,,Closed
28/09/2026 19:56,2-1538,Sale,CIGARETTE,98000117,WINSTON RED STICK,,,3.000,36.00,0.00,36.00,27.30,8.70,0.00,Dine in,POS 2,Route 98 - Minimart,Owner,,,,Closed
28/09/2026 18:58,2-1537,Sale,SNACKS,10143,CHIPPY BBQ 25G,,,1.000,9.75,0.00,9.75,6.30,3.45,0.00,Dine in,POS 2,Route 98 - Minimart,Owner,,,,Closed
28/09/2026 18:58,2-1537,Sale,,10384,PREMIER PURIFIED WATER 500ML,,,1.000,15.00,0.00,15.00,9.67,5.33,0.00,Dine in,POS 2,Route 98 - Minimart,Owner,,,,Closed
28/09/2026 18:55,2-1536,Sale,FOOD,10201,OSAKA SARDINES,,,2.000,54.00,0.00,54.00,46.78,7.22,0.00,Dine in,POS 2,Route 98 - Minimart,Owner,,,,Closed
28/09/2026 18:55,2-1536,Sale,,98000116,WINSTON WHITE STICK,,,1.000,12.00,0.00,12.00,9.92,2.08,0.00,Dine in,POS 2,Route 98 - Minimart,Owner,,,,Closed
28/09/2026 18:52,2-1535,Sale,,98000110,MIGHTY PULA  STICK,,,2.000,20.00,0.00,20.00,16.04,3.96,0.00,Dine in,POS 2,Route 98 - Minimart,Owner,,,,Closed
28/09/2026 18:50,2-1534,Sale,CIGARETTE,98000117,WINSTON RED STICK,,,5.000,60.00,0.00,60.00,45.50,14.50,0.00,Dine in,POS 2,Route 98 - Minimart,Owner,,,,Closed
28/09/2026 18:50,2-1533,Sale,SNACKS,98000147,CHOCOMUCHO WHITE CARAMEL,,,1.000,15.00,0.00,15.00,9.40,5.60,0.00,Dine in,POS 2,Route 98 - Minimart,Owner,,,,Closed
28/09/2026 18:30,2-1532,Sale,SNACKS,10198,CHICK BOY ONION & GARLIC 30G,,,1.000,11.98,0.00,11.98,9.22,2.76,0.00,Dine in,POS 2,Route 98 - Minimart,Owner,,,,Closed
28/09/2026 18:30,2-1532,Sale,,9800170,"#StyroCups w/ stirrer",,,1.000,5.00,0.00,5.00,0.00,5.00,0.00,Dine in,POS 2,Route 98 - Minimart,Owner,,,,Closed
28/09/2026 18:29,2-1531,Sale,DRINKS,10111,LIFT BERRY BOLT 320,,,1.000,18.00,0.00,18.00,14.17,3.83,0.00,Dine in,POS 2,Route 98 - Minimart,Owner,,,,Closed
28/09/2026 18:29,2-1531,Sale,DRINKS,98000046,COCA COLA 1.75L,,,1.000,84.75,0.00,84.75,61.67,23.08,0.00,Dine in,POS 2,Route 98 - Minimart,Owner,,,,Closed
28/09/2026 18:29,2-1531,Sale,DRINKS,10434,GSM BLUE MOJITO,,,1.000,155.00,0.00,155.00,133.00,22.00,0.00,Dine in,POS 2,Route 98 - Minimart,Owner,,,,Closed
28/09/2026 18:29,2-1531,Sale,ICE CREAM 🍦,10335,CREAMLINE CONE UBE MACAPUNO 110ML,,,2.000,48.00,0.00,48.00,36.50,11.50,0.00,Dine in,POS 2,Route 98 - Minimart,Owner,,,,Closed
28/09/2026 18:29,2-1531,Sale,SNACKS,10152,MOBY CARAMEL,,,2.000,22.00,0.00,22.00,16.50,5.50,0.00,Dine in,POS 2,Route 98 - Minimart,Owner,,,,Closed
28/09/2026 18:23,2-1530,Sale,DRINKS,10085,SM FLAVORED BEER APPLE,,,1.000,53.00,0.00,53.00,41.00,12.00,0.00,Dine in,POS 2,Route 98 - Minimart,Owner,,,,Closed
28/09/2026 18:23,2-1530,Sale,,10235,"#misc",,,1.000,5.00,0.00,5.00,0.00,5.00,0.00,Dine in,POS 2,Route 98 - Minimart,Owner,,,,Closed
28/09/2026 18:23,2-1530,Sale,CIGARETTE,98000117,WINSTON RED STICK,,,1.000,12.00,0.00,12.00,9.10,2.90,0.00,Dine in,POS 2,Route 98 - Minimart,Owner,,,,Closed
28/09/2026 17:16,2-1529,Sale,DRINKS,10113,NUTRIBOOST STRWBRRY 110,,,1.000,15.00,0.00,15.00,0.00,15.00,0.00,Dine in,POS 2,Route 98 - Minimart,Owner,,,,Closed
28/09/2026 17:16,2-1529,Sale,SNACKS,10491,PRINGLES CHEESY CHEESE,,,1.000,55.00,0.00,55.00,45.55,9.45,0.00,Dine in,POS 2,Route 98 - Minimart,Owner,,,,Closed
28/09/2026 17:14,2-1528,Sale,SNACKS,10396,TATTOOS CORN TUBE PIZZA 60G,,,3.000,44.94,0.00,44.94,32.70,12.24,0.00,Dine in,POS 2,Route 98 - Minimart,Owner,,,,Closed
28/09/2026 17:14,2-1528,Sale,SNACKS,10395,PEEWEE SIZZLING BBQ 60G,,,1.000,23.75,0.00,23.75,18.25,5.50,0.00,Dine in,POS 2,Route 98 - Minimart,Owner,,,,Closed
28/09/2026 17:14,2-1528,Sale,SNACKS,10396,TATTOOS CORN TUBE PIZZA 60G,,,1.000,14.98,0.00,14.98,10.90,4.08,0.00,Dine in,POS 2,Route 98 - Minimart,Owner,,,,Closed
28/09/2026 17:08,2-1527,Sale,SNACKS,10143,CHIPPY BBQ 25G,,,1.000,9.75,0.00,9.75,6.30,3.45,0.00,Dine in,POS 2,Route 98 - Minimart,Owner,,,,Closed
28/09/2026 17:08,2-1527,Sale,DRINKS,10129,C2 SOLO APPLE 230ML,,,1.000,17.00,0.00,17.00,11.79,5.21,0.00,Dine in,POS 2,Route 98 - Minimart,Owner,,,,Closed
28/09/2026 17:03,2-1526,Sale,SNACKS,10145,PIATTOS SOUR CREAM 40G,,,1.000,18.50,0.00,18.50,15.75,2.75,0.00,Dine in,POS 2,Route 98 - Minimart,Owner,,,,Closed
28/09/2026 16:57,2-1525,Sale,SNACKS,10491,PRINGLES CHEESY CHEESE,,,1.000,55.00,0.00,55.00,45.55,9.45,0.00,Dine in,POS 2,Route 98 - Minimart,Owner,,,,Closed
28/09/2026 16:52,2-1524,Sale,,98000110,MIGHTY PULA  STICK,,,1.000,10.00,0.00,10.00,8.02,1.98,0.00,Dine in,POS 2,Route 98 - Minimart,Owner,,,,Closed
28/09/2026 16:45,2-1523,Sale,SNACKS,10266,CHIZ CURLS 18G,,,2.000,19.50,0.00,19.50,14.50,5.00,0.00,Dine in,POS 2,Route 98 - Minimart,Owner,,,,Closed
28/09/2026 16:41,2-1522,Sale,DRINKS,98000051,C2 GREEN TEA APPLE 335ML,,,1.000,28.75,0.00,28.75,22.08,6.67,0.00,Dine in,POS 2,Route 98 - Minimart,Owner,,,,Closed
28/09/2026 16:41,2-1522,Sale,SNACKS,10266,CHIZ CURLS 18G,,,1.000,9.75,0.00,9.75,7.25,2.50,0.00,Dine in,POS 2,Route 98 - Minimart,Owner,,,,Closed
28/09/2026 16:41,2-1522,Sale,SNACKS,10144,CHIPPY CHILI CHEESE 25G,,,1.000,9.75,0.00,9.75,6.30,3.45,0.00,Dine in,POS 2,Route 98 - Minimart,Owner,,,,Closed
28/09/2026 16:22,2-1521,Sale,DRINKS,98000136,DELIGHT PROBIOTIC 100ML,,,1.000,16.00,0.00,16.00,11.40,4.60,0.00,Dine in,POS 2,Route 98 - Minimart,Owner,,,,Closed
28/09/2026 16:19,2-1520,Sale,SNACKS,10130,OISHI CRACKLINGS,,,1.000,10.00,0.00,10.00,6.75,3.25,0.00,Dine in,POS 2,Route 98 - Minimart,Owner,,,,Closed
28/09/2026 16:05,2-1519,Sale,SNACKS,98000061,VCUT CHEESE FLAVOR 25G,,,1.000,20.25,0.00,20.25,14.25,6.00,0.00,Dine in,POS 2,Route 98 - Minimart,Owner,,,,Closed
28/09/2026 16:02,2-1518,Sale,SNACKS,10219,MR CHIPS MANAMIS MAIS 45G,,,1.000,12.50,0.00,12.50,8.19,4.31,0.00,Dine in,POS 2,Route 98 - Minimart,Owner,,,,Closed
28/09/2026 16:02,2-1518,Sale,DRINKS,98000051,C2 GREEN TEA APPLE 335ML,,,1.000,28.75,0.00,28.75,22.08,6.67,0.00,Dine in,POS 2,Route 98 - Minimart,Owner,,,,Closed
28/09/2026 16:02,2-1518,Sale,FOOD,10333,MONDE SPECIAL MAMON,,,1.000,29.98,0.00,29.98,16.00,13.98,0.00,Dine in,POS 2,Route 98 - Minimart,Owner,,,,Closed
28/09/2026 15:44,2-1517,Sale,DRINKS,10084,RED HORSE LITRO,,,1.000,145.00,0.00,145.00,120.00,25.00,0.00,Dine in,POS 2,Route 98 - Minimart,Owner,,,,Closed
28/09/2026 15:37,2-1516,Sale,CIGARETTE,98000117,WINSTON RED STICK,,,1.000,12.00,0.00,12.00,9.10,2.90,0.00,Dine in,POS 2,Route 98 - Minimart,Owner,,,,Closed
28/09/2026 15:21,2-1515,Sale,SNACKS,10159,SUPER CRUNCH SWEET CORN 55G,,,1.000,14.50,0.00,14.50,10.50,4.00,0.00,Dine in,POS 2,Route 98 - Minimart,Owner,,,,Closed
28/09/2026 15:21,2-1515,Sale,DRINKS,10253,STING 290ML,,,1.000,25.00,0.00,25.00,16.75,8.25,0.00,Dine in,POS 2,Route 98 - Minimart,Owner,,,,Closed
28/09/2026 15:12,2-1514,Sale,CIGARETTE,98000117,WINSTON RED STICK,,,2.000,24.00,0.00,24.00,18.20,5.80,0.00,Dine in,POS 2,Route 98 - Minimart,Owner,,,,Closed
28/09/2026 15:12,2-1514,Sale,SNACKS,10390Q,TATTOOS CORN CHIPS BBQ 58G,,,1.000,12.25,0.00,12.25,7.65,4.60,0.00,Dine in,POS 2,Route 98 - Minimart,Owner,,,,Closed
28/09/2026 15:12,2-1514,Sale,SNACKS,10187,BLACK CHILI CORN CHIPS BBQ,,,1.000,11.50,0.00,11.50,8.25,3.25,0.00,Dine in,POS 2,Route 98 - Minimart,Owner,,,,Closed
28/09/2026 14:47,2-1513,Sale,FOOD,10063,SUKAMOD,,,1.000,40.00,0.00,40.00,0.00,40.00,0.00,Dine in,POS 2,Route 98 - Minimart,Owner,,,,Closed
28/09/2026 14:25,2-1512,Sale,ESSENTIAL OILS,10006,OMEGA15,,,1.000,22.50,0.00,22.50,0.00,22.50,0.00,Dine in,POS 2,Route 98 - Minimart,Owner,,,,Closed
28/09/2026 14:24,2-1511,Sale,,10488,NATURE'S SPRING PH9 ALKALINE 1000ML,,,1.000,35.00,0.00,35.00,19.34,15.66,0.00,Dine in,POS 2,Route 98 - Minimart,Owner,,,,Closed
28/09/2026 14:05,2-1510,Sale,,98000112,MIGHTY PUTI STICK,,,16.000,160.00,0.00,160.00,128.32,31.68,0.00,Dine in,POS 2,Route 98 - Minimart,Owner,,,,Closed
28/09/2026 13:48,2-1509,Sale,FOOD,98000095,RAPSA PANCIT BIHON,,,2.000,44.00,0.00,44.00,33.20,10.80,0.00,Dine in,POS 2,Route 98 - Minimart,Owner,,,,Closed
28/09/2026 12:09,2-1508,Sale,,98000110,MIGHTY PULA  STICK,,,1.000,10.00,0.00,10.00,8.02,1.98,0.00,Dine in,POS 2,Route 98 - Minimart,Owner,,,,Closed
28/09/2026 10:49,2-1507,Sale,DRINKS,10190,GATORADE BLUE BOLT 350ML,,,1.000,35.00,0.00,35.00,25.83,9.17,0.00,Dine in,POS 2,Route 98 - Minimart,Owner,,,,Closed
28/09/2026 10:47,2-1506,Sale,DRINKS,98000076,POCARI SWEAT 500ML,,,1.000,55.00,0.00,55.00,44.58,10.42,0.00,Dine in,POS 2,Route 98 - Minimart,Owner,,,,Closed
28/09/2026 10:29,2-1505,Sale,DRINKS,98000135,DELIGHT PROBIOTIC 400ML,,,1.000,60.00,0.00,60.00,48.00,12.00,0.00,Dine in,POS 2,Route 98 - Minimart,Owner,,,,Closed
28/09/2026 10:06,2-1504,Sale,DRINKS,10253,STING 290ML,,,1.000,25.00,0.00,25.00,16.75,8.25,0.00,Dine in,POS 2,Route 98 - Minimart,Owner,,,,Closed
28/09/2026 10:06,2-1504,Sale,,98000110,MIGHTY PULA  STICK,,,1.000,10.00,0.00,10.00,8.02,1.98,0.00,Dine in,POS 2,Route 98 - Minimart,Owner,,,,Closed
27/09/2026 21:58,2-1503,Sale,FOOD,10330,LEMON SQUARE CHEESE CAKE,,,1.000,11.98,0.00,11.98,7.70,4.28,0.00,Dine in,POS 2,Route 98 - Minimart,Owner,,,,Closed
27/09/2026 21:58,2-1503,Sale,FOOD,10128,NESCAFE ORIGINAL TWIN PACK,,,3.000,51.00,0.00,51.00,42.00,9.00,0.00,Dine in,POS 2,Route 98 - Minimart,Owner,,,,Closed
27/09/2026 21:58,2-1503,Sale,FOOD,10127,NESCAFE CREAMY WHITE TWIN PACK,,,2.000,34.00,0.00,34.00,28.00,6.00,0.00,Dine in,POS 2,Route 98 - Minimart,Owner,,,,Closed
27/09/2026 21:58,2-1503,Sale,FOOD,10414,NESTEA LEMON,,,2.000,51.00,0.00,51.00,39.30,11.70,0.00,Dine in,POS 2,Route 98 - Minimart,Owner,,,,Closed
27/09/2026 21:58,2-1503,Sale,FOOD,10189,NESCAFE STICK,,,12.000,60.00,0.00,60.00,39.00,21.00,0.00,Dine in,POS 2,Route 98 - Minimart,Owner,,,,Closed
27/09/2026 21:55,2-1502,Sale,,98000112,MIGHTY PUTI STICK,,,2.000,20.00,0.00,20.00,16.04,3.96,0.00,Dine in,POS 2,Route 98 - Minimart,Owner,,,,Closed
27/09/2026 21:54,2-1501,Sale,DRINKS,98000120,SMIRNOFF,,,1.000,65.00,0.00,65.00,54.00,11.00,0.00,Dine in,POS 2,Route 98 - Minimart,Owner,,,,Closed
27/09/2026 21:52,2-1500,Sale,ICE,10298,ICE CUBE 1KG,,,1.000,25.00,0.00,25.00,13.00,12.00,0.00,Dine in,POS 2,Route 98 - Minimart,Owner,,,,Closed
27/09/2026 21:52,2-1500,Sale,,98000116,WINSTON WHITE STICK,,,3.000,36.00,0.00,36.00,29.76,6.24,0.00,Dine in,POS 2,Route 98 - Minimart,Owner,,,,Closed
27/09/2026 21:52,2-1500,Sale,,98000114,CAMEL PREMIUM TABACCOS STICK,,,2.000,20.00,0.00,20.00,14.50,5.50,0.00,Dine in,POS 2,Route 98 - Minimart,Owner,,,,Closed
27/09/2026 21:51,2-1499,Sale,DRINKS,10465,GSM GIN ROUND 350ML,,,2.000,190.00,0.00,190.00,163.20,26.80,0.00,Dine in,POS 2,Route 98 - Minimart,Owner,,,,Closed
27/09/2026 21:51,2-1499,Sale,FOOD,10419,TANG MIXED BERRIES,,,2.000,54.00,0.00,54.00,41.60,12.40,0.00,Dine in,POS 2,Route 98 - Minimart,Owner,,,,Closed
27/09/2026 21:13,2-1498,Sale,DRINKS,10119,VINO KULAFU 350,,,1.000,50.00,0.00,50.00,44.00,6.00,0.00,Dine in,POS 2,Route 98 - Minimart,Owner,,,,Closed
27/09/2026 21:13,2-1498,Sale,,98000110,MIGHTY PULA  STICK,,,2.000,20.00,0.00,20.00,16.04,3.96,0.00,Dine in,POS 2,Route 98 - Minimart,Owner,,,,Closed
27/09/2026 21:13,2-1497,Sale,FOOD,10325,NISSIN BREAD STIX,,,1.000,9.98,0.00,9.98,6.15,3.83,0.00,Dine in,POS 2,Route 98 - Minimart,Owner,,,,Closed
27/09/2026 21:13,2-1497,Sale,SNACKS,10263,PILLOWS UBE 24G,,,1.000,9.00,0.00,9.00,6.75,2.25,0.00,Dine in,POS 2,Route 98 - Minimart,Owner,,,,Closed
27/09/2026 21:13,2-1497,Sale,SNACKS,10146,CRISPY PATATA 24G,,,1.000,9.98,0.00,9.98,7.75,2.23,0.00,Dine in,POS 2,Route 98 - Minimart,Owner,,,,Closed
27/09/2026 21:13,2-1497,Sale,SNACKS,10203,NIPS PEANUT 14G,,,4.000,32.00,0.00,32.00,23.48,8.52,0.00,Dine in,POS 2,Route 98 - Minimart,Owner,,,,Closed
27/09/2026 21:13,2-1497,Sale,,98000110,MIGHTY PULA  STICK,,,2.000,20.00,0.00,20.00,16.04,3.96,0.00,Dine in,POS 2,Route 98 - Minimart,Owner,,,,Closed
27/09/2026 21:02,2-1496,Sale,ICE,10299,ICE CUBE 2KG,,,1.000,35.00,0.00,35.00,24.00,11.00,0.00,Dine in,POS 2,Route 98 - Minimart,Owner,,,,Closed
27/09/2026 20:46,2-1495,Sale,ESSENTIAL OILS,10002,OMEGA30,,,1.000,41.00,0.00,41.00,0.00,41.00,0.00,Dine in,POS 2,Route 98 - Minimart,Owner,,,,Closed
27/09/2026 20:42,2-1494,Sale,DRINKS,10109,COCA COLA 190ML,,,1.000,15.00,0.00,15.00,11.00,4.00,0.00,Dine in,POS 2,Route 98 - Minimart,Owner,,,,Closed
27/09/2026 20:42,2-1494,Sale,DRINKS,98000051,C2 GREEN TEA APPLE 335ML,,,2.000,57.50,0.00,57.50,44.16,13.34,0.00,Dine in,POS 2,Route 98 - Minimart,Owner,,,,Closed
27/09/2026 20:24,2-1493,Sale,DRINKS,98000075,RED HORSE SUPER,,,1.000,155.00,0.00,155.00,135.00,20.00,0.00,Dine in,POS 2,Route 98 - Minimart,Owner,,,,Closed
27/09/2026 20:24,2-1493,Sale,,98000110,MIGHTY PULA  STICK,,,2.000,20.00,0.00,20.00,16.04,3.96,0.00,Dine in,POS 2,Route 98 - Minimart,Owner,,,,Closed
27/09/2026 20:24,2-1493,Sale,SNACKS,10401,MARTY'S CRACKLINGS CHICK INSL 90G,,,1.000,28.50,0.00,28.50,21.90,6.60,0.00,Dine in,POS 2,Route 98 - Minimart,Owner,,,,Closed
27/09/2026 20:17,2-1492,Sale,,10235,"#misc",,,1.000,135.00,0.00,135.00,0.00,135.00,0.00,Dine in,POS 2,Route 98 - Minimart,Owner,,,,Closed
27/09/2026 20:16,2-1491,Sale,,98000110,MIGHTY PULA  STICK,,,7.000,70.00,0.00,70.00,56.14,13.86,0.00,Dine in,POS 2,Route 98 - Minimart,Owner,,,,Closed
27/09/2026 19:26,2-1490,Sale,DRINKS,10119,VINO KULAFU 350,,,1.000,50.00,0.00,50.00,44.00,6.00,0.00,Dine in,POS 2,Route 98 - Minimart,Owner,,,,Closed
27/09/2026 19:26,2-1490,Sale,,98000110,MIGHTY PULA  STICK,,,2.000,20.00,0.00,20.00,16.04,3.96,0.00,Dine in,POS 2,Route 98 - Minimart,Owner,,,,Closed
27/09/2026 19:23,2-1489,Sale,,98000110,MIGHTY PULA  STICK,,,1.000,10.00,0.00,10.00,8.02,1.98,0.00,Dine in,POS 2,Route 98 - Minimart,Owner,,,,Closed
27/09/2026 19:22,2-1488,Sale,FOOD,10458,LUCKY ME PC SWEET&SPICY KASALO PACK,,,2.000,50.00,0.00,50.00,38.50,11.50,0.00,Dine in,POS 2,Route 98 - Minimart,Owner,,,,Closed
27/09/2026 19:19,2-1487,Sale,DRINKS,10084,RED HORSE LITRO,,,2.000,290.00,0.00,290.00,240.00,50.00,0.00,Dine in,POS 2,Route 98 - Minimart,Owner,,,,Closed
27/09/2026 18:59,2-1486,Sale,SNACKS,98000148,CHOCOMUCHO  COKIES &  CREAM,,,1.000,15.00,0.00,15.00,9.40,5.60,0.00,Dine in,POS 2,Route 98 - Minimart,Owner,,,,Closed
27/09/2026 18:49,2-1485,Sale,ICE,10298,ICE CUBE 1KG,,,1.000,25.00,0.00,25.00,13.00,12.00,0.00,Dine in,POS 2,Route 98 - Minimart,Owner,,,,Closed
27/09/2026 18:49,2-1485,Sale,SNACKS,98000057,NOVA HOMESTYLE BBQ 38G,,,2.000,36.50,0.00,36.50,28.00,8.50,0.00,Dine in,POS 2,Route 98 - Minimart,Owner,,,,Closed
27/09/2026 18:35,2-1484,Sale,DRINKS,10119,VINO KULAFU 350,,,2.000,100.00,0.00,100.00,88.00,12.00,0.00,Dine in,POS 2,Route 98 - Minimart,Owner,,,,Closed
27/09/2026 18:28,2-1483,Sale,FOOD,10175,KOPIKO BLANCA 2PK,,,1.000,16.98,0.00,16.98,13.40,3.58,0.00,Dine in,POS 2,Route 98 - Minimart,Owner,,,,Closed
27/09/2026 18:27,2-1482,Sale,,98000116,WINSTON WHITE STICK,,,2.000,24.00,0.00,24.00,19.84,4.16,0.00,Dine in,POS 2,Route 98 - Minimart,Owner,,,,Closed
27/09/2026 18:15,2-1481,Sale,ICE,10298,ICE CUBE 1KG,,,1.000,25.00,0.00,25.00,13.00,12.00,0.00,Dine in,POS 2,Route 98 - Minimart,Owner,,,,Closed
27/09/2026 18:13,2-1480,Sale,HOME ESSENTIALS,10248,SAFEGUARD EXTRA STRONG COOLING,,,1.000,25.98,0.00,25.98,19.50,6.48,0.00,Dine in,POS 2,Route 98 - Minimart,Owner,,,,Closed
27/09/2026 18:12,2-1479,Sale,,98000118,WINSTON WHITE KAHA,,,1.000,220.00,0.00,220.00,184.00,36.00,0.00,Dine in,POS 2,Route 98 - Minimart,Owner,,,,Closed
27/09/2026 17:28,2-1478,Sale,FOOD,10332,LEMON SQUARE LAVA CAKE,,,1.000,9.98,0.00,9.98,7.80,2.18,0.00,Dine in,POS 2,Route 98 - Minimart,Owner,,,,Closed
27/09/2026 16:40,2-1477,Sale,SNACKS,10142,OISHI PRAWN CRACKERS SPICY 24G,,,1.000,9.00,0.00,9.00,7.50,1.50,0.00,Dine in,POS 2,Route 98 - Minimart,Owner,,,,Closed
27/09/2026 16:39,2-1476,Sale,SNACKS,10246,VCUT SPICY BARBEQUE 60G,,,1.000,41.50,0.00,41.50,31.95,9.55,0.00,Dine in,POS 2,Route 98 - Minimart,Owner,,,,Closed
27/09/2026 16:39,2-1476,Sale,SNACKS,10218,MR CHIPS NACHO CHEESE 98G,,,1.000,25.50,0.00,25.50,19.50,6.00,0.00,Dine in,POS 2,Route 98 - Minimart,Owner,,,,Closed
27/09/2026 16:39,2-1476,Sale,SNACKS,10216,MANG JUAN SUKANG PAOMBONG 90G,,,1.000,29.75,0.00,29.75,22.50,7.25,0.00,Dine in,POS 2,Route 98 - Minimart,Owner,,,,Closed
27/09/2026 16:39,2-1476,Sale,DRINKS,10107,COCA COLA 290ML,,,1.000,20.00,0.00,20.00,16.50,3.50,0.00,Dine in,POS 2,Route 98 - Minimart,Owner,,,,Closed
27/09/2026 16:39,2-1476,Sale,DRINKS,98000135,DELIGHT PROBIOTIC 400ML,,,2.000,120.00,0.00,120.00,96.00,24.00,0.00,Dine in,POS 2,Route 98 - Minimart,Owner,,,,Closed
27/09/2026 16:39,2-1476,Sale,DRINKS,10188,NATURE'S SPRING PURE 1000ML,,,1.000,25.00,0.00,25.00,14.26,10.74,0.00,Dine in,POS 2,Route 98 - Minimart,Owner,,,,Closed
27/09/2026 16:39,2-1476,Sale,SNACKS,10396,TATTOOS CORN TUBE PIZZA 60G,,,1.000,14.98,0.00,14.98,10.90,4.08,0.00,Dine in,POS 2,Route 98 - Minimart,Owner,,,,Closed
27/09/2026 16:30,2-1475,Sale,SNACKS,98000121,PRESTO PEANUT BUTTER,,,1.000,10.00,0.00,10.00,6.45,3.55,0.00,Dine in,POS 2,Route 98 - Minimart,Owner,,,,Closed
27/09/2026 16:28,2-1474,Sale,DRINKS,98000135,DELIGHT PROBIOTIC 400ML,,,2.000,120.00,0.00,120.00,96.00,24.00,0.00,Dine in,POS 2,Route 98 - Minimart,Owner,,,,Closed
27/09/2026 16:24,2-1473,Sale,DRINKS,10119,VINO KULAFU 350,,,1.000,50.00,0.00,50.00,44.00,6.00,0.00,Dine in,POS 2,Route 98 - Minimart,Owner,,,,Closed
27/09/2026 16:19,2-1472,Sale,DRINKS,10438,NATURE'S SPRING DISTILLED 500ML,,,2.000,36.00,0.00,36.00,19.88,16.12,0.00,Dine in,POS 2,Route 98 - Minimart,Owner,,,,Closed
27/09/2026 15:51,2-1471,Sale,DRINKS,10113,NUTRIBOOST STRWBRRY 110,,,1.000,15.00,0.00,15.00,0.00,15.00,0.00,Dine in,POS 2,Route 98 - Minimart,Owner,,,,Closed
27/09/2026 15:51,2-1471,Sale,DRINKS,10117,ROYAL 190,,,2.000,30.00,0.00,30.00,0.00,30.00,0.00,Dine in,POS 2,Route 98 - Minimart,Owner,,,,Closed
27/09/2026 15:41,2-1470,Sale,,98000110,MIGHTY PULA  STICK,,,1.000,10.00,0.00,10.00,8.02,1.98,0.00,Dine in,POS 2,Route 98 - Minimart,Owner,,,,Closed
27/09/2026 15:25,2-1469,Sale,,98000110,MIGHTY PULA  STICK,,,1.000,10.00,0.00,10.00,8.02,1.98,0.00,Dine in,POS 2,Route 98 - Minimart,Owner,,,,Closed
27/09/2026 15:20,2-1468,Sale,DRINKS,98000135,DELIGHT PROBIOTIC 400ML,,,3.000,180.00,0.00,180.00,144.00,36.00,0.00,Dine in,POS 2,Route 98 - Minimart,Owner,,,,Closed
27/09/2026 15:20,2-1468,Sale,SNACKS,10404,OISHI FISH CRACKERS 90G,,,1.000,33.50,0.00,33.50,25.65,7.85,0.00,Dine in,POS 2,Route 98 - Minimart,Owner,,,,Closed
27/09/2026 15:20,2-1468,Sale,ICE CREAM 🍦,10282,NOBRELLI CHOCO-MANGGA-UBE 1.3L,,,1.000,210.98,0.00,210.98,168.00,42.98,0.00,Dine in,POS 2,Route 98 - Minimart,Owner,,,,Closed
27/09/2026 15:20,2-1468,Sale,ICE CREAM 🍦,10287,NESTLE 2in1 ALMOND BROWNIE FUDGE& COOKIES 750ML,,,1.000,209.98,0.00,209.98,168.00,41.98,0.00,Dine in,POS 2,Route 98 - Minimart,Owner,,,,Closed
27/09/2026 15:20,2-1468,Sale,SNACKS,10216,MANG JUAN SUKANG PAOMBONG 90G,,,1.000,29.75,0.00,29.75,22.50,7.25,0.00,Dine in,POS 2,Route 98 - Minimart,Owner,,,,Closed
27/09/2026 15:14,2-1467,Sale,SNACKS,98000133,DINGDONG MIX NUTS REAL GARLIC 100G,,,1.000,31.00,0.00,31.00,24.00,7.00,0.00,Dine in,POS 2,Route 98 - Minimart,Owner,,,,Closed
27/09/2026 15:14,2-1467,Sale,Cleaning/Laundry Supplies,10010,ZONROX ORIG 1L,,,1.000,62.00,0.00,62.00,0.00,62.00,0.00,Dine in,POS 2,Route 98 - Minimart,Owner,,,,Closed
27/09/2026 15:14,2-1467,Sale,DRINKS,98000108,VITAMILK(DOUBLECHOCO) 300ML,,,2.000,70.00,0.00,70.00,59.00,11.00,0.00,Dine in,POS 2,Route 98 - Minimart,Owner,,,,Closed
27/09/2026 15:14,2-1467,Sale,DRINKS,980000039,TANDUAY SELECT 700ML,,,1.000,155.00,0.00,155.00,138.59,16.41,0.00,Dine in,POS 2,Route 98 - Minimart,Owner,,,,Closed
27/09/2026 15:14,2-1467,Sale,DRINKS,98000046,COCA COLA 1.75L,,,2.000,169.50,0.00,169.50,123.34,46.16,0.00,Dine in,POS 2,Route 98 - Minimart,Owner,,,,Closed
27/09/2026 15:14,2-1467,Sale,DRINKS,10383,ROYAL 1.75L,,,2.000,169.50,0.00,169.50,123.34,46.16,0.00,Dine in,POS 2,Route 98 - Minimart,Owner,,,,Closed
27/09/2026 15:14,2-1467,Sale,DRINKS,98000119,SPRITE 1.75L,,,1.000,84.75,0.00,84.75,61.67,23.08,0.00,Dine in,POS 2,Route 98 - Minimart,Owner,,,,Closed
27/09/2026 15:14,2-1467,Sale,SNACKS,10396,TATTOOS CORN TUBE PIZZA 60G,,,3.000,44.94,0.00,44.94,32.70,12.24,0.00,Dine in,POS 2,Route 98 - Minimart,Owner,,,,Closed
27/09/2026 15:14,2-1467,Sale,,10432,DAILY SCENT 50ML,,,1.000,56.00,0.00,56.00,0.00,56.00,0.00,Dine in,POS 2,Route 98 - Minimart,Owner,,,,Closed
27/09/2026 15:14,2-1467,Sale,SNACKS,98000071,MANG JUAN SUKAT SILI 26G,,,1.000,12.25,0.00,12.25,6.30,5.95,0.00,Dine in,POS 2,Route 98 - Minimart,Owner,,,,Closed
27/09/2026 15:14,2-1467,Sale,ICE CREAM 🍦,10381,CREAMLINE COOLERS CHOCOLATE 50ML,,,2.000,28.00,0.00,28.00,19.80,8.20,0.00,Dine in,POS 2,Route 98 - Minimart,Owner,,,,Closed
27/09/2026 15:14,2-1467,Sale,ICE CREAM 🍦,10371,CREAMLINE COOLERS MELON 70ML,,,3.000,42.00,0.00,42.00,29.70,12.30,0.00,Dine in,POS 2,Route 98 - Minimart,Owner,,,,Closed
27/09/2026 15:14,2-1467,Sale,ICE CREAM 🍦,10354,CREAMLINE COOLERS MANGO 70ML,,,1.000,14.00,0.00,14.00,9.90,4.10,0.00,Dine in,POS 2,Route 98 - Minimart,Owner,,,,Closed
27/09/2026 15:14,2-1467,Sale,ICE CREAM 🍦,10352,CREAMLINE COOLERS STRAWBERRY 50ML,,,3.000,42.00,0.00,42.00,29.70,12.30,0.00,Dine in,POS 2,Route 98 - Minimart,Owner,,,,Closed
27/09/2026 15:14,2-1467,Sale,ICE CREAM 🍦,10362,CREAMLINE MILKY POP LOLLY MILK CHOCO 60ML,,,1.000,15.00,0.00,15.00,9.88,5.12,0.00,Dine in,POS 2,Route 98 - Minimart,Owner,,,,Closed
27/09/2026 15:14,2-1467,Sale,SNACKS,98000068,FUN SIZE! PIATTOS CHEESE 18G,,,1.000,10.50,0.00,10.50,6.66,3.84,0.00,Dine in,POS 2,Route 98 - Minimart,Owner,,,,Closed
27/09/2026 15:05,2-1466,Sale,ICE,10298,ICE CUBE 1KG,,,4.000,100.00,0.00,100.00,52.00,48.00,0.00,Dine in,POS 2,Route 98 - Minimart,Owner,,,,Closed
27/09/2026 15:03,2-1465,Sale,ICE,10298,ICE CUBE 1KG,,,1.000,25.00,0.00,25.00,13.00,12.00,0.00,Dine in,POS 2,Route 98 - Minimart,Owner,,,,Closed
27/09/2026 15:02,2-1464,Sale,,98000110,MIGHTY PULA  STICK,,,5.000,50.00,0.00,50.00,40.10,9.90,0.00,Dine in,POS 2,Route 98 - Minimart,Owner,,,,Closed
27/09/2026 14:48,2-1463,Sale,DRINKS,98000046,COCA COLA 1.75L,,,1.000,84.75,0.00,84.75,61.67,23.08,0.00,Dine in,POS 2,Route 98 - Minimart,Owner,,,,Closed
27/09/2026 14:48,2-1463,Sale,CIGARETTE,98000117,WINSTON RED STICK,,,5.000,60.00,0.00,60.00,45.50,14.50,0.00,Dine in,POS 2,Route 98 - Minimart,Owner,,,,Closed
27/09/2026 14:48,2-1463,Sale,SNACKS,98000057,NOVA HOMESTYLE BBQ 38G,,,1.000,18.25,0.00,18.25,14.00,4.25,0.00,Dine in,POS 2,Route 98 - Minimart,Owner,,,,Closed
27/09/2026 14:48,2-1463,Sale,,98000110,MIGHTY PULA  STICK,,,1.000,10.00,0.00,10.00,8.02,1.98,0.00,Dine in,POS 2,Route 98 - Minimart,Owner,,,,Closed
27/09/2026 14:33,2-1462,Sale,DRINKS,10113,NUTRIBOOST STRWBRRY 110,,,1.000,15.00,0.00,15.00,0.00,15.00,0.00,Dine in,POS 2,Route 98 - Minimart,Owner,,,,Closed
27/09/2026 14:20,2-1461,Sale,ICE CREAM 🍦,10359,CREAMLINE PINOY CLASSIC MANGGO 60ML,,,1.000,20.00,0.00,20.00,13.30,6.70,0.00,Dine in,POS 2,Route 98 - Minimart,Owner,,,,Closed
27/09/2026 14:20,2-1461,Sale,ICE CREAM 🍦,10344,CREAMLINE PINIPIG CHOCOLATE 70ML,,,1.000,20.00,0.00,20.00,16.15,3.85,0.00,Dine in,POS 2,Route 98 - Minimart,Owner,,,,Closed
27/09/2026 14:17,2-1460,Sale,DRINKS,98000053,C2 SOLO LEMON 230ML,,,1.000,17.00,0.00,17.00,15.32,1.68,0.00,Dine in,POS 2,Route 98 - Minimart,Owner,,,,Closed
27/09/2026 14:07,2-1459,Sale,,10488,NATURE'S SPRING PH9 ALKALINE 1000ML,,,1.000,35.00,0.00,35.00,19.34,15.66,0.00,Dine in,POS 2,Route 98 - Minimart,Owner,,,,Closed
27/09/2026 14:07,2-1459,Sale,DRINKS,98000135,DELIGHT PROBIOTIC 400ML,,,2.000,120.00,0.00,120.00,96.00,24.00,0.00,Dine in,POS 2,Route 98 - Minimart,Owner,,,,Closed
27/09/2026 13:52,2-1458,Sale,SNACKS,10216,MANG JUAN SUKANG PAOMBONG 90G,,,1.000,29.75,0.00,29.75,22.50,7.25,0.00,Dine in,POS 2,Route 98 - Minimart,Owner,,,,Closed
27/09/2026 13:42,2-1457,Sale,ICE,10298,ICE CUBE 1KG,,,5.000,125.00,0.00,125.00,65.00,60.00,0.00,Dine in,POS 2,Route 98 - Minimart,Owner,,,,Closed
27/09/2026 13:36,2-1456,Sale,SNACKS,10231,CLOUD 9 CLASSIC,,,4.000,40.00,0.00,40.00,25.40,14.60,0.00,Dine in,POS 2,Route 98 - Minimart,Owner,,,,Closed
27/09/2026 12:43,2-1455,Sale,DRINKS,10438,NATURE'S SPRING DISTILLED 500ML,,,7.000,126.00,0.00,126.00,69.58,56.42,0.00,Dine in,POS 2,Route 98 - Minimart,Owner,,,,Closed
27/09/2026 12:43,2-1455,Sale,,10384,PREMIER PURIFIED WATER 500ML,,,8.000,120.00,0.00,120.00,77.36,42.64,0.00,Dine in,POS 2,Route 98 - Minimart,Owner,,,,Closed
27/09/2026 12:37,2-1454,Sale,DRINKS,10253,STING 290ML,,,1.000,25.00,0.00,25.00,16.75,8.25,0.00,Dine in,POS 2,Route 98 - Minimart,Owner,,,,Closed
27/09/2026 12:37,2-1454,Sale,,98000110,MIGHTY PULA  STICK,,,1.000,10.00,0.00,10.00,8.02,1.98,0.00,Dine in,POS 2,Route 98 - Minimart,Owner,,,,Closed
27/09/2026 12:33,2-1453,Sale,DRINKS,10437,NATURE'S SPRING PURE 500ML,,,13.000,195.00,0.00,195.00,117.78,77.22,0.00,Dine in,POS 2,Route 98 - Minimart,Owner,,,,Closed
27/09/2026 12:33,2-1453,Sale,DRINKS,10438,NATURE'S SPRING DISTILLED 500ML,,,2.000,36.00,0.00,36.00,19.88,16.12,0.00,Dine in,POS 2,Route 98 - Minimart,Owner,,,,Closed
27/09/2026 12:19,2-1452,Sale,FOOD,10233,LA MIA TUNA AFRTDA,,,1.000,38.00,0.00,38.00,33.18,4.82,0.00,Dine in,POS 2,Route 98 - Minimart,Owner,,,,Closed
27/09/2026 12:03,2-1451,Sale,,98000110,MIGHTY PULA  STICK,,,1.000,10.00,0.00,10.00,8.02,1.98,0.00,Dine in,POS 2,Route 98 - Minimart,Owner,,,,Closed
27/09/2026 11:06,2-1450,Sale,,98000110,MIGHTY PULA  STICK,,,1.000,10.00,0.00,10.00,8.02,1.98,0.00,Dine in,POS 2,Route 98 - Minimart,Owner,,,,Closed
27/09/2026 10:56,2-1449,Sale,DRINKS,10253,STING 290ML,,,1.000,25.00,0.00,25.00,16.75,8.25,0.00,Dine in,POS 2,Route 98 - Minimart,Owner,,,,Closed
27/09/2026 10:56,2-1449,Sale,SNACKS,10144,CHIPPY CHILI CHEESE 25G,,,1.000,9.75,0.00,9.75,6.30,3.45,0.00,Dine in,POS 2,Route 98 - Minimart,Owner,,,,Closed
27/09/2026 10:36,2-1448,Sale,DRINKS,98000051,C2 GREEN TEA APPLE 335ML,,,1.000,28.75,0.00,28.75,22.08,6.67,0.00,Dine in,POS 2,Route 98 - Minimart,Owner,,,,Closed
27/09/2026 10:36,2-1448,Sale,SNACKS,10266,CHIZ CURLS 18G,,,2.000,19.50,0.00,19.50,14.50,5.00,0.00,Dine in,POS 2,Route 98 - Minimart,Owner,,,,Closed
27/09/2026 10:08,2-1447,Sale,,98000110,MIGHTY PULA  STICK,,,3.000,30.00,0.00,30.00,24.06,5.94,0.00,Dine in,POS 2,Route 98 - Minimart,Owner,,,,Closed
27/09/2026 10:05,2-1446,Sale,SNACKS,10400,OISHI PRAWN CRACKERS 60G,,,1.000,22.75,0.00,22.75,17.45,5.30,0.00,Dine in,POS 2,Route 98 - Minimart,Owner,,,,Closed
27/09/2026 10:05,2-1446,Sale,SNACKS,98000072,FISH CRACKERS 24G,,,1.000,10.00,0.00,10.00,6.80,3.20,0.00,Dine in,POS 2,Route 98 - Minimart,Owner,,,,Closed
27/09/2026 10:05,2-1446,Sale,SNACKS,10146,CRISPY PATATA 24G,,,1.000,9.98,0.00,9.98,7.75,2.23,0.00,Dine in,POS 2,Route 98 - Minimart,Owner,,,,Closed
27/09/2026 10:04,2-1445,Sale,DRINKS,10117,ROYAL 190,,,1.000,15.00,0.00,15.00,0.00,15.00,0.00,Dine in,POS 2,Route 98 - Minimart,Owner,,,,Closed
27/09/2026 10:04,2-1445,Sale,DRINKS,10486,COCA COLA 1L BOTTLE,,,1.000,55.00,0.00,55.00,33.50,21.50,0.00,Dine in,POS 2,Route 98 - Minimart,Owner,,,,Closed
27/09/2026 10:04,2-1445,Sale,DRINKS,98000108,VITAMILK(DOUBLECHOCO) 300ML,,,1.000,35.00,0.00,35.00,29.50,5.50,0.00,Dine in,POS 2,Route 98 - Minimart,Owner,,,,Closed
27/09/2026 02:03,2-1444,Sale,SNACKS,98000064,PIATTOS ROADHOUSE BBQ 40G,,,2.000,37.00,0.00,37.00,27.60,9.40,0.00,Dine in,POS 2,Route 98 - Minimart,Owner,,,,Closed
27/09/2026 02:03,2-1444,Sale,DRINKS,10084,RED HORSE LITRO,,,1.000,145.00,0.00,145.00,120.00,25.00,0.00,Dine in,POS 2,Route 98 - Minimart,Owner,,,,Closed
27/09/2026 01:54,2-1443,Sale,FOOD,10332,LEMON SQUARE LAVA CAKE,,,1.000,9.98,0.00,9.98,7.80,2.18,0.00,Dine in,POS 2,Route 98 - Minimart,Owner,,,,Closed
27/09/2026 01:54,2-1443,Sale,FOOD,10330,LEMON SQUARE CHEESE CAKE,,,1.000,11.98,0.00,11.98,7.70,4.28,0.00,Dine in,POS 2,Route 98 - Minimart,Owner,,,,Closed
27/09/2026 01:53,2-1442,Sale,DRINKS,98000046,COCA COLA 1.75L,,,1.000,84.75,0.00,84.75,61.67,23.08,0.00,Dine in,POS 2,Route 98 - Minimart,Owner,,,,Closed
27/09/2026 01:44,2-1441,Sale,DRINKS,10084,RED HORSE LITRO,,,1.000,145.00,0.00,145.00,120.00,25.00,0.00,Dine in,POS 2,Route 98 - Minimart,Owner,,,,Closed
27/09/2026 01:39,2-1440,Sale,CIGARETTE,98000117,WINSTON RED STICK,,,2.000,24.00,0.00,24.00,18.20,5.80,0.00,Dine in,POS 2,Route 98 - Minimart,Owner,,,,Closed
27/09/2026 01:33,2-1439,Sale,DRINKS,10107,COCA COLA 290ML,,,1.000,20.00,0.00,20.00,16.50,3.50,0.00,Dine in,POS 2,Route 98 - Minimart,Owner,,,,Closed
27/09/2026 01:17,2-1438,Sale,DRINKS,10441,NESTLE FRESH MILK 250ML,,,1.000,50.00,0.00,50.00,39.55,10.45,0.00,Dine in,POS 2,Route 98 - Minimart,Owner,,,,Closed
27/09/2026 01:16,2-1437,Sale,,10488,NATURE'S SPRING PH9 ALKALINE 1000ML,,,1.000,35.00,0.00,35.00,19.34,15.66,0.00,Dine in,POS 2,Route 98 - Minimart,Owner,,,,Closed
27/09/2026 01:15,2-1436,Sale,DRINKS,10119,VINO KULAFU 350,,,1.000,50.00,0.00,50.00,44.00,6.00,0.00,Dine in,POS 2,Route 98 - Minimart,Owner,,,,Closed
27/09/2026 01:15,2-1435,Sale,DRINKS,10084,RED HORSE LITRO,,,1.000,145.00,0.00,145.00,120.00,25.00,0.00,Dine in,POS 2,Route 98 - Minimart,Owner,,,,Closed
27/09/2026 00:37,2-1434,Sale,SNACKS,10227,PIATTOS ROADHOUSE BBQ 85G,,,1.000,38.50,0.00,38.50,33.22,5.28,0.00,Dine in,POS 2,Route 98 - Minimart,Owner,,,,Closed
27/09/2026 00:34,2-1433,Sale,,98000114,CAMEL PREMIUM TABACCOS STICK,,,5.000,50.00,0.00,50.00,36.25,13.75,0.00,Dine in,POS 2,Route 98 - Minimart,Owner,,,,Closed
27/09/2026 00:34,2-1433,Sale,,98000112,MIGHTY PUTI STICK,,,2.000,20.00,0.00,20.00,16.04,3.96,0.00,Dine in,POS 2,Route 98 - Minimart,Owner,,,,Closed
27/09/2026 00:34,2-1433,Sale,CIGARETTE,98000117,WINSTON RED STICK,,,2.000,24.00,0.00,24.00,18.20,5.80,0.00,Dine in,POS 2,Route 98 - Minimart,Owner,,,,Closed
27/09/2026 00:32,2-1432,Sale,DRINKS,10084,RED HORSE LITRO,,,1.000,145.00,0.00,145.00,120.00,25.00,0.00,Dine in,POS 2,Route 98 - Minimart,Owner,,,,Closed
27/09/2026 00:17,2-1431,Sale,ICE CREAM 🍦,10365,CREAMLINE SUNDAE CHOCOLATE120ML,,,1.000,25.00,0.00,25.00,15.85,9.15,0.00,Dine in,POS 2,Route 98 - Minimart,Owner,,,,Closed
27/09/2026 00:16,2-1430,Sale,DRINKS,10084,RED HORSE LITRO,,,1.000,145.00,0.00,145.00,120.00,25.00,0.00,Dine in,POS 2,Route 98 - Minimart,Owner,,,,Closed
27/09/2026 00:09,2-1429,Sale,SNACKS,10215,MANG JUAN SUKAT SILI 90G,,,1.000,29.75,0.00,29.75,22.50,7.25,0.00,Dine in,POS 2,Route 98 - Minimart,Owner,,,,Closed
27/09/2026 00:09,2-1429,Sale,SNACKS,98000132,DINGDONG HOT& SPICY 100G,,,1.000,35.00,0.00,35.00,27.00,8.00,0.00,Dine in,POS 2,Route 98 - Minimart,Owner,,,,Closed
27/09/2026 00:09,2-1429,Sale,SNACKS,10130,OISHI CRACKLINGS,,,1.000,10.00,0.00,10.00,6.75,3.25,0.00,Dine in,POS 2,Route 98 - Minimart,Owner,,,,Closed
27/09/2026 00:09,2-1429,Sale,ICE,10299,ICE CUBE 2KG,,,1.000,35.00,0.00,35.00,24.00,11.00,0.00,Dine in,POS 2,Route 98 - Minimart,Owner,,,,Closed
27/09/2026 00:09,2-1429,Sale,SNACKS,98000065,CHIPPY CHILI & CHEESE 108G,,,1.000,28.75,0.00,28.75,21.35,7.40,0.00,Dine in,POS 2,Route 98 - Minimart,Owner,,,,Closed
26/09/2026 23:52,2-1428,Sale,SNACKS,10410,HAPPY NUTS SWEET CHILI 5G,,,15.000,30.00,0.00,30.00,16.50,13.50,0.00,Dine in,POS 2,Route 98 - Minimart,Owner,,,,Closed
26/09/2026 23:46,2-1427,Sale,ICE CREAM 🍦,10344,CREAMLINE PINIPIG CHOCOLATE 70ML,,,1.000,20.00,0.00,20.00,16.15,3.85,0.00,Dine in,POS 2,Route 98 - Minimart,Owner,,,,Closed
26/09/2026 23:44,2-1426,Sale,DRINKS,10084,RED HORSE LITRO,,,1.000,145.00,0.00,145.00,120.00,25.00,0.00,Dine in,POS 2,Route 98 - Minimart,Owner,,,,Closed
26/09/2026 23:41,2-1425,Sale,ICE CREAM 🍦,10366,CREAMLINE SUNDAE CARAMEL 120ML,,,1.000,25.00,0.00,25.00,15.85,9.15,0.00,Dine in,POS 2,Route 98 - Minimart,Owner,,,,Closed
26/09/2026 23:22,2-1424,Sale,CIGARETTE,98000117,WINSTON RED STICK,,,2.000,24.00,0.00,24.00,18.20,5.80,0.00,Dine in,POS 2,Route 98 - Minimart,Owner,,,,Closed
26/09/2026 23:14,2-1423,Sale,DRINKS,10084,RED HORSE LITRO,,,1.000,145.00,0.00,145.00,120.00,25.00,0.00,Dine in,POS 2,Route 98 - Minimart,Owner,,,,Closed
26/09/2026 23:14,2-1423,Sale,,10235,"#misc",,,1.000,3.00,0.00,3.00,0.00,3.00,0.00,Dine in,POS 2,Route 98 - Minimart,Owner,,,,Closed
26/09/2026 23:14,2-1423,Sale,CIGARETTE,98000117,WINSTON RED STICK,,,4.000,48.00,0.00,48.00,36.40,11.60,0.00,Dine in,POS 2,Route 98 - Minimart,Owner,,,,Closed
26/09/2026 23:12,2-1422,Sale,SNACKS,10215,MANG JUAN SUKAT SILI 90G,,,1.000,29.75,0.00,29.75,22.50,7.25,0.00,Dine in,POS 2,Route 98 - Minimart,Owner,,,,Closed
26/09/2026 23:12,2-1422,Sale,,10197,CHICK BOY TEXAS BBQ 30G,,,1.000,11.98,0.00,11.98,10.00,1.98,0.00,Dine in,POS 2,Route 98 - Minimart,Owner,,,,Closed
26/09/2026 23:12,2-1422,Sale,DRINKS,10084,RED HORSE LITRO,,,1.000,145.00,0.00,145.00,120.00,25.00,0.00,Dine in,POS 2,Route 98 - Minimart,Owner,,,,Closed
26/09/2026 23:11,2-1421,Sale,DRINKS,98000108,VITAMILK(DOUBLECHOCO) 300ML,,,1.000,35.00,0.00,35.00,29.50,5.50,0.00,Dine in,POS 2,Route 98 - Minimart,Owner,,,,Closed
26/09/2026 23:10,2-1420,Sale,,98000115,WINSTON RED KAHA,,,1.000,215.00,0.00,215.00,184.00,31.00,0.00,Dine in,POS 2,Route 98 - Minimart,Owner,,,,Closed
26/09/2026 23:00,2-1419,Sale,DRINKS,10188,NATURE'S SPRING PURE 1000ML,,,1.000,25.00,0.00,25.00,14.26,10.74,0.00,Dine in,POS 2,Route 98 - Minimart,Owner,,,,Closed
26/09/2026 23:00,2-1419,Sale,ICE CREAM 🍦,10344,CREAMLINE PINIPIG CHOCOLATE 70ML,,,1.000,20.00,0.00,20.00,16.15,3.85,0.00,Dine in,POS 2,Route 98 - Minimart,Owner,,,,Closed
26/09/2026 22:43,2-1418,Sale,,98000110,MIGHTY PULA  STICK,,,3.000,30.00,0.00,30.00,24.06,5.94,0.00,Dine in,POS 2,Route 98 - Minimart,Owner,,,,Closed
26/09/2026 22:30,2-1417,Sale,CIGARETTE,98000117,WINSTON RED STICK,,,2.000,24.00,0.00,24.00,18.20,5.80,0.00,Dine in,POS 2,Route 98 - Minimart,Owner,,,,Closed
26/09/2026 22:29,2-1416,Sale,DRINKS,10119,VINO KULAFU 350,,,1.000,50.00,0.00,50.00,44.00,6.00,0.00,Dine in,POS 2,Route 98 - Minimart,Owner,,,,Closed
26/09/2026 22:29,2-1416,Sale,,98000110,MIGHTY PULA  STICK,,,2.000,20.00,0.00,20.00,16.04,3.96,0.00,Dine in,POS 2,Route 98 - Minimart,Owner,,,,Closed
26/09/2026 22:26,2-1415,Sale,DRINKS,10129,C2 SOLO APPLE 230ML,,,1.000,17.00,0.00,17.00,11.79,5.21,0.00,Dine in,POS 2,Route 98 - Minimart,Owner,,,,Closed
26/09/2026 22:04,2-1414,Sale,SNACKS,10411,RED CHILI CORN CHIPS 7G,,,12.000,24.00,0.00,24.00,15.00,9.00,0.00,Dine in,POS 2,Route 98 - Minimart,Owner,,,,Closed
26/09/2026 22:04,2-1414,Sale,SNACKS,10413,SUPER BAWANG 5G,,,12.000,24.00,0.00,24.00,11.76,12.24,0.00,Dine in,POS 2,Route 98 - Minimart,Owner,,,,Closed
26/09/2026 22:04,2-1414,Sale,SNACKS,98000133,DINGDONG MIX NUTS REAL GARLIC 100G,,,2.000,62.00,0.00,62.00,48.00,14.00,0.00,Dine in,POS 2,Route 98 - Minimart,Owner,,,,Closed
26/09/2026 22:04,2-1414,Sale,DRINKS,10439,NATURE'S SPRING DISTILLED 1000ML,,,4.000,112.00,0.00,112.00,65.72,46.28,0.00,Dine in,POS 2,Route 98 - Minimart,Owner,,,,Closed
26/09/2026 21:59,2-1413,Sale,,10431,MAXX CANDY,,,1.000,5.00,0.00,5.00,0.83,4.17,0.00,Dine in,POS 2,Route 98 - Minimart,Owner,,,,Closed
26/09/2026 21:58,2-1412,Sale,,98000112,MIGHTY PUTI STICK,,,2.000,20.00,0.00,20.00,16.04,3.96,0.00,Dine in,POS 2,Route 98 - Minimart,Owner,,,,Closed
26/09/2026 21:49,2-1411,Sale,DRINKS,10239,MOUNTAIN DEW (290ML),,,1.000,20.00,0.00,20.00,16.35,3.65,0.00,Dine in,POS 2,Route 98 - Minimart,Owner,,,,Closed
26/09/2026 21:39,2-1410,Sale,CIGARETTE,98000117,WINSTON RED STICK,,,3.000,36.00,0.00,36.00,27.30,8.70,0.00,Dine in,POS 2,Route 98 - Minimart,Owner,,,,Closed
26/09/2026 21:39,2-1410,Sale,DRINKS,10119,VINO KULAFU 350,,,1.000,50.00,0.00,50.00,44.00,6.00,0.00,Dine in,POS 2,Route 98 - Minimart,Owner,,,,Closed
26/09/2026 21:33,2-1409,Sale,SNACKS,10142,OISHI PRAWN CRACKERS SPICY 24G,,,1.000,9.00,0.00,9.00,7.50,1.50,0.00,Dine in,POS 2,Route 98 - Minimart,Owner,,,,Closed
26/09/2026 21:33,2-1409,Sale,SNACKS,10187,BLACK CHILI CORN CHIPS BBQ,,,1.000,11.50,0.00,11.50,8.25,3.25,0.00,Dine in,POS 2,Route 98 - Minimart,Owner,,,,Closed
26/09/2026 21:33,2-1409,Sale,SNACKS,98000132,DINGDONG HOT& SPICY 100G,,,1.000,35.00,0.00,35.00,27.00,8.00,0.00,Dine in,POS 2,Route 98 - Minimart,Owner,,,,Closed
26/09/2026 21:33,2-1409,Sale,SNACKS,10156,PEEWEE PZZA SUPREME,,,1.000,10.98,0.00,10.98,8.50,2.48,0.00,Dine in,POS 2,Route 98 - Minimart,Owner,,,,Closed
26/09/2026 21:33,2-1409,Sale,SNACKS,10130,OISHI CRACKLINGS,,,1.000,10.00,0.00,10.00,6.75,3.25,0.00,Dine in,POS 2,Route 98 - Minimart,Owner,,,,Closed
26/09/2026 21:33,2-1409,Sale,SNACKS,10145,PIATTOS SOUR CREAM 40G,,,1.000,18.50,0.00,18.50,15.75,2.75,0.00,Dine in,POS 2,Route 98 - Minimart,Owner,,,,Closed
26/09/2026 21:33,2-1409,Sale,SNACKS,98000132,DINGDONG HOT& SPICY 100G,,,1.000,35.00,0.00,35.00,27.00,8.00,0.00,Dine in,POS 2,Route 98 - Minimart,Owner,,,,Closed
26/09/2026 21:33,2-1409,Sale,SNACKS,10145,PIATTOS SOUR CREAM 40G,,,1.000,18.50,0.00,18.50,15.75,2.75,0.00,Dine in,POS 2,Route 98 - Minimart,Owner,,,,Closed
26/09/2026 21:33,2-1409,Sale,SNACKS,10227,PIATTOS ROADHOUSE BBQ 85G,,,1.000,38.50,0.00,38.50,33.22,5.28,0.00,Dine in,POS 2,Route 98 - Minimart,Owner,,,,Closed
26/09/2026 21:31,2-1408,Sale,DRINKS,10188,NATURE'S SPRING PURE 1000ML,,,2.000,50.00,0.00,50.00,28.52,21.48,0.00,Dine in,POS 2,Route 98 - Minimart,Owner,,,,Closed
26/09/2026 21:29,2-1407,Sale,,98000112,MIGHTY PUTI STICK,,,2.000,20.00,0.00,20.00,16.04,3.96,0.00,Dine in,POS 2,Route 98 - Minimart,Owner,,,,Closed
26/09/2026 21:17,2-1406,Sale,FOOD,10172,ENERGEN CHOCO,,,2.000,24.00,0.00,24.00,16.90,7.10,0.00,Dine in,POS 2,Route 98 - Minimart,Owner,,,,Closed
26/09/2026 21:17,2-1406,Sale,FOOD,10171,ENERGEN VANILLA,,,6.000,72.00,0.00,72.00,50.70,21.30,0.00,Dine in,POS 2,Route 98 - Minimart,Owner,,,,Closed
26/09/2026 21:17,2-1406,Sale,FOOD,10463,DEL MONTE SWEET CHILI 320G,,,1.000,50.00,0.00,50.00,42.70,7.30,0.00,Dine in,POS 2,Route 98 - Minimart,Owner,,,,Closed
26/09/2026 21:17,2-1406,Sale,DRINKS,10107,COCA COLA 290ML,,,1.000,20.00,0.00,20.00,16.50,3.50,0.00,Dine in,POS 2,Route 98 - Minimart,Owner,,,,Closed
26/09/2026 21:07,2-1405,Sale,SNACKS,10263,PILLOWS UBE 24G,,,1.000,9.00,0.00,9.00,6.75,2.25,0.00,Dine in,POS 2,Route 98 - Minimart,Owner,,,,Closed
26/09/2026 21:02,2-1404,Sale,SNACKS,10223,OVERLOAD CHOCO STRAWBERRY,,,1.000,10.00,0.00,10.00,7.92,2.08,0.00,Dine in,POS 2,Route 98 - Minimart,Owner,,,,Closed
26/09/2026 20:50,2-1403,Sale,,9800170,"#StyroCups w/ stirrer",,,1.000,5.00,0.00,5.00,0.00,5.00,0.00,Dine in,POS 2,Route 98 - Minimart,Owner,,,,Closed
26/09/2026 20:33,2-1402,Sale,DRINKS,98000108,VITAMILK(DOUBLECHOCO) 300ML,,,1.000,35.00,0.00,35.00,29.50,5.50,0.00,Dine in,POS 2,Route 98 - Minimart,Owner,,,,Closed
26/09/2026 20:07,2-1401,Sale,SNACKS,10218,MR CHIPS NACHO CHEESE 98G,,,1.000,25.50,0.00,25.50,19.50,6.00,0.00,Dine in,POS 2,Route 98 - Minimart,Owner,,,,Closed
26/09/2026 20:07,2-1401,Sale,SNACKS,10202,PIATTOS CHEESE 85G,,,1.000,38.50,0.00,38.50,33.22,5.28,0.00,Dine in,POS 2,Route 98 - Minimart,Owner,,,,Closed
26/09/2026 20:07,2-1401,Sale,SNACKS,98000065,CHIPPY CHILI & CHEESE 108G,,,1.000,28.75,0.00,28.75,21.35,7.40,0.00,Dine in,POS 2,Route 98 - Minimart,Owner,,,,Closed
26/09/2026 20:05,2-1400,Sale,DRINKS,10120,TANDUAY RHUM 65P 375,,,1.000,65.00,0.00,65.00,0.00,65.00,0.00,Dine in,POS 2,Route 98 - Minimart,Owner,,,,Closed
26/09/2026 20:05,2-1400,Sale,DRINKS,10083,RED HORSE 500,,,1.000,75.00,0.00,75.00,60.00,15.00,0.00,Dine in,POS 2,Route 98 - Minimart,Owner,,,,Closed
26/09/2026 20:05,2-1400,Sale,DRINKS,10239,MOUNTAIN DEW (290ML),,,1.000,20.00,0.00,20.00,16.35,3.65,0.00,Dine in,POS 2,Route 98 - Minimart,Owner,,,,Closed
26/09/2026 20:05,2-1399,Sale,Cleaning/Laundry Supplies,980000016,JOY LEMON DISHWASHING LIQUID 40ML,,,1.000,16.98,0.00,16.98,12.63,4.35,0.00,Dine in,POS 2,Route 98 - Minimart,Owner,,,,Closed
26/09/2026 19:49,2-1398,Sale,DRINKS,98000108,VITAMILK(DOUBLECHOCO) 300ML,,,1.000,35.00,0.00,35.00,29.50,5.50,0.00,Dine in,POS 2,Route 98 - Minimart,Owner,,,,Closed
26/09/2026 19:48,2-1397,Sale,SNACKS,10373,SKYFLAKES CRACKER 1PACK,,,1.000,84.98,0.00,84.98,60.00,24.98,0.00,Dine in,POS 2,Route 98 - Minimart,Owner,,,,Closed
26/09/2026 19:48,2-1397,Sale,,10376,MONDE SPECIAL MAMON PACK,,,1.000,149.98,0.00,149.98,96.00,53.98,0.00,Dine in,POS 2,Route 98 - Minimart,Owner,,,,Closed
26/09/2026 19:48,2-1397,Sale,DRINKS,98000076,POCARI SWEAT 500ML,,,1.000,55.00,0.00,55.00,44.58,10.42,0.00,Dine in,POS 2,Route 98 - Minimart,Owner,,,,Closed
26/09/2026 19:47,2-1396,Sale,DRINKS,10113,NUTRIBOOST STRWBRRY 110,,,1.000,15.00,0.00,15.00,0.00,15.00,0.00,Dine in,POS 2,Route 98 - Minimart,Owner,,,,Closed
26/09/2026 19:32,2-1395,Sale,RICE,98000062,GANADOR OLIVER 5KG,,,1.000,310.00,0.00,310.00,277.50,32.50,0.00,Dine in,POS 2,Route 98 - Minimart,Owner,,,,Closed
26/09/2026 19:32,2-1395,Sale,DRINKS,98000046,COCA COLA 1.75L,,,1.000,84.75,0.00,84.75,61.67,23.08,0.00,Dine in,POS 2,Route 98 - Minimart,Owner,,,,Closed
26/09/2026 19:32,2-1395,Sale,DRINKS,10275,MOUNTAIN DEW 1.5L,,,1.000,72.00,0.00,72.00,62.00,10.00,0.00,Dine in,POS 2,Route 98 - Minimart,Owner,,,,Closed
26/09/2026 19:31,2-1394,Sale,ICE,10299,ICE CUBE 2KG,,,1.000,35.00,0.00,35.00,24.00,11.00,0.00,Dine in,POS 2,Route 98 - Minimart,Owner,,,,Closed
26/09/2026 19:20,2-1393,Sale,DRINKS,10277,ABSOLUTE 6000ML,,,1.000,85.00,0.00,85.00,72.00,13.00,0.00,Dine in,POS 2,Route 98 - Minimart,Owner,,,,Closed
26/09/2026 19:20,2-1393,Sale,ICE,10299,ICE CUBE 2KG,,,1.000,35.00,0.00,35.00,24.00,11.00,0.00,Dine in,POS 2,Route 98 - Minimart,Owner,,,,Closed
26/09/2026 19:20,2-1393,Sale,DRINKS,98000076,POCARI SWEAT 500ML,,,2.000,110.00,0.00,110.00,89.16,20.84,0.00,Dine in,POS 2,Route 98 - Minimart,Owner,,,,Closed
26/09/2026 19:20,2-1393,Sale,,10235,"#misc",,,1.000,50.00,0.00,50.00,0.00,50.00,0.00,Dine in,POS 2,Route 98 - Minimart,Owner,,,,Closed
26/09/2026 19:14,2-1392,Sale,SNACKS,10158,CRISPY PATATA 85G,,,1.000,33.50,0.00,33.50,25.65,7.85,0.00,Dine in,POS 2,Route 98 - Minimart,Owner,,,,Closed
26/09/2026 19:14,2-1392,Sale,SNACKS,10138,CHEEZ IT,,,2.000,20.00,0.00,20.00,16.50,3.50,0.00,Dine in,POS 2,Route 98 - Minimart,Owner,,,,Closed
26/09/2026 19:14,2-1392,Sale,SNACKS,10195,MAGIC CHIPS CHEESE,,,1.000,9.00,0.00,9.00,6.22,2.78,0.00,Dine in,POS 2,Route 98 - Minimart,Owner,,,,Closed
26/09/2026 19:14,2-1392,Sale,SNACKS,10214,MAGIC CREAMS BUTTER,,,1.000,9.00,0.00,9.00,5.55,3.45,0.00,Dine in,POS 2,Route 98 - Minimart,Owner,,,,Closed
26/09/2026 18:56,2-1391,Sale,FOOD,10490,SNAFFLE CORN CHIPS,,,1.000,8.00,0.00,8.00,5.00,3.00,0.00,Dine in,POS 2,Route 98 - Minimart,Owner,,,,Closed
26/09/2026 18:55,2-1390,Sale,DRINKS,98000108,VITAMILK(DOUBLECHOCO) 300ML,,,1.000,35.00,0.00,35.00,29.50,5.50,0.00,Dine in,POS 2,Route 98 - Minimart,Owner,,,,Closed
26/09/2026 18:55,2-1390,Sale,,98000114,CAMEL PREMIUM TABACCOS STICK,,,1.000,10.00,0.00,10.00,7.25,2.75,0.00,Dine in,POS 2,Route 98 - Minimart,Owner,,,,Closed
26/09/2026 18:44,2-1389,Sale,DRINKS,98000047,WILKINS PURE 500,,,1.000,15.00,0.00,15.00,9.37,5.63,0.00,Dine in,POS 2,Route 98 - Minimart,Owner,,,,Closed
26/09/2026 18:04,2-1388,Sale,ICE CREAM 🍦,10371,CREAMLINE COOLERS MELON 70ML,,,1.000,14.00,0.00,14.00,9.90,4.10,0.00,Dine in,POS 2,Route 98 - Minimart,Owner,,,,Closed
26/09/2026 18:04,2-1388,Sale,ICE CREAM 🍦,10339,CREAMLINE JUMBO CONE DOUBLE DUTCH 140ML,,,1.000,30.00,0.00,30.00,24.10,5.90,0.00,Dine in,POS 2,Route 98 - Minimart,Owner,,,,Closed
26/09/2026 17:47,2-1387,Sale,ICE,10299,ICE CUBE 2KG,,,1.000,35.00,0.00,35.00,24.00,11.00,0.00,Dine in,POS 2,Route 98 - Minimart,Owner,,,,Closed
26/09/2026 17:45,2-1386,Sale,DRINKS,10239,MOUNTAIN DEW (290ML),,,1.000,20.00,0.00,20.00,16.35,3.65,0.00,Dine in,POS 2,Route 98 - Minimart,Owner,,,,Closed
26/09/2026 17:45,2-1386,Sale,SNACKS,10152,MOBY CARAMEL,,,1.000,11.00,0.00,11.00,8.25,2.75,0.00,Dine in,POS 2,Route 98 - Minimart,Owner,,,,Closed
26/09/2026 17:45,2-1386,Sale,FOOD,10332,LEMON SQUARE LAVA CAKE,,,1.000,9.98,0.00,9.98,7.80,2.18,0.00,Dine in,POS 2,Route 98 - Minimart,Owner,,,,Closed
26/09/2026 17:45,2-1386,Sale,,98000110,MIGHTY PULA  STICK,,,2.000,20.00,0.00,20.00,16.04,3.96,0.00,Dine in,POS 2,Route 98 - Minimart,Owner,,,,Closed
26/09/2026 17:45,2-1386,Sale,DRINKS,10110,LIFT CITRUS BLAST 320,,,1.000,18.00,0.00,18.00,41.16,-23.16,0.00,Dine in,POS 2,Route 98 - Minimart,Owner,,,,Closed
26/09/2026 17:45,2-1386,Sale,SNACKS,10152,MOBY CARAMEL,,,1.000,11.00,0.00,11.00,8.25,2.75,0.00,Dine in,POS 2,Route 98 - Minimart,Owner,,,,Closed
26/09/2026 17:45,2-1386,Sale,,98000110,MIGHTY PULA  STICK,,,1.000,10.00,0.00,10.00,8.02,1.98,0.00,Dine in,POS 2,Route 98 - Minimart,Owner,,,,Closed
26/09/2026 17:45,2-1386,Sale,SNACKS,10156,PEEWEE PZZA SUPREME,,,1.000,10.98,0.00,10.98,8.50,2.48,0.00,Dine in,POS 2,Route 98 - Minimart,Owner,,,,Closed
26/09/2026 17:45,2-1386,Sale,SNACKS,10153,DINGDONG MIXED NUTS ORANGE 100G,,,1.000,30.00,0.00,30.00,24.00,6.00,0.00,Dine in,POS 2,Route 98 - Minimart,Owner,,,,Closed
26/09/2026 17:35,2-1385,Sale,DRINKS,10109,COCA COLA 190ML,,,1.000,15.00,0.00,15.00,11.00,4.00,0.00,Dine in,POS 2,Route 98 - Minimart,Owner,,,,Closed
26/09/2026 17:35,2-1385,Sale,SNACKS,10142,OISHI PRAWN CRACKERS SPICY 24G,,,1.000,9.00,0.00,9.00,7.50,1.50,0.00,Dine in,POS 2,Route 98 - Minimart,Owner,,,,Closed
26/09/2026 17:35,2-1385,Sale,,10235,"#misc",,,1.000,2.00,0.00,2.00,0.00,2.00,0.00,Dine in,POS 2,Route 98 - Minimart,Owner,,,,Closed
26/09/2026 17:34,2-1384,Sale,ICE CREAM 🍦,10340,CREAMLINE JUMBO CONE COOKIES & CREAM 140ML,,,1.000,30.00,0.00,30.00,24.10,5.90,0.00,Dine in,POS 2,Route 98 - Minimart,Owner,,,,Closed
26/09/2026 17:30,2-1383,Sale,DRINKS,98000039,CLVB 1.5 LTR,,,1.000,255.00,0.00,255.00,211.20,43.80,0.00,Dine in,POS 2,Route 98 - Minimart,Owner,,,,Closed
26/09/2026 17:30,2-1383,Sale,SNACKS,10380,NISSIN BREAD STIX PACK,,,1.000,84.98,0.00,84.98,61.50,23.48,0.00,Dine in,POS 2,Route 98 - Minimart,Owner,,,,Closed
26/09/2026 17:30,2-1383,Sale,SNACKS,10386,RICHEE 60G,,,1.000,23.75,0.00,23.75,18.25,5.50,0.00,Dine in,POS 2,Route 98 - Minimart,Owner,,,,Closed
26/09/2026 17:23,2-1382,Sale,,98000110,MIGHTY PULA  STICK,,,1.000,10.00,0.00,10.00,8.02,1.98,0.00,Dine in,POS 2,Route 98 - Minimart,Owner,,,,Closed
26/09/2026 16:58,2-1381,Sale,FOOD,10479,CDO HOMESTYLE CORNED BEEF 150G,,,1.000,42.00,0.00,42.00,36.80,5.20,0.00,Dine in,POS 2,Route 98 - Minimart,Owner,,,,Closed
26/09/2026 16:58,2-1381,Sale,Cleaning/Laundry Supplies,980000025,DOWNY GARDEN BLOOM 26ML,,,1.000,8.98,0.00,8.98,6.23,2.75,0.00,Dine in,POS 2,Route 98 - Minimart,Owner,,,,Closed
26/09/2026 16:58,2-1381,Sale,HOME ESSENTIALS,10382@,MAGIC SARAP SACHET,,,10.000,70.00,0.00,70.00,50.00,20.00,0.00,Dine in,POS 2,Route 98 - Minimart,Owner,,,,Closed
26/09/2026 16:58,2-1381,Sale,DRINKS,98000050,GREAT TASTE WHITE TWIN PACK,,,1.000,14.00,0.00,14.00,10.83,3.17,0.00,Dine in,POS 2,Route 98 - Minimart,Owner,,,,Closed
26/09/2026 16:58,2-1381,Sale,BATH ESSENTIALS,10270,CREAM SILK CONDITIONER SS/PINK,,,4.000,40.00,0.00,40.00,25.00,15.00,0.00,Dine in,POS 2,Route 98 - Minimart,Owner,,,,Closed
26/09/2026 16:58,2-1381,Sale,BATH ESSENTIALS,10271,SUNSILK SMTH&MNGBL 15ML,,,4.000,35.92,0.00,35.92,24.00,11.92,0.00,Dine in,POS 2,Route 98 - Minimart,Owner,,,,Closed
26/09/2026 16:58,2-1381,Sale,DRINKS,10486,COCA COLA 1L BOTTLE,,,1.000,55.00,0.00,55.00,33.50,21.50,0.00,Dine in,POS 2,Route 98 - Minimart,Owner,,,,Closed
26/09/2026 16:38,2-1380,Sale,FOOD,10414,NESTEA LEMON,,,12.000,306.00,0.00,306.00,235.80,70.20,0.00,Dine in,POS 2,Route 98 - Minimart,Owner,,,,Closed
26/09/2026 16:38,2-1380,Sale,ICE CREAM 🍦,10335,CREAMLINE CONE UBE MACAPUNO 110ML,,,1.000,24.00,0.00,24.00,18.25,5.75,0.00,Dine in,POS 2,Route 98 - Minimart,Owner,,,,Closed
26/09/2026 16:38,2-1380,Sale,ICE CREAM 🍦,10339,CREAMLINE JUMBO CONE DOUBLE DUTCH 140ML,,,1.000,30.00,0.00,30.00,24.10,5.90,0.00,Dine in,POS 2,Route 98 - Minimart,Owner,,,,Closed
26/09/2026 16:38,2-1380,Sale,DRINKS,10107,COCA COLA 290ML,,,1.000,20.00,0.00,20.00,16.50,3.50,0.00,Dine in,POS 2,Route 98 - Minimart,Owner,,,,Closed
26/09/2026 16:38,2-1380,Sale,DRINKS,10238,GATORADE (BLUE BOLT) 500ML,,,1.000,48.00,0.00,48.00,42.00,6.00,0.00,Dine in,POS 2,Route 98 - Minimart,Owner,,,,Closed
26/09/2026 16:38,2-1380,Sale,SNACKS,10146,CRISPY PATATA 24G,,,1.000,9.98,0.00,9.98,7.75,2.23,0.00,Dine in,POS 2,Route 98 - Minimart,Owner,,,,Closed
26/09/2026 16:38,2-1380,Sale,SNACKS,10263,PILLOWS UBE 24G,,,1.000,9.00,0.00,9.00,6.75,2.25,0.00,Dine in,POS 2,Route 98 - Minimart,Owner,,,,Closed
26/09/2026 16:38,2-1380,Sale,HOME ESSENTIALS,10316,GILLETTE RUBIE BLADE,,,1.000,15.00,0.00,15.00,0.00,15.00,0.00,Dine in,POS 2,Route 98 - Minimart,Owner,,,,Closed
26/09/2026 16:07,2-1379,Sale,DRINKS,10444,NESTLE MILO 180ML,,,2.000,60.00,0.00,60.00,49.00,11.00,0.00,Dine in,POS 2,Route 98 - Minimart,Owner,,,,Closed
26/09/2026 16:07,2-1379,Sale,DRINKS,10436,NATURE'S SPRING PURE 350ML,,,1.000,10.00,0.00,10.00,6.92,3.08,0.00,Dine in,POS 2,Route 98 - Minimart,Owner,,,,Closed
26/09/2026 16:07,2-1379,Sale,SNACKS,1200,CLOUD 9 CLASSIC PACK,,,1.000,108.00,0.00,108.00,76.20,31.80,0.00,Dine in,POS 2,Route 98 - Minimart,Owner,,,,Closed
26/09/2026 16:07,2-1379,Sale,SNACKS,10149,NOVA COUNTRY CHEDDAR 20G,,,8.000,70.00,0.00,70.00,53.28,16.72,0.00,Dine in,POS 2,Route 98 - Minimart,Owner,,,,Closed
26/09/2026 16:07,2-1379,Sale,SNACKS,98000068,FUN SIZE! PIATTOS CHEESE 18G,,,8.000,84.00,0.00,84.00,53.28,30.72,0.00,Dine in,POS 2,Route 98 - Minimart,Owner,,,,Closed
26/09/2026 16:04,2-1378,Sale,DRINKS,10445,NESTLE FRESH MILK 1000ML,,,1.000,132.00,0.00,132.00,121.20,10.80,0.00,Dine in,POS 2,Route 98 - Minimart,Owner,,,,Closed
26/09/2026 16:04,2-1378,Sale,DRINKS,10441,NESTLE FRESH MILK 250ML,,,2.000,100.00,0.00,100.00,79.10,20.90,0.00,Dine in,POS 2,Route 98 - Minimart,Owner,,,,Closed
26/09/2026 15:40,2-1377,Sale,Cleaning/Laundry Supplies,10406,SURF POWDER PURPLE BLOOMS 65G,,,1.000,10.00,0.00,10.00,7.25,2.75,0.00,Dine in,POS 2,Route 98 - Minimart,Owner,,,,Closed
26/09/2026 15:40,2-1377,Sale,Cleaning/Laundry Supplies,10408,SURF POWDER ROSE FRESH 65G,,,3.000,30.00,0.00,30.00,21.75,8.25,0.00,Dine in,POS 2,Route 98 - Minimart,Owner,,,,Closed
26/09/2026 14:48,2-1376,Sale,ICE CREAM 🍦,10337,CREAMLINE CONE BERRY CHOCO 110ML,,,1.000,23.25,0.00,23.25,18.25,5.00,0.00,Dine in,POS 2,Route 98 - Minimart,Owner,,,,Closed
26/09/2026 14:48,2-1376,Sale,ICE CREAM 🍦,10335,CREAMLINE CONE UBE MACAPUNO 110ML,,,1.000,24.00,0.00,24.00,18.25,5.75,0.00,Dine in,POS 2,Route 98 - Minimart,Owner,,,,Closed
26/09/2026 14:48,2-1376,Sale,ICE CREAM 🍦,10338,CREAMLINE CONE CHOCO QUESO 110ML,,,1.000,23.25,0.00,23.25,18.25,5.00,0.00,Dine in,POS 2,Route 98 - Minimart,Owner,,,,Closed
26/09/2026 14:48,2-1376,Sale,ICE CREAM 🍦,10337,CREAMLINE CONE BERRY CHOCO 110ML,,,1.000,23.25,0.00,23.25,18.25,5.00,0.00,Dine in,POS 2,Route 98 - Minimart,Owner,,,,Closed
26/09/2026 14:44,2-1375,Sale,DRINKS,10110,LIFT CITRUS BLAST 320,,,2.000,36.00,0.00,36.00,82.32,-46.32,0.00,Dine in,POS 2,Route 98 - Minimart,Owner,,,,Closed
26/09/2026 14:34,2-1374,Sale,SNACKS,10393,MOBY CARAMEL PUFFS 60G,,,1.000,23.75,0.00,23.75,18.25,5.50,0.00,Dine in,POS 2,Route 98 - Minimart,Owner,,,,Closed
26/09/2026 14:34,2-1374,Sale,ICE CREAM 🍦,10340,CREAMLINE JUMBO CONE COOKIES & CREAM 140ML,,,2.000,60.00,0.00,60.00,48.20,11.80,0.00,Dine in,POS 2,Route 98 - Minimart,Owner,,,,Closed
26/09/2026 14:15,2-1373,Sale,DRINKS,10119,VINO KULAFU 350,,,4.000,200.00,0.00,200.00,175.60,24.40,0.00,Dine in,POS 2,Route 98 - Minimart,Owner,,,,Closed
26/09/2026 13:55,2-1372,Sale,ICE CREAM 🍦,10367,CREAMLINE SUNDAE STRAWBERRY 120ML,,,2.000,50.00,0.00,50.00,31.70,18.30,0.00,Dine in,POS 2,Route 98 - Minimart,Owner,,,,Closed
26/09/2026 13:53,2-1371,Sale,SNACKS,10149,NOVA COUNTRY CHEDDAR 20G,,,2.000,17.50,0.00,17.50,13.32,4.18,0.00,Dine in,POS 2,Route 98 - Minimart,Owner,,,,Closed
26/09/2026 13:53,2-1371,Sale,SNACKS,98000068,FUN SIZE! PIATTOS CHEESE 18G,,,2.000,21.00,0.00,21.00,13.32,7.68,0.00,Dine in,POS 2,Route 98 - Minimart,Owner,,,,Closed
26/09/2026 13:53,2-1371,Sale,BABY ESSENTIALS,10250,UNILOVE BABY WIPES,,,1.000,79.50,0.00,79.50,46.33,33.17,0.00,Dine in,POS 2,Route 98 - Minimart,Owner,,,,Closed
26/09/2026 13:53,2-1371,Sale,HOME ESSENTIALS,10425,KAMI BATHROOM TISSUE,,,1.000,15.00,0.00,15.00,10.55,4.45,0.00,Dine in,POS 2,Route 98 - Minimart,Owner,,,,Closed
26/09/2026 13:53,2-1371,Sale,DRINKS,10439,NATURE'S SPRING DISTILLED 1000ML,,,1.000,28.00,0.00,28.00,16.43,11.57,0.00,Dine in,POS 2,Route 98 - Minimart,Owner,,,,Closed
26/09/2026 13:53,2-1371,Sale,DRINKS,10438,NATURE'S SPRING DISTILLED 500ML,,,2.000,36.00,0.00,36.00,19.88,16.12,0.00,Dine in,POS 2,Route 98 - Minimart,Owner,,,,Closed
26/09/2026 10:27,2-1370,Sale,FOOD,10169,BEAR BRAND SWAK,,,1.000,15.00,0.00,15.00,9.00,6.00,0.00,Dine in,POS 2,Route 98 - Minimart,Owner,,,,Closed
26/09/2026 10:27,2-1370,Sale,FOOD,10232,LA MIA TUNA HOTSPCY,,,1.000,38.00,0.00,38.00,33.18,4.82,0.00,Dine in,POS 2,Route 98 - Minimart,Owner,,,,Closed
26/09/2026 09:11,2-1369,Sale,FOOD,10333,MONDE SPECIAL MAMON,,,4.000,119.92,0.00,119.92,64.00,55.92,0.00,Dine in,POS 2,Route 98 - Minimart,Owner,,,,Closed
26/09/2026 09:11,2-1369,Sale,SNACKS,10256,OVERLOAD CHOCOSTRWBRRY 10s,,,2.000,180.00,0.00,180.00,158.40,21.60,0.00,Dine in,POS 2,Route 98 - Minimart,Owner,,,,Closed
26/09/2026 09:11,2-1369,Sale,SNACKS,10254,OVERLOAD BLACK FOREST PACK,,,1.000,90.00,0.00,90.00,79.20,10.80,0.00,Dine in,POS 2,Route 98 - Minimart,Owner,,,,Closed
26/09/2026 09:11,2-1369,Sale,DRINKS,98000077,POCARI SWEAT 350ML,,,1.000,45.00,0.00,45.00,34.25,10.75,0.00,Dine in,POS 2,Route 98 - Minimart,Owner,,,,Closed
26/09/2026 09:11,2-1369,Sale,FOOD,10232,LA MIA TUNA HOTSPCY,,,1.000,38.00,0.00,38.00,33.18,4.82,0.00,Dine in,POS 2,Route 98 - Minimart,Owner,,,,Closed
26/09/2026 09:08,2-1368,Sale,DRINKS,10112,NUTRIBOOST CHOCO 110,,,2.000,30.00,0.00,30.00,0.00,30.00,0.00,Dine in,POS 2,Route 98 - Minimart,Owner,,,,Closed
26/09/2026 09:08,2-1368,Sale,SNACKS,10187,BLACK CHILI CORN CHIPS BBQ,,,1.000,11.50,0.00,11.50,8.25,3.25,0.00,Dine in,POS 2,Route 98 - Minimart,Owner,,,,Closed
26/09/2026 09:08,2-1368,Sale,SNACKS,98000068,FUN SIZE! PIATTOS CHEESE 18G,,,1.000,10.50,0.00,10.50,6.66,3.84,0.00,Dine in,POS 2,Route 98 - Minimart,Owner,,,,Closed
26/09/2026 09:08,2-1368,Sale,SNACKS,10149,NOVA COUNTRY CHEDDAR 20G,,,1.000,8.75,0.00,8.75,6.66,2.09,0.00,Dine in,POS 2,Route 98 - Minimart,Owner,,,,Closed
26/09/2026 08:31,2-1367,Sale,,98000110,MIGHTY PULA  STICK,,,1.000,10.00,0.00,10.00,8.02,1.98,0.00,Dine in,POS 2,Route 98 - Minimart,Owner,,,,Closed
26/09/2026 08:28,2-1366,Sale,,98000110,MIGHTY PULA  STICK,,,1.000,10.00,0.00,10.00,8.02,1.98,0.00,Dine in,POS 2,Route 98 - Minimart,Owner,,,,Closed
26/09/2026 08:28,2-1366,Sale,FOOD,10065,SILVER SWAN SOY SAUCE 200ML,,,1.000,13.00,0.00,13.00,0.00,13.00,0.00,Dine in,POS 2,Route 98 - Minimart,Owner,,,,Closed
26/09/2026 08:06,2-1365,Sale,FOOD,10173,MILO,,,1.000,12.00,0.00,12.00,9.25,2.75,0.00,Dine in,POS 2,Route 98 - Minimart,Owner,,,,Closed
25/09/2026 23:18,2-1364,Sale,DRINKS,10083,RED HORSE 500,,,3.000,225.00,0.00,225.00,180.00,45.00,0.00,Dine in,POS 2,Route 98 - Minimart,Owner,,,,Closed
25/09/2026 23:00,2-1363,Sale,DRINKS,10083,RED HORSE 500,,,1.000,75.00,0.00,75.00,60.00,15.00,0.00,Dine in,POS 2,Route 98 - Minimart,Owner,,,,Closed
25/09/2026 23:00,2-1362,Sale,DRINKS,10437,NATURE'S SPRING PURE 500ML,,,1.000,15.00,0.00,15.00,9.06,5.94,0.00,Dine in,POS 2,Route 98 - Minimart,Owner,,,,Closed
25/09/2026 23:00,2-1362,Sale,DRINKS,98000135,DELIGHT PROBIOTIC 400ML,,,1.000,60.00,0.00,60.00,48.00,12.00,0.00,Dine in,POS 2,Route 98 - Minimart,Owner,,,,Closed
25/09/2026 22:30,2-1361,Sale,,98000110,MIGHTY PULA  STICK,,,1.000,10.00,0.00,10.00,8.02,1.98,0.00,Dine in,POS 2,Route 98 - Minimart,Owner,,,,Closed
25/09/2026 22:30,2-1361,Sale,,98000112,MIGHTY PUTI STICK,,,2.000,20.00,0.00,20.00,16.04,3.96,0.00,Dine in,POS 2,Route 98 - Minimart,Owner,,,,Closed
25/09/2026 22:27,2-1360,Sale,SNACKS,98000060,NOVA HOMESTYLE BBQ 78G,,,1.000,38.50,0.00,38.50,29.55,8.95,0.00,Dine in,POS 2,Route 98 - Minimart,Owner,,,,Closed
25/09/2026 22:11,2-1359,Sale,DRINKS,98000135,DELIGHT PROBIOTIC 400ML,,,1.000,60.00,0.00,60.00,48.00,12.00,0.00,Dine in,POS 2,Route 98 - Minimart,Owner,,,,Closed
25/09/2026 22:11,2-1359,Sale,FOOD,10036,HOLIDAY P&B 170G,,,1.000,23.00,0.00,23.00,0.00,23.00,0.00,Dine in,POS 2,Route 98 - Minimart,Owner,,,,Closed
25/09/2026 22:11,2-1359,Sale,DRINKS,10129,C2 SOLO APPLE 230ML,,,1.000,17.00,0.00,17.00,11.79,5.21,0.00,Dine in,POS 2,Route 98 - Minimart,Owner,,,,Closed
25/09/2026 22:11,2-1359,Sale,,10235,"#misc",,,1.000,190.00,0.00,190.00,0.00,190.00,0.00,Dine in,POS 2,Route 98 - Minimart,Owner,,,,Closed
25/09/2026 22:11,2-1359,Sale,SNACKS,98000069,NOVA COUNTRY CHEDDAR 20G PACK,,,1.000,65.25,0.00,65.25,53.28,11.97,0.00,Dine in,POS 2,Route 98 - Minimart,Owner,,,,Closed
25/09/2026 22:11,2-1359,Sale,FOOD,10416,NESTEA LEMON CUCUMBER,,,4.000,102.00,0.00,102.00,78.60,23.40,0.00,Dine in,POS 2,Route 98 - Minimart,Owner,,,,Closed
25/09/2026 22:04,2-1358,Sale,DRINKS,10084,RED HORSE LITRO,,,2.000,290.00,0.00,290.00,240.00,50.00,0.00,Dine in,POS 2,Route 98 - Minimart,Owner,,,,Closed
25/09/2026 22:04,2-1358,Sale,DRINKS,98000076,POCARI SWEAT 500ML,,,2.000,110.00,0.00,110.00,89.16,20.84,0.00,Dine in,POS 2,Route 98 - Minimart,Owner,,,,Closed
25/09/2026 22:04,2-1358,Sale,SNACKS,10226,KROPEK NI MANGJUAN 90G,,,1.000,29.98,0.00,29.98,23.01,6.97,0.00,Dine in,POS 2,Route 98 - Minimart,Owner,,,,Closed
25/09/2026 22:04,2-1358,Sale,,10485,PLASTIC CUPS,,,1.000,3.00,0.00,3.00,0.00,3.00,0.00,Dine in,POS 2,Route 98 - Minimart,Owner,,,,Closed
25/09/2026 22:04,2-1358,Sale,,98000112,MIGHTY PUTI STICK,,,3.000,30.00,0.00,30.00,24.06,5.94,0.00,Dine in,POS 2,Route 98 - Minimart,Owner,,,,Closed
25/09/2026 22:04,2-1358,Sale,ICE,10299,ICE CUBE 2KG,,,1.000,35.00,0.00,35.00,24.00,11.00,0.00,Dine in,POS 2,Route 98 - Minimart,Owner,,,,Closed
25/09/2026 21:59,2-1357,Sale,DRINKS,98000135,DELIGHT PROBIOTIC 400ML,,,1.000,60.00,0.00,60.00,48.00,12.00,0.00,Dine in,POS 2,Route 98 - Minimart,Owner,,,,Closed
25/09/2026 21:59,2-1357,Sale,DRINKS,10107,COCA COLA 290ML,,,1.000,20.00,0.00,20.00,16.50,3.50,0.00,Dine in,POS 2,Route 98 - Minimart,Owner,,,,Closed
25/09/2026 21:33,2-1356,Sale,SNACKS,10317,CLOVER CHEESIER 24G,,,1.000,10.00,0.00,10.00,7.50,2.50,0.00,Dine in,POS 2,Route 98 - Minimart,Owner,,,,Closed
25/09/2026 21:13,2-1355,Sale,SNACKS,10272,PILLOWS CHOCO 38G,,,2.000,24.00,0.00,24.00,18.00,6.00,0.00,Dine in,POS 2,Route 98 - Minimart,Owner,,,,Closed
25/09/2026 21:13,2-1355,Sale,SNACKS,10222,OVERLOAD BLACK FOREST,,,1.000,10.00,0.00,10.00,7.92,2.08,0.00,Dine in,POS 2,Route 98 - Minimart,Owner,,,,Closed
25/09/2026 21:13,2-1355,Sale,FOOD,10325,NISSIN BREAD STIX,,,1.000,9.98,0.00,9.98,6.15,3.83,0.00,Dine in,POS 2,Route 98 - Minimart,Owner,,,,Closed
25/09/2026 21:13,2-1355,Sale,CIGARETTE,98000117,WINSTON RED STICK,,,2.000,24.00,0.00,24.00,18.20,5.80,0.00,Dine in,POS 2,Route 98 - Minimart,Owner,,,,Closed
25/09/2026 21:07,2-1354,Sale,SNACKS,10266,CHIZ CURLS 18G,,,1.000,9.75,0.00,9.75,7.25,2.50,0.00,Dine in,POS 2,Route 98 - Minimart,Owner,,,,Closed
25/09/2026 21:07,2-1354,Sale,DRINKS,10486,COCA COLA 1L BOTTLE,,,1.000,55.00,0.00,55.00,33.50,21.50,0.00,Dine in,POS 2,Route 98 - Minimart,Owner,,,,Closed
25/09/2026 20:36,2-1353,Sale,DRINKS,98000108,VITAMILK(DOUBLECHOCO) 300ML,,,1.000,35.00,0.00,35.00,29.50,5.50,0.00,Dine in,POS 2,Route 98 - Minimart,Owner,,,,Closed
25/09/2026 20:36,2-1353,Sale,ICE CREAM 🍦,10344,CREAMLINE PINIPIG CHOCOLATE 70ML,,,2.000,40.00,0.00,40.00,32.30,7.70,0.00,Dine in,POS 2,Route 98 - Minimart,Owner,,,,Closed
25/09/2026 20:36,2-1353,Sale,ICE CREAM 🍦,10362,CREAMLINE MILKY POP LOLLY MILK CHOCO 60ML,,,1.000,15.00,0.00,15.00,9.88,5.12,0.00,Dine in,POS 2,Route 98 - Minimart,Owner,,,,Closed
25/09/2026 20:36,2-1353,Sale,SNACKS,10231,CLOUD 9 CLASSIC,,,1.000,10.00,0.00,10.00,6.35,3.65,0.00,Dine in,POS 2,Route 98 - Minimart,Owner,,,,Closed
25/09/2026 20:18,2-1352,Sale,FOOD,10045,AJINOMOTO SEASONING,,,2.000,9.96,0.00,9.96,0.00,9.96,0.00,Dine in,POS 2,Route 98 - Minimart,Owner,,,,Closed
25/09/2026 20:12,2-1351,Sale,DRINKS,10439,NATURE'S SPRING DISTILLED 1000ML,,,1.000,28.00,0.00,28.00,16.43,11.57,0.00,Dine in,POS 2,Route 98 - Minimart,Owner,,,,Closed
25/09/2026 20:01,2-1350,Sale,,98000112,MIGHTY PUTI STICK,,,5.000,50.00,0.00,50.00,40.10,9.90,0.00,Dine in,POS 2,Route 98 - Minimart,Owner,,,,Closed
25/09/2026 19:58,2-1349,Sale,ICE CREAM 🍦,10362,CREAMLINE MILKY POP LOLLY MILK CHOCO 60ML,,,1.000,15.00,0.00,15.00,9.88,5.12,0.00,Dine in,POS 2,Route 98 - Minimart,Owner,,,,Closed
25/09/2026 19:58,2-1349,Sale,ICE CREAM 🍦,10340,CREAMLINE JUMBO CONE COOKIES & CREAM 140ML,,,1.000,30.00,0.00,30.00,24.10,5.90,0.00,Dine in,POS 2,Route 98 - Minimart,Owner,,,,Closed
25/09/2026 19:51,2-1348,Sale,,98000116,WINSTON WHITE STICK,,,2.000,24.00,0.00,24.00,19.84,4.16,0.00,Dine in,POS 2,Route 98 - Minimart,Owner,,,,Closed
25/09/2026 19:48,2-1347,Sale,DRINKS,10119,VINO KULAFU 350,,,1.000,50.00,0.00,50.00,43.90,6.10,0.00,Dine in,POS 2,Route 98 - Minimart,Owner,,,,Closed
25/09/2026 19:48,2-1346,Sale,ICE CREAM 🍦,10288,NESTLE 2in1 ROCKY ROAD & DOUBLE DUTCH 750ML,,,1.000,209.98,0.00,209.98,168.00,41.98,0.00,Dine in,POS 2,Route 98 - Minimart,Owner,,,,Closed
25/09/2026 19:48,2-1346,Sale,SNACKS,10227,PIATTOS ROADHOUSE BBQ 85G,,,1.000,38.50,0.00,38.50,33.22,5.28,0.00,Dine in,POS 2,Route 98 - Minimart,Owner,,,,Closed
25/09/2026 19:48,2-1346,Sale,SNACKS,10272,PILLOWS CHOCO 38G,,,1.000,12.00,0.00,12.00,9.00,3.00,0.00,Dine in,POS 2,Route 98 - Minimart,Owner,,,,Closed
25/09/2026 19:48,2-1346,Sale,SNACKS,98000132,DINGDONG HOT& SPICY 100G,,,1.000,35.00,0.00,35.00,27.00,8.00,0.00,Dine in,POS 2,Route 98 - Minimart,Owner,,,,Closed
25/09/2026 19:48,2-1346,Sale,SNACKS,10231,CLOUD 9 CLASSIC,,,1.000,10.00,0.00,10.00,6.35,3.65,0.00,Dine in,POS 2,Route 98 - Minimart,Owner,,,,Closed
25/09/2026 19:48,2-1346,Sale,,10235,"#misc",,,1.000,45.00,0.00,45.00,0.00,45.00,0.00,Dine in,POS 2,Route 98 - Minimart,Owner,,,,Closed
25/09/2026 19:40,2-1345,Sale,,98000112,MIGHTY PUTI STICK,,,3.000,30.00,0.00,30.00,24.06,5.94,0.00,Dine in,POS 2,Route 98 - Minimart,Owner,,,,Closed
25/09/2026 19:40,2-1344,Sale,DRINKS,10437,NATURE'S SPRING PURE 500ML,,,1.000,15.00,0.00,15.00,9.06,5.94,0.00,Dine in,POS 2,Route 98 - Minimart,Owner,,,,Closed
25/09/2026 19:40,2-1344,Sale,DRINKS,10083,RED HORSE 500,,,1.000,75.00,0.00,75.00,60.00,15.00,0.00,Dine in,POS 2,Route 98 - Minimart,Owner,,,,Closed
25/09/2026 19:30,2-1343,Sale,ICE,10298,ICE CUBE 1KG,,,2.000,50.00,0.00,50.00,26.00,24.00,0.00,Dine in,POS 2,Route 98 - Minimart,Owner,,,,Closed
25/09/2026 19:30,2-1343,Sale,CIGARETTE,98000117,WINSTON RED STICK,,,3.000,36.00,0.00,36.00,27.30,8.70,0.00,Dine in,POS 2,Route 98 - Minimart,Owner,,,,Closed
25/09/2026 19:29,2-1342,Sale,DRINKS,10129,C2 SOLO APPLE 230ML,,,1.000,17.00,0.00,17.00,11.79,5.21,0.00,Dine in,POS 2,Route 98 - Minimart,Owner,,,,Closed
25/09/2026 19:29,2-1342,Sale,SNACKS,98000132,DINGDONG HOT& SPICY 100G,,,1.000,35.00,0.00,35.00,27.00,8.00,0.00,Dine in,POS 2,Route 98 - Minimart,Owner,,,,Closed
25/09/2026 19:29,2-1342,Sale,FOOD,10483,HOLIDAY CORNED BEEF 150G,,,2.000,84.00,0.00,84.00,71.90,12.10,0.00,Dine in,POS 2,Route 98 - Minimart,Owner,,,,Closed
25/09/2026 19:20,2-1341,Sale,CIGARETTE,98000117,WINSTON RED STICK,,,3.000,36.00,0.00,36.00,27.30,8.70,0.00,Dine in,POS 2,Route 98 - Minimart,Owner,,,,Closed
25/09/2026 19:03,2-1340,Sale,DRINKS,10275,MOUNTAIN DEW 1.5L,,,1.000,72.00,0.00,72.00,62.00,10.00,0.00,Dine in,POS 2,Route 98 - Minimart,Owner,,,,Closed
25/09/2026 19:03,2-1340,Sale,DRINKS,98000051,C2 GREEN TEA APPLE 335ML,,,1.000,28.75,0.00,28.75,22.08,6.67,0.00,Dine in,POS 2,Route 98 - Minimart,Owner,,,,Closed
25/09/2026 19:03,2-1340,Sale,DRINKS,98000046,COCA COLA 1.75L,,,1.000,84.75,0.00,84.75,61.67,23.08,0.00,Dine in,POS 2,Route 98 - Minimart,Owner,,,,Closed
25/09/2026 19:03,2-1340,Sale,CIGARETTE,98000117,WINSTON RED STICK,,,2.000,24.00,0.00,24.00,18.20,5.80,0.00,Dine in,POS 2,Route 98 - Minimart,Owner,,,,Closed
25/09/2026 19:03,2-1340,Sale,,98000110,MIGHTY PULA  STICK,,,2.000,20.00,0.00,20.00,16.04,3.96,0.00,Dine in,POS 2,Route 98 - Minimart,Owner,,,,Closed
25/09/2026 18:39,2-1339,Sale,ICE,10298,ICE CUBE 1KG,,,1.000,25.00,0.00,25.00,13.00,12.00,0.00,Dine in,POS 2,Route 98 - Minimart,Owner,,,,Closed
25/09/2026 18:38,2-1338,Sale,ICE,10298,ICE CUBE 1KG,,,2.000,50.00,0.00,50.00,26.00,24.00,0.00,Dine in,POS 2,Route 98 - Minimart,Owner,,,,Closed
25/09/2026 18:05,2-1337,Sale,CIGARETTE,98000117,WINSTON RED STICK,,,4.000,48.00,0.00,48.00,36.40,11.60,0.00,Dine in,POS 2,Route 98 - Minimart,Owner,,,,Closed
25/09/2026 17:59,2-1336,Sale,DRINKS,10109,COCA COLA 190ML,,,1.000,15.00,0.00,15.00,11.00,4.00,0.00,Dine in,POS 2,Route 98 - Minimart,Owner,,,,Closed
25/09/2026 17:52,2-1335,Sale,FOOD,10233,LA MIA TUNA AFRTDA,,,1.000,38.00,0.00,38.00,33.18,4.82,0.00,Dine in,POS 2,Route 98 - Minimart,Owner,,,,Closed
25/09/2026 17:52,2-1335,Sale,FOOD,10174,KOPIKO BLACK 2PK,,,1.000,16.98,0.00,16.98,13.40,3.58,0.00,Dine in,POS 2,Route 98 - Minimart,Owner,,,,Closed
25/09/2026 17:52,2-1335,Sale,FOOD,10330,LEMON SQUARE CHEESE CAKE,,,1.000,11.98,0.00,11.98,7.70,4.28,0.00,Dine in,POS 2,Route 98 - Minimart,Owner,,,,Closed
25/09/2026 17:52,2-1335,Sale,SNACKS,10272,PILLOWS CHOCO 38G,,,1.000,12.00,0.00,12.00,9.00,3.00,0.00,Dine in,POS 2,Route 98 - Minimart,Owner,,,,Closed
25/09/2026 17:09,2-1334,Sale,DRINKS,98000046,COCA COLA 1.75L,,,1.000,84.75,0.00,84.75,61.67,23.08,0.00,Dine in,POS 2,Route 98 - Minimart,Owner,,,,Closed
25/09/2026 17:09,2-1334,Sale,DRINKS,10119,VINO KULAFU 350,,,1.000,50.00,0.00,50.00,43.90,6.10,0.00,Dine in,POS 2,Route 98 - Minimart,Owner,,,,Closed
25/09/2026 16:37,2-1333,Sale,SNACKS,10396,TATTOOS CORN TUBE PIZZA 60G,,,1.000,14.98,0.00,14.98,10.90,4.08,0.00,Dine in,POS 2,Route 98 - Minimart,Owner,,,,Closed
25/09/2026 16:37,2-1333,Sale,,10487,Royal 1.25L,,,1.000,60.00,0.00,60.00,0.00,60.00,0.00,Dine in,POS 2,Route 98 - Minimart,Owner,,,,Closed
25/09/2026 16:37,2-1333,Sale,SNACKS,10187,BLACK CHILI CORN CHIPS BBQ,,,1.000,11.50,0.00,11.50,8.25,3.25,0.00,Dine in,POS 2,Route 98 - Minimart,Owner,,,,Closed
25/09/2026 16:37,2-1333,Sale,,10235,"#misc",,,1.000,10.00,0.00,10.00,0.00,10.00,0.00,Dine in,POS 2,Route 98 - Minimart,Owner,,,,Closed
25/09/2026 16:05,2-1332,Sale,ICE CREAM 🍦,10355,CREAMLINE FAMILY DOU ROCKY ROAD/VANILLA 950ML,,,1.000,155.00,0.00,155.00,112.75,42.25,0.00,Dine in,POS 2,Route 98 - Minimart,Owner,,,,Closed
25/09/2026 15:46,2-1331,Sale,FOOD,10471,ALASKA CONDENSADA 300ML,,,1.000,66.00,0.00,66.00,56.00,10.00,0.00,Dine in,POS 2,Route 98 - Minimart,Owner,,,,Closed
25/09/2026 15:46,2-1331,Sale,,98000110,MIGHTY PULA  STICK,,,3.000,30.00,0.00,30.00,24.06,5.94,0.00,Dine in,POS 2,Route 98 - Minimart,Owner,,,,Closed
25/09/2026 15:14,2-1330,Sale,DRINKS,10438,NATURE'S SPRING DISTILLED 500ML,,,1.000,18.00,0.00,18.00,9.94,8.06,0.00,Dine in,POS 2,Route 98 - Minimart,Owner,,,,Closed
25/09/2026 15:14,2-1330,Sale,,98000112,MIGHTY PUTI STICK,,,2.000,20.00,0.00,20.00,16.04,3.96,0.00,Dine in,POS 2,Route 98 - Minimart,Owner,,,,Closed
25/09/2026 15:08,2-1329,Sale,ICE CREAM 🍦,10359,CREAMLINE PINOY CLASSIC MANGGO 60ML,,,1.000,20.00,0.00,20.00,13.30,6.70,0.00,Dine in,POS 2,Route 98 - Minimart,Owner,,,,Closed
25/09/2026 15:08,2-1329,Sale,SNACKS,10223,OVERLOAD CHOCO STRAWBERRY,,,1.000,10.00,0.00,10.00,7.92,2.08,0.00,Dine in,POS 2,Route 98 - Minimart,Owner,,,,Closed
25/09/2026 15:08,2-1329,Sale,SNACKS,10222,OVERLOAD BLACK FOREST,,,1.000,10.00,0.00,10.00,7.92,2.08,0.00,Dine in,POS 2,Route 98 - Minimart,Owner,,,,Closed
25/09/2026 15:08,2-1329,Sale,SNACKS,10139,MANG JUAN SUKANG PAOMBONG 26G,,,1.000,12.25,0.00,12.25,8.00,4.25,0.00,Dine in,POS 2,Route 98 - Minimart,Owner,,,,Closed
25/09/2026 15:08,2-1329,Sale,DRINKS,10109,COCA COLA 190ML,,,1.000,15.00,0.00,15.00,11.00,4.00,0.00,Dine in,POS 2,Route 98 - Minimart,Owner,,,,Closed
25/09/2026 15:08,2-1329,Sale,SNACKS,10149,NOVA COUNTRY CHEDDAR 20G,,,1.000,8.75,0.00,8.75,6.66,2.09,0.00,Dine in,POS 2,Route 98 - Minimart,Owner,,,,Closed
25/09/2026 14:59,2-1328,Sale,,98000116,WINSTON WHITE STICK,,,2.000,24.00,0.00,24.00,19.84,4.16,0.00,Dine in,POS 2,Route 98 - Minimart,Owner,,,,Closed
25/09/2026 14:58,2-1327,Sale,ICE CREAM 🍦,10340,CREAMLINE JUMBO CONE COOKIES & CREAM 140ML,,,1.000,30.00,0.00,30.00,24.10,5.90,0.00,Dine in,POS 2,Route 98 - Minimart,Owner,,,,Closed
25/09/2026 14:58,2-1327,Sale,SNACKS,10224,MAGIC CHIPS BBQ,,,2.000,20.00,0.00,20.00,15.84,4.16,0.00,Dine in,POS 2,Route 98 - Minimart,Owner,,,,Closed
25/09/2026 14:58,2-1327,Sale,DRINKS,10438,NATURE'S SPRING DISTILLED 500ML,,,1.000,18.00,0.00,18.00,9.94,8.06,0.00,Dine in,POS 2,Route 98 - Minimart,Owner,,,,Closed
25/09/2026 14:47,2-1326,Sale,DRINKS,10253,STING 290ML,,,1.000,25.00,0.00,25.00,16.75,8.25,0.00,Dine in,POS 2,Route 98 - Minimart,Owner,,,,Closed
25/09/2026 14:44,2-1325,Sale,DRINKS,10441,NESTLE FRESH MILK 250ML,,,1.000,50.00,0.00,50.00,39.55,10.45,0.00,Dine in,POS 2,Route 98 - Minimart,Owner,,,,Closed
25/09/2026 14:44,2-1325,Sale,DRINKS,98000135,DELIGHT PROBIOTIC 400ML,,,1.000,60.00,0.00,60.00,48.00,12.00,0.00,Dine in,POS 2,Route 98 - Minimart,Owner,,,,Closed
25/09/2026 14:44,2-1325,Sale,,98000110,MIGHTY PULA  STICK,,,4.000,40.00,0.00,40.00,32.08,7.92,0.00,Dine in,POS 2,Route 98 - Minimart,Owner,,,,Closed
25/09/2026 14:44,2-1325,Sale,DRINKS,10253,STING 290ML,,,1.000,25.00,0.00,25.00,16.75,8.25,0.00,Dine in,POS 2,Route 98 - Minimart,Owner,,,,Closed
25/09/2026 13:39,2-1324,Sale,,98000093,COBRA  ASTIG CITRUS BLAST 290ML,,,1.000,21.50,0.00,21.50,16.58,4.92,0.00,Dine in,POS 2,Route 98 - Minimart,Owner,,,,Closed
25/09/2026 13:26,2-1323,Sale,,98000110,MIGHTY PULA  STICK,,,2.000,20.00,0.00,20.00,16.04,3.96,0.00,Dine in,POS 2,Route 98 - Minimart,Owner,,,,Closed
25/09/2026 13:26,2-1323,Sale,,98000112,MIGHTY PUTI STICK,,,2.000,20.00,0.00,20.00,16.04,3.96,0.00,Dine in,POS 2,Route 98 - Minimart,Owner,,,,Closed
25/09/2026 13:26,2-1323,Sale,CIGARETTE,98000117,WINSTON RED STICK,,,1.000,12.00,0.00,12.00,9.10,2.90,0.00,Dine in,POS 2,Route 98 - Minimart,Owner,,,,Closed
25/09/2026 13:26,2-1323,Sale,ICE CREAM 🍦,10362,CREAMLINE MILKY POP LOLLY MILK CHOCO 60ML,,,1.000,15.00,0.00,15.00,9.88,5.12,0.00,Dine in,POS 2,Route 98 - Minimart,Owner,,,,Closed
25/09/2026 13:26,2-1323,Sale,ICE CREAM 🍦,10344,CREAMLINE PINIPIG CHOCOLATE 70ML,,,1.000,20.00,0.00,20.00,16.15,3.85,0.00,Dine in,POS 2,Route 98 - Minimart,Owner,,,,Closed
25/09/2026 13:24,2-1322,Sale,FOOD,10456,SAMYANG BULDAK HOT CHICKEN,,,1.000,95.00,0.00,95.00,85.00,10.00,0.00,Dine in,POS 2,Route 98 - Minimart,Owner,,,,Closed
25/09/2026 13:24,2-1322,Sale,SNACKS,98000059,NOVA COUNTRY CHEDDAR 78G,,,1.000,38.50,0.00,38.50,29.55,8.95,0.00,Dine in,POS 2,Route 98 - Minimart,Owner,,,,Closed
25/09/2026 13:24,2-1322,Sale,SNACKS,10220,PIATTOS SOUR CREAM 85G,,,1.000,38.50,0.00,38.50,28.80,9.70,0.00,Dine in,POS 2,Route 98 - Minimart,Owner,,,,Closed
25/09/2026 13:24,2-1322,Sale,DRINKS,10444,NESTLE MILO 180ML,,,1.000,30.00,0.00,30.00,24.50,5.50,0.00,Dine in,POS 2,Route 98 - Minimart,Owner,,,,Closed
25/09/2026 13:24,2-1322,Sale,FOOD,10325,NISSIN BREAD STIX,,,2.000,19.96,0.00,19.96,12.30,7.66,0.00,Dine in,POS 2,Route 98 - Minimart,Owner,,,,Closed
25/09/2026 12:42,2-1321,Sale,SNACKS,98000132,DINGDONG HOT& SPICY 100G,,,1.000,35.00,0.00,35.00,27.00,8.00,0.00,Dine in,POS 2,Route 98 - Minimart,Owner,,,,Closed
25/09/2026 12:41,2-1320,Sale,SNACKS,10402,MARTY'S CRACKLINGS SPCY VNGR 90G,,,1.000,28.50,0.00,28.50,21.90,6.60,0.00,Dine in,POS 2,Route 98 - Minimart,Owner,,,,Closed
25/09/2026 12:28,2-1319,Sale,DRINKS,10129,C2 SOLO APPLE 230ML,,,1.000,17.00,0.00,17.00,11.79,5.21,0.00,Dine in,POS 2,Route 98 - Minimart,Owner,,,,Closed
25/09/2026 12:28,2-1319,Sale,DRINKS,98000077,POCARI SWEAT 350ML,,,1.000,45.00,0.00,45.00,34.25,10.75,0.00,Dine in,POS 2,Route 98 - Minimart,Owner,,,,Closed
25/09/2026 12:27,2-1318,Sale,DRINKS,10439,NATURE'S SPRING DISTILLED 1000ML,,,1.000,28.00,0.00,28.00,16.43,11.57,0.00,Dine in,POS 2,Route 98 - Minimart,Owner,,,,Closed
25/09/2026 12:27,2-1318,Sale,SNACKS,10156,PEEWEE PZZA SUPREME,,,1.000,10.98,0.00,10.98,8.50,2.48,0.00,Dine in,POS 2,Route 98 - Minimart,Owner,,,,Closed
25/09/2026 12:27,2-1318,Sale,SNACKS,98000068,FUN SIZE! PIATTOS CHEESE 18G,,,1.000,10.50,0.00,10.50,6.66,3.84,0.00,Dine in,POS 2,Route 98 - Minimart,Owner,,,,Closed
25/09/2026 11:40,2-1317,Sale,ICE CREAM 🍦,98000040,CREAMLINE DOUBLE DUTCH 1.3ML,,,1.000,229.75,0.00,229.75,190.75,39.00,0.00,Dine in,POS 2,Route 98 - Minimart,Owner,,,,Closed
25/09/2026 11:14,2-1316,Sale,ICE CREAM 🍦,10344,CREAMLINE PINIPIG CHOCOLATE 70ML,,,5.000,100.00,0.00,100.00,80.75,19.25,0.00,Dine in,POS 2,Route 98 - Minimart,Owner,,,,Closed
25/09/2026 11:14,2-1316,Sale,ICE CREAM 🍦,10360,CREAMLINE PINOY CLASSIC UBE MANGGO 60 ML,,,2.000,40.00,0.00,40.00,26.60,13.40,0.00,Dine in,POS 2,Route 98 - Minimart,Owner,,,,Closed
25/09/2026 11:14,2-1316,Sale,,98000110,MIGHTY PULA  STICK,,,2.000,20.00,0.00,20.00,16.04,3.96,0.00,Dine in,POS 2,Route 98 - Minimart,Owner,,,,Closed
25/09/2026 08:52,2-1315,Sale,,98000110,MIGHTY PULA  STICK,,,1.000,10.00,0.00,10.00,8.02,1.98,0.00,Dine in,POS 2,Route 98 - Minimart,Owner,,,,Closed
25/09/2026 08:52,2-1315,Sale,CIGARETTE,98000117,WINSTON RED STICK,,,1.000,12.00,0.00,12.00,9.10,2.90,0.00,Dine in,POS 2,Route 98 - Minimart,Owner,,,,Closed
24/09/2026 23:38,2-1314,Sale,SNACKS,10404,OISHI FISH CRACKERS 90G,,,1.000,33.50,0.00,33.50,25.65,7.85,0.00,Dine in,POS 2,Route 98 - Minimart,Owner,,,,Closed
24/09/2026 23:37,2-1313,Sale,DRINKS,10188,NATURE'S SPRING PURE 1000ML,,,2.000,50.00,0.00,50.00,28.52,21.48,0.00,Dine in,POS 2,Route 98 - Minimart,Owner,,,,Closed
24/09/2026 23:35,2-1312,Sale,DRINKS,10434,GSM BLUE MOJITO,,,1.000,155.00,0.00,155.00,133.00,22.00,0.00,Dine in,POS 2,Route 98 - Minimart,Owner,,,,Closed
24/09/2026 23:35,2-1312,Sale,SNACKS,10185,DINGDONG MIXNUTS 5G,,,4.000,8.00,0.00,8.00,4.40,3.60,0.00,Dine in,POS 2,Route 98 - Minimart,Owner,,,,Closed
24/09/2026 23:35,2-1312,Sale,SNACKS,98000072,FISH CRACKERS 24G,,,1.000,10.00,0.00,10.00,7.40,2.60,0.00,Dine in,POS 2,Route 98 - Minimart,Owner,,,,Closed
24/09/2026 23:35,2-1312,Sale,SNACKS,10185,DINGDONG MIXNUTS 5G,,,10.000,20.00,0.00,20.00,11.00,9.00,0.00,Dine in,POS 2,Route 98 - Minimart,Owner,,,,Closed
24/09/2026 23:35,2-1312,Sale,SNACKS,10409,HAPPY CHICKEN ADOBO 5G,,,10.000,20.00,0.00,20.00,11.00,9.00,0.00,Dine in,POS 2,Route 98 - Minimart,Owner,,,,Closed
24/09/2026 23:35,2-1312,Sale,ICE,10298,ICE CUBE 1KG,,,1.000,25.00,0.00,25.00,13.00,12.00,0.00,Dine in,POS 2,Route 98 - Minimart,Owner,,,,Closed
24/09/2026 23:35,2-1312,Sale,ICE CREAM 🍦,10342,CREAMLINE JUMBO CONE UBE QUESO 140ML,,,1.000,30.00,0.00,30.00,24.10,5.90,0.00,Dine in,POS 2,Route 98 - Minimart,Owner,,,,Closed
24/09/2026 23:32,2-1311,Sale,,10235,"#misc",,,1.000,2.00,0.00,2.00,0.00,2.00,0.00,Dine in,POS 2,Route 98 - Minimart,Owner,,,,Closed
24/09/2026 23:29,2-1310,Sale,CIGARETTE,98000117,WINSTON RED STICK,,,3.000,36.00,0.00,36.00,27.30,8.70,0.00,Dine in,POS 2,Route 98 - Minimart,Owner,,,,Closed
24/09/2026 23:17,2-1309,Sale,SNACKS,10263,PILLOWS UBE 24G,,,1.000,9.00,0.00,9.00,6.75,2.25,0.00,Dine in,POS 2,Route 98 - Minimart,Owner,,,,Closed
24/09/2026 23:17,2-1309,Sale,SNACKS,10231,CLOUD 9 CLASSIC,,,3.000,30.00,0.00,30.00,19.05,10.95,0.00,Dine in,POS 2,Route 98 - Minimart,Owner,,,,Closed
24/09/2026 23:14,2-1308,Sale,CIGARETTE,98000117,WINSTON RED STICK,,,1.000,12.00,0.00,12.00,9.10,2.90,0.00,Dine in,POS 2,Route 98 - Minimart,Owner,,,,Closed
24/09/2026 23:01,2-1307,Sale,CIGARETTE,98000117,WINSTON RED STICK,,,5.000,60.00,0.00,60.00,45.50,14.50,0.00,Dine in,POS 2,Route 98 - Minimart,Owner,,,,Closed
24/09/2026 23:01,2-1307,Sale,,10235,"#misc",,,1.000,5.00,0.00,5.00,0.00,5.00,0.00,Dine in,POS 2,Route 98 - Minimart,Owner,,,,Closed
24/09/2026 22:55,2-1306,Sale,DRINKS,10083,RED HORSE 500,,,1.000,75.00,0.00,75.00,60.00,15.00,0.00,Dine in,POS 2,Route 98 - Minimart,Owner,,,,Closed
24/09/2026 22:55,2-1306,Sale,CIGARETTE,98000117,WINSTON RED STICK,,,1.000,12.00,0.00,12.00,9.10,2.90,0.00,Dine in,POS 2,Route 98 - Minimart,Owner,,,,Closed
24/09/2026 22:32,2-1305,Sale,ICE CREAM 🍦,10342,CREAMLINE JUMBO CONE UBE QUESO 140ML,,,3.000,90.00,0.00,90.00,72.30,17.70,0.00,Dine in,POS 2,Route 98 - Minimart,Owner,,,,Closed
24/09/2026 22:32,2-1305,Sale,SNACKS,10216,MANG JUAN SUKANG PAOMBONG 90G,,,1.000,29.75,0.00,29.75,22.50,7.25,0.00,Dine in,POS 2,Route 98 - Minimart,Owner,,,,Closed
24/09/2026 22:32,2-1305,Sale,SNACKS,10402,MARTY'S CRACKLINGS SPCY VNGR 90G,,,1.000,28.50,0.00,28.50,21.90,6.60,0.00,Dine in,POS 2,Route 98 - Minimart,Owner,,,,Closed
24/09/2026 22:00,2-1304,Sale,DRINKS,980000039,TANDUAY SELECT 700ML,,,1.000,155.00,0.00,155.00,138.59,16.41,0.00,Dine in,POS 2,Route 98 - Minimart,Owner,,,,Closed
24/09/2026 22:00,2-1304,Sale,DRINKS,10486,COCA COLA 1L BOTTLE,,,1.000,50.00,0.00,50.00,33.50,16.50,0.00,Dine in,POS 2,Route 98 - Minimart,Owner,,,,Closed
24/09/2026 22:00,2-1304,Sale,ICE,10298,ICE CUBE 1KG,,,1.000,25.00,0.00,25.00,13.00,12.00,0.00,Dine in,POS 2,Route 98 - Minimart,Owner,,,,Closed
24/09/2026 22:00,2-1304,Sale,,10485,PLASTIC CUPS,,,2.000,6.00,0.00,6.00,0.00,6.00,0.00,Dine in,POS 2,Route 98 - Minimart,Owner,,,,Closed
24/09/2026 22:00,2-1304,Sale,SNACKS,10217,CHIPPY BBQ 108G,,,1.000,28.75,0.00,28.75,21.35,7.40,0.00,Dine in,POS 2,Route 98 - Minimart,Owner,,,,Closed
24/09/2026 21:56,2-1303,Sale,,10235,"#misc",,,1.000,5.00,0.00,5.00,0.00,5.00,0.00,Dine in,POS 2,Route 98 - Minimart,Owner,,,,Closed
24/09/2026 21:56,2-1303,Sale,DRINKS,10107,COCA COLA 290ML,,,1.000,20.00,0.00,20.00,16.50,3.50,0.00,Dine in,POS 2,Route 98 - Minimart,Owner,,,,Closed
24/09/2026 21:56,2-1303,Sale,SNACKS,10203,NIPS PEANUT 14G,,,2.000,16.00,0.00,16.00,11.74,4.26,0.00,Dine in,POS 2,Route 98 - Minimart,Owner,,,,Closed
24/09/2026 21:56,2-1303,Sale,,98000110,MIGHTY PULA  STICK,,,1.000,10.00,0.00,10.00,8.02,1.98,0.00,Dine in,POS 2,Route 98 - Minimart,Owner,,,,Closed
24/09/2026 21:31,2-1302,Sale,CIGARETTE,98000117,WINSTON RED STICK,,,2.000,24.00,0.00,24.00,18.20,5.80,0.00,Dine in,POS 2,Route 98 - Minimart,Owner,,,,Closed
24/09/2026 21:31,2-1301,Sale,,10485,PLASTIC CUPS,,,1.000,3.00,0.00,3.00,0.00,3.00,0.00,Dine in,POS 2,Route 98 - Minimart,Owner,,,,Closed
24/09/2026 21:29,2-1300,Sale,SNACKS,10145,PIATTOS SOUR CREAM 40G,,,1.000,18.50,0.00,18.50,15.75,2.75,0.00,Dine in,POS 2,Route 98 - Minimart,Owner,,,,Closed
24/09/2026 21:29,2-1300,Sale,SNACKS,10138,CHEEZ IT,,,1.000,10.00,0.00,10.00,8.25,1.75,0.00,Dine in,POS 2,Route 98 - Minimart,Owner,,,,Closed
24/09/2026 21:28,2-1299,Sale,,98000110,MIGHTY PULA  STICK,,,1.000,10.00,0.00,10.00,8.02,1.98,0.00,Dine in,POS 2,Route 98 - Minimart,Owner,,,,Closed
24/09/2026 21:28,2-1299,Sale,,98000112,MIGHTY PUTI STICK,,,1.000,10.00,0.00,10.00,8.02,1.98,0.00,Dine in,POS 2,Route 98 - Minimart,Owner,,,,Closed
24/09/2026 21:27,2-1298,Sale,DRINKS,10435,KULAFU 700ML,,,1.000,110.00,0.00,110.00,86.90,23.10,0.00,Dine in,POS 2,Route 98 - Minimart,Owner,,,,Closed
24/09/2026 21:27,2-1297,Sale,DRINKS,10119,VINO KULAFU 350,,,1.000,50.00,0.00,50.00,43.90,6.10,0.00,Dine in,POS 2,Route 98 - Minimart,Owner,,,,Closed
24/09/2026 21:27,2-1297,Sale,DRINKS,10435,KULAFU 700ML,,,1.000,110.00,0.00,110.00,86.90,23.10,0.00,Dine in,POS 2,Route 98 - Minimart,Owner,,,,Closed
24/09/2026 21:27,2-1297,Sale,,10487,Royal 1.25L,,,1.000,60.00,0.00,60.00,0.00,60.00,0.00,Dine in,POS 2,Route 98 - Minimart,Owner,,,,Closed
24/09/2026 21:14,2-1296,Sale,DRINKS,10129,C2 SOLO APPLE 230ML,,,1.000,17.00,0.00,17.00,11.79,5.21,0.00,Dine in,POS 2,Route 98 - Minimart,Owner,,,,Closed
24/09/2026 21:14,2-1296,Sale,BATH ESSENTIALS,980000022,PANTENE SHAMPOO NOURISHED SHINE,,,4.000,35.92,0.00,35.92,27.36,8.56,0.00,Dine in,POS 2,Route 98 - Minimart,Owner,,,,Closed
24/09/2026 21:14,2-1296,Sale,FOOD,10172,ENERGEN CHOCO,,,3.000,36.00,0.00,36.00,25.35,10.65,0.00,Dine in,POS 2,Route 98 - Minimart,Owner,,,,Closed
24/09/2026 21:10,2-1295,Sale,DRINKS,10084,RED HORSE LITRO,,,6.000,870.00,0.00,870.00,720.00,150.00,0.00,Dine in,POS 2,Route 98 - Minimart,Owner,,,,Closed
24/09/2026 21:10,2-1295,Sale,ICE,10299,ICE CUBE 2KG,,,1.000,35.00,0.00,35.00,24.00,11.00,0.00,Dine in,POS 2,Route 98 - Minimart,Owner,,,,Closed
24/09/2026 21:06,2-1294,Sale,SNACKS,10386,RICHEE 60G,,,1.000,23.75,0.00,23.75,18.25,5.50,0.00,Dine in,POS 2,Route 98 - Minimart,Owner,,,,Closed
24/09/2026 21:06,2-1294,Sale,SNACKS,10203,NIPS PEANUT 14G,,,6.000,48.00,0.00,48.00,35.22,12.78,0.00,Dine in,POS 2,Route 98 - Minimart,Owner,,,,Closed
24/09/2026 21:03,2-1293,Sale,DRINKS,10119,VINO KULAFU 350,,,2.000,100.00,0.00,100.00,87.80,12.20,0.00,Dine in,POS 2,Route 98 - Minimart,Owner,,,,Closed
24/09/2026 20:34,2-1292,Sale,CIGARETTE,98000117,WINSTON RED STICK,,,2.000,24.00,0.00,24.00,18.20,5.80,0.00,Dine in,POS 2,Route 98 - Minimart,Owner,,,,Closed
24/09/2026 20:23,2-1291,Sale,ICE CREAM 🍦,10342,CREAMLINE JUMBO CONE UBE QUESO 140ML,,,1.000,30.00,0.00,30.00,24.10,5.90,0.00,Dine in,POS 2,Route 98 - Minimart,Owner,,,,Closed
24/09/2026 20:23,2-1291,Sale,ICE CREAM 🍦,10344,CREAMLINE PINIPIG CHOCOLATE 70ML,,,2.000,40.00,0.00,40.00,32.30,7.70,0.00,Dine in,POS 2,Route 98 - Minimart,Owner,,,,Closed
24/09/2026 20:17,2-1290,Sale,DRINKS,98000077,POCARI SWEAT 350ML,,,1.000,45.00,0.00,45.00,34.25,10.75,0.00,Dine in,POS 2,Route 98 - Minimart,Owner,,,,Closed
24/09/2026 20:17,2-1290,Sale,DRINKS,10119,VINO KULAFU 350,,,1.000,50.00,0.00,50.00,43.90,6.10,0.00,Dine in,POS 2,Route 98 - Minimart,Owner,,,,Closed
24/09/2026 20:15,2-1289,Sale,ICE CREAM 🍦,10339,CREAMLINE JUMBO CONE DOUBLE DUTCH 140ML,,,2.000,60.00,0.00,60.00,48.20,11.80,0.00,Dine in,POS 2,Route 98 - Minimart,Owner,,,,Closed
24/09/2026 20:15,2-1289,Sale,ICE CREAM 🍦,10367,CREAMLINE SUNDAE STRAWBERRY 120ML,,,1.000,25.00,0.00,25.00,15.85,9.15,0.00,Dine in,POS 2,Route 98 - Minimart,Owner,,,,Closed
24/09/2026 20:10,2-1288,Sale,DRINKS,10439,NATURE'S SPRING DISTILLED 1000ML,,,1.000,28.00,0.00,28.00,16.43,11.57,0.00,Dine in,POS 2,Route 98 - Minimart,Owner,,,,Closed
24/09/2026 20:10,2-1288,Sale,ICE CREAM 🍦,10354,CREAMLINE COOLERS MANGO 70ML,,,2.000,28.00,0.00,28.00,19.80,8.20,0.00,Dine in,POS 2,Route 98 - Minimart,Owner,,,,Closed
24/09/2026 20:10,2-1288,Sale,CIGARETTE,98000117,WINSTON RED STICK,,,1.000,12.00,0.00,12.00,9.10,2.90,0.00,Dine in,POS 2,Route 98 - Minimart,Owner,,,,Closed
24/09/2026 19:56,2-1287,Sale,DRINKS,98000135,DELIGHT PROBIOTIC 400ML,,,1.000,60.00,0.00,60.00,48.00,12.00,0.00,Dine in,POS 2,Route 98 - Minimart,Owner,,,,Closed
24/09/2026 19:55,2-1286,Sale,DRINKS,10486,COCA COLA 1L BOTTLE,,,3.000,150.00,0.00,150.00,100.50,49.50,0.00,Dine in,POS 2,Route 98 - Minimart,Owner,,,,Closed
24/09/2026 19:43,2-1285,Sale,,9800170,"#StyroCups w/ stirrer",,,1.000,5.00,0.00,5.00,0.00,5.00,0.00,Dine in,POS 2,Route 98 - Minimart,Owner,,,,Closed
24/09/2026 19:43,2-1285,Sale,SNACKS,10212,MAGIC CREAMS CONDENSED,,,1.000,9.00,0.00,9.00,5.55,3.45,0.00,Dine in,POS 2,Route 98 - Minimart,Owner,,,,Closed
24/09/2026 19:43,2-1285,Sale,SNACKS,98000122,PRESTO CHOCO PEANUT BUTTER,,,1.000,10.00,0.00,10.00,6.45,3.55,0.00,Dine in,POS 2,Route 98 - Minimart,Owner,,,,Closed
24/09/2026 19:43,2-1285,Sale,ICE CREAM 🍦,10366,CREAMLINE SUNDAE CARAMEL 120ML,,,1.000,25.00,0.00,25.00,15.85,9.15,0.00,Dine in,POS 2,Route 98 - Minimart,Owner,,,,Closed
24/09/2026 19:43,2-1285,Sale,SNACKS,98000126,NISSIN BUTTER COCONUT 28G,,,1.000,8.00,0.00,8.00,5.55,2.45,0.00,Dine in,POS 2,Route 98 - Minimart,Owner,,,,Closed
24/09/2026 19:43,2-1285,Sale,DRINKS,98000135,DELIGHT PROBIOTIC 400ML,,,1.000,60.00,0.00,60.00,48.00,12.00,0.00,Dine in,POS 2,Route 98 - Minimart,Owner,,,,Closed
24/09/2026 19:43,2-1285,Sale,DRINKS,10441,NESTLE FRESH MILK 250ML,,,1.000,50.00,0.00,50.00,39.55,10.45,0.00,Dine in,POS 2,Route 98 - Minimart,Owner,,,,Closed
24/09/2026 19:36,2-1284,Sale,DRINKS,10113,NUTRIBOOST STRWBRRY 110,,,1.000,15.00,0.00,15.00,0.00,15.00,0.00,Dine in,POS 2,Route 98 - Minimart,Owner,,,,Closed
24/09/2026 19:25,2-1283,Sale,DRINKS,10439,NATURE'S SPRING DISTILLED 1000ML,,,1.000,28.00,0.00,28.00,16.43,11.57,0.00,Dine in,POS 2,Route 98 - Minimart,Owner,,,,Closed
24/09/2026 19:25,2-1283,Sale,DRINKS,10239,MOUNTAIN DEW (290ML),,,1.000,20.00,0.00,20.00,16.35,3.65,0.00,Dine in,POS 2,Route 98 - Minimart,Owner,,,,Closed
24/09/2026 19:25,2-1282,Sale,SNACKS,10212,MAGIC CREAMS CONDENSED,,,1.000,9.00,0.00,9.00,5.55,3.45,0.00,Dine in,POS 2,Route 98 - Minimart,Owner,,,,Closed
24/09/2026 19:07,2-1281,Sale,SNACKS,10148,MR. CHIPS  NACHO CHEEZE 4G,,,1.000,9.75,0.00,9.75,5.45,4.30,0.00,Dine in,POS 2,Route 98 - Minimart,Owner,,,,Closed
24/09/2026 19:07,2-1281,Sale,CIGARETTE,98000117,WINSTON RED STICK,,,2.000,24.00,0.00,24.00,18.20,5.80,0.00,Dine in,POS 2,Route 98 - Minimart,Owner,,,,Closed
24/09/2026 18:21,2-1280,Sale,SNACKS,10219,MR CHIPS MANAMIS MAIS 45G,,,1.000,12.50,0.00,12.50,8.19,4.31,0.00,Dine in,POS 2,Route 98 - Minimart,Owner,,,,Closed
24/09/2026 18:06,2-1279,Sale,DRINKS,10253,STING 290ML,,,2.000,50.00,0.00,50.00,33.50,16.50,0.00,Dine in,POS 2,Route 98 - Minimart,Owner,,,,Closed
24/09/2026 17:15,2-1278,Sale,ICE CREAM 🍦,10348,CREAMLINE BAR ROCKY ROAD,,,1.000,17.00,0.00,17.00,11.60,5.40,0.00,Dine in,POS 2,Route 98 - Minimart,Owner,,,,Closed
24/09/2026 16:47,2-1277,Sale,,98000110,MIGHTY PULA  STICK,,,1.000,10.00,0.00,10.00,8.02,1.98,0.00,Dine in,POS 2,Route 98 - Minimart,Owner,,,,Closed
24/09/2026 16:47,2-1277,Sale,,98000112,MIGHTY PUTI STICK,,,1.000,10.00,0.00,10.00,8.02,1.98,0.00,Dine in,POS 2,Route 98 - Minimart,Owner,,,,Closed
24/09/2026 16:42,2-1276,Sale,CIGARETTE,98000117,WINSTON RED STICK,,,4.000,48.00,0.00,48.00,36.40,11.60,0.00,Dine in,POS 2,Route 98 - Minimart,Owner,,,,Closed
24/09/2026 16:41,2-1275,Sale,ICE CREAM 🍦,10282,NOBRELLI CHOCO-MANGGA-UBE 1.3L,,,1.000,210.98,0.00,210.98,168.00,42.98,0.00,Dine in,POS 2,Route 98 - Minimart,Owner,,,,Closed
24/09/2026 15:40,2-1274,Sale,FOOD,10174,KOPIKO BLACK 2PK,,,1.000,16.98,0.00,16.98,13.40,3.58,0.00,Dine in,POS 2,Route 98 - Minimart,Owner,,,,Closed
24/09/2026 15:29,2-1273,Sale,DRINKS,10444,NESTLE MILO 180ML,,,1.000,30.00,0.00,30.00,24.50,5.50,0.00,Dine in,POS 2,Route 98 - Minimart,Owner,,,,Closed
24/09/2026 15:28,2-1272,Sale,CIGARETTE,98000117,WINSTON RED STICK,,,3.000,36.00,0.00,36.00,27.30,8.70,0.00,Dine in,POS 2,Route 98 - Minimart,Owner,,,,Closed
24/09/2026 15:06,2-1271,Sale,,10385Q,TROPICANA TWISTER ORANGE,,,1.000,30.00,0.00,30.00,25.37,4.63,0.00,Dine in,POS 2,Route 98 - Minimart,Owner,,,,Closed
24/09/2026 15:06,2-1271,Sale,SNACKS,10140,OISHI RINBEE,,,1.000,9.00,0.00,9.00,7.50,1.50,0.00,Dine in,POS 2,Route 98 - Minimart,Owner,,,,Closed
24/09/2026 14:49,2-1270,Sale,DRINKS,10436,NATURE'S SPRING PURE 350ML,,,1.000,10.00,0.00,10.00,6.92,3.08,0.00,Dine in,POS 2,Route 98 - Minimart,Owner,,,,Closed
24/09/2026 14:49,2-1270,Sale,,98000110,MIGHTY PULA  STICK,,,2.000,20.00,0.00,20.00,16.04,3.96,0.00,Dine in,POS 2,Route 98 - Minimart,Owner,,,,Closed
24/09/2026 14:48,2-1269,Sale,,10432,DAILY SCENT 50ML,,,1.000,56.00,0.00,56.00,0.00,56.00,0.00,Dine in,POS 2,Route 98 - Minimart,Owner,,,,Closed
24/09/2026 14:48,2-1269,Sale,DRINKS,10110,LIFT CITRUS BLAST 320,,,1.000,18.00,0.00,18.00,41.16,-23.16,0.00,Dine in,POS 2,Route 98 - Minimart,Owner,,,,Closed
24/09/2026 14:48,2-1269,Sale,,98000112,MIGHTY PUTI STICK,,,2.000,20.00,0.00,20.00,16.04,3.96,0.00,Dine in,POS 2,Route 98 - Minimart,Owner,,,,Closed
24/09/2026 14:04,2-1268,Sale,,10385Q,TROPICANA TWISTER ORANGE,,,1.000,30.00,0.00,30.00,25.37,4.63,0.00,Dine in,POS 2,Route 98 - Minimart,Owner,,,,Closed
24/09/2026 14:04,2-1268,Sale,DRINKS,98000135,DELIGHT PROBIOTIC 400ML,,,1.000,60.00,0.00,60.00,48.00,12.00,0.00,Dine in,POS 2,Route 98 - Minimart,Owner,,,,Closed
24/09/2026 14:04,2-1268,Sale,,10235,"#misc",,,1.000,80.00,0.00,80.00,0.00,80.00,0.00,Dine in,POS 2,Route 98 - Minimart,Owner,,,,Closed
24/09/2026 14:04,2-1268,Sale,,10235,"#misc",,,1.000,90.00,0.00,90.00,0.00,90.00,0.00,Dine in,POS 2,Route 98 - Minimart,Owner,,,,Closed
24/09/2026 14:04,2-1268,Sale,,10235,"#misc",,,1.000,72.00,0.00,72.00,0.00,72.00,0.00,Dine in,POS 2,Route 98 - Minimart,Owner,,,,Closed
24/09/2026 13:50,2-1267,Sale,,98000118,WINSTON WHITE KAHA,,,1.000,220.00,0.00,220.00,184.00,36.00,0.00,Dine in,POS 2,Route 98 - Minimart,Owner,,,,Closed
24/09/2026 13:48,2-1266,Sale,DRINKS,98000046,COCA COLA 1.75L,,,1.000,84.75,0.00,84.75,61.67,23.08,0.00,Dine in,POS 2,Route 98 - Minimart,Owner,,,,Closed
24/09/2026 13:48,2-1266,Sale,DRINKS,10444,NESTLE MILO 180ML,,,1.000,30.00,0.00,30.00,24.50,5.50,0.00,Dine in,POS 2,Route 98 - Minimart,Owner,,,,Closed
24/09/2026 13:48,2-1266,Sale,CIGARETTE,98000117,WINSTON RED STICK,,,3.000,36.00,0.00,36.00,27.30,8.70,0.00,Dine in,POS 2,Route 98 - Minimart,Owner,,,,Closed
24/09/2026 13:48,2-1266,Sale,HOME ESSENTIALS,10044,FUEGO MATCH - PIECE,,,1.000,3.00,0.00,3.00,0.00,3.00,0.00,Dine in,POS 2,Route 98 - Minimart,Owner,,,,Closed
24/09/2026 13:46,2-1265,Sale,SNACKS,10206,NIPS MILK CHOCO 14G,,,12.000,96.00,0.00,96.00,70.44,25.56,0.00,Dine in,POS 2,Route 98 - Minimart,Owner,,,,Closed
24/09/2026 13:29,2-1264,Sale,CIGARETTE,98000117,WINSTON RED STICK,,,1.000,12.00,0.00,12.00,9.10,2.90,0.00,Dine in,POS 2,Route 98 - Minimart,Owner,,,,Closed
24/09/2026 13:28,2-1263,Sale,SNACKS,10246,VCUT SPICY BARBEQUE 60G,,,1.000,41.50,0.00,41.50,31.95,9.55,0.00,Dine in,POS 2,Route 98 - Minimart,Owner,,,,Closed
24/09/2026 12:35,2-1262,Sale,DRINKS,98000046,COCA COLA 1.75L,,,1.000,84.75,0.00,84.75,61.67,23.08,0.00,Dine in,POS 2,Route 98 - Minimart,Owner,,,,Closed
24/09/2026 10:14,2-1261,Sale,,98000110,MIGHTY PULA  STICK,,,1.000,10.00,0.00,10.00,8.02,1.98,0.00,Dine in,POS 2,Route 98 - Minimart,Owner,,,,Closed
24/09/2026 10:12,2-1260,Sale,FOOD,10060,MONGGO,,,1.000,25.00,0.00,25.00,0.00,25.00,0.00,Dine in,POS 2,Route 98 - Minimart,Owner,,,,Closed
24/09/2026 10:12,2-1260,Sale,DRINKS,10383Q,PEPSI EXTRA FIZZ 195ML,,,1.000,15.00,0.00,15.00,11.00,4.00,0.00,Dine in,POS 2,Route 98 - Minimart,Owner,,,,Closed
24/09/2026 10:12,2-1260,Sale,DRINKS,10253,STING 290ML,,,1.000,25.00,0.00,25.00,16.75,8.25,0.00,Dine in,POS 2,Route 98 - Minimart,Owner,,,,Closed
24/09/2026 10:12,2-1260,Sale,,98000110,MIGHTY PULA  STICK,,,2.000,20.00,0.00,20.00,16.04,3.96,0.00,Dine in,POS 2,Route 98 - Minimart,Owner,,,,Closed
24/09/2026 10:12,2-1260,Sale,FOOD,10045,AJINOMOTO SEASONING,,,1.000,4.98,0.00,4.98,0.00,4.98,0.00,Dine in,POS 2,Route 98 - Minimart,Owner,,,,Closed
24/09/2026 00:42,2-1259,Sale,SNACKS,10146,CRISPY PATATA 24G,,,3.000,29.94,0.00,29.94,23.25,6.69,0.00,Dine in,POS 2,Route 98 - Minimart,Owner,,,,Closed
24/09/2026 00:42,2-1258,Sale,SNACKS,10143,CHIPPY BBQ 25G,,,2.000,19.50,0.00,19.50,12.60,6.90,0.00,Dine in,POS 2,Route 98 - Minimart,Owner,,,,Closed
24/09/2026 00:40,2-1257,Sale,HOME ESSENTIALS,9800027,BAGUIO PURE COCONUT 175ML,,,2.000,110.00,0.00,110.00,96.00,14.00,0.00,Dine in,POS 2,Route 98 - Minimart,Owner,,,,Closed
24/09/2026 00:40,2-1257,Sale,CIGARETTE,98000113,CAMEL PREMIUM TABACCOS KAHA,,,1.000,165.00,0.00,165.00,145.00,20.00,0.00,Dine in,POS 2,Route 98 - Minimart,Owner,,,,Closed
24/09/2026 00:08,2-1256,Sale,SNACKS,10146,CRISPY PATATA 24G,,,2.000,19.96,0.00,19.96,15.50,4.46,0.00,Dine in,POS 2,Route 98 - Minimart,Owner,,,,Closed
24/09/2026 00:08,2-1256,Sale,DRINKS,10084,RED HORSE LITRO,,,1.000,145.00,0.00,145.00,120.00,25.00,0.00,Dine in,POS 2,Route 98 - Minimart,Owner,,,,Closed
24/09/2026 00:03,2-1255,Sale,DRINKS,10188,NATURE'S SPRING PURE 1000ML,,,2.000,50.00,0.00,50.00,28.52,21.48,0.00,Dine in,POS 2,Route 98 - Minimart,Owner,,,,Closed
24/09/2026 00:03,2-1255,Sale,SNACKS,98000072,FISH CRACKERS 24G,,,1.000,10.00,0.00,10.00,7.40,2.60,0.00,Dine in,POS 2,Route 98 - Minimart,Owner,,,,Closed
24/09/2026 00:03,2-1255,Sale,SNACKS,10130,OISHI CRACKLINGS,,,1.000,9.00,0.00,9.00,7.50,1.50,0.00,Dine in,POS 2,Route 98 - Minimart,Owner,,,,Closed
24/09/2026 00:03,2-1255,Sale,SNACKS,10374,SKYFLAKES CRACKER,,,1.000,9.98,0.00,9.98,6.00,3.98,0.00,Dine in,POS 2,Route 98 - Minimart,Owner,,,,Closed
23/09/2026 23:48,2-1254,Sale,FOOD,10189,NESCAFE STICK,,,12.000,60.00,0.00,60.00,39.00,21.00,0.00,Dine in,POS 2,Route 98 - Minimart,Owner,,,,Closed
23/09/2026 23:48,2-1254,Sale,FOOD,10045,AJINOMOTO SEASONING,,,3.000,14.94,0.00,14.94,0.00,14.94,0.00,Dine in,POS 2,Route 98 - Minimart,Owner,,,,Closed
23/09/2026 23:48,2-1254,Sale,FOOD,10056,SALT 1/4,,,1.000,10.00,0.00,10.00,0.00,10.00,0.00,Dine in,POS 2,Route 98 - Minimart,Owner,,,,Closed
23/09/2026 23:48,2-1254,Sale,SNACKS,10219,MR CHIPS MANAMIS MAIS 45G,,,1.000,12.50,0.00,12.50,8.19,4.31,0.00,Dine in,POS 2,Route 98 - Minimart,Owner,,,,Closed
23/09/2026 23:44,2-1253,Sale,,98000110,MIGHTY PULA  STICK,,,4.000,40.00,0.00,40.00,32.08,7.92,0.00,Dine in,POS 2,Route 98 - Minimart,Owner,,,,Closed
23/09/2026 23:32,2-1252,Sale,ICE,10298,ICE CUBE 1KG,,,1.000,25.00,0.00,25.00,13.00,12.00,0.00,Dine in,POS 2,Route 98 - Minimart,Owner,,,,Closed
23/09/2026 23:32,2-1252,Sale,SNACKS,10410,HAPPY NUTS SWEET CHILI 5G,,,5.000,10.00,0.00,10.00,5.50,4.50,0.00,Dine in,POS 2,Route 98 - Minimart,Owner,,,,Closed
23/09/2026 23:22,2-1251,Sale,DRINKS,10084,RED HORSE LITRO,,,1.000,145.00,0.00,145.00,120.00,25.00,0.00,Dine in,POS 2,Route 98 - Minimart,Owner,,,,Closed
23/09/2026 23:21,2-1250,Sale,,9800170,"#StyroCups w/ stirrer",,,1.000,5.00,0.00,5.00,0.00,5.00,0.00,Dine in,POS 2,Route 98 - Minimart,Owner,,,,Closed
23/09/2026 23:21,2-1250,Sale,DRINKS,10194,GREAT TASTE STICK,,,1.000,5.00,0.00,5.00,2.71,2.29,0.00,Dine in,POS 2,Route 98 - Minimart,Owner,,,,Closed
23/09/2026 23:04,2-1249,Sale,SNACKS,10146,CRISPY PATATA 24G,,,2.000,19.96,0.00,19.96,15.50,4.46,0.00,Dine in,POS 2,Route 98 - Minimart,Owner,,,,Closed
23/09/2026 23:04,2-1249,Sale,DRINKS,10084,RED HORSE LITRO,,,1.000,145.00,0.00,145.00,120.00,25.00,0.00,Dine in,POS 2,Route 98 - Minimart,Owner,,,,Closed
23/09/2026 22:45,2-1248,Sale,CIGARETTE,98000117,WINSTON RED STICK,,,5.000,60.00,0.00,60.00,45.50,14.50,0.00,Dine in,POS 2,Route 98 - Minimart,Owner,,,,Closed
23/09/2026 22:34,2-1247,Sale,DRINKS,10253,STING 290ML,,,1.000,25.00,0.00,25.00,16.75,8.25,0.00,Dine in,POS 2,Route 98 - Minimart,Owner,,,,Closed
23/09/2026 22:17,2-1246,Sale,SNACKS,10185,DINGDONG MIXNUTS 5G,,,14.000,28.00,0.00,28.00,15.40,12.60,0.00,Dine in,POS 2,Route 98 - Minimart,Owner,,,,Closed
23/09/2026 22:17,2-1246,Sale,SNACKS,10413,SUPER BAWANG 5G,,,12.000,24.00,0.00,24.00,11.76,12.24,0.00,Dine in,POS 2,Route 98 - Minimart,Owner,,,,Closed
23/09/2026 22:17,2-1246,Sale,CIGARETTE,98000117,WINSTON RED STICK,,,6.000,72.00,0.00,72.00,54.60,17.40,0.00,Dine in,POS 2,Route 98 - Minimart,Owner,,,,Closed
23/09/2026 22:17,2-1246,Sale,,98000116,WINSTON WHITE STICK,,,4.000,48.00,0.00,48.00,39.68,8.32,0.00,Dine in,POS 2,Route 98 - Minimart,Owner,,,,Closed
23/09/2026 22:11,2-1245,Sale,DRINKS,10084,RED HORSE LITRO,,,3.000,435.00,0.00,435.00,360.00,75.00,0.00,Dine in,POS 2,Route 98 - Minimart,Owner,,,,Closed
23/09/2026 22:06,2-1244,Sale,DRINKS,10084,RED HORSE LITRO,,,1.000,145.00,0.00,145.00,120.00,25.00,0.00,Dine in,POS 2,Route 98 - Minimart,Owner,,,,Closed
23/09/2026 22:06,2-1244,Sale,ICE,10298,ICE CUBE 1KG,,,1.000,25.00,0.00,25.00,13.00,12.00,0.00,Dine in,POS 2,Route 98 - Minimart,Owner,,,,Closed
23/09/2026 22:06,2-1244,Sale,CIGARETTE,98000117,WINSTON RED STICK,,,3.000,36.00,0.00,36.00,27.30,8.70,0.00,Dine in,POS 2,Route 98 - Minimart,Owner,,,,Closed
23/09/2026 22:06,2-1244,Sale,,98000112,MIGHTY PUTI STICK,,,3.000,30.00,0.00,30.00,24.06,5.94,0.00,Dine in,POS 2,Route 98 - Minimart,Owner,,,,Closed
23/09/2026 21:58,2-1243,Sale,CIGARETTE,98000117,WINSTON RED STICK,,,2.000,24.00,0.00,24.00,18.20,5.80,0.00,Dine in,POS 2,Route 98 - Minimart,Owner,,,,Closed
23/09/2026 21:33,2-1242,Sale,Cleaning/Laundry Supplies,980000026,DOWNY SUNRISE FRESH 26ML,,,6.000,53.88,0.00,53.88,37.38,16.50,0.00,Dine in,POS 2,Route 98 - Minimart,Owner,,,,Closed
23/09/2026 21:33,2-1242,Sale,Cleaning/Laundry Supplies,10105,SURF POWDER KALAMANSI,,,6.000,60.00,0.00,60.00,43.50,16.50,0.00,Dine in,POS 2,Route 98 - Minimart,Owner,,,,Closed
23/09/2026 21:33,2-1242,Sale,FOOD,10127,NESCAFE CREAMY WHITE TWIN PACK,,,3.000,51.00,0.00,51.00,42.00,9.00,0.00,Dine in,POS 2,Route 98 - Minimart,Owner,,,,Closed
23/09/2026 21:33,2-1242,Sale,FOOD,10189,NESCAFE STICK,,,5.000,25.00,0.00,25.00,16.25,8.75,0.00,Dine in,POS 2,Route 98 - Minimart,Owner,,,,Closed
23/09/2026 21:33,2-1242,Sale,DRINKS,98000135,DELIGHT PROBIOTIC 400ML,,,1.000,60.00,0.00,60.00,48.00,12.00,0.00,Dine in,POS 2,Route 98 - Minimart,Owner,,,,Closed
23/09/2026 21:21,2-1241,Sale,,98000110,MIGHTY PULA  STICK,,,9.000,90.00,0.00,90.00,72.18,17.82,0.00,Dine in,POS 2,Route 98 - Minimart,Owner,,,,Closed
23/09/2026 21:13,2-1240,Sale,,10235,"#misc",,,1.000,135.00,0.00,135.00,0.00,135.00,0.00,Dine in,POS 2,Route 98 - Minimart,Owner,,,,Closed
23/09/2026 21:12,2-1239,Sale,DRINKS,10486,COCA COLA 1L BOTTLE,,,1.000,50.00,0.00,50.00,33.50,16.50,0.00,Dine in,POS 2,Route 98 - Minimart,Owner,,,,Closed
23/09/2026 21:12,2-1239,Sale,SNACKS,10130,OISHI CRACKLINGS,,,1.000,9.00,0.00,9.00,7.50,1.50,0.00,Dine in,POS 2,Route 98 - Minimart,Owner,,,,Closed
23/09/2026 21:05,2-1238,Sale,HOME ESSENTIALS,10044,FUEGO MATCH - PIECE,,,1.000,3.00,0.00,3.00,0.00,3.00,0.00,Dine in,POS 2,Route 98 - Minimart,Owner,,,,Closed
23/09/2026 21:05,2-1237,Sale,,98000110,MIGHTY PULA  STICK,,,2.000,20.00,0.00,20.00,16.04,3.96,0.00,Dine in,POS 2,Route 98 - Minimart,Owner,,,,Closed
23/09/2026 21:05,2-1237,Sale,DRINKS,10239,MOUNTAIN DEW (290ML),,,1.000,20.00,0.00,20.00,16.35,3.65,0.00,Dine in,POS 2,Route 98 - Minimart,Owner,,,,Closed
23/09/2026 21:05,2-1236,Sale,CIGARETTE,98000117,WINSTON RED STICK,,,3.000,36.00,0.00,36.00,27.30,8.70,0.00,Dine in,POS 2,Route 98 - Minimart,Owner,,,,Closed
23/09/2026 21:03,2-1235,Sale,DRINKS,98000054,C2 GREEN TEA APPLE 1L,,,1.000,57.75,0.00,57.75,44.42,13.33,0.00,Dine in,POS 2,Route 98 - Minimart,Owner,,,,Closed
23/09/2026 21:03,2-1235,Sale,DRINKS,98000135,DELIGHT PROBIOTIC 400ML,,,1.000,60.00,0.00,60.00,48.00,12.00,0.00,Dine in,POS 2,Route 98 - Minimart,Owner,,,,Closed
23/09/2026 21:03,2-1235,Sale,Cleaning/Laundry Supplies,980000015,JOY KALAMANSI DISHWASHING LIQUID 40ML,,,2.000,33.96,0.00,33.96,25.26,8.70,0.00,Dine in,POS 2,Route 98 - Minimart,Owner,,,,Closed
23/09/2026 21:03,2-1235,Sale,HOME ESSENTIALS,10429,COLGATE FRESH CONFIDENCE,,,1.000,12.00,0.00,12.00,8.83,3.17,0.00,Dine in,POS 2,Route 98 - Minimart,Owner,,,,Closed
23/09/2026 21:02,2-1234,Sale,DRINKS,10273,CLVB 1 LTR,,,1.000,185.00,0.00,185.00,145.00,40.00,0.00,Dine in,POS 2,Route 98 - Minimart,Owner,,,,Closed
23/09/2026 21:02,2-1234,Sale,DRINKS,10486,COCA COLA 1L BOTTLE,,,1.000,50.00,0.00,50.00,33.50,16.50,0.00,Dine in,POS 2,Route 98 - Minimart,Owner,,,,Closed
23/09/2026 21:02,2-1234,Sale,,10235,"#misc",,,1.000,6.00,0.00,6.00,0.00,6.00,0.00,Dine in,POS 2,Route 98 - Minimart,Owner,,,,Closed
23/09/2026 21:02,2-1234,Sale,CIGARETTE,98000117,WINSTON RED STICK,,,4.000,48.00,0.00,48.00,36.40,11.60,0.00,Dine in,POS 2,Route 98 - Minimart,Owner,,,,Closed
23/09/2026 21:02,2-1234,Sale,,98000110,MIGHTY PULA  STICK,,,1.000,10.00,0.00,10.00,8.02,1.98,0.00,Dine in,POS 2,Route 98 - Minimart,Owner,,,,Closed
23/09/2026 21:02,2-1234,Sale,ICE,10298,ICE CUBE 1KG,,,1.000,25.00,0.00,25.00,13.00,12.00,0.00,Dine in,POS 2,Route 98 - Minimart,Owner,,,,Closed
23/09/2026 20:56,2-1233,Sale,,98000110,MIGHTY PULA  STICK,,,1.000,10.00,0.00,10.00,8.02,1.98,0.00,Dine in,POS 2,Route 98 - Minimart,Owner,,,,Closed
23/09/2026 20:56,2-1232,Sale,SNACKS,10202,PIATTOS CHEESE 85G,,,1.000,38.50,0.00,38.50,33.22,5.28,0.00,Dine in,POS 2,Route 98 - Minimart,Owner,,,,Closed
23/09/2026 20:56,2-1232,Sale,SNACKS,98000131,DINGDONG SNACK MIX WITH  CHIPS CURLS 100G,,,2.000,60.00,0.00,60.00,48.00,12.00,0.00,Dine in,POS 2,Route 98 - Minimart,Owner,,,,Closed
23/09/2026 20:56,2-1232,Sale,SNACKS,10403,MARTY'S CRACKLINGS PLN SLTD 90G,,,1.000,28.50,0.00,28.50,21.90,6.60,0.00,Dine in,POS 2,Route 98 - Minimart,Owner,,,,Closed
23/09/2026 20:56,2-1232,Sale,SNACKS,10215,MANG JUAN SUKAT SILI 90G,,,2.000,59.50,0.00,59.50,45.00,14.50,0.00,Dine in,POS 2,Route 98 - Minimart,Owner,,,,Closed
23/09/2026 20:47,2-1231,Sale,CIGARETTE,98000117,WINSTON RED STICK,,,3.000,36.00,0.00,36.00,27.30,8.70,0.00,Dine in,POS 2,Route 98 - Minimart,Owner,,,,Closed
23/09/2026 20:46,2-1230,Sale,,98000112,MIGHTY PUTI STICK,,,2.000,20.00,0.00,20.00,16.04,3.96,0.00,Dine in,POS 2,Route 98 - Minimart,Owner,,,,Closed
23/09/2026 20:44,2-1229,Sale,DRINKS,98000136,DELIGHT PROBIOTIC 100ML,,,1.000,16.00,0.00,16.00,11.40,4.60,0.00,Dine in,POS 2,Route 98 - Minimart,Owner,,,,Closed
23/09/2026 20:44,2-1229,Sale,DRINKS,98000120,SMIRNOFF,,,1.000,65.00,0.00,65.00,54.00,11.00,0.00,Dine in,POS 2,Route 98 - Minimart,Owner,,,,Closed
23/09/2026 20:44,2-1229,Sale,DRINKS,10083,RED HORSE 500,,,2.000,150.00,0.00,150.00,120.00,30.00,0.00,Dine in,POS 2,Route 98 - Minimart,Owner,,,,Closed
23/09/2026 20:44,2-1229,Sale,DRINKS,10193,YAKULT,,,5.000,75.00,0.00,75.00,50.00,25.00,0.00,Dine in,POS 2,Route 98 - Minimart,Owner,,,,Closed
23/09/2026 20:44,2-1229,Sale,FOOD,10455,SAMYANG BULDAK CARBONBARA,,,2.000,190.00,0.00,190.00,170.00,20.00,0.00,Dine in,POS 2,Route 98 - Minimart,Owner,,,,Closed
23/09/2026 20:44,2-1229,Sale,,10235,"#misc",,,1.000,150.00,0.00,150.00,0.00,150.00,0.00,Dine in,POS 2,Route 98 - Minimart,Owner,,,,Closed
23/09/2026 20:00,2-1228,Sale,SNACKS,98000064,PIATTOS ROADHOUSE BBQ 40G,,,2.000,37.00,0.00,37.00,27.60,9.40,0.00,Dine in,POS 2,Route 98 - Minimart,Owner,,,,Closed
23/09/2026 20:00,2-1228,Sale,SNACKS,10145,PIATTOS SOUR CREAM 40G,,,2.000,37.00,0.00,37.00,31.50,5.50,0.00,Dine in,POS 2,Route 98 - Minimart,Owner,,,,Closed
23/09/2026 19:26,2-1227,Sale,SNACKS,98000071,MANG JUAN SUKAT SILI 26G,,,1.000,12.25,0.00,12.25,6.30,5.95,0.00,Dine in,POS 2,Route 98 - Minimart,Owner,,,,Closed
23/09/2026 19:26,2-1227,Sale,SNACKS,10139,MANG JUAN SUKANG PAOMBONG 26G,,,1.000,12.25,0.00,12.25,8.00,4.25,0.00,Dine in,POS 2,Route 98 - Minimart,Owner,,,,Closed
23/09/2026 19:17,2-1226,Sale,SNACKS,98000059,NOVA COUNTRY CHEDDAR 78G,,,2.000,77.00,0.00,77.00,59.10,17.90,0.00,Dine in,POS 2,Route 98 - Minimart,Owner,,,,Closed
23/09/2026 18:40,2-1225,Sale,SNACKS,10185,DINGDONG MIXNUTS 5G,,,5.000,10.00,0.00,10.00,5.50,4.50,0.00,Dine in,POS 2,Route 98 - Minimart,Owner,,,,Closed
23/09/2026 18:40,2-1225,Sale,SNACKS,10395Q,CORN BITS HALO HALO,,,10.000,20.00,0.00,20.00,10.90,9.10,0.00,Dine in,POS 2,Route 98 - Minimart,Owner,,,,Closed
23/09/2026 18:40,2-1225,Sale,SNACKS,10410,HAPPY NUTS SWEET CHILI 5G,,,10.000,20.00,0.00,20.00,11.00,9.00,0.00,Dine in,POS 2,Route 98 - Minimart,Owner,,,,Closed
23/09/2026 18:18,2-1224,Sale,CIGARETTE,98000117,WINSTON RED STICK,,,4.000,48.00,0.00,48.00,36.40,11.60,0.00,Dine in,POS 2,Route 98 - Minimart,Owner,,,,Closed
23/09/2026 18:18,2-1224,Sale,DRINKS,10444,NESTLE MILO 180ML,,,1.000,30.00,0.00,30.00,24.50,5.50,0.00,Dine in,POS 2,Route 98 - Minimart,Owner,,,,Closed
23/09/2026 17:57,2-1223,Sale,SNACKS,10258,NIPS WHITE CHOCO PACK,,,1.000,35.00,0.00,35.00,28.95,6.05,0.00,Dine in,POS 2,Route 98 - Minimart,Owner,,,,Closed
23/09/2026 17:57,2-1223,Sale,SNACKS,10263,PILLOWS UBE 24G,,,6.000,54.00,0.00,54.00,40.50,13.50,0.00,Dine in,POS 2,Route 98 - Minimart,Owner,,,,Closed
23/09/2026 17:55,2-1222,Sale,,98000110,MIGHTY PULA  STICK,,,1.000,10.00,0.00,10.00,8.02,1.98,0.00,Dine in,POS 2,Route 98 - Minimart,Owner,,,,Closed
23/09/2026 17:54,2-1221,Sale,FOOD,10173,MILO,,,3.000,36.00,0.00,36.00,27.75,8.25,0.00,Dine in,POS 2,Route 98 - Minimart,Owner,,,,Closed
23/09/2026 17:54,2-1221,Sale,FOOD,10171,ENERGEN VANILLA,,,8.000,96.00,0.00,96.00,69.20,26.80,0.00,Dine in,POS 2,Route 98 - Minimart,Owner,,,,Closed
23/09/2026 17:54,2-1221,Sale,DRINKS,98000135,DELIGHT PROBIOTIC 400ML,,,1.000,60.00,0.00,60.00,48.00,12.00,0.00,Dine in,POS 2,Route 98 - Minimart,Owner,,,,Closed
23/09/2026 17:54,2-1221,Sale,DRINKS,10439,NATURE'S SPRING DISTILLED 1000ML,,,1.000,28.00,0.00,28.00,16.43,11.57,0.00,Dine in,POS 2,Route 98 - Minimart,Owner,,,,Closed
23/09/2026 17:54,2-1221,Sale,FOOD,10189,NESCAFE STICK,,,12.000,60.00,0.00,60.00,39.00,21.00,0.00,Dine in,POS 2,Route 98 - Minimart,Owner,,,,Closed
23/09/2026 17:35,2-1220,Sale,FOOD,10176,KOPIKO BROWN 2PK,,,1.000,16.98,0.00,16.98,13.40,3.58,0.00,Dine in,POS 2,Route 98 - Minimart,Owner,,,,Closed
23/09/2026 17:35,2-1220,Sale,,10235,"#misc",,,1.000,1.00,0.00,1.00,0.00,1.00,0.00,Dine in,POS 2,Route 98 - Minimart,Owner,,,,Closed
23/09/2026 16:53,2-1219,Sale,SNACKS,10149,NOVA COUNTRY CHEDDAR 20G,,,2.000,17.50,0.00,17.50,13.32,4.18,0.00,Dine in,POS 2,Route 98 - Minimart,Owner,,,,Closed
23/09/2026 16:53,2-1219,Sale,SNACKS,10206,NIPS MILK CHOCO 14G,,,2.000,16.00,0.00,16.00,11.74,4.26,0.00,Dine in,POS 2,Route 98 - Minimart,Owner,,,,Closed
23/09/2026 16:53,2-1219,Sale,SNACKS,10223,OVERLOAD CHOCO STRAWBERRY,,,1.000,10.00,0.00,10.00,7.92,2.08,0.00,Dine in,POS 2,Route 98 - Minimart,Owner,,,,Closed
23/09/2026 16:52,2-1218,Sale,ICE CREAM 🍦,10348,CREAMLINE BAR ROCKY ROAD,,,1.000,16.75,0.00,16.75,11.60,5.15,0.00,Dine in,POS 2,Route 98 - Minimart,Owner,,,,Closed
23/09/2026 16:52,2-1218,Sale,FOOD,10175,KOPIKO BLANCA 2PK,,,2.000,33.96,0.00,33.96,26.80,7.16,0.00,Dine in,POS 2,Route 98 - Minimart,Owner,,,,Closed
23/09/2026 16:46,2-1217,Sale,DRINKS,98000135,DELIGHT PROBIOTIC 400ML,,,1.000,60.00,0.00,60.00,48.00,12.00,0.00,Dine in,POS 2,Route 98 - Minimart,Owner,,,,Closed
23/09/2026 15:56,2-1216,Sale,,98000114,CAMEL PREMIUM TABACCOS STICK,,,1.000,10.00,0.00,10.00,7.25,2.75,0.00,Dine in,POS 2,Route 98 - Minimart,Owner,,,,Closed
23/09/2026 15:51,2-1215,Sale,SNACKS,98000071,MANG JUAN SUKAT SILI 26G,,,1.000,12.25,0.00,12.25,6.30,5.95,0.00,Dine in,POS 2,Route 98 - Minimart,Owner,,,,Closed
23/09/2026 15:51,2-1215,Sale,DRINKS,98000135,DELIGHT PROBIOTIC 400ML,,,1.000,60.00,0.00,60.00,48.00,12.00,0.00,Dine in,POS 2,Route 98 - Minimart,Owner,,,,Closed
23/09/2026 15:45,2-1214,Sale,DRINKS,10437,NATURE'S SPRING PURE 500ML,,,1.000,15.00,0.00,15.00,9.06,5.94,0.00,Dine in,POS 2,Route 98 - Minimart,Owner,,,,Closed
23/09/2026 15:36,2-1213,Sale,DRINKS,10436,NATURE'S SPRING PURE 350ML,,,1.000,10.00,0.00,10.00,6.92,3.08,0.00,Dine in,POS 2,Route 98 - Minimart,Owner,,,,Closed
23/09/2026 15:36,2-1213,Sale,ICE CREAM 🍦,10364,CREAMLINE CUP CHOCO MUD PIE 210ML,,,1.000,29.50,0.00,29.50,23.44,6.06,0.00,Dine in,POS 2,Route 98 - Minimart,Owner,,,,Closed
23/09/2026 15:36,2-1212,Sale,DRINKS,98000046,COCA COLA 1.75L,,,1.000,84.75,0.00,84.75,61.67,23.08,0.00,Dine in,POS 2,Route 98 - Minimart,Owner,,,,Closed
23/09/2026 15:36,2-1212,Sale,SNACKS,10409,HAPPY CHICKEN ADOBO 5G,,,10.000,20.00,0.00,20.00,11.00,9.00,0.00,Dine in,POS 2,Route 98 - Minimart,Owner,,,,Closed
23/09/2026 15:36,2-1212,Sale,SNACKS,10412,XSAKTO 8G,,,6.000,12.00,0.00,12.00,5.88,6.12,0.00,Dine in,POS 2,Route 98 - Minimart,Owner,,,,Closed
23/09/2026 15:36,2-1212,Sale,SNACKS,10391,DINGDONG SNACK MIX 30G,,,1.000,10.00,0.00,10.00,6.75,3.25,0.00,Dine in,POS 2,Route 98 - Minimart,Owner,,,,Closed
23/09/2026 15:36,2-1212,Sale,SNACKS,10155,DINGDONG MIXED NUT 30G,,,1.000,10.00,0.00,10.00,6.75,3.25,0.00,Dine in,POS 2,Route 98 - Minimart,Owner,,,,Closed
23/09/2026 15:08,2-1211,Sale,DRINKS,10083,RED HORSE 500,,,1.000,75.00,0.00,75.00,60.00,15.00,0.00,Dine in,POS 2,Route 98 - Minimart,Owner,,,,Closed
23/09/2026 14:36,2-1210,Sale,SNACKS,10231,CLOUD 9 CLASSIC,,,1.000,10.00,0.00,10.00,6.35,3.65,0.00,Dine in,POS 2,Route 98 - Minimart,Owner,,,,Closed
23/09/2026 14:23,2-1209,Sale,DRINKS,10110,LIFT CITRUS BLAST 320,,,1.000,18.00,0.00,18.00,41.16,-23.16,0.00,Dine in,POS 2,Route 98 - Minimart,Owner,,,,Closed
23/09/2026 13:17,2-1208,Sale,CIGARETTE,98000117,WINSTON RED STICK,,,4.000,48.00,0.00,48.00,36.40,11.60,0.00,Dine in,POS 2,Route 98 - Minimart,Owner,,,,Closed
23/09/2026 13:12,2-1207,Sale,SNACKS,98000122,PRESTO CHOCO PEANUT BUTTER,,,1.000,10.00,0.00,10.00,6.45,3.55,0.00,Dine in,POS 2,Route 98 - Minimart,Owner,,,,Closed
23/09/2026 13:04,2-1206,Sale,DRINKS,10239,MOUNTAIN DEW (290ML),,,1.000,20.00,0.00,20.00,16.35,3.65,0.00,Dine in,POS 2,Route 98 - Minimart,Owner,,,,Closed
23/09/2026 13:04,2-1206,Sale,DRINKS,10117,ROYAL 190,,,2.000,30.00,0.00,30.00,0.00,30.00,0.00,Dine in,POS 2,Route 98 - Minimart,Owner,,,,Closed
23/09/2026 12:43,2-1205,Sale,,98000110,MIGHTY PULA  STICK,,,1.000,10.00,0.00,10.00,8.02,1.98,0.00,Dine in,POS 2,Route 98 - Minimart,Owner,,,,Closed
23/09/2026 12:28,2-1204,Sale,ICE CREAM 🍦,10342,CREAMLINE JUMBO CONE UBE QUESO 140ML,,,1.000,29.98,0.00,29.98,24.10,5.88,0.00,Dine in,POS 2,Route 98 - Minimart,Owner,,,,Closed
23/09/2026 12:28,2-1204,Sale,ICE CREAM 🍦,10339,CREAMLINE JUMBO CONE DOUBLE DUTCH 140ML,,,1.000,29.98,0.00,29.98,24.10,5.88,0.00,Dine in,POS 2,Route 98 - Minimart,Owner,,,,Closed
23/09/2026 11:42,2-1203,Sale,DRINKS,10119,VINO KULAFU 350,,,1.000,50.00,0.00,50.00,43.90,6.10,0.00,Dine in,POS 2,Route 98 - Minimart,Owner,,,,Closed
23/09/2026 11:36,2-1202,Sale,SNACKS,10387,PEEWEE SIZZLING BARBEQUE 25G,,,1.000,10.98,0.00,10.98,8.25,2.73,0.00,Dine in,POS 2,Route 98 - Minimart,Owner,,,,Closed
23/09/2026 11:36,2-1202,Sale,SNACKS,10136,OISHI PRAWN CRACKERS  NATURAL  24G,,,2.000,18.00,0.00,18.00,14.80,3.20,0.00,Dine in,POS 2,Route 98 - Minimart,Owner,,,,Closed
23/09/2026 11:36,2-1202,Sale,SNACKS,10155,DINGDONG MIXED NUT 30G,,,1.000,10.00,0.00,10.00,6.75,3.25,0.00,Dine in,POS 2,Route 98 - Minimart,Owner,,,,Closed
23/09/2026 11:36,2-1202,Sale,SNACKS,98000068,FUN SIZE! PIATTOS CHEESE 18G,,,2.000,21.00,0.00,21.00,13.32,7.68,0.00,Dine in,POS 2,Route 98 - Minimart,Owner,,,,Closed
23/09/2026 11:36,2-1202,Sale,SNACKS,10149,NOVA COUNTRY CHEDDAR 20G,,,2.000,17.50,0.00,17.50,13.32,4.18,0.00,Dine in,POS 2,Route 98 - Minimart,Owner,,,,Closed
23/09/2026 11:36,2-1202,Sale,DRINKS,98000046,COCA COLA 1.75L,,,1.000,84.75,0.00,84.75,61.67,23.08,0.00,Dine in,POS 2,Route 98 - Minimart,Owner,,,,Closed
23/09/2026 11:27,2-1201,Sale,FOOD,10321,LUCKYME MAC & CHEESE,,,1.000,28.98,0.00,28.98,24.25,4.73,0.00,Dine in,POS 2,Route 98 - Minimart,Owner,,,,Closed
23/09/2026 11:27,2-1201,Sale,FOOD,10457,SAMYANG BULDAK CHEESE,,,1.000,95.00,0.00,95.00,85.00,10.00,0.00,Dine in,POS 2,Route 98 - Minimart,Owner,,,,Closed
23/09/2026 10:05,2-1200,Sale,DRINKS,10107,COCA COLA 290ML,,,1.000,20.00,0.00,20.00,16.50,3.50,0.00,Dine in,POS 2,Route 98 - Minimart,Owner,,,,Closed
23/09/2026 10:05,2-1200,Sale,SNACKS,98000122,PRESTO CHOCO PEANUT BUTTER,,,2.000,20.00,0.00,20.00,12.90,7.10,0.00,Dine in,POS 2,Route 98 - Minimart,Owner,,,,Closed
23/09/2026 10:05,2-1200,Sale,SNACKS,10231,CLOUD 9 CLASSIC,,,1.000,10.00,0.00,10.00,6.35,3.65,0.00,Dine in,POS 2,Route 98 - Minimart,Owner,,,,Closed
22/09/2026 22:41,2-1199,Sale,DRINKS,10084,RED HORSE LITRO,,,1.000,145.00,0.00,145.00,120.00,25.00,0.00,Dine in,POS 2,Route 98 - Minimart,Owner,,,,Closed
22/09/2026 22:41,2-1199,Sale,SNACKS,10182,HAPPY BBQ,,,5.000,10.00,0.00,10.00,5.50,4.50,0.00,Dine in,POS 2,Route 98 - Minimart,Owner,,,,Closed
22/09/2026 22:28,2-1198,Sale,,98000110,MIGHTY PULA  STICK,,,2.000,20.00,0.00,20.00,16.04,3.96,0.00,Dine in,POS 2,Route 98 - Minimart,Owner,,,,Closed
22/09/2026 22:20,2-1197,Sale,DRINKS,10435,KULAFU 700ML,,,1.000,110.00,0.00,110.00,86.90,23.10,0.00,Dine in,POS 2,Route 98 - Minimart,Owner,,,,Closed
22/09/2026 22:20,2-1197,Sale,,98000110,MIGHTY PULA  STICK,,,1.000,10.00,0.00,10.00,8.02,1.98,0.00,Dine in,POS 2,Route 98 - Minimart,Owner,,,,Closed
22/09/2026 22:20,2-1196,Sale,CIGARETTE,98000117,WINSTON RED STICK,,,6.000,72.00,0.00,72.00,54.60,17.40,0.00,Dine in,POS 2,Route 98 - Minimart,Owner,,,,Closed
22/09/2026 22:04,2-1195,Sale,DRINKS,10188,NATURE'S SPRING PURE 1000ML,,,1.000,25.00,0.00,25.00,14.26,10.74,0.00,Dine in,POS 2,Route 98 - Minimart,Owner,,,,Closed
22/09/2026 22:04,2-1195,Sale,SNACKS,98000122,PRESTO CHOCO PEANUT BUTTER,,,1.000,10.00,0.00,10.00,6.45,3.55,0.00,Dine in,POS 2,Route 98 - Minimart,Owner,,,,Closed
22/09/2026 22:04,2-1195,Sale,SNACKS,10272,PILLOWS CHOCO 38G,,,1.000,12.00,0.00,12.00,9.00,3.00,0.00,Dine in,POS 2,Route 98 - Minimart,Owner,,,,Closed
22/09/2026 22:04,2-1195,Sale,DRINKS,10253,STING 290ML,,,1.000,25.00,0.00,25.00,16.75,8.25,0.00,Dine in,POS 2,Route 98 - Minimart,Owner,,,,Closed
22/09/2026 22:04,2-1195,Sale,SNACKS,10137,OISHI ONION RNGS,,,2.000,18.00,0.00,18.00,15.00,3.00,0.00,Dine in,POS 2,Route 98 - Minimart,Owner,,,,Closed
22/09/2026 21:28,2-1194,Sale,ICE,10299,ICE CUBE 2KG,,,1.000,35.00,0.00,35.00,24.00,11.00,0.00,Dine in,POS 2,Route 98 - Minimart,Owner,,,,Closed
22/09/2026 21:22,2-1193,Sale,,10487,Royal 1.25L,,,1.000,60.00,0.00,60.00,0.00,60.00,0.00,Dine in,POS 2,Route 98 - Minimart,Owner,,,,Closed
22/09/2026 21:21,2-1192,Sale,DRINKS,10087,SM PALE PILSEN GRANDE,,,1.000,130.00,0.00,130.00,115.00,15.00,0.00,Dine in,POS 2,Route 98 - Minimart,Owner,,,,Closed
22/09/2026 21:17,2-1191,Sale,DRINKS,10119,VINO KULAFU 350,,,2.000,100.00,0.00,100.00,87.80,12.20,0.00,Dine in,POS 2,Route 98 - Minimart,Owner,,,,Closed
22/09/2026 21:17,2-1191,Sale,CIGARETTE,98000117,WINSTON RED STICK,,,6.000,72.00,0.00,72.00,54.60,17.40,0.00,Dine in,POS 2,Route 98 - Minimart,Owner,,,,Closed
22/09/2026 21:06,2-1190,Sale,DRINKS,10087,SM PALE PILSEN GRANDE,,,1.000,130.00,0.00,130.00,115.00,15.00,0.00,Dine in,POS 2,Route 98 - Minimart,Owner,,,,Closed
22/09/2026 20:15,2-1189,Sale,SNACKS,10153,DINGDONG MIXED NUTS ORANGE 100G,,,1.000,30.00,0.00,30.00,24.00,6.00,0.00,Dine in,POS 2,Route 98 - Minimart,Owner,,,,Closed
22/09/2026 20:15,2-1189,Sale,SNACKS,10224,MAGIC CHIPS BBQ,,,2.000,20.00,0.00,20.00,15.84,4.16,0.00,Dine in,POS 2,Route 98 - Minimart,Owner,,,,Closed
22/09/2026 20:15,2-1189,Sale,SNACKS,10195,MAGIC CHIPS CHEESE,,,2.000,18.00,0.00,18.00,12.44,5.56,0.00,Dine in,POS 2,Route 98 - Minimart,Owner,,,,Closed
22/09/2026 20:15,2-1189,Sale,FEMININE CARE,10421,SISTERS OVERNIGHT DRY,,,1.000,42.50,0.00,42.50,32.75,9.75,0.00,Dine in,POS 2,Route 98 - Minimart,Owner,,,,Closed
22/09/2026 20:11,2-1188,Sale,HOME ESSENTIALS,10382@,MAGIC SARAP SACHET,,,6.000,42.00,0.00,42.00,30.00,12.00,0.00,Dine in,POS 2,Route 98 - Minimart,Owner,,,,Closed
22/09/2026 20:11,2-1188,Sale,FOOD,10045,AJINOMOTO SEASONING,,,18.000,89.64,0.00,89.64,0.00,89.64,0.00,Dine in,POS 2,Route 98 - Minimart,Owner,,,,Closed
22/09/2026 20:11,2-1188,Sale,Cleaning/Laundry Supplies,10094,SPEED BAR BLUE,,,1.000,25.00,0.00,25.00,0.00,25.00,0.00,Dine in,POS 2,Route 98 - Minimart,Owner,,,,Closed
22/09/2026 20:11,2-1188,Sale,ICE CREAM 🍦,10279,OREO ICE CREAM 450ML,,,1.000,199.98,0.00,199.98,160.00,39.98,0.00,Dine in,POS 2,Route 98 - Minimart,Owner,,,,Closed
22/09/2026 19:51,2-1187,Sale,,98000110,MIGHTY PULA  STICK,,,1.000,10.00,0.00,10.00,8.02,1.98,0.00,Dine in,POS 2,Route 98 - Minimart,Owner,,,,Closed
22/09/2026 19:51,2-1187,Sale,SNACKS,10409,HAPPY CHICKEN ADOBO 5G,,,5.000,10.00,0.00,10.00,5.50,4.50,0.00,Dine in,POS 2,Route 98 - Minimart,Owner,,,,Closed
22/09/2026 19:40,2-1186,Sale,,10235,"#misc",,,1.000,10.00,0.00,10.00,0.00,10.00,0.00,Dine in,POS 2,Route 98 - Minimart,Owner,,,,Closed
22/09/2026 19:40,2-1185,Sale,DRINKS,10486,COCA COLA 1L BOTTLE,,,1.000,50.00,0.00,50.00,33.50,16.50,0.00,Dine in,POS 2,Route 98 - Minimart,Owner,,,,Closed
22/09/2026 19:37,2-1184,Sale,CIGARETTE,98000117,WINSTON RED STICK,,,1.000,12.00,0.00,12.00,9.10,2.90,0.00,Dine in,POS 2,Route 98 - Minimart,Owner,,,,Closed
22/09/2026 19:12,2-1183,Sale,DRINKS,10084,RED HORSE LITRO,,,1.000,145.00,0.00,145.00,120.00,25.00,0.00,Dine in,POS 2,Route 98 - Minimart,Owner,,,,Closed
22/09/2026 19:10,2-1182,Sale,SNACKS,98000133,DINGDONG MIX NUTS REAL GARLIC 100G,,,1.000,31.00,0.00,31.00,24.00,7.00,0.00,Dine in,POS 2,Route 98 - Minimart,Owner,,,,Closed
22/09/2026 19:09,2-1181,Sale,DRINKS,98000046,COCA COLA 1.75L,,,1.000,84.75,0.00,84.75,61.67,23.08,0.00,Dine in,POS 2,Route 98 - Minimart,Owner,,,,Closed
22/09/2026 19:09,2-1181,Sale,,10235,"#misc",,,1.000,15.00,0.00,15.00,0.00,15.00,0.00,Dine in,POS 2,Route 98 - Minimart,Owner,,,,Closed
22/09/2026 19:04,2-1180,Sale,DRINKS,10083,RED HORSE 500,,,1.000,75.00,0.00,75.00,60.00,15.00,0.00,Dine in,POS 2,Route 98 - Minimart,Owner,,,,Closed
22/09/2026 19:04,2-1180,Sale,SNACKS,10206,NIPS MILK CHOCO 14G,,,3.000,24.00,0.00,24.00,17.61,6.39,0.00,Dine in,POS 2,Route 98 - Minimart,Owner,,,,Closed
22/09/2026 19:04,2-1180,Sale,,98000110,MIGHTY PULA  STICK,,,2.000,20.00,0.00,20.00,16.04,3.96,0.00,Dine in,POS 2,Route 98 - Minimart,Owner,,,,Closed
22/09/2026 19:00,2-1179,Sale,CIGARETTE,98000117,WINSTON RED STICK,,,10.000,120.00,0.00,120.00,91.00,29.00,0.00,Dine in,POS 2,Route 98 - Minimart,Owner,,,,Closed
22/09/2026 18:58,2-1178,Sale,DRINKS,10273,CLVB 1 LTR,,,1.000,185.00,0.00,185.00,145.00,40.00,0.00,Dine in,POS 2,Route 98 - Minimart,Owner,,,,Closed
22/09/2026 18:58,2-1178,Sale,DRINKS,10116,COCA COLA 1L,,,1.000,50.00,0.00,50.00,0.00,50.00,0.00,Dine in,POS 2,Route 98 - Minimart,Owner,,,,Closed
22/09/2026 18:46,2-1177,Sale,CIGARETTE,98000117,WINSTON RED STICK,,,2.000,24.00,0.00,24.00,18.20,5.80,0.00,Dine in,POS 2,Route 98 - Minimart,Owner,,,,Closed
22/09/2026 18:41,2-1176,Sale,ICE,10298,ICE CUBE 1KG,,,1.000,25.00,0.00,25.00,13.00,12.00,0.00,Dine in,POS 2,Route 98 - Minimart,Owner,,,,Closed
22/09/2026 18:41,2-1176,Sale,,10235,"#misc",,,1.000,3.00,0.00,3.00,0.00,3.00,0.00,Dine in,POS 2,Route 98 - Minimart,Owner,,,,Closed
22/09/2026 18:39,2-1175,Sale,SNACKS,10216,MANG JUAN SUKANG PAOMBONG 90G,,,1.000,29.75,0.00,29.75,22.50,7.25,0.00,Dine in,POS 2,Route 98 - Minimart,Owner,,,,Closed
22/09/2026 18:39,2-1175,Sale,SNACKS,10226,KROPEK NI MANGJUAN 90G,,,1.000,29.98,0.00,29.98,23.01,6.97,0.00,Dine in,POS 2,Route 98 - Minimart,Owner,,,,Closed
22/09/2026 18:39,2-1175,Sale,DRINKS,10112,NUTRIBOOST CHOCO 110,,,1.000,15.00,0.00,15.00,0.00,15.00,0.00,Dine in,POS 2,Route 98 - Minimart,Owner,,,,Closed
22/09/2026 18:36,2-1174,Sale,DRINKS,10083,RED HORSE 500,,,3.000,225.00,0.00,225.00,180.00,45.00,0.00,Dine in,POS 2,Route 98 - Minimart,Owner,,,,Closed
22/09/2026 18:36,2-1174,Sale,SNACKS,10195,MAGIC CHIPS CHEESE,,,3.000,27.00,0.00,27.00,18.66,8.34,0.00,Dine in,POS 2,Route 98 - Minimart,Owner,,,,Closed
22/09/2026 18:31,2-1173,Sale,DRINKS,10188,NATURE'S SPRING PURE 1000ML,,,1.000,25.00,0.00,25.00,14.26,10.74,0.00,Dine in,POS 2,Route 98 - Minimart,Owner,,,,Closed
22/09/2026 18:06,2-1172,Sale,CIGARETTE,98000117,WINSTON RED STICK,,,2.000,24.00,0.00,24.00,18.20,5.80,0.00,Dine in,POS 2,Route 98 - Minimart,Owner,,,,Closed
22/09/2026 18:05,2-1171,Sale,DRINKS,10083,RED HORSE 500,,,3.000,225.00,0.00,225.00,180.00,45.00,0.00,Dine in,POS 2,Route 98 - Minimart,Owner,,,,Closed
22/09/2026 18:05,2-1171,Sale,SNACKS,98000056,NOVA COUNTRY CHEDDAR 38G,,,1.000,18.25,0.00,18.25,14.00,4.25,0.00,Dine in,POS 2,Route 98 - Minimart,Owner,,,,Closed
22/09/2026 17:27,2-1170,Sale,CIGARETTE,98000117,WINSTON RED STICK,,,1.000,12.00,0.00,12.00,9.10,2.90,0.00,Dine in,POS 2,Route 98 - Minimart,Owner,,,,Closed
22/09/2026 17:20,2-1169,Sale,DRINKS,98000135,DELIGHT PROBIOTIC 400ML,,,1.000,60.00,0.00,60.00,48.00,12.00,0.00,Dine in,POS 2,Route 98 - Minimart,Owner,,,,Closed
22/09/2026 17:20,2-1169,Sale,DRINKS,98000053,C2 SOLO LEMON 230ML,,,1.000,17.00,0.00,17.00,15.32,1.68,0.00,Dine in,POS 2,Route 98 - Minimart,Owner,,,,Closed
22/09/2026 17:20,2-1169,Sale,SNACKS,10136,OISHI PRAWN CRACKERS  NATURAL  24G,,,1.000,9.00,0.00,9.00,7.40,1.60,0.00,Dine in,POS 2,Route 98 - Minimart,Owner,,,,Closed
21/09/2026 22:39,2-1168,Sale,DRINKS,10439,NATURE'S SPRING DISTILLED 1000ML,,,1.000,28.00,0.00,28.00,16.43,11.57,0.00,Dine in,POS 2,Route 98 - Minimart,Owner,,,,Closed
21/09/2026 22:39,2-1167,Sale,CIGARETTE,98000117,WINSTON RED STICK,,,3.000,36.00,0.00,36.00,27.30,8.70,0.00,Dine in,POS 2,Route 98 - Minimart,Owner,,,,Closed
21/09/2026 22:37,2-1166,Sale,SNACKS,98000058,TORTILLOS,,,1.000,9.00,0.00,9.00,6.50,2.50,0.00,Dine in,POS 2,Route 98 - Minimart,Owner,,,,Closed
21/09/2026 22:37,2-1166,Sale,SNACKS,10154,PEEWEE SPICY CHILI 25G,,,1.000,10.98,0.00,10.98,8.25,2.73,0.00,Dine in,POS 2,Route 98 - Minimart,Owner,,,,Closed
21/09/2026 22:35,2-1165,Sale,DRINKS,10084,RED HORSE LITRO,,,3.000,435.00,0.00,435.00,360.00,75.00,0.00,Dine in,POS 2,Route 98 - Minimart,Owner,,,,Closed
21/09/2026 22:35,2-1165,Sale,,98000110,MIGHTY PULA  STICK,,,10.000,100.00,0.00,100.00,80.20,19.80,0.00,Dine in,POS 2,Route 98 - Minimart,Owner,,,,Closed
21/09/2026 22:08,2-1164,Sale,FOOD,10189,NESCAFE STICK,,,1.000,5.00,0.00,5.00,3.25,1.75,0.00,Dine in,POS 2,Route 98 - Minimart,Owner,,,,Closed
21/09/2026 22:08,2-1164,Sale,FOOD,10174,KOPIKO BLACK 2PK,,,1.000,16.98,0.00,16.98,13.40,3.58,0.00,Dine in,POS 2,Route 98 - Minimart,Owner,,,,Closed
21/09/2026 22:05,2-1163,Sale,,10385,TROPICANA TWISTER ORANGE,,,1.000,30.00,0.00,30.00,25.37,4.63,0.00,Dine in,POS 2,Route 98 - Minimart,Owner,,,,Closed
21/09/2026 22:05,2-1163,Sale,SNACKS,10395,PEEWEE SIZZLING BBQ 60G,,,1.000,23.75,0.00,23.75,18.25,5.50,0.00,Dine in,POS 2,Route 98 - Minimart,Owner,,,,Closed
21/09/2026 21:51,2-1162,Sale,,98000110,MIGHTY PULA  STICK,,,2.000,20.00,0.00,20.00,16.04,3.96,0.00,Dine in,POS 2,Route 98 - Minimart,Owner,,,,Closed
21/09/2026 21:51,2-1162,Sale,,98000112,MIGHTY PUTI STICK,,,2.000,20.00,0.00,20.00,16.04,3.96,0.00,Dine in,POS 2,Route 98 - Minimart,Owner,,,,Closed
21/09/2026 21:36,2-1161,Sale,CIGARETTE,98000117,WINSTON RED STICK,,,3.000,36.00,0.00,36.00,27.30,8.70,0.00,Dine in,POS 2,Route 98 - Minimart,Owner,,,,Closed
21/09/2026 21:20,2-1160,Sale,FOOD,10128,NESCAFE ORIGINAL TWIN PACK,,,2.000,34.00,0.00,34.00,28.00,6.00,0.00,Dine in,POS 2,Route 98 - Minimart,Owner,,,,Closed
21/09/2026 21:20,2-1160,Sale,FOOD,10127,NESCAFE CREAMY WHITE TWIN PACK,,,2.000,34.00,0.00,34.00,28.00,6.00,0.00,Dine in,POS 2,Route 98 - Minimart,Owner,,,,Closed
21/09/2026 21:20,2-1160,Sale,HOME ESSENTIALS,10249,UNILOVE SQUALANE WIPES,,,1.000,40.00,0.00,40.00,24.50,15.50,0.00,Dine in,POS 2,Route 98 - Minimart,Owner,,,,Closed
21/09/2026 21:18,2-1159,Sale,DRINKS,98000135,DELIGHT PROBIOTIC 400ML,,,1.000,60.00,0.00,60.00,48.00,12.00,0.00,Dine in,POS 2,Route 98 - Minimart,Owner,,,,Closed
21/09/2026 21:18,2-1159,Sale,SNACKS,10195,MAGIC CHIPS CHEESE,,,2.000,18.00,0.00,18.00,12.44,5.56,0.00,Dine in,POS 2,Route 98 - Minimart,Owner,,,,Closed
21/09/2026 21:18,2-1159,Sale,SNACKS,98000137,NUTRI STAR CHICKEN BBQ,,,1.000,10.00,0.00,10.00,8.25,1.75,0.00,Dine in,POS 2,Route 98 - Minimart,Owner,,,,Closed
21/09/2026 21:18,2-1159,Sale,SNACKS,10222,OVERLOAD BLACK FOREST,,,1.000,10.00,0.00,10.00,7.92,2.08,0.00,Dine in,POS 2,Route 98 - Minimart,Owner,,,,Closed
21/09/2026 21:18,2-1159,Sale,FOOD,10233,LA MIA TUNA AFRTDA,,,1.000,38.00,0.00,38.00,33.18,4.82,0.00,Dine in,POS 2,Route 98 - Minimart,Owner,,,,Closed
21/09/2026 21:11,2-1158,Sale,CIGARETTE,98000117,WINSTON RED STICK,,,1.000,12.00,0.00,12.00,9.10,2.90,0.00,Dine in,POS 2,Route 98 - Minimart,Owner,,,,Closed
21/09/2026 20:31,2-1157,Sale,SNACKS,10178,TAGAY CHILIGARLIC 7G,,,5.000,10.00,0.00,10.00,0.00,10.00,0.00,Dine in,POS 2,Route 98 - Minimart,Owner,,,,Closed
21/09/2026 20:31,2-1157,Sale,SNACKS,10394,MUNCHER GREEN PEAS,,,5.000,10.00,0.00,10.00,5.45,4.55,0.00,Dine in,POS 2,Route 98 - Minimart,Owner,,,,Closed
21/09/2026 20:27,2-1156,Sale,,10235,"#misc",,,1.000,3.00,0.00,3.00,0.00,3.00,0.00,Dine in,POS 2,Route 98 - Minimart,Owner,,,,Closed
21/09/2026 20:26,2-1155,Sale,DRINKS,98000135,DELIGHT PROBIOTIC 400ML,,,1.000,60.00,0.00,60.00,48.00,12.00,0.00,Dine in,POS 2,Route 98 - Minimart,Owner,,,,Closed
21/09/2026 20:26,2-1155,Sale,DRINKS,10437,NATURE'S SPRING PURE 500ML,,,1.000,15.00,0.00,15.00,9.06,5.94,0.00,Dine in,POS 2,Route 98 - Minimart,Owner,,,,Closed
21/09/2026 20:26,2-1155,Sale,FEMININE CARE,10421,SISTERS OVERNIGHT DRY,,,1.000,42.50,0.00,42.50,32.75,9.75,0.00,Dine in,POS 2,Route 98 - Minimart,Owner,,,,Closed
21/09/2026 20:26,2-1155,Sale,DRINKS,10084,RED HORSE LITRO,,,1.000,145.00,0.00,145.00,120.00,25.00,0.00,Dine in,POS 2,Route 98 - Minimart,Owner,,,,Closed
21/09/2026 20:06,2-1154,Sale,SNACKS,10220,PIATTOS SOUR CREAM 85G,,,1.000,38.50,0.00,38.50,28.80,9.70,0.00,Dine in,POS 2,Route 98 - Minimart,Owner,,,,Closed
21/09/2026 20:06,2-1154,Sale,SNACKS,10224,MAGIC CHIPS BBQ,,,1.000,10.00,0.00,10.00,7.92,2.08,0.00,Dine in,POS 2,Route 98 - Minimart,Owner,,,,Closed
21/09/2026 20:06,2-1154,Sale,SNACKS,10389,MOBY CRUNCHY CHOCOLATE,,,1.000,11.00,0.00,11.00,8.25,2.75,0.00,Dine in,POS 2,Route 98 - Minimart,Owner,,,,Closed
21/09/2026 20:06,2-1154,Sale,DRINKS,98000136,DELIGHT PROBIOTIC 100ML,,,1.000,16.00,0.00,16.00,11.40,4.60,0.00,Dine in,POS 2,Route 98 - Minimart,Owner,,,,Closed
21/09/2026 20:02,2-1153,Sale,ICE,10299,ICE CUBE 2KG,,,2.000,70.00,0.00,70.00,48.00,22.00,0.00,Dine in,POS 2,Route 98 - Minimart,Owner,,,,Closed
21/09/2026 20:02,2-1153,Sale,SNACKS,10216,MANG JUAN SUKANG PAOMBONG 90G,,,1.000,29.75,0.00,29.75,22.50,7.25,0.00,Dine in,POS 2,Route 98 - Minimart,Owner,,,,Closed
21/09/2026 20:02,2-1153,Sale,SNACKS,10148,MR. CHIPS  NACHO CHEEZE 4G,,,2.000,19.50,0.00,19.50,10.90,8.60,0.00,Dine in,POS 2,Route 98 - Minimart,Owner,,,,Closed
21/09/2026 19:56,2-1152,Sale,DRINKS,10277,ABSOLUTE 6000ML,,,1.000,84.98,0.00,84.98,72.00,12.98,0.00,Dine in,POS 2,Route 98 - Minimart,Owner,,,,Closed
21/09/2026 19:50,2-1151,Sale,DRINKS,10083,RED HORSE 500,,,1.000,75.00,0.00,75.00,60.00,15.00,0.00,Dine in,POS 2,Route 98 - Minimart,Owner,,,,Closed
21/09/2026 19:50,2-1151,Sale,,98000110,MIGHTY PULA  STICK,,,2.000,20.00,0.00,20.00,16.04,3.96,0.00,Dine in,POS 2,Route 98 - Minimart,Owner,,,,Closed
21/09/2026 19:47,2-1150,Sale,SNACKS,10225,MAGIC FLAKES,,,2.000,18.00,0.00,18.00,11.02,6.98,0.00,Dine in,POS 2,Route 98 - Minimart,Owner,,,,Closed
21/09/2026 19:47,2-1150,Sale,DRINKS,10193,YAKULT,,,5.000,75.00,0.00,75.00,50.00,25.00,0.00,Dine in,POS 2,Route 98 - Minimart,Owner,,,,Closed
21/09/2026 19:39,2-1149,Sale,SNACKS,98000056,NOVA COUNTRY CHEDDAR 38G,,,2.000,36.50,0.00,36.50,28.00,8.50,0.00,Dine in,POS 2,Route 98 - Minimart,Owner,,,,Closed
21/09/2026 19:35,2-1148,Sale,DRINKS,98000108,VITAMILK(DOUBLECHOCO) 300ML,,,1.000,35.00,0.00,35.00,29.50,5.50,0.00,Dine in,POS 2,Route 98 - Minimart,Owner,,,,Closed
21/09/2026 19:35,2-1148,Sale,DRINKS,98000120,SMIRNOFF,,,1.000,65.00,0.00,65.00,54.00,11.00,0.00,Dine in,POS 2,Route 98 - Minimart,Owner,,,,Closed
21/09/2026 19:35,2-1148,Sale,DRINKS,98000135,DELIGHT PROBIOTIC 400ML,,,1.000,60.00,0.00,60.00,48.00,12.00,0.00,Dine in,POS 2,Route 98 - Minimart,Owner,,,,Closed
21/09/2026 19:35,2-1148,Sale,SNACKS,10231,CLOUD 9 CLASSIC,,,2.000,20.00,0.00,20.00,12.70,7.30,0.00,Dine in,POS 2,Route 98 - Minimart,Owner,,,,Closed
21/09/2026 19:35,2-1148,Sale,FOOD,10454,SAMYANG SWICY (SWTSPCY),,,1.000,98.00,0.00,98.00,88.50,9.50,0.00,Dine in,POS 2,Route 98 - Minimart,Owner,,,,Closed
21/09/2026 19:34,2-1147,Sale,DRINKS,10083,RED HORSE 500,,,1.000,75.00,0.00,75.00,60.00,15.00,0.00,Dine in,POS 2,Route 98 - Minimart,Owner,,,,Closed
21/09/2026 19:33,2-1146,Sale,ICE CREAM 🍦,10343,CREAMLINE JUMBO CONE MANGO PEANUT 140ML,,,1.000,29.98,0.00,29.98,24.10,5.88,0.00,Dine in,POS 2,Route 98 - Minimart,Owner,,,,Closed
21/09/2026 19:33,2-1146,Sale,ICE CREAM 🍦,19,OREO ICE CREAM 110ML,,,1.000,62.98,0.00,62.98,55.00,7.98,0.00,Dine in,POS 2,Route 98 - Minimart,Owner,,,,Closed
21/09/2026 19:33,2-1146,Sale,SNACKS,10227,PIATTOS ROADHOUSE BBQ 85G,,,1.000,38.50,0.00,38.50,33.22,5.28,0.00,Dine in,POS 2,Route 98 - Minimart,Owner,,,,Closed
21/09/2026 19:33,2-1146,Sale,ICE CREAM 🍦,10335,CREAMLINE CONE UBE MACAPUNO 110ML,,,1.000,23.25,0.00,23.25,18.25,5.00,0.00,Dine in,POS 2,Route 98 - Minimart,Owner,,,,Closed
21/09/2026 19:30,2-1145,Sale,SNACKS,10220,PIATTOS SOUR CREAM 85G,,,1.000,38.50,0.00,38.50,28.80,9.70,0.00,Dine in,POS 2,Route 98 - Minimart,Owner,,,,Closed
21/09/2026 19:30,2-1145,Sale,SNACKS,10202,PIATTOS CHEESE 85G,,,1.000,38.50,0.00,38.50,33.22,5.28,0.00,Dine in,POS 2,Route 98 - Minimart,Owner,,,,Closed
21/09/2026 19:30,2-1145,Sale,DRINKS,10253,STING 290ML,,,2.000,50.00,0.00,50.00,33.50,16.50,0.00,Dine in,POS 2,Route 98 - Minimart,Owner,,,,Closed
21/09/2026 18:37,2-1144,Sale,ICE CREAM 🍦,10344,CREAMLINE PINIPIG CHOCOLATE 70ML,,,1.000,19.98,0.00,19.98,16.15,3.83,0.00,Dine in,POS 2,Route 98 - Minimart,Owner,,,,Closed
21/09/2026 18:16,2-1143,Sale,SNACKS,98000137,NUTRI STAR CHICKEN BBQ,,,1.000,10.00,0.00,10.00,8.25,1.75,0.00,Dine in,POS 2,Route 98 - Minimart,Owner,,,,Closed
21/09/2026 17:42,2-1142,Sale,FOOD,10320,LUCKYME CHICKEN NOODLES,,,2.000,23.96,0.00,23.96,17.90,6.06,0.00,Dine in,POS 2,Route 98 - Minimart,Owner,,,,Closed
21/09/2026 17:42,2-1141,Sale,FOOD,10204,GREAT TASTE PREMIUM ROAST,,,1.000,15.00,0.00,15.00,12.35,2.65,0.00,Dine in,POS 2,Route 98 - Minimart,Owner,,,,Closed
21/09/2026 17:42,2-1141,Sale,,10235,"#misc",,,1.000,5.00,0.00,5.00,0.00,5.00,0.00,Dine in,POS 2,Route 98 - Minimart,Owner,,,,Closed
21/09/2026 17:42,2-1141,Sale,SNACKS,10219,MR CHIPS MANAMIS MAIS 45G,,,1.000,12.50,0.00,12.50,8.19,4.31,0.00,Dine in,POS 2,Route 98 - Minimart,Owner,,,,Closed
21/09/2026 17:42,2-1141,Sale,,98000110,MIGHTY PULA  STICK,,,2.000,20.00,0.00,20.00,16.04,3.96,0.00,Dine in,POS 2,Route 98 - Minimart,Owner,,,,Closed
21/09/2026 15:50,2-1140,Sale,DRINKS,10239,MOUNTAIN DEW (290ML),,,1.000,20.00,0.00,20.00,16.35,3.65,0.00,Dine in,POS 2,Route 98 - Minimart,Owner,,,,Closed
21/09/2026 15:50,2-1140,Sale,SNACKS,10144,CHIPPY CHILI CHEESE 25G,,,4.000,39.00,0.00,39.00,25.20,13.80,0.00,Dine in,POS 2,Route 98 - Minimart,Owner,,,,Closed
21/09/2026 15:50,2-1140,Sale,DRINKS,98000051,C2 GREEN TEA APPLE 335ML,,,1.000,28.75,0.00,28.75,22.08,6.67,0.00,Dine in,POS 2,Route 98 - Minimart,Owner,,,,Closed
21/09/2026 14:33,2-1139,Sale,DRINKS,10109,COCA COLA 190ML,,,1.000,15.00,0.00,15.00,11.00,4.00,0.00,Dine in,POS 2,Route 98 - Minimart,Owner,,,,Closed
21/09/2026 14:33,2-1139,Sale,DRINKS,10117,ROYAL 190,,,1.000,15.00,0.00,15.00,0.00,15.00,0.00,Dine in,POS 2,Route 98 - Minimart,Owner,,,,Closed
21/09/2026 14:14,2-1138,Sale,DRINKS,10107,COCA COLA 290ML,,,1.000,20.00,0.00,20.00,16.50,3.50,0.00,Dine in,POS 2,Route 98 - Minimart,Owner,,,,Closed
21/09/2026 14:14,2-1138,Sale,FOOD,10330,LEMON SQUARE CHEESE CAKE,,,2.000,23.96,0.00,23.96,15.40,8.56,0.00,Dine in,POS 2,Route 98 - Minimart,Owner,,,,Closed
21/09/2026 12:51,2-1137,Sale,DRINKS,98000046,COCA COLA 1.75L,,,1.000,84.75,0.00,84.75,61.67,23.08,0.00,Dine in,POS 2,Route 98 - Minimart,Owner,,,,Closed
21/09/2026 12:51,2-1137,Sale,CIGARETTE,98000117,WINSTON RED STICK,,,5.000,60.00,0.00,60.00,45.50,14.50,0.00,Dine in,POS 2,Route 98 - Minimart,Owner,,,,Closed
21/09/2026 10:55,2-1136,Sale,FOOD,10232,LA MIA TUNA HOTSPCY,,,1.000,38.00,0.00,38.00,33.18,4.82,0.00,Dine in,POS 2,Route 98 - Minimart,Owner,,,,Closed
21/09/2026 10:55,2-1136,Sale,ICE CREAM 🍦,10281,NOBRELLI CHOCO-KESO-UBE 1.3L,,,1.000,210.98,0.00,210.98,168.00,42.98,0.00,Dine in,POS 2,Route 98 - Minimart,Owner,,,,Closed
21/09/2026 10:55,2-1136,Sale,SNACKS,10146,CRISPY PATATA 24G,,,3.000,29.94,0.00,29.94,23.25,6.69,0.00,Dine in,POS 2,Route 98 - Minimart,Owner,,,,Closed
21/09/2026 10:55,2-1136,Sale,SNACKS,10374,SKYFLAKES CRACKER,,,3.000,29.94,0.00,29.94,18.00,11.94,0.00,Dine in,POS 2,Route 98 - Minimart,Owner,,,,Closed
21/09/2026 10:50,2-1135,Sale,Cleaning/Laundry Supplies,10015,ZONROX ORIG 250,,,1.000,26.00,0.00,26.00,0.00,26.00,0.00,Dine in,POS 2,Route 98 - Minimart,Owner,,,,Closed
21/09/2026 10:50,2-1135,Sale,SNACKS,9800125,NISSIN BUTTER COCONUT 14G,,,4.000,23.92,0.00,23.92,13.08,10.84,0.00,Dine in,POS 2,Route 98 - Minimart,Owner,,,,Closed
21/09/2026 10:50,2-1135,Sale,SNACKS,10136,OISHI PRAWN CRACKERS  NATURAL  24G,,,1.000,9.00,0.00,9.00,7.40,1.60,0.00,Dine in,POS 2,Route 98 - Minimart,Owner,,,,Closed
21/09/2026 10:50,2-1135,Sale,SNACKS,10152,MOBY CARAMEL,,,1.000,11.00,0.00,11.00,8.25,2.75,0.00,Dine in,POS 2,Route 98 - Minimart,Owner,,,,Closed
21/09/2026 10:50,2-1135,Sale,,10235,"#misc",,,1.000,7.00,0.00,7.00,0.00,7.00,0.00,Dine in,POS 2,Route 98 - Minimart,Owner,,,,Closed
21/09/2026 10:50,2-1135,Sale,BATH ESSENTIALS,10017,PALMOLIVE IM,,,2.000,17.96,0.00,17.96,0.00,17.96,0.00,Dine in,POS 2,Route 98 - Minimart,Owner,,,,Closed
21/09/2026 10:50,2-1135,Sale,Cleaning/Laundry Supplies,98000003,ARIEL TWIN JUMBO POWDER SUNRISE FRESH 66G,,,1.000,19.98,0.00,19.98,15.12,4.86,0.00,Dine in,POS 2,Route 98 - Minimart,Owner,,,,Closed
21/09/2026 10:04,2-1134,Sale,DRINKS,10440,NATURE'S SPRING DISTILLED 5LTRS,,,1.000,185.00,0.00,185.00,161.82,23.18,0.00,Dine in,POS 2,Route 98 - Minimart,Owner,,,,Closed
21/09/2026 10:04,2-1134,Sale,RICE,98000066,IVORY GRAINS CLASSIC 5KG,,,1.000,300.00,0.00,300.00,264.50,35.50,0.00,Dine in,POS 2,Route 98 - Minimart,Owner,,,,Closed
21/09/2026 09:51,2-1133,Sale,ICE CREAM 🍦,10366,CREAMLINE SUNDAE CARAMEL 120ML,,,1.000,24.98,0.00,24.98,15.85,9.13,0.00,Dine in,POS 2,Route 98 - Minimart,Owner,,,,Closed
21/09/2026 09:49,2-1132,Sale,SNACKS,98000059,NOVA COUNTRY CHEDDAR 78G,,,1.000,38.50,0.00,38.50,29.55,8.95,0.00,Dine in,POS 2,Route 98 - Minimart,Owner,,,,Closed
21/09/2026 09:49,2-1132,Sale,ICE CREAM 🍦,10344,CREAMLINE PINIPIG CHOCOLATE 70ML,,,1.000,19.98,0.00,19.98,16.15,3.83,0.00,Dine in,POS 2,Route 98 - Minimart,Owner,,,,Closed
21/09/2026 09:49,2-1132,Sale,ICE CREAM 🍦,10343,CREAMLINE JUMBO CONE MANGO PEANUT 140ML,,,1.000,29.98,0.00,29.98,24.10,5.88,0.00,Dine in,POS 2,Route 98 - Minimart,Owner,,,,Closed
21/09/2026 09:49,2-1132,Sale,SNACKS,10147,PIATTOS CHEESE 40G,,,1.000,18.50,0.00,18.50,15.75,2.75,0.00,Dine in,POS 2,Route 98 - Minimart,Owner,,,,Closed
21/09/2026 09:49,2-1132,Sale,SNACKS,98000065,CHIPPY CHILI & CHEESE 108G,,,1.000,28.75,0.00,28.75,21.35,7.40,0.00,Dine in,POS 2,Route 98 - Minimart,Owner,,,,Closed
21/09/2026 09:49,2-1132,Sale,SNACKS,98000056,NOVA COUNTRY CHEDDAR 38G,,,1.000,18.25,0.00,18.25,14.00,4.25,0.00,Dine in,POS 2,Route 98 - Minimart,Owner,,,,Closed
21/09/2026 09:49,2-1132,Sale,SNACKS,98000063,VCUT CHEESE FLAVOR 60G,,,1.000,41.50,0.00,41.50,31.95,9.55,0.00,Dine in,POS 2,Route 98 - Minimart,Owner,,,,Closed
21/09/2026 09:49,2-1132,Sale,SNACKS,10206,NIPS MILK CHOCO 14G,,,6.000,48.00,0.00,48.00,35.22,12.78,0.00,Dine in,POS 2,Route 98 - Minimart,Owner,,,,Closed
21/09/2026 09:49,2-1132,Sale,SNACKS,98000137,NUTRI STAR CHICKEN BBQ,,,3.000,30.00,0.00,30.00,24.75,5.25,0.00,Dine in,POS 2,Route 98 - Minimart,Owner,,,,Closed
21/09/2026 09:49,2-1132,Sale,SNACKS,10410,HAPPY NUTS SWEET CHILI 5G,,,20.000,40.00,0.00,40.00,22.00,18.00,0.00,Dine in,POS 2,Route 98 - Minimart,Owner,,,,Closed
21/09/2026 09:49,2-1132,Sale,SNACKS,10409,HAPPY CHICKEN ADOBO 5G,,,10.000,20.00,0.00,20.00,11.00,9.00,0.00,Dine in,POS 2,Route 98 - Minimart,Owner,,,,Closed
21/09/2026 09:49,2-1132,Sale,SNACKS,10395Q,CORN BITS HALO HALO,,,12.000,24.00,0.00,24.00,13.08,10.92,0.00,Dine in,POS 2,Route 98 - Minimart,Owner,,,,Closed
20/09/2026 22:49,2-1131,Sale,CIGARETTE,98000117,WINSTON RED STICK,,,1.000,12.00,0.00,12.00,9.10,2.90,0.00,Dine in,POS 2,Route 98 - Minimart,Owner,,,,Closed
20/09/2026 22:49,2-1130,Sale,ICE,10299,ICE CUBE 2KG,,,1.000,35.00,0.00,35.00,24.00,11.00,0.00,Dine in,POS 2,Route 98 - Minimart,Owner,,,,Closed
20/09/2026 22:49,2-1129,Sale,CIGARETTE,98000117,WINSTON RED STICK,,,3.000,36.00,0.00,36.00,27.30,8.70,0.00,Dine in,POS 2,Route 98 - Minimart,Owner,,,,Closed
20/09/2026 22:49,2-1129,Sale,,98000110,MIGHTY PULA  STICK,,,4.000,40.00,0.00,40.00,32.08,7.92,0.00,Dine in,POS 2,Route 98 - Minimart,Owner,,,,Closed
20/09/2026 22:47,2-1128,Sale,DRINKS,10084,RED HORSE LITRO,,,1.000,145.00,0.00,145.00,120.00,25.00,0.00,Dine in,POS 2,Route 98 - Minimart,Owner,,,,Closed
20/09/2026 22:47,2-1128,Sale,,98000112,MIGHTY PUTI STICK,,,1.000,10.00,0.00,10.00,8.02,1.98,0.00,Dine in,POS 2,Route 98 - Minimart,Owner,,,,Closed
20/09/2026 22:42,2-1127,Sale,FOOD,10469,TODAY'S MIXED FRUITS 836G,,,1.000,125.00,0.00,125.00,99.00,26.00,0.00,Dine in,POS 2,Route 98 - Minimart,Owner,,,,Closed
20/09/2026 22:40,2-1126,Sale,,98000116,WINSTON WHITE STICK,,,1.000,12.00,0.00,12.00,9.92,2.08,0.00,Dine in,POS 2,Route 98 - Minimart,Owner,,,,Closed
20/09/2026 22:40,2-1126,Sale,HOME ESSENTIALS,10044,FUEGO MATCH - PIECE,,,1.000,3.00,0.00,3.00,0.00,3.00,0.00,Dine in,POS 2,Route 98 - Minimart,Owner,,,,Closed
20/09/2026 22:40,2-1126,Sale,,10235,"#misc",,,1.000,5.00,0.00,5.00,0.00,5.00,0.00,Dine in,POS 2,Route 98 - Minimart,Owner,,,,Closed
20/09/2026 22:15,2-1125,Sale,CIGARETTE,98000117,WINSTON RED STICK,,,3.000,36.00,0.00,36.00,27.30,8.70,0.00,Dine in,POS 2,Route 98 - Minimart,Owner,,,,Closed
20/09/2026 21:56,2-1124,Sale,FOOD,10480,STAR CORNED BEEF 150G,,,1.000,40.00,0.00,40.00,34.75,5.25,0.00,Dine in,POS 2,Route 98 - Minimart,Owner,,,,Closed
20/09/2026 21:37,2-1123,Sale,SNACKS,10155,DINGDONG MIXED NUT 30G,,,3.000,30.00,0.00,30.00,20.25,9.75,0.00,Dine in,POS 2,Route 98 - Minimart,Owner,,,,Closed
20/09/2026 21:36,2-1122,Sale,ICE CREAM 🍦,10352,CREAMLINE COOLERS STRAWBERRY 50ML,,,2.000,28.00,0.00,28.00,19.80,8.20,0.00,Dine in,POS 2,Route 98 - Minimart,Owner,,,,Closed
20/09/2026 21:36,2-1122,Sale,ICE CREAM 🍦,10371,CREAMLINE COOLERS MELON 70ML,,,1.000,14.00,0.00,14.00,9.90,4.10,0.00,Dine in,POS 2,Route 98 - Minimart,Owner,,,,Closed
20/09/2026 21:36,2-1122,Sale,ICE CREAM 🍦,10381,CREAMLINE COOLERS CHOCOLATE 50ML,,,1.000,14.00,0.00,14.00,9.90,4.10,0.00,Dine in,POS 2,Route 98 - Minimart,Owner,,,,Closed
20/09/2026 21:32,2-1121,Sale,FOOD,10321,LUCKYME MAC & CHEESE,,,2.000,57.96,0.00,57.96,48.50,9.46,0.00,Dine in,POS 2,Route 98 - Minimart,Owner,,,,Closed
20/09/2026 21:32,2-1121,Sale,FOOD,10322,NESTLE KOKO CRUNCH,,,5.000,45.00,0.00,45.00,30.40,14.60,0.00,Dine in,POS 2,Route 98 - Minimart,Owner,,,,Closed
20/09/2026 21:21,2-1120,Sale,Cleaning/Laundry Supplies,10408,SURF POWDER ROSE FRESH 65G,,,3.000,30.00,0.00,30.00,21.75,8.25,0.00,Dine in,POS 2,Route 98 - Minimart,Owner,,,,Closed
20/09/2026 21:21,2-1120,Sale,DRINKS,10253,STING 290ML,,,1.000,25.00,0.00,25.00,16.75,8.25,0.00,Dine in,POS 2,Route 98 - Minimart,Owner,,,,Closed
20/09/2026 21:04,2-1119,Sale,DRINKS,10085,SM FLAVORED BEER APPLE,,,2.000,106.00,0.00,106.00,82.00,24.00,0.00,Dine in,POS 2,Route 98 - Minimart,Owner,,,,Closed
20/09/2026 21:04,2-1119,Sale,SNACKS,98000063,VCUT CHEESE FLAVOR 60G,,,1.000,41.50,0.00,41.50,31.95,9.55,0.00,Dine in,POS 2,Route 98 - Minimart,Owner,,,,Closed
20/09/2026 21:01,2-1118,Sale,CIGARETTE,98000117,WINSTON RED STICK,,,2.000,24.00,0.00,24.00,18.20,5.80,0.00,Dine in,POS 2,Route 98 - Minimart,Owner,,,,Closed
20/09/2026 21:00,2-1117,Sale,SNACKS,10142,OISHI PRAWN CRACKERS SPICY 24G,,,1.000,9.00,0.00,9.00,7.50,1.50,0.00,Dine in,POS 2,Route 98 - Minimart,Owner,,,,Closed
20/09/2026 21:00,2-1117,Sale,DRINKS,10084,RED HORSE LITRO,,,1.000,145.00,0.00,145.00,120.00,25.00,0.00,Dine in,POS 2,Route 98 - Minimart,Owner,,,,Closed
20/09/2026 21:00,2-1117,Sale,SNACKS,10155,DINGDONG MIXED NUT 30G,,,1.000,10.00,0.00,10.00,6.75,3.25,0.00,Dine in,POS 2,Route 98 - Minimart,Owner,,,,Closed
20/09/2026 21:00,2-1117,Sale,,10235,"#misc",,,1.000,3.00,0.00,3.00,0.00,3.00,0.00,Dine in,POS 2,Route 98 - Minimart,Owner,,,,Closed
20/09/2026 20:50,2-1116,Sale,DRINKS,10188,NATURE'S SPRING PURE 1000ML,,,1.000,25.00,0.00,25.00,14.26,10.74,0.00,Dine in,POS 2,Route 98 - Minimart,Owner,,,,Closed
20/09/2026 20:50,2-1116,Sale,ICE,10298,ICE CUBE 1KG,,,1.000,25.00,0.00,25.00,13.00,12.00,0.00,Dine in,POS 2,Route 98 - Minimart,Owner,,,,Closed
20/09/2026 20:49,2-1115,Sale,FOOD,10174,KOPIKO BLACK 2PK,,,1.000,16.98,0.00,16.98,13.40,3.58,0.00,Dine in,POS 2,Route 98 - Minimart,Owner,,,,Closed
20/09/2026 20:49,2-1115,Sale,DRINKS,98000050,GREAT TASTE WHITE TWIN PACK,,,1.000,14.00,0.00,14.00,10.83,3.17,0.00,Dine in,POS 2,Route 98 - Minimart,Owner,,,,Closed
20/09/2026 20:49,2-1115,Sale,SNACKS,10216,MANG JUAN SUKANG PAOMBONG 90G,,,1.000,29.75,0.00,29.75,22.50,7.25,0.00,Dine in,POS 2,Route 98 - Minimart,Owner,,,,Closed
20/09/2026 20:35,2-1114,Sale,DRINKS,98000135,DELIGHT PROBIOTIC 400ML,,,1.000,60.00,0.00,60.00,48.00,12.00,0.00,Dine in,POS 2,Route 98 - Minimart,Owner,,,,Closed
20/09/2026 20:35,2-1114,Sale,ICE CREAM 🍦,10368,CREAMLINE MINI CUP CHOCOLATE 75ML,,,2.000,39.96,0.00,39.96,25.40,14.56,0.00,Dine in,POS 2,Route 98 - Minimart,Owner,,,,Closed
20/09/2026 20:24,2-1113,Sale,DRINKS,10084,RED HORSE LITRO,,,2.000,290.00,0.00,290.00,240.00,50.00,0.00,Dine in,POS 2,Route 98 - Minimart,Owner,,,,Closed
20/09/2026 20:08,2-1112,Sale,CIGARETTE,98000117,WINSTON RED STICK,,,3.000,36.00,0.00,36.00,27.30,8.70,0.00,Dine in,POS 2,Route 98 - Minimart,Owner,,,,Closed
20/09/2026 20:08,2-1112,Sale,HOME ESSENTIALS,10043,LION TIGER KATOL - COIL,,,1.000,5.00,0.00,5.00,4.00,1.00,0.00,Dine in,POS 2,Route 98 - Minimart,Owner,,,,Closed
20/09/2026 19:46,2-1111,Sale,,98000110,MIGHTY PULA  STICK,,,2.000,20.00,0.00,20.00,16.04,3.96,0.00,Dine in,POS 2,Route 98 - Minimart,Owner,,,,Closed
20/09/2026 19:42,2-1110,Sale,DRINKS,10084,RED HORSE LITRO,,,1.000,145.00,0.00,145.00,120.00,25.00,0.00,Dine in,POS 2,Route 98 - Minimart,Owner,,,,Closed
20/09/2026 19:35,2-1109,Sale,FOOD,10330,LEMON SQUARE CHEESE CAKE,,,1.000,11.98,0.00,11.98,7.70,4.28,0.00,Dine in,POS 2,Route 98 - Minimart,Owner,,,,Closed
20/09/2026 19:35,2-1109,Sale,DRINKS,98000053,C2 SOLO LEMON 230ML,,,1.000,17.00,0.00,17.00,15.32,1.68,0.00,Dine in,POS 2,Route 98 - Minimart,Owner,,,,Closed
20/09/2026 19:29,2-1108,Sale,DRINKS,98000135,DELIGHT PROBIOTIC 400ML,,,1.000,60.00,0.00,60.00,48.00,12.00,0.00,Dine in,POS 2,Route 98 - Minimart,Owner,,,,Closed
20/09/2026 19:19,2-1107,Sale,CIGARETTE,98000117,WINSTON RED STICK,,,2.000,24.00,0.00,24.00,18.20,5.80,0.00,Dine in,POS 2,Route 98 - Minimart,Owner,,,,Closed
20/09/2026 19:17,2-1106,Sale,SNACKS,10143,CHIPPY BBQ 25G,,,1.000,9.75,0.00,9.75,6.30,3.45,0.00,Dine in,POS 2,Route 98 - Minimart,Owner,,,,Closed
20/09/2026 19:17,2-1105,Sale,ICE,10298,ICE CUBE 1KG,,,1.000,25.00,0.00,25.00,13.00,12.00,0.00,Dine in,POS 2,Route 98 - Minimart,Owner,,,,Closed
20/09/2026 19:08,2-1104,Sale,DRINKS,98000054,C2 GREEN TEA APPLE 1L,,,1.000,57.75,0.00,57.75,44.42,13.33,0.00,Dine in,POS 2,Route 98 - Minimart,Owner,,,,Closed
20/09/2026 19:08,2-1104,Sale,ESSENTIAL OILS,10005,EFFICASCENT25,,,1.000,28.50,0.00,28.50,0.00,28.50,0.00,Dine in,POS 2,Route 98 - Minimart,Owner,,,,Closed
20/09/2026 19:07,2-1103,Sale,ESSENTIAL OILS,10005,EFFICASCENT25,,,1.000,28.50,0.00,28.50,0.00,28.50,0.00,Dine in,POS 2,Route 98 - Minimart,Owner,,,,Cancelled
20/09/2026 19:07,2-1103,Sale,DRINKS,98000051,C2 GREEN TEA APPLE 335ML,,,1.000,28.75,0.00,28.75,22.08,6.67,0.00,Dine in,POS 2,Route 98 - Minimart,Owner,,,,Cancelled
20/09/2026 18:53,2-1102,Sale,FOOD,10260,HOLIDAY BEEF LOAF,,,4.000,100.00,0.00,100.00,84.00,16.00,0.00,Dine in,POS 2,Route 98 - Minimart,Owner,,,,Closed
20/09/2026 18:47,2-1101,Sale,DRINKS,10084,RED HORSE LITRO,,,2.000,290.00,0.00,290.00,240.00,50.00,0.00,Dine in,POS 2,Route 98 - Minimart,Owner,,,,Closed
20/09/2026 18:31,2-1100,Sale,FOOD,10261,555 SARDINES 155G,,,2.000,52.00,0.00,52.00,46.90,5.10,0.00,Dine in,POS 2,Route 98 - Minimart,Owner,,,,Closed
20/09/2026 18:31,2-1100,Sale,FOOD,10201,OSAKA SARDINES,,,1.000,27.00,0.00,27.00,23.39,3.61,0.00,Dine in,POS 2,Route 98 - Minimart,Owner,,,,Closed
20/09/2026 18:28,2-1099,Sale,CIGARETTE,98000117,WINSTON RED STICK,,,2.000,24.00,0.00,24.00,18.20,5.80,0.00,Dine in,POS 2,Route 98 - Minimart,Owner,,,,Closed
20/09/2026 18:28,2-1099,Sale,,98000110,MIGHTY PULA  STICK,,,2.000,20.00,0.00,20.00,16.04,3.96,0.00,Dine in,POS 2,Route 98 - Minimart,Owner,,,,Closed
20/09/2026 18:23,2-1098,Sale,DRINKS,10084,RED HORSE LITRO,,,1.000,145.00,0.00,145.00,120.00,25.00,0.00,Dine in,POS 2,Route 98 - Minimart,Owner,,,,Closed
20/09/2026 18:10,2-1097,Sale,HOME ESSENTIALS,10316,GILLETTE RUBIE BLADE,,,1.000,15.00,0.00,15.00,0.00,15.00,0.00,Dine in,POS 2,Route 98 - Minimart,Owner,,,,Closed
20/09/2026 18:10,2-1096,Sale,Cleaning/Laundry Supplies,980000027,DOWNY KONTRA  GERMS 26ML,,,12.000,107.76,0.00,107.76,74.76,33.00,0.00,Dine in,POS 2,Route 98 - Minimart,Owner,,,,Closed
20/09/2026 18:00,2-1095,Sale,DRINKS,10084,RED HORSE LITRO,,,1.000,145.00,0.00,145.00,120.00,25.00,0.00,Dine in,POS 2,Route 98 - Minimart,Owner,,,,Closed
20/09/2026 17:59,2-1094,Sale,SNACKS,10258,NIPS WHITE CHOCO PACK,,,1.000,35.00,0.00,35.00,28.95,6.05,0.00,Dine in,POS 2,Route 98 - Minimart,Owner,,,,Closed
20/09/2026 17:59,2-1094,Sale,SNACKS,10394,MUNCHER GREEN PEAS,,,12.000,24.00,0.00,24.00,13.08,10.92,0.00,Dine in,POS 2,Route 98 - Minimart,Owner,,,,Closed
20/09/2026 17:57,2-1093,Sale,CIGARETTE,98000117,WINSTON RED STICK,,,4.000,48.00,0.00,48.00,36.40,11.60,0.00,Dine in,POS 2,Route 98 - Minimart,Owner,,,,Closed
20/09/2026 17:48,2-1092,Sale,DRINKS,98000046,COCA COLA 1.75L,,,1.000,84.75,0.00,84.75,61.67,23.08,0.00,Dine in,POS 2,Route 98 - Minimart,Owner,,,,Closed
20/09/2026 17:48,2-1091,Sale,ICE,10298,ICE CUBE 1KG,,,1.000,25.00,0.00,25.00,13.00,12.00,0.00,Dine in,POS 2,Route 98 - Minimart,Owner,,,,Closed
20/09/2026 17:44,2-1090,Sale,,98000110,MIGHTY PULA  STICK,,,1.000,10.00,0.00,10.00,8.02,1.98,0.00,Dine in,POS 2,Route 98 - Minimart,Owner,,,,Closed
20/09/2026 17:44,2-1090,Sale,CIGARETTE,98000117,WINSTON RED STICK,,,1.000,12.00,0.00,12.00,9.10,2.90,0.00,Dine in,POS 2,Route 98 - Minimart,Owner,,,,Closed
20/09/2026 17:39,2-1089,Sale,SNACKS,10217,CHIPPY BBQ 108G,,,1.000,28.75,0.00,28.75,21.35,7.40,0.00,Dine in,POS 2,Route 98 - Minimart,Owner,,,,Closed
20/09/2026 17:39,2-1089,Sale,DRINKS,10084,RED HORSE LITRO,,,2.000,290.00,0.00,290.00,240.00,50.00,0.00,Dine in,POS 2,Route 98 - Minimart,Owner,,,,Closed
20/09/2026 17:39,2-1089,Sale,,10235,"#misc",,,1.000,3.00,0.00,3.00,0.00,3.00,0.00,Dine in,POS 2,Route 98 - Minimart,Owner,,,,Closed
20/09/2026 17:28,2-1088,Sale,DRINKS,10084,RED HORSE LITRO,,,1.000,145.00,0.00,145.00,120.00,25.00,0.00,Dine in,POS 2,Route 98 - Minimart,Owner,,,,Closed
20/09/2026 17:25,2-1087,Sale,,98000116,WINSTON WHITE STICK,,,1.000,12.00,0.00,12.00,9.92,2.08,0.00,Dine in,POS 2,Route 98 - Minimart,Owner,,,,Closed
20/09/2026 17:05,2-1086,Sale,DRINKS,10083,RED HORSE 500,,,1.000,75.00,0.00,75.00,60.00,15.00,0.00,Dine in,POS 2,Route 98 - Minimart,Owner,,,,Closed
20/09/2026 17:05,2-1086,Sale,,98000110,MIGHTY PULA  STICK,,,1.000,10.00,0.00,10.00,8.02,1.98,0.00,Dine in,POS 2,Route 98 - Minimart,Owner,,,,Closed
20/09/2026 17:00,2-1085,Sale,SNACKS,10263,PILLOWS UBE 24G,,,1.000,9.00,0.00,9.00,6.75,2.25,0.00,Dine in,POS 2,Route 98 - Minimart,Owner,,,,Closed
20/09/2026 16:51,2-1084,Sale,ICE CREAM 🍦,10364,CREAMLINE CUP CHOCO MUD PIE 210ML,,,2.000,59.00,0.00,59.00,46.88,12.12,0.00,Dine in,POS 2,Route 98 - Minimart,Owner,,,,Closed
20/09/2026 16:40,2-1083,Sale,DRINKS,10383,ROYAL 1.75L,,,1.000,84.75,0.00,84.75,61.67,23.08,0.00,Dine in,POS 2,Route 98 - Minimart,Owner,,,,Closed
20/09/2026 16:40,2-1083,Sale,DRINKS,10252,Royal 1.5L,,,1.000,75.00,0.00,75.00,0.00,75.00,0.00,Dine in,POS 2,Route 98 - Minimart,Owner,,,,Closed
20/09/2026 16:40,2-1083,Sale,SNACKS,10401,MARTY'S CRACKLINGS CHICK INSL 90G,,,1.000,28.50,0.00,28.50,21.90,6.60,0.00,Dine in,POS 2,Route 98 - Minimart,Owner,,,,Closed
20/09/2026 16:32,2-1082,Sale,,10235,"#misc",,,1.000,3.00,0.00,3.00,0.00,3.00,0.00,Dine in,POS 2,Route 98 - Minimart,Owner,,,,Closed
20/09/2026 16:31,2-1081,Sale,DRINKS,10084,RED HORSE LITRO,,,1.000,145.00,0.00,145.00,120.00,25.00,0.00,Dine in,POS 2,Route 98 - Minimart,Owner,,,,Closed
20/09/2026 16:31,2-1081,Sale,ICE,10298,ICE CUBE 1KG,,,1.000,25.00,0.00,25.00,13.00,12.00,0.00,Dine in,POS 2,Route 98 - Minimart,Owner,,,,Closed
20/09/2026 16:31,2-1081,Sale,SNACKS,10402,MARTY'S CRACKLINGS SPCY VNGR 90G,,,1.000,28.50,0.00,28.50,21.90,6.60,0.00,Dine in,POS 2,Route 98 - Minimart,Owner,,,,Closed
20/09/2026 16:23,2-1080,Sale,CIGARETTE,98000117,WINSTON RED STICK,,,1.000,12.00,0.00,12.00,9.10,2.90,0.00,Dine in,POS 2,Route 98 - Minimart,Owner,,,,Closed
20/09/2026 16:22,2-1079,Sale,DRINKS,10257,SUMMIT (1000ML),,,1.000,25.00,0.00,25.00,0.00,25.00,0.00,Dine in,POS 2,Route 98 - Minimart,Owner,,,,Closed
20/09/2026 16:02,2-1078,Sale,DRINKS,98000135,DELIGHT PROBIOTIC 400ML,,,1.000,60.00,0.00,60.00,48.00,12.00,0.00,Dine in,POS 2,Route 98 - Minimart,Owner,,,,Closed
20/09/2026 15:46,2-1077,Sale,DRINKS,10109,COCA COLA 190ML,,,2.000,30.00,0.00,30.00,22.00,8.00,0.00,Dine in,POS 2,Route 98 - Minimart,Owner,,,,Closed
20/09/2026 15:29,2-1076,Sale,DRINKS,10188,NATURE'S SPRING PURE 1000ML,,,1.000,25.00,0.00,25.00,14.26,10.74,0.00,Dine in,POS 2,Route 98 - Minimart,Owner,,,,Closed
20/09/2026 15:23,2-1075,Sale,DRINKS,98000135,DELIGHT PROBIOTIC 400ML,,,1.000,60.00,0.00,60.00,48.00,12.00,0.00,Dine in,POS 2,Route 98 - Minimart,Owner,,,,Closed
20/09/2026 15:23,2-1075,Sale,FOOD,10205,GREAT TASTE WHITE,,,1.000,10.00,0.00,10.00,8.20,1.80,0.00,Dine in,POS 2,Route 98 - Minimart,Owner,,,,Closed
20/09/2026 15:05,2-1074,Sale,ICE CREAM 🍦,10346,CREAMLINE BAR COOKIES & CREAM,,,1.000,16.75,0.00,16.75,11.60,5.15,0.00,Dine in,POS 2,Route 98 - Minimart,Owner,,,,Closed
20/09/2026 15:05,2-1074,Sale,ICE CREAM 🍦,10348,CREAMLINE BAR ROCKY ROAD,,,1.000,16.75,0.00,16.75,11.60,5.15,0.00,Dine in,POS 2,Route 98 - Minimart,Owner,,,,Closed
20/09/2026 14:58,2-1073,Sale,,10450,EDEN CHEESE 45G,,,1.000,22.89,0.00,22.89,17.55,5.34,0.00,Dine in,POS 2,Route 98 - Minimart,Owner,,,,Closed
20/09/2026 14:47,2-1072,Sale,,98000110,MIGHTY PULA  STICK,,,1.000,10.00,0.00,10.00,8.02,1.98,0.00,Dine in,POS 2,Route 98 - Minimart,Owner,,,,Closed
20/09/2026 14:47,2-1072,Sale,SNACKS,10231,CLOUD 9 CLASSIC,,,1.000,10.00,0.00,10.00,6.35,3.65,0.00,Dine in,POS 2,Route 98 - Minimart,Owner,,,,Closed
20/09/2026 14:25,2-1071,Sale,,98000110,MIGHTY PULA  STICK,,,2.000,20.00,0.00,20.00,16.04,3.96,0.00,Dine in,POS 2,Route 98 - Minimart,Owner,,,,Closed
20/09/2026 14:21,2-1070,Sale,DRINKS,10107,COCA COLA 290ML,,,1.000,20.00,0.00,20.00,16.50,3.50,0.00,Dine in,POS 2,Route 98 - Minimart,Owner,,,,Closed
20/09/2026 14:21,2-1070,Sale,DRINKS,10439,NATURE'S SPRING DISTILLED 1000ML,,,1.000,28.00,0.00,28.00,16.43,11.57,0.00,Dine in,POS 2,Route 98 - Minimart,Owner,,,,Closed
20/09/2026 14:21,2-1070,Sale,DRINKS,10113,NUTRIBOOST STRWBRRY 110,,,1.000,15.00,0.00,15.00,0.00,15.00,0.00,Dine in,POS 2,Route 98 - Minimart,Owner,,,,Closed
20/09/2026 13:57,2-1069,Sale,DRINKS,98000046,COCA COLA 1.75L,,,1.000,84.75,0.00,84.75,61.67,23.08,0.00,Dine in,POS 2,Route 98 - Minimart,Owner,,,,Closed
20/09/2026 13:57,2-1069,Sale,,98000110,MIGHTY PULA  STICK,,,5.000,50.00,0.00,50.00,40.10,9.90,0.00,Dine in,POS 2,Route 98 - Minimart,Owner,,,,Closed
20/09/2026 13:02,2-1068,Sale,DRINKS,10239,MOUNTAIN DEW (290ML),,,1.000,20.00,0.00,20.00,16.35,3.65,0.00,Dine in,POS 2,Route 98 - Minimart,Owner,,,,Closed
20/09/2026 12:56,2-1067,Sale,FOOD,10330,LEMON SQUARE CHEESE CAKE,,,3.000,35.94,0.00,35.94,23.10,12.84,0.00,Dine in,POS 2,Route 98 - Minimart,Owner,,,,Closed
20/09/2026 12:54,2-1066,Sale,DRINKS,98000108,VITAMILK(DOUBLECHOCO) 300ML,,,1.000,35.00,0.00,35.00,29.50,5.50,0.00,Dine in,POS 2,Route 98 - Minimart,Owner,,,,Closed
20/09/2026 12:48,2-1065,Sale,,98000110,MIGHTY PULA  STICK,,,1.000,10.00,0.00,10.00,8.02,1.98,0.00,Dine in,POS 2,Route 98 - Minimart,Owner,,,,Closed
20/09/2026 12:47,2-1064,Sale,,10235,"#misc",,,1.000,5.00,0.00,5.00,0.00,5.00,0.00,Dine in,POS 2,Route 98 - Minimart,Owner,,,,Closed
20/09/2026 12:12,2-1063,Sale,DRINKS,10251,PEPSI EXTRA FIZZ 1L,,,1.000,55.00,0.00,55.00,41.00,14.00,0.00,Dine in,POS 2,Route 98 - Minimart,Owner,,,,Closed
20/09/2026 12:12,2-1063,Sale,DRINKS,10188,NATURE'S SPRING PURE 1000ML,,,1.000,25.00,0.00,25.00,14.26,10.74,0.00,Dine in,POS 2,Route 98 - Minimart,Owner,,,,Closed
20/09/2026 11:51,2-1062,Sale,DRINKS,98000046,COCA COLA 1.75L,,,1.000,84.75,0.00,84.75,61.67,23.08,0.00,Dine in,POS 2,Route 98 - Minimart,Owner,,,,Closed
20/09/2026 11:49,2-1061,Sale,DRINKS,98000076,POCARI SWEAT 500ML,,,1.000,55.00,0.00,55.00,44.58,10.42,0.00,Dine in,POS 2,Route 98 - Minimart,Owner,,,,Closed
20/09/2026 11:49,2-1061,Sale,CIGARETTE,98000117,WINSTON RED STICK,,,2.000,24.00,0.00,24.00,18.20,5.80,0.00,Dine in,POS 2,Route 98 - Minimart,Owner,,,,Closed
20/09/2026 11:40,2-1060,Sale,DRINKS,980000039,TANDUAY SELECT 700ML,,,1.000,155.00,0.00,155.00,138.59,16.41,0.00,Dine in,POS 2,Route 98 - Minimart,Owner,,,,Closed
20/09/2026 11:40,2-1060,Sale,ICE CREAM 🍦,10364,CREAMLINE CUP CHOCO MUD PIE 210ML,,,1.000,29.50,0.00,29.50,23.44,6.06,0.00,Dine in,POS 2,Route 98 - Minimart,Owner,,,,Closed
20/09/2026 10:16,2-1059,Sale,SNACKS,10391,DINGDONG SNACK MIX 30G,,,1.000,10.00,0.00,10.00,6.75,3.25,0.00,Dine in,POS 2,Route 98 - Minimart,Owner,,,,Closed
20/09/2026 10:16,2-1059,Sale,,98000110,MIGHTY PULA  STICK,,,1.000,10.00,0.00,10.00,8.02,1.98,0.00,Dine in,POS 2,Route 98 - Minimart,Owner,,,,Closed
20/09/2026 08:53,2-1058,Sale,DRINKS,10437,NATURE'S SPRING PURE 500ML,,,6.000,90.00,0.00,90.00,54.36,35.64,0.00,Dine in,POS 2,Route 98 - Minimart,Owner,,,,Closed
20/09/2026 08:40,2-1057,Sale,SNACKS,10374,SKYFLAKES CRACKER,,,1.000,9.98,0.00,9.98,6.00,3.98,0.00,Dine in,POS 2,Route 98 - Minimart,Owner,,,,Closed
20/09/2026 08:40,2-1057,Sale,FOOD,10171,ENERGEN VANILLA,,,1.000,12.00,0.00,12.00,8.65,3.35,0.00,Dine in,POS 2,Route 98 - Minimart,Owner,,,,Closed
20/09/2026 08:40,2-1057,Sale,,10235,"#misc",,,1.000,5.00,0.00,5.00,0.00,5.00,0.00,Dine in,POS 2,Route 98 - Minimart,Owner,,,,Closed
20/09/2026 08:39,2-1056,Sale,DRINKS,10439,NATURE'S SPRING DISTILLED 1000ML,,,1.000,28.00,0.00,28.00,16.43,11.57,0.00,Dine in,POS 2,Route 98 - Minimart,Owner,,,,Closed
20/09/2026 00:45,2-1055,Sale,,98000110,MIGHTY PULA  STICK,,,2.000,20.00,0.00,20.00,16.04,3.96,0.00,Dine in,POS 2,Route 98 - Minimart,Owner,,,,Closed
20/09/2026 00:26,2-1054,Sale,CIGARETTE,98000117,WINSTON RED STICK,,,10.000,120.00,0.00,120.00,91.00,29.00,0.00,Dine in,POS 2,Route 98 - Minimart,Owner,,,,Closed
20/09/2026 00:20,2-1053,Sale,,98000115,WINSTON RED KAHA,,,1.000,215.00,0.00,215.00,184.00,31.00,0.00,Dine in,POS 2,Route 98 - Minimart,Owner,,,,Closed
20/09/2026 00:14,2-1052,Sale,Cleaning/Laundry Supplies,10010,ZONROX ORIG 1L,,,1.000,62.00,0.00,62.00,0.00,62.00,0.00,Dine in,POS 2,Route 98 - Minimart,Owner,,,,Closed
20/09/2026 00:14,2-1052,Sale,Cleaning/Laundry Supplies,10101,BARETA BAR W/ FABCON,,,1.000,25.98,0.00,25.98,0.00,25.98,0.00,Dine in,POS 2,Route 98 - Minimart,Owner,,,,Closed
20/09/2026 00:14,2-1052,Sale,Cleaning/Laundry Supplies,98000002,ARIEL POWDER TWIN JUMBO PACK FLORAL PASSION,,,4.000,79.92,0.00,79.92,60.48,19.44,0.00,Dine in,POS 2,Route 98 - Minimart,Owner,,,,Closed
20/09/2026 00:14,2-1052,Sale,Cleaning/Laundry Supplies,980000027,DOWNY KONTRA  GERMS 26ML,,,6.000,53.88,0.00,53.88,37.38,16.50,0.00,Dine in,POS 2,Route 98 - Minimart,Owner,,,,Closed
20/09/2026 00:08,2-1051,Sale,SNACKS,10396,TATTOOS CORN TUBE PIZZA 60G,,,1.000,14.98,0.00,14.98,10.90,4.08,0.00,Dine in,POS 2,Route 98 - Minimart,Owner,,,,Closed
