Date,Receipt number,Receipt type,Category,SKU,Item,Variant,Modifiers applied,Quantity,Gross sales,Discounts,Net sales,Cost of goods,Gross profit,Taxes,Dining option,POS,Store,Cashier name,Customer name,Customer contacts,Comment,Status
20/09/2026 18:10,2-1096,Sale,Cleaning/Laundry Supplies,980000027,DOWNY KONTRA  GERMS 26ML,,,12.000,107.76,0.00,107.76,74.76,33.00,0.00,Dine in,POS 2,Route 98 - Minimart,Owner,,,,Closed
20/09/2026 18:00,2-1095,Sale,DRINKS,10084,RED HORSE LITRO,,,1.000,145.00,0.00,145.00,120.00,25.00,0.00,Dine in,POS 2,Route 98 - Minimart,Owner,,,,Closed
20/09/2026 17:59,2-1094,Sale,SNACKS,10258,NIPS WHITE CHOCO PACK,,,1.000,35.00,0.00,35.00,28.95,6.05,0.00,Dine in,POS 2,Route 98 - Minimart,Owner,,,,Closed
20/09/2026 17:59,2-1094,Sale,SNACKS,10394,MUNCHER GREEN PEAS,,,12.000,24.00,0.00,24.00,13.08,10.92,0.00,Dine in,POS 2,Route 98 - Minimart,Owner,,,,Closed
20/09/2026 17:57,2-1093,Sale,CIGARETTE,98000117,WINSTON RED STICK,,,4.000,48.00,0.00,48.00,36.40,11.60,0.00,Dine in,POS 2,Route 98 - Minimart,Owner,,,,Closed
20/09/2026 17:48,2-1092,Sale,DRINKS,98000046,COCA COLA 1.75L,,,1.000,84.75,0.00,84.75,61.67,23.08,0.00,Dine in,POS 2,Route 98 - Minimart,Owner,,,,Closed
20/09/2026 17:48,2-1091,Sale,ICE,10298,ICE CUBE 1KG,,,1.000,25.00,0.00,25.00,13.00,12.00,0.00,Dine in,POS 2,Route 98 - Minimart,Owner,,,,Closed
20/09/2026 17:44,2-1090,Sale,,98000110,MIGHTY PULA  STICK,,,1.000,10.00,0.00,10.00,8.02,1.98,0.00,Dine in,POS 2,Route 98 - Minimart,Owner,,,,Closed
20/09/2026 17:44,2-1090,Sale,CIGARETTE,98000117,WINSTON RED STICK,,,1.000,12.00,0.00,12.00,9.10,2.90,0.00,Dine in,POS 2,Route 98 - Minimart,Owner,,,,Closed
20/09/2026 17:39,2-1089,Sale,SNACKS,10217,CHIPPY BBQ 108G,,,1.000,28.75,0.00,28.75,21.35,7.40,0.00,Dine in,POS 2,Route 98 - Minimart,Owner,,,,Closed
20/09/2026 17:39,2-1089,Sale,DRINKS,10084,RED HORSE LITRO,,,2.000,290.00,0.00,290.00,240.00,50.00,0.00,Dine in,POS 2,Route 98 - Minimart,Owner,,,,Closed
20/09/2026 17:39,2-1089,Sale,,10235,"#misc",,,1.000,3.00,0.00,3.00,0.00,3.00,0.00,Dine in,POS 2,Route 98 - Minimart,Owner,,,,Closed
20/09/2026 17:28,2-1088,Sale,DRINKS,10084,RED HORSE LITRO,,,1.000,145.00,0.00,145.00,120.00,25.00,0.00,Dine in,POS 2,Route 98 - Minimart,Owner,,,,Closed
20/09/2026 17:25,2-1087,Sale,,98000116,WINSTON WHITE STICK,,,1.000,12.00,0.00,12.00,9.92,2.08,0.00,Dine in,POS 2,Route 98 - Minimart,Owner,,,,Closed
20/09/2026 17:05,2-1086,Sale,DRINKS,10083,RED HORSE 500,,,1.000,75.00,0.00,75.00,60.00,15.00,0.00,Dine in,POS 2,Route 98 - Minimart,Owner,,,,Closed
20/09/2026 17:05,2-1086,Sale,,98000110,MIGHTY PULA  STICK,,,1.000,10.00,0.00,10.00,8.02,1.98,0.00,Dine in,POS 2,Route 98 - Minimart,Owner,,,,Closed
20/09/2026 17:00,2-1085,Sale,SNACKS,10263,PILLOWS UBE 24G,,,1.000,9.00,0.00,9.00,6.75,2.25,0.00,Dine in,POS 2,Route 98 - Minimart,Owner,,,,Closed
20/09/2026 16:51,2-1084,Sale,ICE CREAM 🍦,10364,CREAMLINE CUP CHOCO MUD PIE 210ML,,,2.000,59.00,0.00,59.00,46.88,12.12,0.00,Dine in,POS 2,Route 98 - Minimart,Owner,,,,Closed
20/09/2026 16:40,2-1083,Sale,DRINKS,10383,ROYAL 1.75L,,,1.000,84.75,0.00,84.75,61.67,23.08,0.00,Dine in,POS 2,Route 98 - Minimart,Owner,,,,Closed
20/09/2026 16:40,2-1083,Sale,DRINKS,10252,Royal 1.5L,,,1.000,75.00,0.00,75.00,0.00,75.00,0.00,Dine in,POS 2,Route 98 - Minimart,Owner,,,,Closed
20/09/2026 16:40,2-1083,Sale,SNACKS,10401,MARTY'S CRACKLINGS CHICK INSL 90G,,,1.000,28.50,0.00,28.50,21.90,6.60,0.00,Dine in,POS 2,Route 98 - Minimart,Owner,,,,Closed
20/09/2026 16:32,2-1082,Sale,,10235,"#misc",,,1.000,3.00,0.00,3.00,0.00,3.00,0.00,Dine in,POS 2,Route 98 - Minimart,Owner,,,,Closed
20/09/2026 16:31,2-1081,Sale,DRINKS,10084,RED HORSE LITRO,,,1.000,145.00,0.00,145.00,120.00,25.00,0.00,Dine in,POS 2,Route 98 - Minimart,Owner,,,,Closed
20/09/2026 16:31,2-1081,Sale,ICE,10298,ICE CUBE 1KG,,,1.000,25.00,0.00,25.00,13.00,12.00,0.00,Dine in,POS 2,Route 98 - Minimart,Owner,,,,Closed
20/09/2026 16:31,2-1081,Sale,SNACKS,10402,MARTY'S CRACKLINGS SPCY VNGR 90G,,,1.000,28.50,0.00,28.50,21.90,6.60,0.00,Dine in,POS 2,Route 98 - Minimart,Owner,,,,Closed
20/09/2026 16:23,2-1080,Sale,CIGARETTE,98000117,WINSTON RED STICK,,,1.000,12.00,0.00,12.00,9.10,2.90,0.00,Dine in,POS 2,Route 98 - Minimart,Owner,,,,Closed
20/09/2026 16:22,2-1079,Sale,DRINKS,10257,SUMMIT (1000ML),,,1.000,25.00,0.00,25.00,0.00,25.00,0.00,Dine in,POS 2,Route 98 - Minimart,Owner,,,,Closed
20/09/2026 16:02,2-1078,Sale,DRINKS,98000135,DELIGHT PROBIOTIC 400ML,,,1.000,60.00,0.00,60.00,48.00,12.00,0.00,Dine in,POS 2,Route 98 - Minimart,Owner,,,,Closed
20/09/2026 15:46,2-1077,Sale,DRINKS,10109,COCA COLA 190ML,,,2.000,30.00,0.00,30.00,22.00,8.00,0.00,Dine in,POS 2,Route 98 - Minimart,Owner,,,,Closed
20/09/2026 15:29,2-1076,Sale,DRINKS,10188,NATURE'S SPRING PURE 1000ML,,,1.000,25.00,0.00,25.00,14.26,10.74,0.00,Dine in,POS 2,Route 98 - Minimart,Owner,,,,Closed
20/09/2026 15:23,2-1075,Sale,DRINKS,98000135,DELIGHT PROBIOTIC 400ML,,,1.000,60.00,0.00,60.00,48.00,12.00,0.00,Dine in,POS 2,Route 98 - Minimart,Owner,,,,Closed
20/09/2026 15:23,2-1075,Sale,FOOD,10205,GREAT TASTE WHITE,,,1.000,10.00,0.00,10.00,8.20,1.80,0.00,Dine in,POS 2,Route 98 - Minimart,Owner,,,,Closed
20/09/2026 15:05,2-1074,Sale,ICE CREAM 🍦,10346,CREAMLINE BAR COOKIES & CREAM,,,1.000,16.75,0.00,16.75,11.60,5.15,0.00,Dine in,POS 2,Route 98 - Minimart,Owner,,,,Closed
20/09/2026 15:05,2-1074,Sale,ICE CREAM 🍦,10348,CREAMLINE BAR ROCKY ROAD,,,1.000,16.75,0.00,16.75,11.60,5.15,0.00,Dine in,POS 2,Route 98 - Minimart,Owner,,,,Closed
20/09/2026 14:58,2-1073,Sale,,10450,EDEN CHEESE 45G,,,1.000,22.89,0.00,22.89,17.55,5.34,0.00,Dine in,POS 2,Route 98 - Minimart,Owner,,,,Closed
20/09/2026 14:47,2-1072,Sale,,98000110,MIGHTY PULA  STICK,,,1.000,10.00,0.00,10.00,8.02,1.98,0.00,Dine in,POS 2,Route 98 - Minimart,Owner,,,,Closed
20/09/2026 14:47,2-1072,Sale,SNACKS,10231,CLOUD 9 CLASSIC,,,1.000,10.00,0.00,10.00,6.35,3.65,0.00,Dine in,POS 2,Route 98 - Minimart,Owner,,,,Closed
20/09/2026 14:25,2-1071,Sale,,98000110,MIGHTY PULA  STICK,,,2.000,20.00,0.00,20.00,16.04,3.96,0.00,Dine in,POS 2,Route 98 - Minimart,Owner,,,,Closed
20/09/2026 14:21,2-1070,Sale,DRINKS,10107,COCA COLA 290ML,,,1.000,20.00,0.00,20.00,16.50,3.50,0.00,Dine in,POS 2,Route 98 - Minimart,Owner,,,,Closed
20/09/2026 14:21,2-1070,Sale,DRINKS,10439,NATURE'S SPRING DISTILLED 1000ML,,,1.000,28.00,0.00,28.00,16.43,11.57,0.00,Dine in,POS 2,Route 98 - Minimart,Owner,,,,Closed
20/09/2026 14:21,2-1070,Sale,DRINKS,10113,NUTRIBOOST STRWBRRY 110,,,1.000,15.00,0.00,15.00,0.00,15.00,0.00,Dine in,POS 2,Route 98 - Minimart,Owner,,,,Closed
20/09/2026 13:57,2-1069,Sale,DRINKS,98000046,COCA COLA 1.75L,,,1.000,84.75,0.00,84.75,61.67,23.08,0.00,Dine in,POS 2,Route 98 - Minimart,Owner,,,,Closed
20/09/2026 13:57,2-1069,Sale,,98000110,MIGHTY PULA  STICK,,,5.000,50.00,0.00,50.00,40.10,9.90,0.00,Dine in,POS 2,Route 98 - Minimart,Owner,,,,Closed
20/09/2026 13:02,2-1068,Sale,DRINKS,10239,MOUNTAIN DEW (290ML),,,1.000,20.00,0.00,20.00,16.35,3.65,0.00,Dine in,POS 2,Route 98 - Minimart,Owner,,,,Closed
20/09/2026 12:56,2-1067,Sale,FOOD,10330,LEMON SQUARE CHEESE CAKE,,,3.000,35.94,0.00,35.94,23.10,12.84,0.00,Dine in,POS 2,Route 98 - Minimart,Owner,,,,Closed
20/09/2026 12:54,2-1066,Sale,DRINKS,98000108,VITAMILK(DOUBLECHOCO) 300ML,,,1.000,35.00,0.00,35.00,29.50,5.50,0.00,Dine in,POS 2,Route 98 - Minimart,Owner,,,,Closed
20/09/2026 12:48,2-1065,Sale,,98000110,MIGHTY PULA  STICK,,,1.000,10.00,0.00,10.00,8.02,1.98,0.00,Dine in,POS 2,Route 98 - Minimart,Owner,,,,Closed
20/09/2026 12:47,2-1064,Sale,,10235,"#misc",,,1.000,5.00,0.00,5.00,0.00,5.00,0.00,Dine in,POS 2,Route 98 - Minimart,Owner,,,,Closed
20/09/2026 12:12,2-1063,Sale,DRINKS,10251,PEPSI EXTRA FIZZ 1L,,,1.000,55.00,0.00,55.00,41.00,14.00,0.00,Dine in,POS 2,Route 98 - Minimart,Owner,,,,Closed
20/09/2026 12:12,2-1063,Sale,DRINKS,10188,NATURE'S SPRING PURE 1000ML,,,1.000,25.00,0.00,25.00,14.26,10.74,0.00,Dine in,POS 2,Route 98 - Minimart,Owner,,,,Closed
20/09/2026 11:51,2-1062,Sale,DRINKS,98000046,COCA COLA 1.75L,,,1.000,84.75,0.00,84.75,61.67,23.08,0.00,Dine in,POS 2,Route 98 - Minimart,Owner,,,,Closed
20/09/2026 11:49,2-1061,Sale,DRINKS,98000076,POCARI SWEAT 500ML,,,1.000,55.00,0.00,55.00,44.58,10.42,0.00,Dine in,POS 2,Route 98 - Minimart,Owner,,,,Closed
20/09/2026 11:49,2-1061,Sale,CIGARETTE,98000117,WINSTON RED STICK,,,2.000,24.00,0.00,24.00,18.20,5.80,0.00,Dine in,POS 2,Route 98 - Minimart,Owner,,,,Closed
20/09/2026 11:40,2-1060,Sale,DRINKS,980000039,TANDUAY SELECT 700ML,,,1.000,155.00,0.00,155.00,138.59,16.41,0.00,Dine in,POS 2,Route 98 - Minimart,Owner,,,,Closed
20/09/2026 11:40,2-1060,Sale,ICE CREAM 🍦,10364,CREAMLINE CUP CHOCO MUD PIE 210ML,,,1.000,29.50,0.00,29.50,23.44,6.06,0.00,Dine in,POS 2,Route 98 - Minimart,Owner,,,,Closed
20/09/2026 10:16,2-1059,Sale,SNACKS,10391,DINGDONG SNACK MIX 30G,,,1.000,10.00,0.00,10.00,6.75,3.25,0.00,Dine in,POS 2,Route 98 - Minimart,Owner,,,,Closed
20/09/2026 10:16,2-1059,Sale,,98000110,MIGHTY PULA  STICK,,,1.000,10.00,0.00,10.00,8.02,1.98,0.00,Dine in,POS 2,Route 98 - Minimart,Owner,,,,Closed
20/09/2026 08:53,2-1058,Sale,DRINKS,10437,NATURE'S SPRING PURE 500ML,,,6.000,90.00,0.00,90.00,54.36,35.64,0.00,Dine in,POS 2,Route 98 - Minimart,Owner,,,,Closed
20/09/2026 08:40,2-1057,Sale,SNACKS,10374,SKYFLAKES CRACKER,,,1.000,9.98,0.00,9.98,6.00,3.98,0.00,Dine in,POS 2,Route 98 - Minimart,Owner,,,,Closed
20/09/2026 08:40,2-1057,Sale,FOOD,10171,ENERGEN VNLA,,,1.000,12.00,0.00,12.00,8.65,3.35,0.00,Dine in,POS 2,Route 98 - Minimart,Owner,,,,Closed
20/09/2026 08:40,2-1057,Sale,,10235,"#misc",,,1.000,5.00,0.00,5.00,0.00,5.00,0.00,Dine in,POS 2,Route 98 - Minimart,Owner,,,,Closed
20/09/2026 08:39,2-1056,Sale,DRINKS,10439,NATURE'S SPRING DISTILLED 1000ML,,,1.000,28.00,0.00,28.00,16.43,11.57,0.00,Dine in,POS 2,Route 98 - Minimart,Owner,,,,Closed
20/09/2026 00:45,2-1055,Sale,,98000110,MIGHTY PULA  STICK,,,2.000,20.00,0.00,20.00,16.04,3.96,0.00,Dine in,POS 2,Route 98 - Minimart,Owner,,,,Closed
20/09/2026 00:26,2-1054,Sale,CIGARETTE,98000117,WINSTON RED STICK,,,10.000,120.00,0.00,120.00,91.00,29.00,0.00,Dine in,POS 2,Route 98 - Minimart,Owner,,,,Closed
20/09/2026 00:20,2-1053,Sale,,98000115,WINSTON RED KAHA,,,1.000,215.00,0.00,215.00,184.00,31.00,0.00,Dine in,POS 2,Route 98 - Minimart,Owner,,,,Closed
20/09/2026 00:14,2-1052,Sale,Cleaning/Laundry Supplies,10010,ZONROX ORIG 1L,,,1.000,62.00,0.00,62.00,0.00,62.00,0.00,Dine in,POS 2,Route 98 - Minimart,Owner,,,,Closed
20/09/2026 00:14,2-1052,Sale,Cleaning/Laundry Supplies,10101,BARETA BAR W/ FABCON,,,1.000,25.98,0.00,25.98,0.00,25.98,0.00,Dine in,POS 2,Route 98 - Minimart,Owner,,,,Closed
20/09/2026 00:14,2-1052,Sale,Cleaning/Laundry Supplies,98000002,ARIEL POWDER TWIN JUMBO PACK FLORAL PASSION,,,4.000,79.92,0.00,79.92,60.48,19.44,0.00,Dine in,POS 2,Route 98 - Minimart,Owner,,,,Closed
20/09/2026 00:14,2-1052,Sale,Cleaning/Laundry Supplies,980000027,DOWNY KONTRA  GERMS 26ML,,,6.000,53.88,0.00,53.88,37.38,16.50,0.00,Dine in,POS 2,Route 98 - Minimart,Owner,,,,Closed
20/09/2026 00:08,2-1051,Sale,SNACKS,10396,TATTOOS CORN TUBE PIZZA 60G,,,1.000,14.98,0.00,14.98,10.90,4.08,0.00,Dine in,POS 2,Route 98 - Minimart,Owner,,,,Closed
19/09/2026 23:36,2-1050,Sale,DRINKS,10084,RED HORSE LITRO,,,2.000,290.00,0.00,290.00,240.00,50.00,0.00,Dine in,POS 2,Route 98 - Minimart,Owner,,,,Closed
19/09/2026 23:36,2-1050,Sale,,9800170,"#StyroCups w/ stirrer",,,1.000,5.00,0.00,5.00,0.00,5.00,0.00,Dine in,POS 2,Route 98 - Minimart,Owner,,,,Closed
19/09/2026 23:27,2-1049,Sale,ICE CREAM 🍦,10338,CREAMLINE CONE CHOCO QUESO 110ML,,,1.000,23.25,0.00,23.25,18.25,5.00,0.00,Dine in,POS 2,Route 98 - Minimart,Owner,,,,Closed
19/09/2026 23:27,2-1049,Sale,ICE CREAM 🍦,10346,CREAMLINE BAR COOKIES & CREAM,,,1.000,16.75,0.00,16.75,11.60,5.15,0.00,Dine in,POS 2,Route 98 - Minimart,Owner,,,,Closed
19/09/2026 23:20,2-1048,Sale,ICE CREAM 🍦,10344,CREAMLINE PINIPIG CHOCOLATE 70ML,,,1.000,19.98,0.00,19.98,16.15,3.83,0.00,Dine in,POS 2,Route 98 - Minimart,Owner,,,,Closed
19/09/2026 23:17,2-1047,Sale,ICE CREAM 🍦,10344,CREAMLINE PINIPIG CHOCOLATE 70ML,,,1.000,19.98,0.00,19.98,16.15,3.83,0.00,Dine in,POS 2,Route 98 - Minimart,Owner,,,,Closed
19/09/2026 23:17,2-1047,Sale,SNACKS,10145,PIATTOS SOUR CREAM 40G,,,1.000,18.50,0.00,18.50,15.75,2.75,0.00,Dine in,POS 2,Route 98 - Minimart,Owner,,,,Closed
19/09/2026 23:17,2-1047,Sale,SNACKS,10214,MAGIC CREAMS BUTTER,,,1.000,9.00,0.00,9.00,5.55,3.45,0.00,Dine in,POS 2,Route 98 - Minimart,Owner,,,,Closed
19/09/2026 23:17,2-1047,Sale,ICE CREAM 🍦,10354,CREAMLINE COOLERS MANGO 70ML,,,1.000,14.00,0.00,14.00,9.90,4.10,0.00,Dine in,POS 2,Route 98 - Minimart,Owner,,,,Closed
19/09/2026 23:16,2-1046,Sale,ICE CREAM 🍦,10354,CREAMLINE COOLERS MANGO 70ML,,,1.000,14.00,0.00,14.00,9.90,4.10,0.00,Dine in,POS 2,Route 98 - Minimart,Owner,,,,Closed
19/09/2026 23:03,2-1045,Sale,SNACKS,10219,MR CHIPS MANAMIS MAIS 45G,,,1.000,12.50,0.00,12.50,8.19,4.31,0.00,Dine in,POS 2,Route 98 - Minimart,Owner,,,,Closed
19/09/2026 22:45,2-1044,Sale,FOOD,10221,GREAT TASTE CHOCO,,,1.000,15.00,0.00,15.00,12.50,2.50,0.00,Dine in,POS 2,Route 98 - Minimart,Owner,,,,Closed
19/09/2026 22:38,2-1043,Sale,,9800170,"#StyroCups w/ stirrer",,,2.000,10.00,0.00,10.00,0.00,10.00,0.00,Dine in,POS 2,Route 98 - Minimart,Owner,,,,Closed
19/09/2026 22:37,2-1042,Sale,DRINKS,10084,RED HORSE LITRO,,,2.000,290.00,0.00,290.00,240.00,50.00,0.00,Dine in,POS 2,Route 98 - Minimart,Owner,,,,Closed
19/09/2026 22:33,2-1041,Sale,DRINKS,10084,RED HORSE LITRO,,,2.000,290.00,0.00,290.00,240.00,50.00,0.00,Dine in,POS 2,Route 98 - Minimart,Owner,,,,Closed
19/09/2026 22:33,2-1041,Sale,DRINKS,98000046,COCA COLA 1.75L,,,1.000,84.75,0.00,84.75,61.67,23.08,0.00,Dine in,POS 2,Route 98 - Minimart,Owner,,,,Closed
19/09/2026 22:24,2-1040,Sale,SNACKS,10152,MOBY CARAMEL,,,1.000,11.00,0.00,11.00,8.25,2.75,0.00,Dine in,POS 2,Route 98 - Minimart,Owner,,,,Closed
19/09/2026 22:24,2-1040,Sale,SNACKS,10389,MOBY CRUNCHY CHOCOLATE,,,2.000,22.00,0.00,22.00,16.50,5.50,0.00,Dine in,POS 2,Route 98 - Minimart,Owner,,,,Closed
19/09/2026 22:24,2-1040,Sale,DRINKS,10193,YAKULT,,,3.000,45.00,0.00,45.00,30.00,15.00,0.00,Dine in,POS 2,Route 98 - Minimart,Owner,,,,Closed
19/09/2026 22:24,2-1040,Sale,DRINKS,10436,NATURE'S SPRING PURE 350ML,,,1.000,10.00,0.00,10.00,6.92,3.08,0.00,Dine in,POS 2,Route 98 - Minimart,Owner,,,,Closed
19/09/2026 22:16,2-1039,Sale,CIGARETTE,98000117,WINSTON RED STICK,,,4.000,48.00,0.00,48.00,36.40,11.60,0.00,Dine in,POS 2,Route 98 - Minimart,Owner,,,,Closed
19/09/2026 22:01,2-1038,Sale,BABY ESSENTIALS,10078,LAMPEIN XXL 12PCS,,,1.000,145.00,0.00,145.00,0.00,145.00,0.00,Dine in,POS 2,Route 98 - Minimart,Owner,,,,Closed
19/09/2026 21:46,2-1037,Sale,DRINKS,10084,RED HORSE LITRO,,,1.000,145.00,0.00,145.00,120.00,25.00,0.00,Dine in,POS 2,Route 98 - Minimart,Owner,,,,Closed
19/09/2026 21:46,2-1037,Sale,DRINKS,10193,YAKULT,,,1.000,15.00,0.00,15.00,10.00,5.00,0.00,Dine in,POS 2,Route 98 - Minimart,Owner,,,,Closed
19/09/2026 21:46,2-1037,Sale,,9800170,"#StyroCups w/ stirrer",,,1.000,5.00,0.00,5.00,0.00,5.00,0.00,Dine in,POS 2,Route 98 - Minimart,Owner,,,,Closed
19/09/2026 21:44,2-1036,Sale,CIGARETTE,98000117,WINSTON RED STICK,,,2.000,24.00,0.00,24.00,18.20,5.80,0.00,Dine in,POS 2,Route 98 - Minimart,Owner,,,,Closed
19/09/2026 21:44,2-1036,Sale,DRINKS,10117,ROYAL 190,,,1.000,15.00,0.00,15.00,0.00,15.00,0.00,Dine in,POS 2,Route 98 - Minimart,Owner,,,,Closed
19/09/2026 21:42,2-1035,Sale,SNACKS,10157,SWEETCHILI CHPS BBQ,,,1.000,11.50,0.00,11.50,8.25,3.25,0.00,Dine in,POS 2,Route 98 - Minimart,Owner,,,,Closed
19/09/2026 21:42,2-1035,Sale,DRINKS,98000052,C2 GREEN TEA LEMON 335ML,,,1.000,28.75,0.00,28.75,22.09,6.66,0.00,Dine in,POS 2,Route 98 - Minimart,Owner,,,,Closed
19/09/2026 21:42,2-1034,Sale,DRINKS,10109,COCA COLA 190ML,,,2.000,30.00,0.00,30.00,22.00,8.00,0.00,Dine in,POS 2,Route 98 - Minimart,Owner,,,,Closed
19/09/2026 21:42,2-1034,Sale,Cleaning/Laundry Supplies,10015,ZONROX ORIG 250,,,1.000,26.00,0.00,26.00,0.00,26.00,0.00,Dine in,POS 2,Route 98 - Minimart,Owner,,,,Closed
19/09/2026 21:42,2-1034,Sale,Cleaning/Laundry Supplies,980000027,DOWNY KONTRA  GERMS 26ML,,,1.000,8.98,0.00,8.98,6.23,2.75,0.00,Dine in,POS 2,Route 98 - Minimart,Owner,,,,Closed
19/09/2026 21:42,2-1034,Sale,HOME ESSENTIALS,10247,SILKA (WHITENING HERBAL SOAP),,,1.000,22.00,0.00,22.00,18.20,3.80,0.00,Dine in,POS 2,Route 98 - Minimart,Owner,,,,Closed
19/09/2026 21:42,2-1034,Sale,HOME ESSENTIALS,10425,KAMI BATHROOM TISSUE,,,1.000,15.00,0.00,15.00,10.55,4.45,0.00,Dine in,POS 2,Route 98 - Minimart,Owner,,,,Closed
19/09/2026 21:42,2-1034,Sale,,10235,"#misc",,,1.000,12.00,0.00,12.00,0.00,12.00,0.00,Dine in,POS 2,Route 98 - Minimart,Owner,,,,Closed
19/09/2026 21:36,2-1033,Sale,DRINKS,98000136,DELIGHT PROBIOTIC 100ML,,,1.000,16.00,0.00,16.00,11.40,4.60,0.00,Dine in,POS 2,Route 98 - Minimart,Owner,,,,Closed
19/09/2026 21:35,2-1032,Sale,DRINKS,10188,NATURE'S SPRING PURE 1000ML,,,1.000,25.00,0.00,25.00,14.26,10.74,0.00,Dine in,POS 2,Route 98 - Minimart,Owner,,,,Closed
19/09/2026 21:35,2-1032,Sale,,10235,"#misc",,,1.000,10.00,0.00,10.00,0.00,10.00,0.00,Dine in,POS 2,Route 98 - Minimart,Owner,,,,Closed
19/09/2026 21:31,2-1031,Sale,,98000116,WINSTON WHITE STICK,,,1.000,12.00,0.00,12.00,9.92,2.08,0.00,Dine in,POS 2,Route 98 - Minimart,Owner,,,,Closed
19/09/2026 20:56,2-1030,Sale,ICE CREAM 🍦,10282,NOBRELLI CHOCO-MANGGA-UBE 1.3L,,,1.000,210.98,0.00,210.98,168.00,42.98,0.00,Dine in,POS 2,Route 98 - Minimart,Owner,,,,Closed
19/09/2026 20:56,2-1030,Sale,CIGARETTE,98000117,WINSTON RED STICK,,,10.000,120.00,0.00,120.00,91.00,29.00,0.00,Dine in,POS 2,Route 98 - Minimart,Owner,,,,Closed
19/09/2026 20:46,2-1029,Sale,SNACKS,10148,MR. CHIPS  NACHO CHEEZE 4G,,,1.000,9.75,0.00,9.75,5.45,4.30,0.00,Dine in,POS 2,Route 98 - Minimart,Owner,,,,Closed
19/09/2026 20:32,2-1028,Sale,SNACKS,98000105,TRAIN CHOCLAIT,,,1.000,185.00,0.00,185.00,155.55,29.45,0.00,Dine in,POS 2,Route 98 - Minimart,Owner,,,,Closed
19/09/2026 20:29,2-1027,Sale,DRINKS,10117,ROYAL 190,,,1.000,15.00,0.00,15.00,0.00,15.00,0.00,Dine in,POS 2,Route 98 - Minimart,Owner,,,,Closed
19/09/2026 20:29,2-1027,Sale,CIGARETTE,98000117,WINSTON RED STICK,,,3.000,36.00,0.00,36.00,27.30,8.70,0.00,Dine in,POS 2,Route 98 - Minimart,Owner,,,,Closed
19/09/2026 20:25,2-1026,Sale,DRINKS,10119,VINO KULAFU 350,,,1.000,50.00,0.00,50.00,43.90,6.10,0.00,Dine in,POS 2,Route 98 - Minimart,Owner,,,,Closed
19/09/2026 20:25,2-1025,Sale,DRINKS,10437,NATURE'S SPRING PURE 500ML,,,1.000,15.00,0.00,15.00,9.06,5.94,0.00,Dine in,POS 2,Route 98 - Minimart,Owner,,,,Closed
19/09/2026 20:17,2-1024,Sale,BABY ESSENTIALS,10250,UNILOVE BABY WIPES,,,1.000,79.50,0.00,79.50,46.33,33.17,0.00,Dine in,POS 2,Route 98 - Minimart,Owner,,,,Closed
19/09/2026 20:17,2-1024,Sale,,10235,"#misc",,,1.000,5.00,0.00,5.00,0.00,5.00,0.00,Dine in,POS 2,Route 98 - Minimart,Owner,,,,Closed
19/09/2026 20:00,2-1023,Sale,SNACKS,98000068,FUN SIZE! PIATTOS CHEESE 18G,,,1.000,10.50,0.00,10.50,6.66,3.84,0.00,Dine in,POS 2,Route 98 - Minimart,Owner,,,,Closed
19/09/2026 20:00,2-1023,Sale,SNACKS,10148,MR. CHIPS  NACHO CHEEZE 4G,,,1.000,9.75,0.00,9.75,5.45,4.30,0.00,Dine in,POS 2,Route 98 - Minimart,Owner,,,,Closed
19/09/2026 19:47,2-1022,Sale,CIGARETTE,98000117,WINSTON RED STICK,,,2.000,24.00,0.00,24.00,18.20,5.80,0.00,Dine in,POS 2,Route 98 - Minimart,Owner,,,,Closed
19/09/2026 19:35,2-1021,Sale,CIGARETTE,98000117,WINSTON RED STICK,,,2.000,24.00,0.00,24.00,18.20,5.80,0.00,Dine in,POS 2,Route 98 - Minimart,Owner,,,,Closed
19/09/2026 19:09,2-1020,Sale,DRINKS,98000046,COCA COLA 1.75L,,,1.000,84.75,0.00,84.75,61.67,23.08,0.00,Dine in,POS 2,Route 98 - Minimart,Owner,,,,Closed
19/09/2026 19:09,2-1020,Sale,DRINKS,10436,NATURE'S SPRING PURE 350ML,,,1.000,10.00,0.00,10.00,6.92,3.08,0.00,Dine in,POS 2,Route 98 - Minimart,Owner,,,,Closed
19/09/2026 19:02,2-1019,Sale,DRINKS,98000046,COCA COLA 1.75L,,,1.000,84.75,0.00,84.75,61.67,23.08,0.00,Dine in,POS 2,Route 98 - Minimart,Owner,,,,Closed
19/09/2026 19:02,2-1019,Sale,,9800170,"#StyroCups w/ stirrer",,,1.000,5.00,0.00,5.00,0.00,5.00,0.00,Dine in,POS 2,Route 98 - Minimart,Owner,,,,Closed
19/09/2026 19:02,2-1019,Sale,FOOD,10128,NESCAFE ORIGINAL TWIN PACK,,,3.000,51.00,0.00,51.00,42.00,9.00,0.00,Dine in,POS 2,Route 98 - Minimart,Owner,,,,Closed
19/09/2026 19:02,2-1019,Sale,FOOD,10127,NESCAFE CREAMY WHITE TWIN PACK,,,3.000,51.00,0.00,51.00,42.00,9.00,0.00,Dine in,POS 2,Route 98 - Minimart,Owner,,,,Closed
19/09/2026 19:02,2-1019,Sale,FOOD,10171,ENERGEN VNLA,,,3.000,36.00,0.00,36.00,25.95,10.05,0.00,Dine in,POS 2,Route 98 - Minimart,Owner,,,,Closed
19/09/2026 19:02,2-1019,Sale,ICE CREAM 🍦,10344,CREAMLINE PINIPIG CHOCOLATE 70ML,,,1.000,19.98,0.00,19.98,16.15,3.83,0.00,Dine in,POS 2,Route 98 - Minimart,Owner,,,,Closed
19/09/2026 19:00,2-1018,Sale,DRINKS,10439,NATURE'S SPRING DISTILLED 1000ML,,,1.000,28.00,0.00,28.00,16.43,11.57,0.00,Dine in,POS 2,Route 98 - Minimart,Owner,,,,Closed
19/09/2026 18:47,2-1017,Sale,DRINKS,98000108,VITAMILK(DOUBLECHOCO) 300ML,,,1.000,35.00,0.00,35.00,29.50,5.50,0.00,Dine in,POS 2,Route 98 - Minimart,Owner,,,,Closed
19/09/2026 18:47,2-1017,Sale,DRINKS,98000136,DELIGHT PROBIOTIC 100ML,,,1.000,16.00,0.00,16.00,11.40,4.60,0.00,Dine in,POS 2,Route 98 - Minimart,Owner,,,,Closed
19/09/2026 18:41,2-1016,Sale,SNACKS,98000138,NUTRI STAR CHICKEN BBQ,,,1.000,10.00,0.00,10.00,8.25,1.75,0.00,Dine in,POS 2,Route 98 - Minimart,Owner,,,,Closed
19/09/2026 18:29,2-1015,Sale,SNACKS,10143,CHIPPY BBQ 25G,,,1.000,9.75,0.00,9.75,6.30,3.45,0.00,Dine in,POS 2,Route 98 - Minimart,Owner,,,,Closed
19/09/2026 18:09,2-1014,Sale,SNACKS,10389,MOBY CRUNCHY CHOCOLATE,,,1.000,11.00,0.00,11.00,8.25,2.75,0.00,Dine in,POS 2,Route 98 - Minimart,Owner,,,,Closed
19/09/2026 18:09,2-1014,Sale,SNACKS,10144,CHIPPY CHILI CHEESE 25G,,,1.000,9.75,0.00,9.75,6.30,3.45,0.00,Dine in,POS 2,Route 98 - Minimart,Owner,,,,Closed
19/09/2026 18:08,2-1013,Sale,CIGARETTE,98000117,WINSTON RED STICK,,,3.000,36.00,0.00,36.00,27.30,8.70,0.00,Dine in,POS 2,Route 98 - Minimart,Owner,,,,Closed
19/09/2026 18:07,2-1012,Sale,DRINKS,10439,NATURE'S SPRING DISTILLED 1000ML,,,1.000,28.00,0.00,28.00,16.43,11.57,0.00,Dine in,POS 2,Route 98 - Minimart,Owner,,,,Closed
19/09/2026 18:02,2-1011,Sale,SNACKS,98000061,VCUT CHEESE FLAVOR 25G,,,1.000,20.25,0.00,20.25,14.25,6.00,0.00,Dine in,POS 2,Route 98 - Minimart,Owner,,,,Closed
19/09/2026 17:58,2-1010,Sale,,9800170,"#StyroCups w/ stirrer",,,5.000,25.00,0.00,25.00,0.00,25.00,0.00,Dine in,POS 2,Route 98 - Minimart,Owner,,,,Closed
19/09/2026 17:56,2-1009,Sale,DRINKS,10372,PEPSI EXTRA FIZZ 1.5L,,,1.000,64.98,0.00,64.98,59.75,5.23,0.00,Dine in,POS 2,Route 98 - Minimart,Owner,,,,Closed
19/09/2026 17:51,2-1008,Sale,,9800170,"#StyroCups w/ stirrer",,,1.000,5.00,0.00,5.00,0.00,5.00,0.00,Dine in,POS 2,Route 98 - Minimart,Owner,,,,Closed
19/09/2026 17:44,2-1007,Sale,FOOD,10041,MISUA PACK 12S,,,1.000,52.00,0.00,52.00,0.00,52.00,0.00,Dine in,POS 2,Route 98 - Minimart,Owner,,,,Closed
19/09/2026 17:44,2-1007,Sale,Cleaning/Laundry Supplies,980000029,DOWNY PASSION 26ML,,,5.000,44.90,0.00,44.90,31.15,13.75,0.00,Dine in,POS 2,Route 98 - Minimart,Owner,,,,Closed
19/09/2026 17:44,2-1007,Sale,Cleaning/Laundry Supplies,980000026,DOWNY SUNRISE FRESH 26ML,,,4.000,35.92,0.00,35.92,24.92,11.00,0.00,Dine in,POS 2,Route 98 - Minimart,Owner,,,,Closed
19/09/2026 17:44,2-1007,Sale,,10141,PRESTO PACK,,,2.000,180.00,0.00,180.00,0.00,180.00,0.00,Dine in,POS 2,Route 98 - Minimart,Owner,,,,Closed
19/09/2026 17:44,2-1007,Sale,SNACKS,10203,NIPS PEANUT 14G,,,6.000,48.00,0.00,48.00,35.22,12.78,0.00,Dine in,POS 2,Route 98 - Minimart,Owner,,,,Closed
19/09/2026 17:44,2-1007,Sale,FOOD,10416,NESTEA LEMON CUCUMBER,,,1.000,25.50,0.00,25.50,19.65,5.85,0.00,Dine in,POS 2,Route 98 - Minimart,Owner,,,,Closed
19/09/2026 17:44,2-1007,Sale,FOOD,10418,TANG LYCHEE,,,1.000,27.00,0.00,27.00,20.70,6.30,0.00,Dine in,POS 2,Route 98 - Minimart,Owner,,,,Closed
19/09/2026 17:44,2-1007,Sale,FOOD,10419,TANG MIXED BERRIES,,,1.000,27.00,0.00,27.00,20.80,6.20,0.00,Dine in,POS 2,Route 98 - Minimart,Owner,,,,Closed
19/09/2026 17:44,2-1007,Sale,FOOD,10459,PANCIT CANTON CHILIMANSI KASALO PACK,,,1.000,25.00,0.00,25.00,19.25,5.75,0.00,Dine in,POS 2,Route 98 - Minimart,Owner,,,,Closed
19/09/2026 17:44,2-1007,Sale,FOOD,10458,PANCIT CANTON SWEET&SPICY KASALO PACK,,,1.000,25.00,0.00,25.00,19.25,5.75,0.00,Dine in,POS 2,Route 98 - Minimart,Owner,,,,Closed
19/09/2026 17:44,2-1007,Sale,FOOD,10460,PANCIT CANTON KALAMANSI KASALO PACK,,,1.000,25.00,0.00,25.00,19.25,5.75,0.00,Dine in,POS 2,Route 98 - Minimart,Owner,,,,Closed
19/09/2026 17:44,2-1007,Sale,SNACKS,10152,MOBY CARAMEL,,,1.000,11.00,0.00,11.00,8.25,2.75,0.00,Dine in,POS 2,Route 98 - Minimart,Owner,,,,Closed
19/09/2026 17:44,2-1007,Sale,SNACKS,10389,MOBY CRUNCHY CHOCOLATE,,,1.000,11.00,0.00,11.00,8.25,2.75,0.00,Dine in,POS 2,Route 98 - Minimart,Owner,,,,Closed
19/09/2026 17:44,2-1007,Sale,SNACKS,10317,CLOVER CHEESIER 24G,,,1.000,10.00,0.00,10.00,7.50,2.50,0.00,Dine in,POS 2,Route 98 - Minimart,Owner,,,,Closed
19/09/2026 17:44,2-1007,Sale,SNACKS,10138,CHEEZ IT,,,1.000,10.00,0.00,10.00,8.25,1.75,0.00,Dine in,POS 2,Route 98 - Minimart,Owner,,,,Closed
19/09/2026 17:25,2-1006,Sale,SNACKS,10143,CHIPPY BBQ 25G,,,1.000,9.75,0.00,9.75,6.30,3.45,0.00,Dine in,POS 2,Route 98 - Minimart,Owner,,,,Closed
19/09/2026 17:24,2-1005,Sale,SNACKS,10152,MOBY CARAMEL,,,3.000,33.00,0.00,33.00,24.75,8.25,0.00,Dine in,POS 2,Route 98 - Minimart,Owner,,,,Closed
19/09/2026 17:24,2-1005,Sale,,98000110,MIGHTY PULA  STICK,,,3.000,30.00,0.00,30.00,24.06,5.94,0.00,Dine in,POS 2,Route 98 - Minimart,Owner,,,,Closed
19/09/2026 17:24,2-1005,Sale,DRINKS,10107,COCA COLA 290ML,,,2.000,40.00,0.00,40.00,33.00,7.00,0.00,Dine in,POS 2,Route 98 - Minimart,Owner,,,,Closed
19/09/2026 17:24,2-1005,Sale,Cleaning/Laundry Supplies,980000018,PANTENE SUPPLEMENT CONDITIONER COLLAGEN,,,2.000,19.96,0.00,19.96,15.14,4.82,0.00,Dine in,POS 2,Route 98 - Minimart,Owner,,,,Closed
19/09/2026 17:24,2-1005,Sale,DRINKS,10239,MOUNTAIN DEW (290ML),,,2.000,40.00,0.00,40.00,32.70,7.30,0.00,Dine in,POS 2,Route 98 - Minimart,Owner,,,,Closed
19/09/2026 17:18,2-1004,Sale,FOOD,10189,NESCAFE STICK,,,2.000,10.00,0.00,10.00,6.50,3.50,0.00,Dine in,POS 2,Route 98 - Minimart,Owner,,,,Closed
19/09/2026 17:18,2-1004,Sale,FOOD,10169,BEAR BRAND SWAK,,,1.000,15.00,0.00,15.00,9.00,6.00,0.00,Dine in,POS 2,Route 98 - Minimart,Owner,,,,Closed
19/09/2026 16:58,2-1003,Sale,SNACKS,98000138,NUTRI STAR CHICKEN BBQ,,,1.000,10.00,0.00,10.00,8.25,1.75,0.00,Dine in,POS 2,Route 98 - Minimart,Owner,,,,Closed
19/09/2026 16:58,2-1003,Sale,SNACKS,10266,CHIZ CURLS 18G,,,1.000,9.75,0.00,9.75,7.25,2.50,0.00,Dine in,POS 2,Route 98 - Minimart,Owner,,,,Closed
19/09/2026 16:58,2-1003,Sale,DRINKS,98000053,C2 SOLO LEMON 230ML,,,1.000,17.00,0.00,17.00,15.32,1.68,0.00,Dine in,POS 2,Route 98 - Minimart,Owner,,,,Closed
19/09/2026 16:56,2-1002,Sale,DRINKS,10239,MOUNTAIN DEW (290ML),,,2.000,40.00,0.00,40.00,32.70,7.30,0.00,Dine in,POS 2,Route 98 - Minimart,Owner,,,,Closed
19/09/2026 16:56,2-1002,Sale,SNACKS,98000121,PRESTO PEANUT BUTTER,,,1.000,10.00,0.00,10.00,6.45,3.55,0.00,Dine in,POS 2,Route 98 - Minimart,Owner,,,,Closed
19/09/2026 16:56,2-1002,Sale,FOOD,10332,LEMON SQUARE LAVA CAKE,,,2.000,19.96,0.00,19.96,15.60,4.36,0.00,Dine in,POS 2,Route 98 - Minimart,Owner,,,,Closed
19/09/2026 16:40,2-1001,Sale,FOOD,10170,BEAR BRAND SWAK CHOCO,,,3.000,45.00,0.00,45.00,27.00,18.00,0.00,Dine in,POS 2,Route 98 - Minimart,Owner,,,,Closed
19/09/2026 16:38,2-1000,Sale,DRINKS,98000046,COCA COLA 1.75L,,,2.000,169.50,0.00,169.50,123.34,46.16,0.00,Dine in,POS 2,Route 98 - Minimart,Owner,,,,Closed
19/09/2026 16:38,2-1000,Sale,SNACKS,10149,NOVA COUNTRY CHEDDAR 20G,,,1.000,8.75,0.00,8.75,6.66,2.09,0.00,Dine in,POS 2,Route 98 - Minimart,Owner,,,,Closed
19/09/2026 16:38,2-1000,Sale,DRINKS,10273,CLVB 1 LTR,,,1.000,185.00,0.00,185.00,145.00,40.00,0.00,Dine in,POS 2,Route 98 - Minimart,Owner,,,,Closed
19/09/2026 16:38,2-1000,Sale,DRINKS,10435,KULAFU 700ML,,,1.000,110.00,0.00,110.00,86.90,23.10,0.00,Dine in,POS 2,Route 98 - Minimart,Owner,,,,Closed
19/09/2026 16:38,2-1000,Sale,DRINKS,10190,GATORADE BLUE BOLT 350ML,,,1.000,35.00,0.00,35.00,25.83,9.17,0.00,Dine in,POS 2,Route 98 - Minimart,Owner,,,,Closed
19/09/2026 16:38,2-1000,Sale,ESSENTIAL OILS,10000,EFFICASCENT50,,,1.000,53.00,0.00,53.00,0.00,53.00,0.00,Dine in,POS 2,Route 98 - Minimart,Owner,,,,Closed
19/09/2026 16:38,2-1000,Sale,SNACKS,10206,NIPS MILK CHOCO 14G,,,12.000,96.00,0.00,96.00,70.44,25.56,0.00,Dine in,POS 2,Route 98 - Minimart,Owner,,,,Closed
19/09/2026 15:53,2-0999,Sale,DRINKS,10083,RED HORSE 500,,,4.000,300.00,0.00,300.00,240.00,60.00,0.00,Dine in,POS 2,Route 98 - Minimart,Owner,,,,Closed
19/09/2026 15:53,2-0999,Sale,SNACKS,10142,OISHI PRAWN CRACKERS SPICY 24G,,,2.000,18.00,0.00,18.00,15.00,3.00,0.00,Dine in,POS 2,Route 98 - Minimart,Owner,,,,Closed
19/09/2026 15:53,2-0999,Sale,SNACKS,98000071,MANG JUAN SUKAT SILI 26G,,,2.000,24.50,0.00,24.50,12.60,11.90,0.00,Dine in,POS 2,Route 98 - Minimart,Owner,,,,Closed
19/09/2026 15:53,2-0999,Sale,SNACKS,10143,CHIPPY BBQ 25G,,,2.000,19.50,0.00,19.50,12.60,6.90,0.00,Dine in,POS 2,Route 98 - Minimart,Owner,,,,Closed
19/09/2026 15:41,2-0998,Sale,DRINKS,10188,NATURE'S SPRING PURE 1000ML,,,1.000,25.00,0.00,25.00,14.26,10.74,0.00,Dine in,POS 2,Route 98 - Minimart,Owner,,,,Closed
19/09/2026 14:55,2-0997,Sale,,98000112,MIGHTY PUTI STICK,,,4.000,40.00,0.00,40.00,32.08,7.92,0.00,Dine in,POS 2,Route 98 - Minimart,Owner,,,,Closed
19/09/2026 14:17,2-0996,Sale,CIGARETTE,98000117,WINSTON RED STICK,,,4.000,48.00,0.00,48.00,36.40,11.60,0.00,Dine in,POS 2,Route 98 - Minimart,Owner,,,,Closed
19/09/2026 13:53,2-0995,Sale,,98000110,MIGHTY PULA  STICK,,,1.000,10.00,0.00,10.00,8.02,1.98,0.00,Dine in,POS 2,Route 98 - Minimart,Owner,,,,Closed
19/09/2026 13:43,2-0994,Sale,SNACKS,10213,MAGIC CREAMS CHOCO,,,1.000,9.00,0.00,9.00,5.55,3.45,0.00,Dine in,POS 2,Route 98 - Minimart,Owner,,,,Closed
19/09/2026 13:42,2-0993,Sale,DRINKS,980000560,COBRA  ASTIG 290ML,,,1.000,21.50,0.00,21.50,16.58,4.92,0.00,Dine in,POS 2,Route 98 - Minimart,Owner,,,,Closed
19/09/2026 13:42,2-0993,Sale,DRINKS,10188,NATURE'S SPRING PURE 1000ML,,,1.000,25.00,0.00,25.00,14.26,10.74,0.00,Dine in,POS 2,Route 98 - Minimart,Owner,,,,Closed
19/09/2026 13:42,2-0993,Sale,SNACKS,10409,HAPPY CHICKEN ADOBO 5G,,,10.000,20.00,0.00,20.00,11.00,9.00,0.00,Dine in,POS 2,Route 98 - Minimart,Owner,,,,Closed
19/09/2026 13:23,2-0992,Sale,SNACKS,10231,CLOUD 9 CLASSIC,,,1.000,10.00,0.00,10.00,6.35,3.65,0.00,Dine in,POS 2,Route 98 - Minimart,Owner,,,,Closed
19/09/2026 13:22,2-0991,Sale,DRINKS,10190,GATORADE BLUE BOLT 350ML,,,1.000,35.00,0.00,35.00,25.83,9.17,0.00,Dine in,POS 2,Route 98 - Minimart,Owner,,,,Closed
19/09/2026 13:19,2-0990,Sale,DRINKS,10438,NATURE'S SPRING DISTILLED 500ML,,,1.000,18.00,0.00,18.00,9.94,8.06,0.00,Dine in,POS 2,Route 98 - Minimart,Owner,,,,Closed
19/09/2026 12:51,2-0989,Sale,,98000110,MIGHTY PULA  STICK,,,1.000,10.00,0.00,10.00,8.02,1.98,0.00,Dine in,POS 2,Route 98 - Minimart,Owner,,,,Closed
19/09/2026 12:43,2-0988,Sale,,98000110,MIGHTY PULA  STICK,,,2.000,20.00,0.00,20.00,16.04,3.96,0.00,Dine in,POS 2,Route 98 - Minimart,Owner,,,,Closed
19/09/2026 12:11,2-0987,Sale,FOOD,10201,OSAKA SARDINES,,,1.000,27.00,0.00,27.00,23.39,3.61,0.00,Dine in,POS 2,Route 98 - Minimart,Owner,,,,Closed
19/09/2026 12:10,2-0986,Sale,FEMININE CARE,10426,MODESS REGULAR 12 PADS,,,2.000,150.00,0.00,150.00,120.00,30.00,0.00,Dine in,POS 2,Route 98 - Minimart,Owner,,,,Closed
19/09/2026 12:01,2-0985,Sale,SNACKS,10401,MARTY'S CRACKLINGS CHICK INSL 90G,,,1.000,28.50,0.00,28.50,21.90,6.60,0.00,Dine in,POS 2,Route 98 - Minimart,Owner,,,,Closed
19/09/2026 12:01,2-0985,Sale,SNACKS,10403,MARTY'S CRACKLINGS PLN SLTD 90G,,,1.000,28.50,0.00,28.50,21.90,6.60,0.00,Dine in,POS 2,Route 98 - Minimart,Owner,,,,Closed
19/09/2026 11:59,2-0984,Sale,FEMININE CARE,10421,SISTERS OVERNIGHT DRY,,,1.000,42.50,0.00,42.50,32.75,9.75,0.00,Dine in,POS 2,Route 98 - Minimart,Owner,,,,Closed
19/09/2026 11:59,2-0984,Sale,DRINKS,980000055,C2 GREEN TEA LEMON 1L,,,1.000,57.75,0.00,57.75,44.42,13.33,0.00,Dine in,POS 2,Route 98 - Minimart,Owner,,,,Closed
19/09/2026 11:53,2-0983,Sale,SNACKS,98000131,DINGDONG SNACK MIX WITH  CHIPS CURLS 100G,,,1.000,30.00,0.00,30.00,24.00,6.00,0.00,Dine in,POS 2,Route 98 - Minimart,Owner,,,,Closed
19/09/2026 11:53,2-0983,Sale,SNACKS,98000132,DINGDONG HOT& SPICY 100G,,,1.000,35.00,0.00,35.00,27.00,8.00,0.00,Dine in,POS 2,Route 98 - Minimart,Owner,,,,Closed
19/09/2026 11:20,2-0982,Sale,,98000110,MIGHTY PULA  STICK,,,2.000,20.00,0.00,20.00,16.04,3.96,0.00,Dine in,POS 2,Route 98 - Minimart,Owner,,,,Closed
19/09/2026 10:41,2-0981,Sale,,98000110,MIGHTY PULA  STICK,,,3.000,30.00,0.00,30.00,24.06,5.94,0.00,Dine in,POS 2,Route 98 - Minimart,Owner,,,,Closed
19/09/2026 10:30,2-0980,Sale,DRINKS,98000046,COCA COLA 1.75L,,,1.000,84.75,0.00,84.75,61.67,23.08,0.00,Dine in,POS 2,Route 98 - Minimart,Owner,,,,Closed
19/09/2026 10:28,2-0979,Sale,DRINKS,98000053,C2 SOLO LEMON 230ML,,,1.000,17.00,0.00,17.00,15.32,1.68,0.00,Dine in,POS 2,Route 98 - Minimart,Owner,,,,Closed
19/09/2026 10:12,2-0978,Sale,,10235,"#misc",,,1.000,320.00,0.00,320.00,0.00,320.00,0.00,Dine in,POS 2,Route 98 - Minimart,Owner,,,,Closed
19/09/2026 10:09,2-0977,Sale,HOME ESSENTIALS,10242,KERATIN PLUS (GOLD) 20g,,,1.000,9.98,0.00,9.98,6.00,3.98,0.00,Dine in,POS 2,Route 98 - Minimart,Owner,,,,Closed
19/09/2026 10:09,2-0977,Sale,,98000110,MIGHTY PULA  STICK,,,3.000,30.00,0.00,30.00,24.06,5.94,0.00,Dine in,POS 2,Route 98 - Minimart,Owner,,,,Closed
19/09/2026 10:08,2-0976,Sale,,98000093,COBRA  ASTIG CITRUS BLAST 290ML,,,1.000,21.50,0.00,21.50,16.58,4.92,0.00,Dine in,POS 2,Route 98 - Minimart,Owner,,,,Closed
19/09/2026 10:08,2-0976,Sale,,98000110,MIGHTY PULA  STICK,,,2.000,20.00,0.00,20.00,16.04,3.96,0.00,Dine in,POS 2,Route 98 - Minimart,Owner,,,,Closed
18/09/2026 22:25,2-0975,Sale,DRINKS,98000136,DELIGHT PROBIOTIC 100ML,,,1.000,16.00,0.00,16.00,11.40,4.60,0.00,Dine in,POS 2,Route 98 - Minimart,Owner,,,,Closed
18/09/2026 22:25,2-0975,Sale,SNACKS,10152,MOBY CARAMEL,,,1.000,11.00,0.00,11.00,8.25,2.75,0.00,Dine in,POS 2,Route 98 - Minimart,Owner,,,,Closed
18/09/2026 22:25,2-0975,Sale,SNACKS,98000137,NUTRI STAR CHICKEN BBQ,,,1.000,10.00,0.00,10.00,8.25,1.75,0.00,Dine in,POS 2,Route 98 - Minimart,Owner,,,,Closed
18/09/2026 22:06,2-0974,Sale,,9800170,"#StyroCups w/ stirrer",,,1.000,5.00,0.00,5.00,0.00,5.00,0.00,Dine in,POS 2,Route 98 - Minimart,Owner,,,,Closed
18/09/2026 22:01,2-0973,Sale,DRINKS,10188,NATURE'S SPRING PURE 1000ML,,,1.000,25.00,0.00,25.00,14.26,10.74,0.00,Dine in,POS 2,Route 98 - Minimart,Owner,,,,Closed
18/09/2026 22:01,2-0973,Sale,DRINKS,10193,YAKULT,,,1.000,15.00,0.00,15.00,10.00,5.00,0.00,Dine in,POS 2,Route 98 - Minimart,Owner,,,,Closed
18/09/2026 21:57,2-0972,Sale,,98000112,MIGHTY PUTI STICK,,,5.000,50.00,0.00,50.00,40.10,9.90,0.00,Dine in,POS 2,Route 98 - Minimart,Owner,,,,Closed
18/09/2026 21:57,2-0972,Sale,HOME ESSENTIALS,10044,FUEGO MATCH - PIECE,,,1.000,3.00,0.00,3.00,0.00,3.00,0.00,Dine in,POS 2,Route 98 - Minimart,Owner,,,,Closed
18/09/2026 21:49,2-0971,Sale,SNACKS,10202,PIATTOS CHEESE 85G,,,1.000,38.50,0.00,38.50,33.22,5.28,0.00,Dine in,POS 2,Route 98 - Minimart,Owner,,,,Closed
18/09/2026 21:37,2-0970,Sale,DRINKS,10435,KULAFU 700ML,,,1.000,110.00,0.00,110.00,86.90,23.10,0.00,Dine in,POS 2,Route 98 - Minimart,Owner,,,,Closed
18/09/2026 21:23,2-0969,Sale,DRINKS,10437,NATURE'S SPRING PURE 500ML,,,1.000,15.00,0.00,15.00,9.06,5.94,0.00,Dine in,POS 2,Route 98 - Minimart,Owner,,,,Closed
18/09/2026 21:15,2-0968,Sale,SNACKS,98000060,NOVA HOMESTYLE BBQ 78G,,,1.000,38.50,0.00,38.50,29.55,8.95,0.00,Dine in,POS 2,Route 98 - Minimart,Owner,,,,Closed
18/09/2026 20:36,2-0967,Sale,SNACKS,10140,OISHI RINBEE,,,1.000,9.00,0.00,9.00,7.50,1.50,0.00,Dine in,POS 2,Route 98 - Minimart,Owner,,,,Closed
18/09/2026 20:36,2-0967,Sale,SNACKS,98000068,FUN SIZE! PIATTOS CHEESE 18G,,,1.000,10.50,0.00,10.50,6.66,3.84,0.00,Dine in,POS 2,Route 98 - Minimart,Owner,,,,Closed
18/09/2026 20:36,2-0967,Sale,SNACKS,10142,OISHI PRAWN CRACKERS SPICY 24G,,,1.000,9.00,0.00,9.00,7.50,1.50,0.00,Dine in,POS 2,Route 98 - Minimart,Owner,,,,Closed
18/09/2026 20:36,2-0967,Sale,DRINKS,10252,Royal 1.5L,,,1.000,75.00,0.00,75.00,0.00,75.00,0.00,Dine in,POS 2,Route 98 - Minimart,Owner,,,,Closed
18/09/2026 20:30,2-0966,Sale,,98000112,MIGHTY PUTI STICK,,,2.000,20.00,0.00,20.00,16.04,3.96,0.00,Dine in,POS 2,Route 98 - Minimart,Owner,,,,Closed
18/09/2026 20:30,2-0966,Sale,HOME ESSENTIALS,10043,LION TIGER KATOL - COIL,,,3.000,15.00,0.00,15.00,12.00,3.00,0.00,Dine in,POS 2,Route 98 - Minimart,Owner,,,,Closed
18/09/2026 20:19,2-0965,Sale,DRINKS,98000120,SMIRNOFF,,,1.000,65.00,0.00,65.00,54.00,11.00,0.00,Dine in,POS 2,Route 98 - Minimart,Owner,,,,Closed
18/09/2026 20:13,2-0964,Sale,SNACKS,10158,CRISPY PATATA 85G,,,1.000,33.50,0.00,33.50,25.65,7.85,0.00,Dine in,POS 2,Route 98 - Minimart,Owner,,,,Closed
18/09/2026 20:13,2-0964,Sale,SNACKS,98000065,CHIPPY CHILI & CHEESE 108G,,,1.000,28.75,0.00,28.75,21.35,7.40,0.00,Dine in,POS 2,Route 98 - Minimart,Owner,,,,Closed
18/09/2026 20:10,2-0963,Sale,SNACKS,10130,OISHI CRACKLINGS,,,1.000,9.00,0.00,9.00,7.50,1.50,0.00,Dine in,POS 2,Route 98 - Minimart,Owner,,,,Closed
18/09/2026 20:10,2-0963,Sale,SNACKS,10157,SWEETCHILI CHPS BBQ,,,1.000,11.50,0.00,11.50,8.25,3.25,0.00,Dine in,POS 2,Route 98 - Minimart,Owner,,,,Closed
18/09/2026 20:10,2-0963,Sale,SNACKS,10183,DINGDONG HOTNSPICY 5G,,,10.000,20.00,0.00,20.00,0.00,20.00,0.00,Dine in,POS 2,Route 98 - Minimart,Owner,,,,Closed
18/09/2026 20:09,2-0962,Sale,DRINKS,10084,RED HORSE LITRO,,,1.000,145.00,0.00,145.00,120.00,25.00,0.00,Dine in,POS 2,Route 98 - Minimart,Owner,,,,Closed
18/09/2026 20:09,2-0962,Sale,,10235,"#misc",,,1.000,3.00,0.00,3.00,0.00,3.00,0.00,Dine in,POS 2,Route 98 - Minimart,Owner,,,,Closed
18/09/2026 20:03,2-0961,Sale,,9800170,"#StyroCups w/ stirrer",,,1.000,5.00,0.00,5.00,0.00,5.00,0.00,Dine in,POS 2,Route 98 - Minimart,Owner,,,,Closed
18/09/2026 20:03,2-0961,Sale,DRINKS,10383Q,PEPSI EXTRA FIZZ 195ML,,,1.000,15.00,0.00,15.00,11.00,4.00,0.00,Dine in,POS 2,Route 98 - Minimart,Owner,,,,Closed
18/09/2026 20:03,2-0961,Sale,DRINKS,98000136,DELIGHT PROBIOTIC 100ML,,,1.000,16.00,0.00,16.00,11.40,4.60,0.00,Dine in,POS 2,Route 98 - Minimart,Owner,,,,Closed
18/09/2026 19:45,2-0960,Sale,SNACKS,98000071,MANG JUAN SUKAT SILI 26G,,,1.000,12.25,0.00,12.25,6.30,5.95,0.00,Dine in,POS 2,Route 98 - Minimart,Owner,,,,Closed
18/09/2026 19:44,2-0959,Sale,ICE CREAM 🍦,10367,CREAMLINE SUNDAE STRAWBERRY 120ML,,,1.000,24.98,0.00,24.98,15.85,9.13,0.00,Dine in,POS 2,Route 98 - Minimart,Owner,,,,Closed
18/09/2026 19:44,2-0959,Sale,SNACKS,10224,MAGIC CHIPS BBQ,,,1.000,10.00,0.00,10.00,7.92,2.08,0.00,Dine in,POS 2,Route 98 - Minimart,Owner,,,,Closed
18/09/2026 19:44,2-0959,Sale,SNACKS,98000068,FUN SIZE! PIATTOS CHEESE 18G,,,1.000,10.50,0.00,10.50,6.66,3.84,0.00,Dine in,POS 2,Route 98 - Minimart,Owner,,,,Closed
18/09/2026 19:31,2-0958,Sale,SNACKS,10143,CHIPPY BBQ 25G,,,1.000,9.75,0.00,9.75,6.30,3.45,0.00,Dine in,POS 2,Route 98 - Minimart,Owner,,,,Closed
18/09/2026 19:29,2-0957,Sale,ICE CREAM 🍦,10346,CREAMLINE BAR COOKIES & CREAM,,,1.000,16.75,0.00,16.75,11.60,5.15,0.00,Dine in,POS 2,Route 98 - Minimart,Owner,,,,Closed
18/09/2026 19:29,2-0957,Sale,ICE CREAM 🍦,10348,CREAMLINE BAR ROCKY ROAD,,,1.000,16.75,0.00,16.75,11.60,5.15,0.00,Dine in,POS 2,Route 98 - Minimart,Owner,,,,Closed
18/09/2026 19:29,2-0957,Sale,ICE CREAM 🍦,10347,CREAMLINE BAR UBE QUESO PASTILLAS,,,1.000,16.75,0.00,16.75,11.60,5.15,0.00,Dine in,POS 2,Route 98 - Minimart,Owner,,,,Closed
18/09/2026 19:29,2-0957,Sale,ICE CREAM 🍦,10346,CREAMLINE BAR COOKIES & CREAM,,,1.000,16.75,0.00,16.75,11.60,5.15,0.00,Dine in,POS 2,Route 98 - Minimart,Owner,,,,Closed
18/09/2026 18:44,2-0956,Sale,DRINKS,10129,C2 SOLO APPLE 230ML,,,1.000,17.00,0.00,17.00,11.79,5.21,0.00,Dine in,POS 2,Route 98 - Minimart,Owner,,,,Closed
18/09/2026 18:24,2-0955,Sale,FOOD,10228,NISSIN CUP NOODLES SPCYHTBF,,,1.000,30.00,0.00,30.00,22.01,7.99,0.00,Dine in,POS 2,Route 98 - Minimart,Owner,,,,Closed
18/09/2026 18:17,2-0954,Sale,FOOD,10199,HOBE INSTANT SOTANGHON,,,1.000,32.50,0.00,32.50,27.49,5.01,0.00,Dine in,POS 2,Route 98 - Minimart,Owner,,,,Closed
18/09/2026 18:14,2-0953,Sale,DRINKS,98000102,COBRA RISE ENERGY PO  290ML,,,5.000,107.50,0.00,107.50,79.15,28.35,0.00,Dine in,POS 2,Route 98 - Minimart,Owner,,,,Closed
18/09/2026 18:05,2-0952,Sale,DRINKS,98000076,POCARI SWEAT 500ML,,,1.000,55.00,0.00,55.00,44.58,10.42,0.00,Dine in,POS 2,Route 98 - Minimart,Owner,,,,Closed
18/09/2026 18:05,2-0952,Sale,,98000110,MIGHTY PULA  STICK,,,1.000,10.00,0.00,10.00,8.02,1.98,0.00,Dine in,POS 2,Route 98 - Minimart,Owner,,,,Closed
18/09/2026 18:04,2-0951,Sale,SNACKS,98000121,PRESTO PEANUT BUTTER,,,1.000,10.00,0.00,10.00,6.45,3.55,0.00,Dine in,POS 2,Route 98 - Minimart,Owner,,,,Closed
18/09/2026 18:03,2-0950,Sale,ICE CREAM 🍦,10281,NOBRELLI CHOCO-KESO-UBE 1.3L,,,1.000,210.98,0.00,210.98,168.00,42.98,0.00,Dine in,POS 2,Route 98 - Minimart,Owner,,,,Closed
18/09/2026 17:47,2-0949,Sale,DRINKS,10113,NUTRIBOOST STRWBRRY 110,,,1.000,15.00,0.00,15.00,0.00,15.00,0.00,Dine in,POS 2,Route 98 - Minimart,Owner,,,,Closed
18/09/2026 17:47,2-0949,Sale,FOOD,10189,NESCAFE STICK,,,2.000,10.00,0.00,10.00,6.50,3.50,0.00,Dine in,POS 2,Route 98 - Minimart,Owner,,,,Closed
18/09/2026 17:47,2-0949,Sale,SNACKS,10207,PRESTO CHOCO,,,1.000,10.00,0.00,10.00,6.13,3.87,0.00,Dine in,POS 2,Route 98 - Minimart,Owner,,,,Closed
18/09/2026 17:26,2-0948,Sale,,98000116,WINSTON WHITE STICK,,,1.000,12.00,0.00,12.00,9.92,2.08,0.00,Dine in,POS 2,Route 98 - Minimart,Owner,,,,Closed
18/09/2026 17:10,2-0947,Sale,ICE,10300,ICE CUBE 3KG,,,1.000,45.00,0.00,45.00,33.00,12.00,0.00,Dine in,POS 2,Route 98 - Minimart,Owner,,,,Closed
18/09/2026 17:10,2-0947,Sale,DRINKS,98000119,SPRITE 1.75L,,,1.000,84.75,0.00,84.75,61.67,23.08,0.00,Dine in,POS 2,Route 98 - Minimart,Owner,,,,Closed
18/09/2026 16:58,2-0946,Sale,CIGARETTE,98000117,WINSTON RED STICK,,,4.000,48.00,0.00,48.00,36.40,11.60,0.00,Dine in,POS 2,Route 98 - Minimart,Owner,,,,Closed
18/09/2026 16:58,2-0946,Sale,DRINKS,98000136,DELIGHT PROBIOTIC 100ML,,,1.000,16.00,0.00,16.00,11.40,4.60,0.00,Dine in,POS 2,Route 98 - Minimart,Owner,,,,Closed
18/09/2026 16:25,2-0945,Sale,SNACKS,10152,MOBY CARAMEL,,,1.000,11.00,0.00,11.00,8.25,2.75,0.00,Dine in,POS 2,Route 98 - Minimart,Owner,,,,Closed
18/09/2026 16:25,2-0945,Sale,SNACKS,10185,DINGDONG MIXNUTS 5G,,,10.000,20.00,0.00,20.00,11.00,9.00,0.00,Dine in,POS 2,Route 98 - Minimart,Owner,,,,Closed
18/09/2026 16:23,2-0944,Sale,DRINKS,10083,RED HORSE 500,,,1.000,75.00,0.00,75.00,60.00,15.00,0.00,Dine in,POS 2,Route 98 - Minimart,Owner,,,,Closed
18/09/2026 16:23,2-0944,Sale,SNACKS,10148,MR. CHIPS  NACHO CHEEZE 4G,,,2.000,19.50,0.00,19.50,10.90,8.60,0.00,Dine in,POS 2,Route 98 - Minimart,Owner,,,,Closed
18/09/2026 16:23,2-0944,Sale,CIGARETTE,98000117,WINSTON RED STICK,,,4.000,48.00,0.00,48.00,36.40,11.60,0.00,Dine in,POS 2,Route 98 - Minimart,Owner,,,,Closed
18/09/2026 15:55,2-0943,Sale,FOOD,10171,ENERGEN VNLA,,,1.000,12.00,0.00,12.00,8.65,3.35,0.00,Dine in,POS 2,Route 98 - Minimart,Owner,,,,Closed
18/09/2026 15:55,2-0943,Sale,FOOD,10172,ENERGEN CHOCO,,,1.000,12.00,0.00,12.00,8.45,3.55,0.00,Dine in,POS 2,Route 98 - Minimart,Owner,,,,Closed
18/09/2026 15:55,2-0943,Sale,FOOD,10128,NESCAFE ORIGINAL TWIN PACK,,,1.000,17.00,0.00,17.00,14.00,3.00,0.00,Dine in,POS 2,Route 98 - Minimart,Owner,,,,Closed
18/09/2026 15:55,2-0943,Sale,FOOD,10175,KOPIKO BLANCA 2PK,,,1.000,16.98,0.00,16.98,13.40,3.58,0.00,Dine in,POS 2,Route 98 - Minimart,Owner,,,,Closed
18/09/2026 15:34,2-0942,Sale,ICE CREAM 🍦,10348,CREAMLINE BAR ROCKY ROAD,,,2.000,33.50,0.00,33.50,23.20,10.30,0.00,Dine in,POS 2,Route 98 - Minimart,Owner,,,,Closed
18/09/2026 15:34,2-0942,Sale,ICE CREAM 🍦,10346,CREAMLINE BAR COOKIES & CREAM,,,2.000,33.50,0.00,33.50,23.20,10.30,0.00,Dine in,POS 2,Route 98 - Minimart,Owner,,,,Closed
18/09/2026 15:20,2-0941,Sale,DRINKS,10188,NATURE'S SPRING PURE 1000ML,,,3.000,75.00,0.00,75.00,42.78,32.22,0.00,Dine in,POS 2,Route 98 - Minimart,Owner,,,,Closed
18/09/2026 15:20,2-0941,Sale,CIGARETTE,98000117,WINSTON RED STICK,,,2.000,24.00,0.00,24.00,18.20,5.80,0.00,Dine in,POS 2,Route 98 - Minimart,Owner,,,,Closed
18/09/2026 15:09,2-0940,Sale,ICE,10298,ICE CUBE 1KG,,,1.000,25.00,0.00,25.00,13.00,12.00,0.00,Dine in,POS 2,Route 98 - Minimart,Owner,,,,Closed
18/09/2026 15:09,2-0940,Sale,DRINKS,10372,PEPSI EXTRA FIZZ 1.5L,,,1.000,64.98,0.00,64.98,59.75,5.23,0.00,Dine in,POS 2,Route 98 - Minimart,Owner,,,,Closed
18/09/2026 15:09,2-0940,Sale,DRINKS,10114,SPRITE 1.5L,,,1.000,75.00,0.00,75.00,0.00,75.00,0.00,Dine in,POS 2,Route 98 - Minimart,Owner,,,,Closed
18/09/2026 15:09,2-0940,Sale,SNACKS,10395,PEEWEE SIZZLING BBQ 60G,,,1.000,23.75,0.00,23.75,18.25,5.50,0.00,Dine in,POS 2,Route 98 - Minimart,Owner,,,,Closed
18/09/2026 15:09,2-0940,Sale,SNACKS,10400,OISHI PRAWN CRACKERS 60G,,,1.000,22.75,0.00,22.75,17.45,5.30,0.00,Dine in,POS 2,Route 98 - Minimart,Owner,,,,Closed
18/09/2026 15:09,2-0940,Sale,SNACKS,10195,MAGIC CHIPS CHEESE,,,1.000,9.00,0.00,9.00,6.22,2.78,0.00,Dine in,POS 2,Route 98 - Minimart,Owner,,,,Closed
18/09/2026 14:18,2-0939,Sale,FOOD,10128,NESCAFE ORIGINAL TWIN PACK,,,1.000,17.00,0.00,17.00,14.00,3.00,0.00,Dine in,POS 2,Route 98 - Minimart,Owner,,,,Closed
18/09/2026 14:07,2-0938,Sale,,98000110,MIGHTY PULA  STICK,,,1.000,10.00,0.00,10.00,8.02,1.98,0.00,Dine in,POS 2,Route 98 - Minimart,Owner,,,,Closed
18/09/2026 13:18,2-0937,Sale,,10235,"#misc",,,1.000,15.00,0.00,15.00,0.00,15.00,0.00,Dine in,POS 2,Route 98 - Minimart,Owner,,,,Closed
18/09/2026 13:12,2-0936,Sale,DRINKS,10083,RED HORSE 500,,,1.000,75.00,0.00,75.00,60.00,15.00,0.00,Dine in,POS 2,Route 98 - Minimart,Owner,,,,Closed
18/09/2026 13:12,2-0936,Sale,DRINKS,10141,RED HORSE SUPER,,,1.000,160.00,0.00,160.00,0.00,160.00,0.00,Dine in,POS 2,Route 98 - Minimart,Owner,,,,Closed
18/09/2026 13:12,2-0936,Sale,SNACKS,98000133,DINGDONG MIX NUTS REAL GARLIC 100G,,,1.000,31.00,0.00,31.00,24.00,7.00,0.00,Dine in,POS 2,Route 98 - Minimart,Owner,,,,Closed
18/09/2026 13:12,2-0936,Sale,HOME ESSENTIALS,10309,REXONA QUANTUM DRY 3ML,,,2.000,20.00,0.00,20.00,15.84,4.16,0.00,Dine in,POS 2,Route 98 - Minimart,Owner,,,,Closed
18/09/2026 13:12,2-0936,Sale,SNACKS,10410,HAPPY NUTS SWEET CHILI 5G,,,24.000,48.00,0.00,48.00,26.40,21.60,0.00,Dine in,POS 2,Route 98 - Minimart,Owner,,,,Closed
18/09/2026 13:05,2-0935,Sale,DRINKS,10129,C2 SOLO APPLE 230ML,,,1.000,17.00,0.00,17.00,11.79,5.21,0.00,Dine in,POS 2,Route 98 - Minimart,Owner,,,,Closed
18/09/2026 12:38,2-0934,Sale,FOOD,10172,ENERGEN CHOCO,,,1.000,12.00,0.00,12.00,8.45,3.55,0.00,Dine in,POS 2,Route 98 - Minimart,Owner,,,,Closed
18/09/2026 12:38,2-0934,Sale,FOOD,10171,ENERGEN VNLA,,,1.000,12.00,0.00,12.00,8.65,3.35,0.00,Dine in,POS 2,Route 98 - Minimart,Owner,,,,Closed
18/09/2026 12:38,2-0934,Sale,SNACKS,98000068,FUN SIZE! PIATTOS CHEESE 18G,,,1.000,10.50,0.00,10.50,6.66,3.84,0.00,Dine in,POS 2,Route 98 - Minimart,Owner,,,,Closed
18/09/2026 11:13,2-0933,Sale,DRINKS,10188,NATURE'S SPRING PURE 1000ML,,,2.000,50.00,0.00,50.00,28.52,21.48,0.00,Dine in,POS 2,Route 98 - Minimart,Owner,,,,Closed
18/09/2026 11:13,2-0933,Sale,,98000110,MIGHTY PULA  STICK,,,5.000,50.00,0.00,50.00,40.10,9.90,0.00,Dine in,POS 2,Route 98 - Minimart,Owner,,,,Closed
18/09/2026 07:37,2-0932,Sale,SNACKS,98000068,FUN SIZE! PIATTOS CHEESE 18G,,,1.000,10.50,0.00,10.50,6.66,3.84,0.00,Dine in,POS 2,Route 98 - Minimart,Owner,,,,Closed
18/09/2026 07:37,2-0932,Sale,FOOD,10172,ENERGEN CHOCO,,,1.000,12.00,0.00,12.00,8.45,3.55,0.00,Dine in,POS 2,Route 98 - Minimart,Owner,,,,Closed
18/09/2026 07:37,2-0932,Sale,FOOD,10171,ENERGEN VNLA,,,1.000,12.00,0.00,12.00,8.65,3.35,0.00,Dine in,POS 2,Route 98 - Minimart,Owner,,,,Closed
17/09/2026 20:24,2-0931,Sale,DRINKS,98000054,C2 GREEN TEA APPLE 1L,,,1.000,57.75,0.00,57.75,44.42,13.33,0.00,Dine in,POS 2,Route 98 - Minimart,Owner,,,,Closed
17/09/2026 20:03,2-0930,Sale,,98000116,WINSTON WHITE STICK,,,1.000,12.00,0.00,12.00,9.92,2.08,0.00,Dine in,POS 2,Route 98 - Minimart,Owner,,,,Closed
17/09/2026 19:58,2-0929,Sale,CIGARETTE,98000117,WINSTON RED STICK,,,4.000,48.00,0.00,48.00,36.40,11.60,0.00,Dine in,POS 2,Route 98 - Minimart,Owner,,,,Closed
17/09/2026 19:58,2-0929,Sale,,10235,"#misc",,,1.000,5.00,0.00,5.00,0.00,5.00,0.00,Dine in,POS 2,Route 98 - Minimart,Owner,,,,Closed
17/09/2026 19:44,2-0928,Sale,SNACKS,98000133,DINGDONG MIX NUTS REAL GARLIC 100G,,,1.000,31.00,0.00,31.00,24.00,7.00,0.00,Dine in,POS 2,Route 98 - Minimart,Owner,,,,Closed
17/09/2026 19:44,2-0928,Sale,SNACKS,10146,CRISPY PATATA 24G,,,1.000,9.98,0.00,9.98,7.75,2.23,0.00,Dine in,POS 2,Route 98 - Minimart,Owner,,,,Closed
17/09/2026 19:44,2-0928,Sale,DRINKS,10113,NUTRIBOOST STRWBRRY 110,,,1.000,15.00,0.00,15.00,0.00,15.00,0.00,Dine in,POS 2,Route 98 - Minimart,Owner,,,,Closed
17/09/2026 19:41,2-0927,Sale,DRINKS,10438,NATURE'S SPRING DISTILLED 500ML,,,1.000,18.00,0.00,18.00,9.94,8.06,0.00,Dine in,POS 2,Route 98 - Minimart,Owner,,,,Closed
17/09/2026 19:41,2-0927,Sale,SNACKS,10389,MOBY CRUNCHY CHOCOLATE,,,1.000,11.00,0.00,11.00,8.25,2.75,0.00,Dine in,POS 2,Route 98 - Minimart,Owner,,,,Closed
17/09/2026 19:41,2-0927,Sale,SNACKS,10203,NIPS PEANUT 14G,,,1.000,8.00,0.00,8.00,5.87,2.13,0.00,Dine in,POS 2,Route 98 - Minimart,Owner,,,,Closed
17/09/2026 19:41,2-0927,Sale,SNACKS,10206,NIPS MILK CHOCO 14G,,,1.000,8.00,0.00,8.00,5.87,2.13,0.00,Dine in,POS 2,Route 98 - Minimart,Owner,,,,Closed
17/09/2026 19:21,2-0926,Sale,Cleaning/Laundry Supplies,980000026,DOWNY SUNRISE FRESH 26ML,,,6.000,53.88,0.00,53.88,37.38,16.50,0.00,Dine in,POS 2,Route 98 - Minimart,Owner,,,,Closed
17/09/2026 19:21,2-0926,Sale,Cleaning/Laundry Supplies,10408,SURF POWDER ROSE FRESH 65G,,,6.000,60.00,0.00,60.00,43.50,16.50,0.00,Dine in,POS 2,Route 98 - Minimart,Owner,,,,Closed
17/09/2026 19:21,2-0926,Sale,FOOD,98000095,RAPSA PANCIT BIHON,,,1.000,22.00,0.00,22.00,16.60,5.40,0.00,Dine in,POS 2,Route 98 - Minimart,Owner,,,,Closed
17/09/2026 19:21,2-0926,Sale,FOOD,10382,SILVER SWAN SOY SAUCE 385ML,,,1.000,31.85,0.00,31.85,24.50,7.35,0.00,Dine in,POS 2,Route 98 - Minimart,Owner,,,,Closed
17/09/2026 19:21,2-0926,Sale,FOOD,10208,SILVER SWAN SUKANG PUTI 385ML,,,1.000,26.65,0.00,26.65,20.50,6.15,0.00,Dine in,POS 2,Route 98 - Minimart,Owner,,,,Closed
17/09/2026 19:16,2-0925,Sale,FEMININE CARE,10075,SISTERS PANTYLINERS 8PCS,,,1.000,15.00,0.00,15.00,0.00,15.00,0.00,Dine in,POS 2,Route 98 - Minimart,Owner,,,,Closed
17/09/2026 19:16,2-0925,Sale,SNACKS,98000121,PRESTO PEANUT BUTTER,,,1.000,10.00,0.00,10.00,6.45,3.55,0.00,Dine in,POS 2,Route 98 - Minimart,Owner,,,,Closed
17/09/2026 19:16,2-0925,Sale,SNACKS,10389,MOBY CRUNCHY CHOCOLATE,,,1.000,11.00,0.00,11.00,8.25,2.75,0.00,Dine in,POS 2,Route 98 - Minimart,Owner,,,,Closed
17/09/2026 18:27,2-0924,Sale,SNACKS,10220,PIATTOS SOUR CREAM 85G,,,1.000,38.50,0.00,38.50,28.80,9.70,0.00,Dine in,POS 2,Route 98 - Minimart,Owner,,,,Closed
17/09/2026 17:53,2-0923,Sale,DRINKS,10239,MOUNTAIN DEW (290ML),,,1.000,20.00,0.00,20.00,16.35,3.65,0.00,Dine in,POS 2,Route 98 - Minimart,Owner,,,,Closed
17/09/2026 17:49,2-0922,Sale,CIGARETTE,98000117,WINSTON RED STICK,,,5.000,60.00,0.00,60.00,45.50,14.50,0.00,Dine in,POS 2,Route 98 - Minimart,Owner,,,,Closed
17/09/2026 17:49,2-0922,Sale,DRINKS,10129,C2 SOLO APPLE 230ML,,,1.000,17.00,0.00,17.00,11.79,5.21,0.00,Dine in,POS 2,Route 98 - Minimart,Owner,,,,Closed
17/09/2026 17:49,2-0922,Sale,DRINKS,98000053,C2 SOLO LEMON 230ML,,,1.000,17.00,0.00,17.00,15.32,1.68,0.00,Dine in,POS 2,Route 98 - Minimart,Owner,,,,Closed
17/09/2026 17:29,2-0921,Sale,,98000110,MIGHTY PULA  STICK,,,2.000,20.00,0.00,20.00,16.04,3.96,0.00,Dine in,POS 2,Route 98 - Minimart,Owner,,,,Closed
17/09/2026 17:20,2-0920,Sale,DRINKS,98000136,DELIGHT PROBIOTIC 100ML,,,1.000,16.00,0.00,16.00,11.40,4.60,0.00,Dine in,POS 2,Route 98 - Minimart,Owner,,,,Closed
17/09/2026 16:53,2-0919,Sale,SNACKS,10246,VCUT SPICY BARBEQUE 60G,,,1.000,41.50,0.00,41.50,31.95,9.55,0.00,Dine in,POS 2,Route 98 - Minimart,Owner,,,,Closed
17/09/2026 16:53,2-0919,Sale,SNACKS,98000061,VCUT CHEESE FLAVOR 25G,,,1.000,20.25,0.00,20.25,14.25,6.00,0.00,Dine in,POS 2,Route 98 - Minimart,Owner,,,,Closed
17/09/2026 16:38,2-0918,Sale,FOOD,10173,MILO,,,6.000,72.00,0.00,72.00,55.50,16.50,0.00,Dine in,POS 2,Route 98 - Minimart,Owner,,,,Closed
17/09/2026 13:59,2-0917,Sale,SNACKS,10144,CHIPPY CHILI CHEESE 25G,,,1.000,9.75,0.00,9.75,6.30,3.45,0.00,Dine in,POS 2,Route 98 - Minimart,Owner,,,,Closed
17/09/2026 13:56,2-0916,Sale,SNACKS,10144,CHIPPY CHILI CHEESE 25G,,,1.000,9.75,0.00,9.75,6.30,3.45,0.00,Dine in,POS 2,Route 98 - Minimart,Owner,,,,Closed
17/09/2026 13:56,2-0916,Sale,SNACKS,10398,LUCKYME GO CUP BULALO,,,1.000,30.75,0.00,30.75,23.65,7.10,0.00,Dine in,POS 2,Route 98 - Minimart,Owner,,,,Closed
17/09/2026 13:09,2-0915,Sale,,98000110,MIGHTY PULA  STICK,,,1.000,10.00,0.00,10.00,8.02,1.98,0.00,Dine in,POS 2,Route 98 - Minimart,Owner,,,,Closed
17/09/2026 13:02,2-0914,Sale,ICE CREAM 🍦,10344,CREAMLINE PINIPIG CHOCOLATE 70ML,,,1.000,19.98,0.00,19.98,16.15,3.83,0.00,Dine in,POS 2,Route 98 - Minimart,Owner,,,,Closed
17/09/2026 12:06,2-0913,Sale,,98000114,CAMEL PREMIUM TABACCOS STICK,,,1.000,10.00,0.00,10.00,7.25,2.75,0.00,Dine in,POS 2,Route 98 - Minimart,Owner,,,,Closed
17/09/2026 12:06,2-0913,Sale,CIGARETTE,98000117,WINSTON RED STICK,,,1.000,12.00,0.00,12.00,9.10,2.90,0.00,Dine in,POS 2,Route 98 - Minimart,Owner,,,,Closed
17/09/2026 11:56,2-0912,Sale,,98000110,MIGHTY PULA  STICK,,,1.000,10.00,0.00,10.00,8.02,1.98,0.00,Dine in,POS 2,Route 98 - Minimart,Owner,,,,Closed
17/09/2026 11:49,2-0911,Sale,FEMININE CARE,10033,SISTERS NIGHT PLUS W/ WINGS 8PCS,,,1.000,40.00,0.00,40.00,0.00,40.00,0.00,Dine in,POS 2,Route 98 - Minimart,Owner,,,,Closed
17/09/2026 11:48,2-0910,Sale,,10235,"#misc",,,1.000,12.00,0.00,12.00,0.00,12.00,0.00,Dine in,POS 2,Route 98 - Minimart,Owner,,,,Closed
17/09/2026 11:46,2-0909,Sale,FOOD,10234,LA MIA TUNA FLKSNOIL,,,1.000,38.00,0.00,38.00,33.18,4.82,0.00,Dine in,POS 2,Route 98 - Minimart,Owner,,,,Closed
17/09/2026 10:28,2-0908,Sale,DRINKS,10111,LIFT BERRY BOLT 320,,,1.000,18.00,0.00,18.00,14.17,3.83,0.00,Dine in,POS 2,Route 98 - Minimart,Owner,,,,Closed
17/09/2026 10:28,2-0908,Sale,,98000110,MIGHTY PULA  STICK,,,1.000,10.00,0.00,10.00,8.02,1.98,0.00,Dine in,POS 2,Route 98 - Minimart,Owner,,,,Closed
17/09/2026 10:28,2-0908,Sale,FOOD,10173,MILO,,,1.000,12.00,0.00,12.00,9.25,2.75,0.00,Dine in,POS 2,Route 98 - Minimart,Owner,,,,Closed
17/09/2026 10:28,2-0908,Sale,FOOD,10171,ENERGEN VNLA,,,1.000,12.00,0.00,12.00,8.65,3.35,0.00,Dine in,POS 2,Route 98 - Minimart,Owner,,,,Closed
17/09/2026 10:28,2-0908,Sale,SNACKS,10225,MAGIC FLAKES,,,2.000,18.00,0.00,18.00,11.02,6.98,0.00,Dine in,POS 2,Route 98 - Minimart,Owner,,,,Closed
16/09/2026 22:33,2-0907,Sale,HOME ESSENTIALS,10249,UNILOVE SQUALANE WIPES,,,1.000,40.00,0.00,40.00,24.50,15.50,0.00,Dine in,POS 2,Route 98 - Minimart,Owner,,,,Closed
16/09/2026 21:56,2-0906,Sale,,10385,TROPICANA TWISTER ORANGE,,,1.000,30.00,0.00,30.00,25.37,4.63,0.00,Dine in,POS 2,Route 98 - Minimart,Owner,,,,Closed
16/09/2026 21:55,2-0905,Sale,DRINKS,98000135,DELIGHT PROBIOTIC 400ML,,,1.000,60.00,0.00,60.00,48.00,12.00,0.00,Dine in,POS 2,Route 98 - Minimart,Owner,,,,Closed
16/09/2026 21:55,2-0905,Sale,DRINKS,10113,NUTRIBOOST STRWBRRY 110,,,2.000,30.00,0.00,30.00,0.00,30.00,0.00,Dine in,POS 2,Route 98 - Minimart,Owner,,,,Closed
16/09/2026 21:55,2-0905,Sale,FOOD,10321,LUCKYME MAC & CHEESE,,,2.000,57.96,0.00,57.96,48.50,9.46,0.00,Dine in,POS 2,Route 98 - Minimart,Owner,,,,Closed
16/09/2026 21:55,2-0905,Sale,FOOD,10322,NESTLE KOKO CRUNCH,,,4.000,36.00,0.00,36.00,24.32,11.68,0.00,Dine in,POS 2,Route 98 - Minimart,Owner,,,,Closed
16/09/2026 21:55,2-0905,Sale,FEMININE CARE,10075,SISTERS PANTYLINERS 8PCS,,,1.000,15.00,0.00,15.00,0.00,15.00,0.00,Dine in,POS 2,Route 98 - Minimart,Owner,,,,Closed
16/09/2026 21:55,2-0905,Sale,BATH ESSENTIALS,980000021,PANTENE SHAMPOO HAIR FALL CONTROL,,,1.000,8.98,0.00,8.98,6.84,2.14,0.00,Dine in,POS 2,Route 98 - Minimart,Owner,,,,Closed
16/09/2026 21:55,2-0905,Sale,Cleaning/Laundry Supplies,98000001,ARIEL POWDER TWIN JUMBO PACK FRESH GARDEN BLOOM,,,4.000,79.92,0.00,79.92,60.48,19.44,0.00,Dine in,POS 2,Route 98 - Minimart,Owner,,,,Closed
16/09/2026 21:55,2-0905,Sale,SNACKS,10138,CHEEZ IT,,,2.000,20.00,0.00,20.00,16.50,3.50,0.00,Dine in,POS 2,Route 98 - Minimart,Owner,,,,Closed
16/09/2026 21:55,2-0905,Sale,FOOD,10128,NESCAFE ORIGINAL TWIN PACK,,,1.000,17.00,0.00,17.00,14.00,3.00,0.00,Dine in,POS 2,Route 98 - Minimart,Owner,,,,Closed
16/09/2026 21:55,2-0905,Sale,DRINKS,10194,GREAT TASTE STICK,,,1.000,5.00,0.00,5.00,2.71,2.29,0.00,Dine in,POS 2,Route 98 - Minimart,Owner,,,,Closed
16/09/2026 21:55,2-0905,Sale,FOOD,10399,LUCKYME GO CUP BATCHOY,,,1.000,30.75,0.00,30.75,23.65,7.10,0.00,Dine in,POS 2,Route 98 - Minimart,Owner,,,,Closed
16/09/2026 21:55,2-0905,Sale,,9800170,"#StyroCups w/ stirrer",,,1.000,5.00,0.00,5.00,0.00,5.00,0.00,Dine in,POS 2,Route 98 - Minimart,Owner,,,,Closed
16/09/2026 21:55,2-0905,Sale,DRINKS,10275,MOUNTAIN DEW 1.5L,,,1.000,72.00,0.00,72.00,62.00,10.00,0.00,Dine in,POS 2,Route 98 - Minimart,Owner,,,,Closed
16/09/2026 21:50,2-0904,Sale,CIGARETTE,98000117,WINSTON RED STICK,,,2.000,24.00,0.00,24.00,18.20,5.80,0.00,Dine in,POS 2,Route 98 - Minimart,Owner,,,,Closed
16/09/2026 21:36,2-0903,Sale,DRINKS,10273,CLVB 1 LTR,,,1.000,185.00,0.00,185.00,145.00,40.00,0.00,Dine in,POS 2,Route 98 - Minimart,Owner,,,,Closed
16/09/2026 21:36,2-0903,Sale,DRINKS,98000046,COCA COLA 1.75L,,,1.000,84.75,0.00,84.75,61.67,23.08,0.00,Dine in,POS 2,Route 98 - Minimart,Owner,,,,Closed
16/09/2026 21:36,2-0903,Sale,SNACKS,10142,OISHI PRAWN CRACKERS SPICY 24G,,,1.000,9.00,0.00,9.00,7.50,1.50,0.00,Dine in,POS 2,Route 98 - Minimart,Owner,,,,Closed
16/09/2026 21:36,2-0903,Sale,SNACKS,10137,OISHI ONION RNGS,,,1.000,9.00,0.00,9.00,7.50,1.50,0.00,Dine in,POS 2,Route 98 - Minimart,Owner,,,,Closed
16/09/2026 21:36,2-0903,Sale,SNACKS,98000071,MANG JUAN SUKAT SILI 26G,,,1.000,12.25,0.00,12.25,6.30,5.95,0.00,Dine in,POS 2,Route 98 - Minimart,Owner,,,,Closed
16/09/2026 21:36,2-0903,Sale,,98000110,MIGHTY PULA  STICK,,,2.000,20.00,0.00,20.00,16.04,3.96,0.00,Dine in,POS 2,Route 98 - Minimart,Owner,,,,Closed
16/09/2026 21:27,2-0902,Sale,DRINKS,10372,PEPSI EXTRA FIZZ 1.5L,,,1.000,64.98,0.00,64.98,59.75,5.23,0.00,Dine in,POS 2,Route 98 - Minimart,Owner,,,,Closed
16/09/2026 21:27,2-0902,Sale,,9800170,"#StyroCups w/ stirrer",,,7.000,35.00,0.00,35.00,0.00,35.00,0.00,Dine in,POS 2,Route 98 - Minimart,Owner,,,,Closed
16/09/2026 21:24,2-0901,Sale,SNACKS,10402,MARTY'S CRACKLINGS SPCY VNGR 90G,,,1.000,28.50,0.00,28.50,21.90,6.60,0.00,Dine in,POS 2,Route 98 - Minimart,Owner,,,,Closed
16/09/2026 20:58,2-0900,Sale,DRINKS,10119,VINO KULAFU 350,,,1.000,50.00,0.00,50.00,43.90,6.10,0.00,Dine in,POS 2,Route 98 - Minimart,Owner,,,,Closed
16/09/2026 20:57,2-0899,Sale,SNACKS,10088,OISHI Potato Fries,,,1.000,9.00,0.00,9.00,7.50,1.50,0.00,Dine in,POS 2,Route 98 - Minimart,Owner,,,,Closed
16/09/2026 20:57,2-0899,Sale,SNACKS,98000068,FUN SIZE! PIATTOS CHEESE 18G,,,2.000,21.00,0.00,21.00,13.32,7.68,0.00,Dine in,POS 2,Route 98 - Minimart,Owner,,,,Closed
16/09/2026 20:57,2-0899,Sale,SNACKS,10225,MAGIC FLAKES,,,1.000,9.00,0.00,9.00,5.51,3.49,0.00,Dine in,POS 2,Route 98 - Minimart,Owner,,,,Closed
16/09/2026 19:28,2-0898,Sale,CIGARETTE,98000117,WINSTON RED STICK,,,1.000,12.00,0.00,12.00,9.10,2.90,0.00,Dine in,POS 2,Route 98 - Minimart,Owner,,,,Closed
16/09/2026 19:28,2-0898,Sale,FOOD,10167,LUCKYME PANCITCANTON XTRAHOT,,,1.000,16.00,0.00,16.00,0.00,16.00,0.00,Dine in,POS 2,Route 98 - Minimart,Owner,,,,Closed
16/09/2026 19:15,2-0897,Sale,CIGARETTE,98000117,WINSTON RED STICK,,,3.000,36.00,0.00,36.00,27.30,8.70,0.00,Dine in,POS 2,Route 98 - Minimart,Owner,,,,Closed
16/09/2026 19:15,2-0897,Sale,,10235,"#misc",,,1.000,5.00,0.00,5.00,0.00,5.00,0.00,Dine in,POS 2,Route 98 - Minimart,Owner,,,,Closed
16/09/2026 18:47,2-0896,Sale,DRINKS,10239,MOUNTAIN DEW (290ML),,,1.000,20.00,0.00,20.00,16.35,3.65,0.00,Dine in,POS 2,Route 98 - Minimart,Owner,,,,Closed
16/09/2026 18:47,2-0895,Sale,,10235,"#misc",,,1.000,35.00,0.00,35.00,0.00,35.00,0.00,Dine in,POS 2,Route 98 - Minimart,Owner,,,,Cancelled
16/09/2026 18:47,2-0895,Sale,DRINKS,10372,PEPSI EXTRA FIZZ 1.5L,,,1.000,64.98,0.00,64.98,59.75,5.23,0.00,Dine in,POS 2,Route 98 - Minimart,Owner,,,,Cancelled
16/09/2026 18:42,2-0894,Sale,DRINKS,10257,SUMMIT (1000ML),,,1.000,25.00,0.00,25.00,0.00,25.00,0.00,Dine in,POS 2,Route 98 - Minimart,Owner,,,,Closed
16/09/2026 18:27,2-0893,Sale,CIGARETTE,98000117,WINSTON RED STICK,,,2.000,24.00,0.00,24.00,18.20,5.80,0.00,Dine in,POS 2,Route 98 - Minimart,Owner,,,,Closed
16/09/2026 18:10,2-0892,Sale,FOOD,10330,LEMON SQUARE CHEESE CAKE,,,3.000,35.94,0.00,35.94,23.10,12.84,0.00,Dine in,POS 2,Route 98 - Minimart,Owner,,,,Closed
16/09/2026 18:10,2-0892,Sale,DRINKS,10193,YAKULT,,,2.000,30.00,0.00,30.00,20.00,10.00,0.00,Dine in,POS 2,Route 98 - Minimart,Owner,,,,Closed
16/09/2026 18:10,2-0892,Sale,SNACKS,10142,OISHI PRAWN CRACKERS SPICY 24G,,,2.000,18.00,0.00,18.00,15.00,3.00,0.00,Dine in,POS 2,Route 98 - Minimart,Owner,,,,Closed
16/09/2026 18:10,2-0892,Sale,DRINKS,10241,COBRA ASTIG 330ML,,,1.000,25.00,0.00,25.00,20.00,5.00,0.00,Dine in,POS 2,Route 98 - Minimart,Owner,,,,Closed
16/09/2026 18:10,2-0892,Sale,ICE CREAM 🍦,10343,CREAMLINE JUMBO CONE MANGO PEANUT 140ML,,,2.000,59.96,0.00,59.96,48.20,11.76,0.00,Dine in,POS 2,Route 98 - Minimart,Owner,,,,Closed
16/09/2026 18:10,2-0892,Sale,FOOD,10330,LEMON SQUARE CHEESE CAKE,,,1.000,11.98,0.00,11.98,7.70,4.28,0.00,Dine in,POS 2,Route 98 - Minimart,Owner,,,,Closed
16/09/2026 18:03,2-0891,Sale,FOOD,10189,NESCAFE STICK,,,2.000,10.00,0.00,10.00,6.50,3.50,0.00,Dine in,POS 2,Route 98 - Minimart,Owner,,,,Closed
16/09/2026 17:54,2-0890,Sale,DRINKS,10083,RED HORSE 500,,,1.000,75.00,0.00,75.00,60.00,15.00,0.00,Dine in,POS 2,Route 98 - Minimart,Owner,,,,Closed
16/09/2026 16:59,2-0889,Sale,DRINKS,10237,1 Case Softdrinks,,,1.000,230.00,0.00,230.00,210.00,20.00,0.00,Dine in,POS 2,Route 98 - Minimart,Owner,,,,Cancelled
16/09/2026 16:59,2-0888,Sale,DRINKS,10237,1 Case Softdrinks,,,1.000,230.00,0.00,230.00,210.00,20.00,0.00,Dine in,POS 2,Route 98 - Minimart,Owner,,,,Cancelled
16/09/2026 16:32,2-0887,Sale,DRINKS,10253,STING 290ML,,,1.000,25.00,0.00,25.00,16.75,8.25,0.00,Dine in,POS 2,Route 98 - Minimart,Owner,,,,Closed
16/09/2026 16:32,2-0887,Sale,SNACKS,10219,MR CHIPS MANAMIS MAIS 45G,,,1.000,12.50,0.00,12.50,8.19,4.31,0.00,Dine in,POS 2,Route 98 - Minimart,Owner,,,,Closed
16/09/2026 16:32,2-0887,Sale,DRINKS,10253,STING 290ML,,,1.000,25.00,0.00,25.00,16.75,8.25,0.00,Dine in,POS 2,Route 98 - Minimart,Owner,,,,Closed
16/09/2026 16:32,2-0887,Sale,,98000110,MIGHTY PULA  STICK,,,1.000,10.00,0.00,10.00,8.02,1.98,0.00,Dine in,POS 2,Route 98 - Minimart,Owner,,,,Closed
16/09/2026 16:32,2-0887,Sale,DRINKS,98000076,POCARI SWEAT 500ML,,,1.000,55.00,0.00,55.00,44.58,10.42,0.00,Dine in,POS 2,Route 98 - Minimart,Owner,,,,Closed
16/09/2026 16:32,2-0887,Sale,,98000110,MIGHTY PULA  STICK,,,1.000,10.00,0.00,10.00,8.02,1.98,0.00,Dine in,POS 2,Route 98 - Minimart,Owner,,,,Closed
16/09/2026 16:32,2-0887,Sale,,10385Q,TROPICANA TWISTER ORANGE,,,1.000,30.00,0.00,30.00,25.37,4.63,0.00,Dine in,POS 2,Route 98 - Minimart,Owner,,,,Closed
16/09/2026 16:27,2-0886,Sale,,10197,CHICK BOY TEXAS BBQ 30G,,,1.000,11.98,0.00,11.98,10.00,1.98,0.00,Dine in,POS 2,Route 98 - Minimart,Owner,,,,Closed
16/09/2026 16:26,2-0885,Sale,DRINKS,10083,RED HORSE 500,,,3.000,225.00,0.00,225.00,180.00,45.00,0.00,Dine in,POS 2,Route 98 - Minimart,Owner,,,,Closed
16/09/2026 16:26,2-0885,Sale,DRINKS,98000037,SAN MIGUEL LIGHT 330ML,,,2.000,109.00,0.00,109.00,87.50,21.50,0.00,Dine in,POS 2,Route 98 - Minimart,Owner,,,,Closed
16/09/2026 16:12,2-0884,Sale,FEMININE CARE,10032,SISTERS DRY MAXI 8,,,2.000,56.00,0.00,56.00,0.00,56.00,0.00,Dine in,POS 2,Route 98 - Minimart,Owner,,,,Closed
16/09/2026 15:28,2-0883,Sale,SNACKS,10206,NIPS MILK CHOCO 14G,,,11.000,88.00,0.00,88.00,64.57,23.43,0.00,Dine in,POS 2,Route 98 - Minimart,Owner,,,,Closed
16/09/2026 15:08,2-0882,Sale,DRINKS,10119,VINO KULAFU 350,,,1.000,50.00,0.00,50.00,43.90,6.10,0.00,Dine in,POS 2,Route 98 - Minimart,Owner,,,,Closed
16/09/2026 13:29,2-0881,Sale,ICE CREAM 🍦,10337,CREAMLINE CONE BERRY CHOCO 110ML,,,1.000,23.25,0.00,23.25,18.25,5.00,0.00,Dine in,POS 2,Route 98 - Minimart,Owner,,,,Closed
16/09/2026 13:19,2-0880,Sale,Cleaning/Laundry Supplies,10014,ZONROX ORIG 500,,,1.000,35.50,0.00,35.50,0.00,35.50,0.00,Dine in,POS 2,Route 98 - Minimart,Owner,,,,Closed
16/09/2026 12:53,2-0879,Sale,ICE CREAM 🍦,10344,CREAMLINE PINIPIG CHOCOLATE 70ML,,,1.000,19.98,0.00,19.98,16.15,3.83,0.00,Dine in,POS 2,Route 98 - Minimart,Owner,,,,Closed
16/09/2026 11:54,2-0878,Sale,,98000110,MIGHTY PULA  STICK,,,1.000,10.00,0.00,10.00,8.02,1.98,0.00,Dine in,POS 2,Route 98 - Minimart,Owner,,,,Closed
16/09/2026 11:39,2-0877,Sale,FOOD,10233,LA MIA TUNA AFRTDA,,,1.000,38.00,0.00,38.00,33.18,4.82,0.00,Dine in,POS 2,Route 98 - Minimart,Owner,,,,Closed
16/09/2026 10:08,2-0876,Sale,SNACKS,10219,MR CHIPS MANAMIS MAIS 45G,,,1.000,12.50,0.00,12.50,8.19,4.31,0.00,Dine in,POS 2,Route 98 - Minimart,Owner,,,,Closed
16/09/2026 09:14,2-0875,Sale,DRINKS,10273,CLVB 1 LTR,,,1.000,185.00,0.00,185.00,145.00,40.00,0.00,Dine in,POS 2,Route 98 - Minimart,Owner,,,,Closed
16/09/2026 08:59,2-0874,Sale,,98000110,MIGHTY PULA  STICK,,,2.000,20.00,0.00,20.00,16.04,3.96,0.00,Dine in,POS 2,Route 98 - Minimart,Owner,,,,Closed
16/09/2026 08:59,2-0874,Sale,DRINKS,10253,STING 290ML,,,1.000,25.00,0.00,25.00,16.75,8.25,0.00,Dine in,POS 2,Route 98 - Minimart,Owner,,,,Closed
15/09/2026 23:09,2-0873,Sale,SNACKS,98000131,DINGDONG SNACK MIX WITH  CHIPS CURLS 100G,,,1.000,30.00,0.00,30.00,24.00,6.00,0.00,Dine in,POS 2,Route 98 - Minimart,Owner,,,,Closed
15/09/2026 23:09,2-0873,Sale,SNACKS,98000132,DINGDONG HOT& SPICY 100G,,,1.000,35.00,0.00,35.00,27.00,8.00,0.00,Dine in,POS 2,Route 98 - Minimart,Owner,,,,Closed
15/09/2026 22:42,2-0872,Sale,CIGARETTE,98000117,WINSTON RED STICK,,,3.000,36.00,0.00,36.00,27.30,8.70,0.00,Dine in,POS 2,Route 98 - Minimart,Owner,,,,Closed
15/09/2026 22:42,2-0872,Sale,SNACKS,10148,MR. CHIPS  NACHO CHEEZE 4G,,,1.000,9.75,0.00,9.75,5.45,4.30,0.00,Dine in,POS 2,Route 98 - Minimart,Owner,,,,Closed
15/09/2026 22:31,2-0871,Sale,,98000116,WINSTON WHITE STICK,,,1.000,12.00,0.00,12.00,9.92,2.08,0.00,Dine in,POS 2,Route 98 - Minimart,Owner,,,,Closed
15/09/2026 22:31,2-0871,Sale,,98000110,MIGHTY PULA  STICK,,,4.000,40.00,0.00,40.00,32.08,7.92,0.00,Dine in,POS 2,Route 98 - Minimart,Owner,,,,Closed
15/09/2026 22:23,2-0870,Sale,DRINKS,10239,MOUNTAIN DEW (290ML),,,2.000,40.00,0.00,40.00,32.70,7.30,0.00,Dine in,POS 2,Route 98 - Minimart,Owner,,,,Closed
15/09/2026 22:12,2-0869,Sale,DRINKS,98000075,RED HORSE SUPER,,,1.000,155.00,0.00,155.00,135.00,20.00,0.00,Dine in,POS 2,Route 98 - Minimart,Owner,,,,Closed
15/09/2026 22:12,2-0869,Sale,,10235,"#misc",,,1.000,5.00,0.00,5.00,0.00,5.00,0.00,Dine in,POS 2,Route 98 - Minimart,Owner,,,,Closed
15/09/2026 22:12,2-0869,Sale,SNACKS,10217,CHIPPY BBQ 108G,,,1.000,28.75,0.00,28.75,21.35,7.40,0.00,Dine in,POS 2,Route 98 - Minimart,Owner,,,,Closed
15/09/2026 22:01,2-0868,Sale,SNACKS,10220,PIATTOS SOUR CREAM 85G,,,2.000,77.00,0.00,77.00,57.60,19.40,0.00,Dine in,POS 2,Route 98 - Minimart,Owner,,,,Closed
15/09/2026 21:59,2-0867,Sale,ICE,10299,ICE CUBE 2KG,,,1.000,35.00,0.00,35.00,24.00,11.00,0.00,Dine in,POS 2,Route 98 - Minimart,Owner,,,,Closed
15/09/2026 21:57,2-0866,Sale,SNACKS,98000131,DINGDONG SNACK MIX WITH  CHIPS CURLS 100G,,,1.000,30.00,0.00,30.00,24.00,6.00,0.00,Dine in,POS 2,Route 98 - Minimart,Owner,,,,Closed
15/09/2026 21:57,2-0866,Sale,SNACKS,98000132,DINGDONG HOT& SPICY 100G,,,1.000,35.00,0.00,35.00,27.00,8.00,0.00,Dine in,POS 2,Route 98 - Minimart,Owner,,,,Closed
15/09/2026 21:50,2-0865,Sale,SNACKS,10214,MAGIC CREAMS BUTTER,,,2.000,18.00,0.00,18.00,11.10,6.90,0.00,Dine in,POS 2,Route 98 - Minimart,Owner,,,,Closed
15/09/2026 21:50,2-0865,Sale,SNACKS,10212,MAGIC CREAMS CONDENSED,,,2.000,18.00,0.00,18.00,11.10,6.90,0.00,Dine in,POS 2,Route 98 - Minimart,Owner,,,,Closed
15/09/2026 21:50,2-0864,Sale,,10384,PREMIER PURIFIED WATER 500ML,,,1.000,15.00,0.00,15.00,9.67,5.33,0.00,Dine in,POS 2,Route 98 - Minimart,Owner,,,,Closed
15/09/2026 21:40,2-0863,Sale,ICE CREAM 🍦,10364,CREAMLINE CUP CHOCO MUD PIE 210ML,,,1.000,29.50,0.00,29.50,23.44,6.06,0.00,Dine in,POS 2,Route 98 - Minimart,Owner,,,,Closed
15/09/2026 21:39,2-0862,Sale,DRINKS,10230,REFRESH 500ML,,,1.000,12.00,0.00,12.00,8.65,3.35,0.00,Dine in,POS 2,Route 98 - Minimart,Owner,,,,Closed
15/09/2026 21:38,2-0861,Sale,SNACKS,10396,TATTOOS CORN TUBE PIZZA 60G,,,2.000,29.96,0.00,29.96,21.80,8.16,0.00,Dine in,POS 2,Route 98 - Minimart,Owner,,,,Closed
15/09/2026 21:38,2-0861,Sale,SNACKS,98000132,DINGDONG HOT& SPICY 100G,,,2.000,70.00,0.00,70.00,54.00,16.00,0.00,Dine in,POS 2,Route 98 - Minimart,Owner,,,,Closed
15/09/2026 21:38,2-0861,Sale,DRINKS,10257,SUMMIT (1000ML),,,1.000,25.00,0.00,25.00,0.00,25.00,0.00,Dine in,POS 2,Route 98 - Minimart,Owner,,,,Closed
15/09/2026 21:35,2-0860,Sale,SNACKS,10217,CHIPPY BBQ 108G,,,1.000,28.75,0.00,28.75,21.35,7.40,0.00,Dine in,POS 2,Route 98 - Minimart,Owner,,,,Closed
15/09/2026 21:32,2-0859,Sale,SNACKS,10181,HAPPY HOT N SPICY,,,5.000,10.00,0.00,10.00,5.50,4.50,0.00,Dine in,POS 2,Route 98 - Minimart,Owner,,,,Closed
15/09/2026 21:32,2-0859,Sale,SNACKS,10186,SUPER CRUNCH CHEESE 5G,,,1.000,14.50,0.00,14.50,10.50,4.00,0.00,Dine in,POS 2,Route 98 - Minimart,Owner,,,,Closed
15/09/2026 21:32,2-0859,Sale,DRINKS,10109,COCA COLA 190ML,,,1.000,15.00,0.00,15.00,11.00,4.00,0.00,Dine in,POS 2,Route 98 - Minimart,Owner,,,,Closed
15/09/2026 21:26,2-0858,Sale,ICE CREAM 🍦,10341,CREAMLINE JUMBO CONE ROCKY ROAD 140ML,,,1.000,29.98,0.00,29.98,24.10,5.88,0.00,Dine in,POS 2,Route 98 - Minimart,Owner,,,,Closed
15/09/2026 21:26,2-0858,Sale,ICE CREAM 🍦,10365,CREAMLINE SUNDAE CHOCOLATE120ML,,,1.000,24.98,0.00,24.98,15.85,9.13,0.00,Dine in,POS 2,Route 98 - Minimart,Owner,,,,Closed
15/09/2026 20:49,2-0857,Sale,FOOD,10173,MILO,,,10.000,120.00,0.00,120.00,92.50,27.50,0.00,Dine in,POS 2,Route 98 - Minimart,Owner,,,,Closed
15/09/2026 20:49,2-0857,Sale,SNACKS,10158,CRISPY PATATA 85G,,,1.000,33.50,0.00,33.50,25.65,7.85,0.00,Dine in,POS 2,Route 98 - Minimart,Owner,,,,Closed
15/09/2026 20:44,2-0856,Sale,SNACKS,10216,MANG JUAN SUKANG PAOMBONG 90G,,,1.000,29.75,0.00,29.75,22.50,7.25,0.00,Dine in,POS 2,Route 98 - Minimart,Owner,,,,Closed
15/09/2026 20:44,2-0856,Sale,DRINKS,98000136,DELIGHT PROBIOTIC 100ML,,,2.000,32.00,0.00,32.00,22.80,9.20,0.00,Dine in,POS 2,Route 98 - Minimart,Owner,,,,Closed
15/09/2026 20:44,2-0855,Sale,DRINKS,98000135,DELIGHT PROBIOTIC 400ML,,,1.000,60.00,0.00,60.00,48.00,12.00,0.00,Dine in,POS 2,Route 98 - Minimart,Owner,,,,Closed
15/09/2026 20:36,2-0854,Sale,DRINKS,10084,RED HORSE LITRO,,,6.000,870.00,0.00,870.00,720.00,150.00,0.00,Dine in,POS 2,Route 98 - Minimart,Owner,,,,Closed
15/09/2026 20:35,2-0853,Sale,SNACKS,10202,PIATTOS CHEESE 85G,,,2.000,77.00,0.00,77.00,66.44,10.56,0.00,Dine in,POS 2,Route 98 - Minimart,Owner,,,,Closed
15/09/2026 20:35,2-0853,Sale,SNACKS,98000132,DINGDONG HOT& SPICY 100G,,,2.000,70.00,0.00,70.00,54.00,16.00,0.00,Dine in,POS 2,Route 98 - Minimart,Owner,,,,Closed
15/09/2026 20:35,2-0853,Sale,SNACKS,10404,OISHI FISH CRACKERS 90G,,,2.000,67.00,0.00,67.00,51.30,15.70,0.00,Dine in,POS 2,Route 98 - Minimart,Owner,,,,Closed
15/09/2026 20:35,2-0853,Sale,SNACKS,98000059,NOVA COUNTRY CHEDDAR 78G,,,2.000,77.00,0.00,77.00,59.10,17.90,0.00,Dine in,POS 2,Route 98 - Minimart,Owner,,,,Closed
15/09/2026 20:31,2-0852,Sale,,98000114,CAMEL PREMIUM TABACCOS STICK,,,1.000,10.00,0.00,10.00,7.25,2.75,0.00,Dine in,POS 2,Route 98 - Minimart,Owner,,,,Closed
15/09/2026 20:31,2-0852,Sale,CIGARETTE,98000117,WINSTON RED STICK,,,1.000,12.00,0.00,12.00,9.10,2.90,0.00,Dine in,POS 2,Route 98 - Minimart,Owner,,,,Closed
15/09/2026 20:30,2-0851,Sale,SNACKS,10202,PIATTOS CHEESE 85G,,,1.000,38.50,0.00,38.50,33.22,5.28,0.00,Dine in,POS 2,Route 98 - Minimart,Owner,,,,Closed
15/09/2026 20:30,2-0851,Sale,ICE CREAM 🍦,10364,CREAMLINE CUP CHOCO MUD PIE 210ML,,,1.000,29.50,0.00,29.50,23.44,6.06,0.00,Dine in,POS 2,Route 98 - Minimart,Owner,,,,Closed
15/09/2026 20:30,2-0851,Sale,DRINKS,10084,RED HORSE LITRO,,,2.000,290.00,0.00,290.00,240.00,50.00,0.00,Dine in,POS 2,Route 98 - Minimart,Owner,,,,Closed
15/09/2026 20:30,2-0851,Sale,SNACKS,10410,HAPPY NUTS SWEET CHILI 5G,,,10.000,20.00,0.00,20.00,11.00,9.00,0.00,Dine in,POS 2,Route 98 - Minimart,Owner,,,,Closed
15/09/2026 20:30,2-0851,Sale,ICE,10298,ICE CUBE 1KG,,,1.000,25.00,0.00,25.00,13.00,12.00,0.00,Dine in,POS 2,Route 98 - Minimart,Owner,,,,Closed
15/09/2026 19:50,2-0850,Sale,DRINKS,98000076,POCARI SWEAT 500ML,,,1.000,55.00,0.00,55.00,44.58,10.42,0.00,Dine in,POS 2,Route 98 - Minimart,Owner,,,,Closed
15/09/2026 19:50,2-0850,Sale,SNACKS,98000056,NOVA COUNTRY CHEDDAR 38G,,,1.000,18.25,0.00,18.25,14.00,4.25,0.00,Dine in,POS 2,Route 98 - Minimart,Owner,,,,Closed
15/09/2026 19:46,2-0849,Sale,SNACKS,10149,NOVA COUNTRY CHEDDAR 20G,,,3.000,26.25,0.00,26.25,19.98,6.27,0.00,Dine in,POS 2,Route 98 - Minimart,Owner,,,,Closed
15/09/2026 19:44,2-0848,Sale,DRINKS,10084,RED HORSE LITRO,,,1.000,145.00,0.00,145.00,120.00,25.00,0.00,Dine in,POS 2,Route 98 - Minimart,Owner,,,,Closed
15/09/2026 19:44,2-0848,Sale,SNACKS,10258,NIPS WHITE CHOCO PACK,,,1.000,35.00,0.00,35.00,28.95,6.05,0.00,Dine in,POS 2,Route 98 - Minimart,Owner,,,,Closed
15/09/2026 19:35,2-0847,Sale,SNACKS,10206,NIPS MILK CHOCO 14G,,,1.000,8.00,0.00,8.00,5.87,2.13,0.00,Dine in,POS 2,Route 98 - Minimart,Owner,,,,Closed
15/09/2026 19:34,2-0846,Sale,DRINKS,10112,NUTRIBOOST CHOCO 110,,,1.000,15.00,0.00,15.00,0.00,15.00,0.00,Dine in,POS 2,Route 98 - Minimart,Owner,,,,Closed
15/09/2026 19:34,2-0846,Sale,SNACKS,98000121,PRESTO PEANUT BUTTER,,,1.000,10.00,0.00,10.00,6.45,3.55,0.00,Dine in,POS 2,Route 98 - Minimart,Owner,,,,Closed
15/09/2026 19:34,2-0846,Sale,SNACKS,10272,PILLOWS CHOCO 38G,,,1.000,12.00,0.00,12.00,9.00,3.00,0.00,Dine in,POS 2,Route 98 - Minimart,Owner,,,,Closed
15/09/2026 19:33,2-0845,Sale,FOOD,10171,ENERGEN VNLA,,,1.000,12.00,0.00,12.00,8.65,3.35,0.00,Dine in,POS 2,Route 98 - Minimart,Owner,,,,Closed
15/09/2026 19:33,2-0845,Sale,FOOD,10173,MILO,,,3.000,36.00,0.00,36.00,27.75,8.25,0.00,Dine in,POS 2,Route 98 - Minimart,Owner,,,,Closed
15/09/2026 19:24,2-0844,Sale,,10235,"#misc",,,1.000,80.00,0.00,80.00,0.00,80.00,0.00,Dine in,POS 2,Route 98 - Minimart,Owner,,,,Closed
15/09/2026 19:24,2-0844,Sale,SNACKS,10410,HAPPY NUTS SWEET CHILI 5G,,,10.000,20.00,0.00,20.00,11.00,9.00,0.00,Dine in,POS 2,Route 98 - Minimart,Owner,,,,Closed
15/09/2026 19:07,2-0843,Sale,DRINKS,10112,NUTRIBOOST CHOCO 110,,,5.000,75.00,0.00,75.00,0.00,75.00,0.00,Dine in,POS 2,Route 98 - Minimart,Owner,,,,Closed
15/09/2026 19:07,2-0843,Sale,DRINKS,10253,STING 290ML,,,1.000,25.00,0.00,25.00,16.75,8.25,0.00,Dine in,POS 2,Route 98 - Minimart,Owner,,,,Closed
15/09/2026 19:07,2-0843,Sale,SNACKS,10254,OVERLOAD BLKFRST 10S,,,1.000,90.00,0.00,90.00,79.20,10.80,0.00,Dine in,POS 2,Route 98 - Minimart,Owner,,,,Closed
15/09/2026 18:39,2-0842,Sale,DRINKS,10253,STING 290ML,,,1.000,25.00,0.00,25.00,16.75,8.25,0.00,Dine in,POS 2,Route 98 - Minimart,Owner,,,,Closed
15/09/2026 18:39,2-0842,Sale,DRINKS,10239,MOUNTAIN DEW (290ML),,,1.000,20.00,0.00,20.00,16.35,3.65,0.00,Dine in,POS 2,Route 98 - Minimart,Owner,,,,Closed
15/09/2026 17:48,2-0841,Sale,SNACKS,10158,CRISPY PATATA 85G,,,1.000,33.50,0.00,33.50,25.65,7.85,0.00,Dine in,POS 2,Route 98 - Minimart,Owner,,,,Closed
15/09/2026 17:48,2-0841,Sale,SNACKS,10206,NIPS MILK CHOCO 14G,,,6.000,48.00,0.00,48.00,35.22,12.78,0.00,Dine in,POS 2,Route 98 - Minimart,Owner,,,,Closed
15/09/2026 17:45,2-0840,Sale,DRINKS,98000046,COCA COLA 1.75L,,,1.000,84.75,0.00,84.75,61.67,23.08,0.00,Dine in,POS 2,Route 98 - Minimart,Owner,,,,Closed
15/09/2026 17:45,2-0840,Sale,DRINKS,98000052,C2 GREEN TEA LEMON 335ML,,,1.000,28.75,0.00,28.75,22.09,6.66,0.00,Dine in,POS 2,Route 98 - Minimart,Owner,,,,Closed
15/09/2026 17:45,2-0840,Sale,CIGARETTE,98000117,WINSTON RED STICK,,,2.000,24.00,0.00,24.00,18.20,5.80,0.00,Dine in,POS 2,Route 98 - Minimart,Owner,,,,Closed
15/09/2026 17:28,2-0839,Sale,DRINKS,10253,STING 290ML,,,1.000,25.00,0.00,25.00,16.75,8.25,0.00,Dine in,POS 2,Route 98 - Minimart,Owner,,,,Closed
15/09/2026 17:28,2-0839,Sale,,98000110,MIGHTY PULA  STICK,,,1.000,10.00,0.00,10.00,8.02,1.98,0.00,Dine in,POS 2,Route 98 - Minimart,Owner,,,,Closed
15/09/2026 17:17,2-0838,Sale,DRINKS,10253,STING 290ML,,,1.000,25.00,0.00,25.00,16.75,8.25,0.00,Dine in,POS 2,Route 98 - Minimart,Owner,,,,Closed
15/09/2026 17:14,2-0837,Sale,SNACKS,10147,PIATTOS CHEESE 40G,,,1.000,18.50,0.00,18.50,15.75,2.75,0.00,Dine in,POS 2,Route 98 - Minimart,Owner,,,,Closed
15/09/2026 17:14,2-0837,Sale,ICE CREAM 🍦,10338,CREAMLINE CONE CHOCO QUESO 110ML,,,1.000,23.25,0.00,23.25,18.25,5.00,0.00,Dine in,POS 2,Route 98 - Minimart,Owner,,,,Closed
15/09/2026 17:13,2-0836,Sale,CIGARETTE,98000117,WINSTON RED STICK,,,5.000,60.00,0.00,60.00,45.50,14.50,0.00,Dine in,POS 2,Route 98 - Minimart,Owner,,,,Closed
15/09/2026 17:13,2-0836,Sale,DRINKS,98000053,C2 SOLO LEMON 230ML,,,1.000,17.00,0.00,17.00,15.32,1.68,0.00,Dine in,POS 2,Route 98 - Minimart,Owner,,,,Closed
15/09/2026 17:12,2-0835,Sale,DRINKS,10239,MOUNTAIN DEW (290ML),,,1.000,20.00,0.00,20.00,16.35,3.65,0.00,Dine in,POS 2,Route 98 - Minimart,Owner,,,,Closed
15/09/2026 17:12,2-0835,Sale,HOME ESSENTIALS,10422,SANICARE COTTON 10G,,,2.000,16.00,0.00,16.00,12.20,3.80,0.00,Dine in,POS 2,Route 98 - Minimart,Owner,,,,Closed
15/09/2026 14:58,2-0834,Sale,SNACKS,98000057,NOVA HOMESTYLE BBQ 38G,,,1.000,18.25,0.00,18.25,14.00,4.25,0.00,Dine in,POS 2,Route 98 - Minimart,Owner,,,,Closed
15/09/2026 14:58,2-0834,Sale,ICE CREAM 🍦,10364,CREAMLINE CUP CHOCO MUD PIE 210ML,,,1.000,29.50,0.00,29.50,23.44,6.06,0.00,Dine in,POS 2,Route 98 - Minimart,Owner,,,,Closed
15/09/2026 14:57,2-0833,Sale,SNACKS,10218,MR CHIPS NACHO CHEESE 98G,,,2.000,51.00,0.00,51.00,39.00,12.00,0.00,Dine in,POS 2,Route 98 - Minimart,Owner,,,,Closed
15/09/2026 14:57,2-0833,Sale,ICE,10298,ICE CUBE 1KG,,,1.000,25.00,0.00,25.00,13.00,12.00,0.00,Dine in,POS 2,Route 98 - Minimart,Owner,,,,Closed
15/09/2026 13:58,2-0832,Sale,DRINKS,10239,MOUNTAIN DEW (290ML),,,1.000,20.00,0.00,20.00,16.35,3.65,0.00,Dine in,POS 2,Route 98 - Minimart,Owner,,,,Closed
15/09/2026 12:59,2-0831,Sale,ICE CREAM 🍦,10346,CREAMLINE BAR COOKIES & CREAM,,,1.000,16.75,0.00,16.75,11.60,5.15,0.00,Dine in,POS 2,Route 98 - Minimart,Owner,,,,Closed
15/09/2026 12:39,2-0830,Sale,DRINKS,10190,GATORADE BLUE BOLT 350ML,,,1.000,35.00,0.00,35.00,25.83,9.17,0.00,Dine in,POS 2,Route 98 - Minimart,Owner,,,,Closed
15/09/2026 11:23,2-0829,Sale,SNACKS,10263,PILLOWS UBE 24G,,,2.000,18.00,0.00,18.00,13.50,4.50,0.00,Dine in,POS 2,Route 98 - Minimart,Owner,,,,Closed
15/09/2026 11:10,2-0828,Sale,DRINKS,10253,STING 290ML,,,1.000,25.00,0.00,25.00,16.75,8.25,0.00,Dine in,POS 2,Route 98 - Minimart,Owner,,,,Closed
15/09/2026 11:06,2-0827,Sale,,98000093,COBRA  ASTIG CITRUS BLAST 290ML,,,1.000,21.50,0.00,21.50,16.58,4.92,0.00,Dine in,POS 2,Route 98 - Minimart,Owner,,,,Closed
15/09/2026 11:05,2-0826,Sale,DRINKS,98000078,POCARI SWEAT 350ML,,,1.000,45.00,0.00,45.00,34.25,10.75,0.00,Dine in,POS 2,Route 98 - Minimart,Owner,,,,Closed
15/09/2026 11:04,2-0825,Sale,DRINKS,98000047,WILKINS PURE 500,,,1.000,15.00,0.00,15.00,9.37,5.63,0.00,Dine in,POS 2,Route 98 - Minimart,Owner,,,,Closed
15/09/2026 09:54,2-0824,Sale,ICE CREAM 🍦,10292,NESTLE DOUBLE DUTCH 1.3L,,,1.000,363.98,0.00,363.98,291.00,72.98,0.00,Dine in,POS 2,Route 98 - Minimart,Owner,,,,Closed
15/09/2026 09:33,2-0823,Sale,DRINKS,10239,MOUNTAIN DEW (290ML),,,1.000,20.00,0.00,20.00,16.35,3.65,0.00,Dine in,POS 2,Route 98 - Minimart,Owner,,,,Closed
15/09/2026 01:07,2-0822,Sale,DRINKS,10111,LIFT BERRY BOLT 320,,,1.000,18.00,0.00,18.00,14.17,3.83,0.00,,POS 2,Route 98 - Minimart,Owner,,,,Closed
14/09/2026 23:38,2-0821,Sale,CIGARETTE,98000117,WINSTON RED STICK,,,2.000,24.00,0.00,24.00,18.20,5.80,0.00,Dine in,POS 2,Route 98 - Minimart,Owner,,,,Closed
14/09/2026 23:37,2-0820,Sale,DRINKS,10084,RED HORSE LITRO,,,1.000,145.00,0.00,145.00,120.00,25.00,0.00,Dine in,POS 2,Route 98 - Minimart,Owner,,,,Closed
14/09/2026 23:37,2-0820,Sale,SNACKS,10143,CHIPPY BBQ 25G,,,2.000,19.50,0.00,19.50,12.60,6.90,0.00,Dine in,POS 2,Route 98 - Minimart,Owner,,,,Closed
14/09/2026 23:31,2-0819,Sale,FOOD,10189,NESCAFE STICK,,,1.000,5.00,0.00,5.00,3.25,1.75,0.00,Dine in,POS 2,Route 98 - Minimart,Owner,,,,Closed
14/09/2026 23:31,2-0819,Sale,FOOD,10128,NESCAFE ORIGINAL TWIN PACK,,,3.000,51.00,0.00,51.00,42.00,9.00,0.00,Dine in,POS 2,Route 98 - Minimart,Owner,,,,Closed
14/09/2026 23:31,2-0819,Sale,FOOD,10127,NESCAFE CREAMY WHITE TWIN PACK,,,3.000,51.00,0.00,51.00,42.00,9.00,0.00,Dine in,POS 2,Route 98 - Minimart,Owner,,,,Closed
14/09/2026 23:31,2-0819,Sale,,9800170,"#StyroCups w/ stirrer",,,1.000,5.00,0.00,5.00,0.00,5.00,0.00,Dine in,POS 2,Route 98 - Minimart,Owner,,,,Closed
14/09/2026 23:26,2-0818,Sale,DRINKS,10084,RED HORSE LITRO,,,1.000,145.00,0.00,145.00,120.00,25.00,0.00,Dine in,POS 2,Route 98 - Minimart,Owner,,,,Closed
14/09/2026 23:26,2-0818,Sale,,98000110,MIGHTY PULA  STICK,,,10.000,100.00,0.00,100.00,80.20,19.80,0.00,Dine in,POS 2,Route 98 - Minimart,Owner,,,,Closed
14/09/2026 23:18,2-0817,Sale,DRINKS,10083,RED HORSE 500,,,1.000,75.00,0.00,75.00,60.00,15.00,0.00,Dine in,POS 2,Route 98 - Minimart,Owner,,,,Closed
14/09/2026 23:01,2-0816,Sale,DRINKS,10119,VINO KULAFU 350,,,2.000,100.00,0.00,100.00,87.80,12.20,0.00,Dine in,POS 2,Route 98 - Minimart,Owner,,,,Closed
14/09/2026 23:01,2-0816,Sale,,98000110,MIGHTY PULA  STICK,,,2.000,20.00,0.00,20.00,16.04,3.96,0.00,Dine in,POS 2,Route 98 - Minimart,Owner,,,,Closed
14/09/2026 23:01,2-0816,Sale,,98000112,MIGHTY PUTI STICK,,,1.000,10.00,0.00,10.00,8.02,1.98,0.00,Dine in,POS 2,Route 98 - Minimart,Owner,,,,Closed
14/09/2026 22:42,2-0815,Sale,,98000110,MIGHTY PULA  STICK,,,4.000,40.00,0.00,40.00,32.08,7.92,0.00,Dine in,POS 2,Route 98 - Minimart,Owner,,,,Closed
14/09/2026 22:32,2-0814,Sale,DRINKS,10083,RED HORSE 500,,,1.000,75.00,0.00,75.00,60.00,15.00,0.00,Dine in,POS 2,Route 98 - Minimart,Owner,,,,Closed
14/09/2026 22:27,2-0813,Sale,ICE CREAM 🍦,10341,CREAMLINE JUMBO CONE ROCKY ROAD 140ML,,,1.000,29.98,0.00,29.98,24.10,5.88,0.00,Dine in,POS 2,Route 98 - Minimart,Owner,,,,Closed
14/09/2026 22:27,2-0813,Sale,CIGARETTE,98000117,WINSTON RED STICK,,,1.000,12.00,0.00,12.00,9.10,2.90,0.00,Dine in,POS 2,Route 98 - Minimart,Owner,,,,Closed
14/09/2026 22:12,2-0812,Sale,DRINKS,980000560,COBRA  ASTIG 290ML,,,1.000,21.50,0.00,21.50,16.58,4.92,0.00,Dine in,POS 2,Route 98 - Minimart,Owner,,,,Closed
14/09/2026 22:12,2-0812,Sale,,98000110,MIGHTY PULA  STICK,,,2.000,20.00,0.00,20.00,16.04,3.96,0.00,Dine in,POS 2,Route 98 - Minimart,Owner,,,,Closed
14/09/2026 22:10,2-0811,Sale,DRINKS,10273,CLVB 1 LTR,,,1.000,185.00,0.00,185.00,145.00,40.00,0.00,Dine in,POS 2,Route 98 - Minimart,Owner,,,,Closed
14/09/2026 22:10,2-0811,Sale,DRINKS,98000054,C2 GREEN TEA APPLE 1L,,,1.000,57.75,0.00,57.75,44.42,13.33,0.00,Dine in,POS 2,Route 98 - Minimart,Owner,,,,Closed
14/09/2026 21:37,2-0810,Sale,CIGARETTE,98000117,WINSTON RED STICK,,,4.000,48.00,0.00,48.00,36.40,11.60,0.00,Dine in,POS 2,Route 98 - Minimart,Owner,,,,Closed
14/09/2026 21:33,2-0809,Sale,DRINKS,98000078,POCARI SWEAT 350ML,,,1.000,45.00,0.00,45.00,34.25,10.75,0.00,Dine in,POS 2,Route 98 - Minimart,Owner,,,,Closed
14/09/2026 21:33,2-0809,Sale,FOOD,10169,BEAR BRAND SWAK,,,3.000,45.00,0.00,45.00,27.00,18.00,0.00,Dine in,POS 2,Route 98 - Minimart,Owner,,,,Closed
14/09/2026 21:18,2-0808,Sale,DRINKS,98000046,COCA COLA 1.75L,,,1.000,84.75,0.00,84.75,61.67,23.08,0.00,Dine in,POS 2,Route 98 - Minimart,Owner,,,,Closed
14/09/2026 21:15,2-0807,Sale,SNACKS,10155,DINGDONG MIXED NUT 30G,,,3.000,30.00,0.00,30.00,20.25,9.75,0.00,Dine in,POS 2,Route 98 - Minimart,Owner,,,,Closed
14/09/2026 21:15,2-0807,Sale,SNACKS,10149,NOVA COUNTRY CHEDDAR 20G,,,2.000,17.50,0.00,17.50,13.32,4.18,0.00,Dine in,POS 2,Route 98 - Minimart,Owner,,,,Closed
14/09/2026 21:15,2-0807,Sale,SNACKS,98000068,FUN SIZE! PIATTOS CHEESE 18G,,,1.000,10.50,0.00,10.50,6.66,3.84,0.00,Dine in,POS 2,Route 98 - Minimart,Owner,,,,Closed
14/09/2026 21:15,2-0807,Sale,FOOD,10243,NIPS WHITE CHOCO 14G,,,2.000,16.00,0.00,16.00,0.00,16.00,0.00,Dine in,POS 2,Route 98 - Minimart,Owner,,,,Closed
14/09/2026 21:03,2-0806,Sale,SNACKS,10374,SKYFLAKES CRACKER,,,2.000,19.96,0.00,19.96,12.00,7.96,0.00,Dine in,POS 2,Route 98 - Minimart,Owner,,,,Closed
14/09/2026 20:47,2-0805,Sale,SNACKS,10389,MOBY CRUNCHY CHOCOLATE,,,1.000,11.00,0.00,11.00,8.25,2.75,0.00,Dine in,POS 2,Route 98 - Minimart,Owner,,,,Closed
14/09/2026 20:47,2-0805,Sale,SNACKS,10202,PIATTOS CHEESE 85G,,,1.000,38.50,0.00,38.50,33.22,5.28,0.00,Dine in,POS 2,Route 98 - Minimart,Owner,,,,Closed
14/09/2026 20:47,2-0805,Sale,SNACKS,10222,OVERLOAD BLKFRST,,,1.000,10.00,0.00,10.00,7.92,2.08,0.00,Dine in,POS 2,Route 98 - Minimart,Owner,,,,Closed
14/09/2026 20:47,2-0805,Sale,SNACKS,10210,MAGIC FLAKES CHEESE,,,2.000,18.00,0.00,18.00,11.10,6.90,0.00,Dine in,POS 2,Route 98 - Minimart,Owner,,,,Closed
14/09/2026 20:47,2-0805,Sale,DRINKS,98000054,C2 GREEN TEA APPLE 1L,,,1.000,57.75,0.00,57.75,44.42,13.33,0.00,Dine in,POS 2,Route 98 - Minimart,Owner,,,,Closed
14/09/2026 20:45,2-0804,Sale,DRINKS,10193,YAKULT,,,2.000,30.00,0.00,30.00,20.00,10.00,0.00,Dine in,POS 2,Route 98 - Minimart,Owner,,,,Closed
14/09/2026 20:45,2-0804,Sale,DRINKS,10257,SUMMIT (1000ML),,,1.000,25.00,0.00,25.00,0.00,25.00,0.00,Dine in,POS 2,Route 98 - Minimart,Owner,,,,Closed
14/09/2026 20:25,2-0803,Sale,SNACKS,10143,CHIPPY BBQ 25G,,,1.000,9.75,0.00,9.75,6.30,3.45,0.00,Dine in,POS 2,Route 98 - Minimart,Owner,,,,Closed
14/09/2026 20:25,2-0803,Sale,SNACKS,10154,PEEWEE SPICY CHILI 25G,,,1.000,10.98,0.00,10.98,8.25,2.73,0.00,Dine in,POS 2,Route 98 - Minimart,Owner,,,,Closed
14/09/2026 20:24,2-0802,Sale,SNACKS,10220,PIATTOS SOUR CREAM 85G,,,1.000,38.50,0.00,38.50,28.80,9.70,0.00,Dine in,POS 2,Route 98 - Minimart,Owner,,,,Closed
14/09/2026 20:24,2-0802,Sale,ICE CREAM 🍦,10339,CREAMLINE JUMBO CONE DOUBLE DUTCH 140ML,,,1.000,29.98,0.00,29.98,24.10,5.88,0.00,Dine in,POS 2,Route 98 - Minimart,Owner,,,,Closed
14/09/2026 20:24,2-0802,Sale,ICE CREAM 🍦,10341,CREAMLINE JUMBO CONE ROCKY ROAD 140ML,,,1.000,29.98,0.00,29.98,24.10,5.88,0.00,Dine in,POS 2,Route 98 - Minimart,Owner,,,,Closed
14/09/2026 20:21,2-0801,Sale,FOOD,10173,MILO,,,6.000,72.00,0.00,72.00,55.50,16.50,0.00,Dine in,POS 2,Route 98 - Minimart,Owner,,,,Closed
14/09/2026 20:21,2-0801,Sale,SNACKS,10389,MOBY CRUNCHY CHOCOLATE,,,3.000,33.00,0.00,33.00,24.75,8.25,0.00,Dine in,POS 2,Route 98 - Minimart,Owner,,,,Closed
14/09/2026 20:21,2-0801,Sale,SNACKS,10231,CLOUD 9 CLASSIC,,,1.000,10.00,0.00,10.00,6.35,3.65,0.00,Dine in,POS 2,Route 98 - Minimart,Owner,,,,Closed
14/09/2026 20:21,2-0801,Sale,SNACKS,10146,CRISPY PATATA 24G,,,1.000,9.98,0.00,9.98,7.75,2.23,0.00,Dine in,POS 2,Route 98 - Minimart,Owner,,,,Closed
14/09/2026 20:21,2-0801,Sale,FOOD,10172,ENERGEN CHOCO,,,2.000,24.00,0.00,24.00,16.90,7.10,0.00,Dine in,POS 2,Route 98 - Minimart,Owner,,,,Closed
14/09/2026 20:21,2-0801,Sale,SNACKS,98000072,FISH CRACKERS 24G,,,1.000,10.00,0.00,10.00,7.40,2.60,0.00,Dine in,POS 2,Route 98 - Minimart,Owner,,,,Closed
14/09/2026 20:21,2-0801,Sale,SNACKS,10272,PILLOWS CHOCO 38G,,,1.000,12.00,0.00,12.00,9.00,3.00,0.00,Dine in,POS 2,Route 98 - Minimart,Owner,,,,Closed
14/09/2026 20:21,2-0801,Sale,SNACKS,98000122,PRESTO CHOCO PEANUT BUTTER,,,10.000,100.00,0.00,100.00,64.50,35.50,0.00,Dine in,POS 2,Route 98 - Minimart,Owner,,,,Closed
14/09/2026 20:21,2-0801,Sale,SNACKS,98000068,FUN SIZE! PIATTOS CHEESE 18G,,,8.000,84.00,0.00,84.00,53.28,30.72,0.00,Dine in,POS 2,Route 98 - Minimart,Owner,,,,Closed
14/09/2026 20:21,2-0801,Sale,SNACKS,10152,MOBY CARAMEL,,,2.000,22.00,0.00,22.00,16.50,5.50,0.00,Dine in,POS 2,Route 98 - Minimart,Owner,,,,Closed
14/09/2026 20:04,2-0800,Sale,SNACKS,10374,SKYFLAKES CRACKER,,,5.000,49.90,0.00,49.90,30.00,19.90,0.00,Dine in,POS 2,Route 98 - Minimart,Owner,,,,Closed
14/09/2026 19:44,2-0799,Sale,,98000112,MIGHTY PUTI STICK,,,2.000,20.00,0.00,20.00,16.04,3.96,0.00,Dine in,POS 2,Route 98 - Minimart,Owner,,,,Closed
14/09/2026 19:27,2-0798,Sale,SNACKS,10231,CLOUD 9 CLASSIC,,,1.000,10.00,0.00,10.00,6.35,3.65,0.00,Dine in,POS 2,Route 98 - Minimart,Owner,,,,Closed
14/09/2026 19:27,2-0798,Sale,SNACKS,10182,HAPPY BBQ,,,5.000,10.00,0.00,10.00,5.50,4.50,0.00,Dine in,POS 2,Route 98 - Minimart,Owner,,,,Closed
14/09/2026 19:18,2-0797,Sale,SNACKS,10156,PEEWEE PZZA SUPREME,,,1.000,10.98,0.00,10.98,8.50,2.48,0.00,Dine in,POS 2,Route 98 - Minimart,Owner,,,,Closed
14/09/2026 19:18,2-0797,Sale,SNACKS,10139,MANG JUAN SUKANG PAOMBONG 26G,,,1.000,12.25,0.00,12.25,8.00,4.25,0.00,Dine in,POS 2,Route 98 - Minimart,Owner,,,,Closed
14/09/2026 19:18,2-0797,Sale,SNACKS,98000068,FUN SIZE! PIATTOS CHEESE 18G,,,1.000,10.50,0.00,10.50,6.66,3.84,0.00,Dine in,POS 2,Route 98 - Minimart,Owner,,,,Closed
14/09/2026 19:17,2-0796,Sale,FOOD,10169,BEAR BRAND SWAK,,,7.000,105.00,0.00,105.00,63.00,42.00,0.00,Dine in,POS 2,Route 98 - Minimart,Owner,,,,Closed
14/09/2026 19:17,2-0796,Sale,FOOD,10170,BEAR BRAND SWAK CHOCO,,,3.000,45.00,0.00,45.00,27.00,18.00,0.00,Dine in,POS 2,Route 98 - Minimart,Owner,,,,Closed
14/09/2026 18:58,2-0795,Sale,,98000112,MIGHTY PUTI STICK,,,2.000,20.00,0.00,20.00,16.04,3.96,0.00,Dine in,POS 2,Route 98 - Minimart,Owner,,,,Closed
14/09/2026 18:57,2-0794,Sale,DRINKS,10083,RED HORSE 500,,,1.000,75.00,0.00,75.00,60.00,15.00,0.00,Dine in,POS 2,Route 98 - Minimart,Owner,,,,Closed
14/09/2026 18:33,2-0793,Sale,ESSENTIAL OILS,10002,OMEGA30,,,1.000,41.00,0.00,41.00,0.00,41.00,0.00,Dine in,POS 2,Route 98 - Minimart,Owner,,,,Closed
14/09/2026 18:33,2-0793,Sale,DRINKS,10253,STING 290ML,,,1.000,25.00,0.00,25.00,16.75,8.25,0.00,Dine in,POS 2,Route 98 - Minimart,Owner,,,,Closed
14/09/2026 18:24,2-0792,Sale,SNACKS,98000056,NOVA COUNTRY CHEDDAR 38G,,,1.000,18.25,0.00,18.25,14.00,4.25,0.00,Dine in,POS 2,Route 98 - Minimart,Owner,,,,Closed
14/09/2026 18:23,2-0791,Sale,HOME ESSENTIALS,10425,KAMI BATHROOM TISSUE,,,2.000,30.00,0.00,30.00,21.10,8.90,0.00,Dine in,POS 2,Route 98 - Minimart,Owner,,,,Closed
14/09/2026 18:18,2-0790,Sale,,98000112,MIGHTY PUTI STICK,,,1.000,10.00,0.00,10.00,8.02,1.98,0.00,Dine in,POS 2,Route 98 - Minimart,Owner,,,,Closed
14/09/2026 18:17,2-0789,Sale,DRINKS,10083,RED HORSE 500,,,1.000,75.00,0.00,75.00,60.00,15.00,0.00,Dine in,POS 2,Route 98 - Minimart,Owner,,,,Closed
14/09/2026 18:17,2-0789,Sale,SNACKS,10154,PEEWEE SPICY CHILI 25G,,,1.000,10.98,0.00,10.98,8.25,2.73,0.00,Dine in,POS 2,Route 98 - Minimart,Owner,,,,Closed
14/09/2026 18:17,2-0789,Sale,Perfume cologne,10255,DAILY SCENT 25ML,,,1.000,25.00,0.00,25.00,0.00,25.00,0.00,Dine in,POS 2,Route 98 - Minimart,Owner,,,,Closed
14/09/2026 17:56,2-0788,Sale,FOOD,10333,MONDE SPECIAL MAMON,,,2.000,59.96,0.00,59.96,32.00,27.96,0.00,Dine in,POS 2,Route 98 - Minimart,Owner,,,,Closed
14/09/2026 17:56,2-0788,Sale,DRINKS,10191,GATORADE TROPICAL FRUIT 500ML,,,1.000,46.00,0.00,46.00,36.58,9.42,0.00,Dine in,POS 2,Route 98 - Minimart,Owner,,,,Closed
14/09/2026 17:32,2-0787,Sale,,98000110,MIGHTY PULA  STICK,,,5.000,50.00,0.00,50.00,40.10,9.90,0.00,Dine in,POS 2,Route 98 - Minimart,Owner,,,,Closed
14/09/2026 17:32,2-0787,Sale,SNACKS,10152,MOBY CARAMEL,,,1.000,11.00,0.00,11.00,8.25,2.75,0.00,Dine in,POS 2,Route 98 - Minimart,Owner,,,,Closed
14/09/2026 17:32,2-0787,Sale,DRINKS,10239,MOUNTAIN DEW (290ML),,,1.000,20.00,0.00,20.00,16.35,3.65,0.00,Dine in,POS 2,Route 98 - Minimart,Owner,,,,Closed
14/09/2026 17:32,2-0787,Sale,DRINKS,980000560,COBRA  ASTIG 290ML,,,1.000,21.50,0.00,21.50,16.58,4.92,0.00,Dine in,POS 2,Route 98 - Minimart,Owner,,,,Closed
14/09/2026 17:29,2-0786,Sale,FOOD,10333,MONDE SPECIAL MAMON,,,2.000,59.96,0.00,59.96,32.00,27.96,0.00,Dine in,POS 2,Route 98 - Minimart,Owner,,,,Closed
14/09/2026 17:29,2-0786,Sale,DRINKS,10257,SUMMIT (1000ML),,,1.000,25.00,0.00,25.00,0.00,25.00,0.00,Dine in,POS 2,Route 98 - Minimart,Owner,,,,Closed
14/09/2026 17:29,2-0786,Sale,,98000088,COBRA ENERGY DRINK ASTIG CITRUS BLAST 290ML,,,1.000,21.50,0.00,21.50,16.58,4.92,0.00,Dine in,POS 2,Route 98 - Minimart,Owner,,,,Closed
14/09/2026 17:29,2-0786,Sale,SNACKS,10225,MAGIC FLAKES,,,2.000,18.00,0.00,18.00,11.02,6.98,0.00,Dine in,POS 2,Route 98 - Minimart,Owner,,,,Closed
14/09/2026 17:29,2-0786,Sale,SNACKS,10222,OVERLOAD BLKFRST,,,1.000,10.00,0.00,10.00,7.92,2.08,0.00,Dine in,POS 2,Route 98 - Minimart,Owner,,,,Closed
14/09/2026 17:23,2-0785,Sale,DRINKS,10083,RED HORSE 500,,,1.000,75.00,0.00,75.00,60.00,15.00,0.00,Dine in,POS 2,Route 98 - Minimart,Owner,,,,Closed
14/09/2026 17:23,2-0785,Sale,SNACKS,10154,PEEWEE SPICY CHILI 25G,,,1.000,10.98,0.00,10.98,8.25,2.73,0.00,Dine in,POS 2,Route 98 - Minimart,Owner,,,,Closed
14/09/2026 17:23,2-0785,Sale,,10235,"#misc",,,1.000,56.00,0.00,56.00,0.00,56.00,0.00,Dine in,POS 2,Route 98 - Minimart,Owner,,,,Closed
14/09/2026 17:20,2-0784,Sale,,10235,"#misc",,,1.000,6.00,0.00,6.00,0.00,6.00,0.00,Dine in,POS 2,Route 98 - Minimart,Owner,,,,Closed
14/09/2026 17:17,2-0783,Sale,DRINKS,98000046,COCA COLA 1.75L,,,1.000,84.75,0.00,84.75,61.67,23.08,0.00,Dine in,POS 2,Route 98 - Minimart,Owner,,,,Closed
14/09/2026 17:16,2-0782,Sale,,98000110,MIGHTY PULA  STICK,,,1.000,10.00,0.00,10.00,8.02,1.98,0.00,Dine in,POS 2,Route 98 - Minimart,Owner,,,,Closed
14/09/2026 16:54,2-0781,Sale,FOOD,10261,555 SARDINES 155G,,,1.000,26.00,0.00,26.00,23.45,2.55,0.00,Dine in,POS 2,Route 98 - Minimart,Owner,,,,Closed
14/09/2026 16:54,2-0781,Sale,SNACKS,10389,MOBY CRUNCHY CHOCOLATE,,,1.000,11.00,0.00,11.00,8.25,2.75,0.00,Dine in,POS 2,Route 98 - Minimart,Owner,,,,Closed
14/09/2026 16:54,2-0781,Sale,SNACKS,10152,MOBY CARAMEL,,,1.000,11.00,0.00,11.00,8.25,2.75,0.00,Dine in,POS 2,Route 98 - Minimart,Owner,,,,Closed
14/09/2026 16:42,2-0780,Sale,ICE CREAM 🍦,10362,CREAMLINE MILKY POP LOLLY MILK CHOCO 60ML,,,1.000,14.98,0.00,14.98,9.88,5.10,0.00,Dine in,POS 2,Route 98 - Minimart,Owner,,,,Closed
14/09/2026 16:09,2-0779,Sale,CIGARETTE,98000117,WINSTON RED STICK,,,4.000,48.00,0.00,48.00,36.40,11.60,0.00,Dine in,POS 2,Route 98 - Minimart,Owner,,,,Closed
14/09/2026 16:04,2-0778,Sale,DRINKS,98000046,COCA COLA 1.75L,,,1.000,84.75,0.00,84.75,61.67,23.08,0.00,Dine in,POS 2,Route 98 - Minimart,Owner,,,,Closed
14/09/2026 16:04,2-0778,Sale,DRINKS,10275,MOUNTAIN DEW 1.5L,,,1.000,72.00,0.00,72.00,62.00,10.00,0.00,Dine in,POS 2,Route 98 - Minimart,Owner,,,,Closed
14/09/2026 16:04,2-0778,Sale,,10235,"#misc",,,1.000,25.00,0.00,25.00,0.00,25.00,0.00,Dine in,POS 2,Route 98 - Minimart,Owner,,,,Closed
14/09/2026 15:52,2-0777,Sale,DRINKS,98000054,C2 GREEN TEA APPLE 1L,,,1.000,57.75,0.00,57.75,44.42,13.33,0.00,Dine in,POS 2,Route 98 - Minimart,Owner,,,,Closed
14/09/2026 15:52,2-0777,Sale,DRINKS,98000053,C2 SOLO LEMON 230ML,,,1.000,17.00,0.00,17.00,15.32,1.68,0.00,Dine in,POS 2,Route 98 - Minimart,Owner,,,,Closed
14/09/2026 15:52,2-0777,Sale,SNACKS,10147,PIATTOS CHEESE 40G,,,1.000,18.50,0.00,18.50,15.75,2.75,0.00,Dine in,POS 2,Route 98 - Minimart,Owner,,,,Closed
14/09/2026 15:52,2-0777,Sale,SNACKS,10144,CHIPPY CHILI CHEESE 25G,,,1.000,9.75,0.00,9.75,6.30,3.45,0.00,Dine in,POS 2,Route 98 - Minimart,Owner,,,,Closed
14/09/2026 14:56,2-0776,Sale,ICE CREAM 🍦,10334,CREAMLINE CONE ROCKY ROAD 110ML,,,1.000,23.25,0.00,23.25,18.25,5.00,0.00,Dine in,POS 2,Route 98 - Minimart,Owner,,,,Closed
14/09/2026 14:56,2-0776,Sale,ICE CREAM 🍦,10336,CREAMLINE CONE COOKIES & CREAM 110ML,,,1.000,23.25,0.00,23.25,18.25,5.00,0.00,Dine in,POS 2,Route 98 - Minimart,Owner,,,,Closed
14/09/2026 14:33,2-0775,Sale,DRINKS,98000047,WILKINS PURE 500,,,1.000,15.00,0.00,15.00,9.37,5.63,0.00,Dine in,POS 2,Route 98 - Minimart,Owner,,,,Closed
14/09/2026 13:59,2-0774,Sale,DRINKS,98000097,COBRA RISE ENERGY PO  290ML,,,1.000,21.50,0.00,21.50,15.83,5.67,0.00,Dine in,POS 2,Route 98 - Minimart,Owner,,,,Closed
14/09/2026 13:59,2-0774,Sale,DRINKS,98000074,RED HORSE SUPER,,,1.000,155.00,0.00,155.00,135.00,20.00,0.00,Dine in,POS 2,Route 98 - Minimart,Owner,,,,Closed
14/09/2026 13:59,2-0774,Sale,,10235,"#misc",,,1.000,20.00,0.00,20.00,0.00,20.00,0.00,Dine in,POS 2,Route 98 - Minimart,Owner,,,,Closed
14/09/2026 13:15,2-0773,Sale,DRINKS,10257,SUMMIT (1000ML),,,1.000,25.00,0.00,25.00,0.00,25.00,0.00,Dine in,POS 2,Route 98 - Minimart,Owner,,,,Closed
14/09/2026 13:07,2-0772,Sale,SNACKS,98000068,FUN SIZE! PIATTOS CHEESE 18G,,,1.000,10.50,0.00,10.50,6.66,3.84,0.00,Dine in,POS 2,Route 98 - Minimart,Owner,,,,Closed
14/09/2026 13:07,2-0772,Sale,DRINKS,10239,MOUNTAIN DEW (290ML),,,1.000,20.00,0.00,20.00,16.35,3.65,0.00,Dine in,POS 2,Route 98 - Minimart,Owner,,,,Closed
14/09/2026 12:52,2-0771,Sale,SNACKS,10183,DINGDONG HOTNSPICY 5G,,,5.000,10.00,0.00,10.00,0.00,10.00,0.00,Dine in,POS 2,Route 98 - Minimart,Owner,,,,Closed
14/09/2026 12:49,2-0770,Sale,DRINKS,98000053,C2 SOLO LEMON 230ML,,,1.000,17.00,0.00,17.00,15.32,1.68,0.00,Dine in,POS 2,Route 98 - Minimart,Owner,,,,Closed
14/09/2026 12:38,2-0769,Sale,,10235,"#misc",,,1.000,5.00,0.00,5.00,0.00,5.00,0.00,Dine in,POS 2,Route 98 - Minimart,Owner,,,,Closed
14/09/2026 12:38,2-0769,Sale,CIGARETTE,98000117,WINSTON RED STICK,,,1.000,12.00,0.00,12.00,9.10,2.90,0.00,Dine in,POS 2,Route 98 - Minimart,Owner,,,,Closed
14/09/2026 11:43,2-0768,Sale,,98000110,MIGHTY PULA  STICK,,,1.000,10.00,0.00,10.00,8.02,1.98,0.00,Dine in,POS 2,Route 98 - Minimart,Owner,,,,Closed
14/09/2026 11:40,2-0767,Sale,ICE CREAM 🍦,10352,CREAMLINE COOLERS STRAWBERRY 50ML,,,1.000,14.00,0.00,14.00,9.90,4.10,0.00,Dine in,POS 2,Route 98 - Minimart,Owner,,,,Closed
14/09/2026 11:40,2-0767,Sale,ICE CREAM 🍦,10381,CREAMLINE COOLERS CHOCOLATE 50ML,,,2.000,28.00,0.00,28.00,19.80,8.20,0.00,Dine in,POS 2,Route 98 - Minimart,Owner,,,,Closed
14/09/2026 11:40,2-0767,Sale,SNACKS,98000056,NOVA COUNTRY CHEDDAR 38G,,,1.000,18.25,0.00,18.25,14.00,4.25,0.00,Dine in,POS 2,Route 98 - Minimart,Owner,,,,Closed
14/09/2026 11:40,2-0767,Sale,SNACKS,10206,NIPS MILK CHOCO 14G,,,3.000,24.00,0.00,24.00,17.61,6.39,0.00,Dine in,POS 2,Route 98 - Minimart,Owner,,,,Closed
14/09/2026 11:40,2-0767,Sale,ICE CREAM 🍦,10362,CREAMLINE MILKY POP LOLLY MILK CHOCO 60ML,,,1.000,14.98,0.00,14.98,9.88,5.10,0.00,Dine in,POS 2,Route 98 - Minimart,Owner,,,,Closed
14/09/2026 00:40,2-0766,Sale,FOOD,10416,NESTEA LEMON CUCUMBER,,,1.000,25.50,0.00,25.50,19.65,5.85,0.00,Dine in,POS 2,Route 98 - Minimart,Owner,,,,Closed
14/09/2026 00:34,2-0765,Sale,,10235,"#misc",,,1.000,10.00,0.00,10.00,0.00,10.00,0.00,Dine in,POS 2,Route 98 - Minimart,Owner,,,,Closed
14/09/2026 00:34,2-0764,Sale,RICE,98000066,IVORY GRAINS CLASSIC 5KG,,,1.000,300.00,0.00,300.00,264.50,35.50,0.00,Dine in,POS 2,Route 98 - Minimart,Owner,,,,Closed
14/09/2026 00:34,2-0764,Sale,DRINKS,98000108,VITAMILK(DOUBLECHOCO) 300ML,,,2.000,70.00,0.00,70.00,59.00,11.00,0.00,Dine in,POS 2,Route 98 - Minimart,Owner,,,,Closed
14/09/2026 00:34,2-0764,Sale,HOME ESSENTIALS,10247,SILKA (WHITENING HERBAL SOAP),,,1.000,22.00,0.00,22.00,18.20,3.80,0.00,Dine in,POS 2,Route 98 - Minimart,Owner,,,,Closed
14/09/2026 00:34,2-0764,Sale,FOOD,10171,ENERGEN VNLA,,,3.000,35.94,0.00,35.94,25.95,9.99,0.00,Dine in,POS 2,Route 98 - Minimart,Owner,,,,Closed
14/09/2026 00:34,2-0764,Sale,HOME ESSENTIALS,10242,KERATIN PLUS (GOLD) 20g,,,5.000,49.90,0.00,49.90,30.00,19.90,0.00,Dine in,POS 2,Route 98 - Minimart,Owner,,,,Closed
14/09/2026 00:21,2-0763,Sale,Cleaning/Laundry Supplies,10014,ZONROX ORIG 500,,,1.000,35.50,0.00,35.50,0.00,35.50,0.00,Dine in,POS 2,Route 98 - Minimart,Owner,,,,Closed
13/09/2026 22:45,2-0762,Sale,BATH ESSENTIALS,10271,SUNSILK SMTH&MNGBL 15ML,,,4.000,35.92,0.00,35.92,24.00,11.92,0.00,Dine in,POS 2,Route 98 - Minimart,Owner,,,,Closed
13/09/2026 22:45,2-0762,Sale,BATH ESSENTIALS,10270,CREAM SILK CONDITIONER SS/PINK,,,6.000,59.88,0.00,59.88,37.50,22.38,0.00,Dine in,POS 2,Route 98 - Minimart,Owner,,,,Closed
13/09/2026 22:36,2-0761,Sale,DRINKS,10113,NUTRIBOOST STRWBRRY 110,,,1.000,15.00,0.00,15.00,0.00,15.00,0.00,Dine in,POS 2,Route 98 - Minimart,Owner,,,,Closed
13/09/2026 22:36,2-0761,Sale,DRINKS,98000135,DELIGHT PROBIOTIC 400ML,,,1.000,60.00,0.00,60.00,48.00,12.00,0.00,Dine in,POS 2,Route 98 - Minimart,Owner,,,,Closed
13/09/2026 22:19,2-0760,Sale,SNACKS,10263,PILLOWS UBE 24G,,,1.000,9.00,0.00,9.00,6.75,2.25,0.00,Dine in,POS 2,Route 98 - Minimart,Owner,,,,Closed
13/09/2026 22:06,2-0759,Sale,CIGARETTE,98000117,WINSTON RED STICK,,,1.000,12.00,0.00,12.00,9.10,2.90,0.00,Dine in,POS 2,Route 98 - Minimart,Owner,,,,Closed
13/09/2026 22:01,2-0758,Sale,CIGARETTE,98000117,WINSTON RED STICK,,,3.000,36.00,0.00,36.00,27.30,8.70,0.00,Dine in,POS 2,Route 98 - Minimart,Owner,,,,Closed
13/09/2026 22:00,2-0757,Sale,,98000110,MIGHTY PULA  STICK,,,3.000,30.00,0.00,30.00,24.06,5.94,0.00,Dine in,POS 2,Route 98 - Minimart,Owner,,,,Cancelled
13/09/2026 21:53,2-0756,Sale,DRINKS,10084,RED HORSE LITRO,,,1.000,145.00,0.00,145.00,120.00,25.00,0.00,Dine in,POS 2,Route 98 - Minimart,Owner,,,,Closed
13/09/2026 21:53,2-0756,Sale,,10235,"#misc",,,1.000,20.00,0.00,20.00,0.00,20.00,0.00,Dine in,POS 2,Route 98 - Minimart,Owner,,,,Closed
13/09/2026 21:50,2-0755,Sale,DRINKS,98000047,WILKINS PURE 500,,,1.000,15.00,0.00,15.00,9.37,5.63,0.00,Dine in,POS 2,Route 98 - Minimart,Owner,,,,Closed
13/09/2026 21:50,2-0755,Sale,SNACKS,98000072,FISH CRACKERS 24G,,,1.000,10.00,0.00,10.00,7.40,2.60,0.00,Dine in,POS 2,Route 98 - Minimart,Owner,,,,Closed
13/09/2026 21:05,2-0754,Sale,DRINKS,10084,RED HORSE LITRO,,,1.000,145.00,0.00,145.00,120.00,25.00,0.00,Dine in,POS 2,Route 98 - Minimart,Owner,,,,Closed
13/09/2026 21:05,2-0754,Sale,,10235,"#misc",,,1.000,10.00,0.00,10.00,0.00,10.00,0.00,Dine in,POS 2,Route 98 - Minimart,Owner,,,,Closed
13/09/2026 21:05,2-0754,Sale,DRINKS,98000053,C2 SOLO LEMON 230ML,,,1.000,17.00,0.00,17.00,15.32,1.68,0.00,Dine in,POS 2,Route 98 - Minimart,Owner,,,,Closed
13/09/2026 21:03,2-0753,Sale,DRINKS,10129,C2 SOLO APPLE 230ML,,,1.000,17.00,0.00,17.00,11.79,5.21,0.00,Dine in,POS 2,Route 98 - Minimart,Owner,,,,Closed
13/09/2026 20:55,2-0752,Sale,CIGARETTE,98000117,WINSTON RED STICK,,,2.000,24.00,0.00,24.00,18.20,5.80,0.00,Dine in,POS 2,Route 98 - Minimart,Owner,,,,Closed
13/09/2026 20:55,2-0752,Sale,,98000112,MIGHTY PUTI STICK,,,2.000,20.00,0.00,20.00,16.04,3.96,0.00,Dine in,POS 2,Route 98 - Minimart,Owner,,,,Closed
13/09/2026 20:55,2-0752,Sale,,10235,"#misc",,,1.000,4.00,0.00,4.00,0.00,4.00,0.00,Dine in,POS 2,Route 98 - Minimart,Owner,,,,Closed
13/09/2026 20:47,2-0751,Sale,SNACKS,10212,MAGIC CREAMS CONDENSED,,,1.000,9.00,0.00,9.00,5.55,3.45,0.00,Dine in,POS 2,Route 98 - Minimart,Owner,,,,Closed
13/09/2026 20:43,2-0750,Sale,DRINKS,10084,RED HORSE LITRO,,,1.000,145.00,0.00,145.00,120.00,25.00,0.00,Dine in,POS 2,Route 98 - Minimart,Owner,,,,Closed
13/09/2026 20:42,2-0749,Sale,DRINKS,98000046,COCA COLA 1.75L,,,1.000,84.75,0.00,84.75,61.67,23.08,0.00,Dine in,POS 2,Route 98 - Minimart,Owner,,,,Closed
13/09/2026 20:42,2-0749,Sale,FOOD,10189,NESCAFE STICK,,,1.000,5.00,0.00,5.00,3.25,1.75,0.00,Dine in,POS 2,Route 98 - Minimart,Owner,,,,Closed
13/09/2026 20:42,2-0749,Sale,FOOD,10128,NESCAFE ORIGINAL TWIN PACK,,,1.000,17.00,0.00,17.00,14.00,3.00,0.00,Dine in,POS 2,Route 98 - Minimart,Owner,,,,Closed
13/09/2026 20:42,2-0749,Sale,,10235,"#misc",,,1.000,3.00,0.00,3.00,0.00,3.00,0.00,Dine in,POS 2,Route 98 - Minimart,Owner,,,,Closed
13/09/2026 20:42,2-0749,Sale,,9800170,"#StyroCups w/ stirrer",,,1.000,5.00,0.00,5.00,0.00,5.00,0.00,Dine in,POS 2,Route 98 - Minimart,Owner,,,,Closed
13/09/2026 20:38,2-0748,Sale,DRINKS,10084,RED HORSE LITRO,,,1.000,145.00,0.00,145.00,120.00,25.00,0.00,Dine in,POS 2,Route 98 - Minimart,Owner,,,,Cancelled
13/09/2026 20:38,2-0748,Sale,,10235,"#misc",,,1.000,25.00,0.00,25.00,0.00,25.00,0.00,Dine in,POS 2,Route 98 - Minimart,Owner,,,,Cancelled
13/09/2026 20:33,2-0747,Sale,FOOD,10172,ENERGEN CHOCO,,,1.000,12.00,0.00,12.00,8.45,3.55,0.00,Dine in,POS 2,Route 98 - Minimart,Owner,,,,Closed
13/09/2026 20:33,2-0747,Sale,FOOD,10128,NESCAFE ORIGINAL TWIN PACK,,,1.000,17.00,0.00,17.00,14.00,3.00,0.00,Dine in,POS 2,Route 98 - Minimart,Owner,,,,Closed
13/09/2026 20:29,2-0746,Sale,,10235,"#misc",,,1.000,10.00,0.00,10.00,0.00,10.00,0.00,Dine in,POS 2,Route 98 - Minimart,Owner,,,,Closed
13/09/2026 20:15,2-0745,Sale,FOOD,10169,BEAR BRAND SWAK,,,3.000,45.00,0.00,45.00,27.00,18.00,0.00,Dine in,POS 2,Route 98 - Minimart,Owner,,,,Closed
13/09/2026 20:15,2-0745,Sale,FOOD,10318,EAGLE REFINE SUGAR 250G,,,1.000,28.98,0.00,28.98,23.00,5.98,0.00,Dine in,POS 2,Route 98 - Minimart,Owner,,,,Closed
13/09/2026 20:15,2-0745,Sale,DRINKS,98000135,DELIGHT PROBIOTIC 400ML,,,1.000,60.00,0.00,60.00,48.00,12.00,0.00,Dine in,POS 2,Route 98 - Minimart,Owner,,,,Closed
13/09/2026 20:15,2-0745,Sale,SNACKS,10373,SKYFLAKES CRACKER 1PACK,,,1.000,84.98,0.00,84.98,60.00,24.98,0.00,Dine in,POS 2,Route 98 - Minimart,Owner,,,,Closed
13/09/2026 20:12,2-0744,Sale,SNACKS,98000056,NOVA COUNTRY CHEDDAR 38G,,,1.000,18.25,0.00,18.25,14.00,4.25,0.00,Dine in,POS 2,Route 98 - Minimart,Owner,,,,Closed
13/09/2026 20:09,2-0743,Sale,DRINKS,10085,SM FLAVORED BEER APPLE,,,2.000,106.00,0.00,106.00,82.00,24.00,0.00,Dine in,POS 2,Route 98 - Minimart,Owner,,,,Closed
13/09/2026 20:04,2-0742,Sale,SNACKS,10216,MANG JUAN SUKANG PAOMBONG 90G,,,1.000,29.75,0.00,29.75,22.50,7.25,0.00,Dine in,POS 2,Route 98 - Minimart,Owner,,,,Closed
13/09/2026 20:04,2-0742,Sale,SNACKS,10389,MOBY CRUNCHY CHOCOLATE,,,1.000,11.00,0.00,11.00,8.25,2.75,0.00,Dine in,POS 2,Route 98 - Minimart,Owner,,,,Closed
13/09/2026 18:39,2-0741,Sale,DRINKS,98000076,POCARI SWEAT 500ML,,,2.000,110.00,0.00,110.00,89.16,20.84,0.00,Dine in,POS 2,Route 98 - Minimart,Owner,,,,Closed
13/09/2026 18:27,2-0740,Sale,,98000112,MIGHTY PUTI STICK,,,3.000,30.00,0.00,30.00,24.06,5.94,0.00,Dine in,POS 2,Route 98 - Minimart,Owner,,,,Closed
13/09/2026 18:27,2-0740,Sale,,10235,"#misc",,,1.000,5.00,0.00,5.00,0.00,5.00,0.00,Dine in,POS 2,Route 98 - Minimart,Owner,,,,Closed
13/09/2026 18:25,2-0739,Sale,FOOD,10071,HOLIDAY LUNCHEON MEAT,,,2.000,76.00,0.00,76.00,0.00,76.00,0.00,Dine in,POS 2,Route 98 - Minimart,Owner,,,,Closed
13/09/2026 18:24,2-0738,Sale,DRINKS,98000135,DELIGHT PROBIOTIC 400ML,,,1.000,60.00,0.00,60.00,48.00,12.00,0.00,Dine in,POS 2,Route 98 - Minimart,Owner,,,,Closed
13/09/2026 18:12,2-0737,Sale,CIGARETTE,98000117,WINSTON RED STICK,,,2.000,24.00,0.00,24.00,18.20,5.80,0.00,Dine in,POS 2,Route 98 - Minimart,Owner,,,,Closed
13/09/2026 17:47,2-0736,Sale,DRINKS,10129,C2 SOLO APPLE 230ML,,,1.000,17.00,0.00,17.00,11.79,5.21,0.00,Dine in,POS 2,Route 98 - Minimart,Owner,,,,Closed
13/09/2026 17:28,2-0735,Sale,DRINKS,10113,NUTRIBOOST STRWBRRY 110,,,1.000,15.00,0.00,15.00,0.00,15.00,0.00,Dine in,POS 2,Route 98 - Minimart,Owner,,,,Closed
13/09/2026 17:28,2-0735,Sale,SNACKS,10138,CHEEZ IT,,,2.000,20.00,0.00,20.00,16.50,3.50,0.00,Dine in,POS 2,Route 98 - Minimart,Owner,,,,Closed
13/09/2026 17:28,2-0735,Sale,,10235,"#misc",,,1.000,20.00,0.00,20.00,0.00,20.00,0.00,Dine in,POS 2,Route 98 - Minimart,Owner,,,,Closed
13/09/2026 17:19,2-0734,Sale,,98000110,MIGHTY PULA  STICK,,,2.000,20.00,0.00,20.00,16.04,3.96,0.00,Dine in,POS 2,Route 98 - Minimart,Owner,,,,Closed
13/09/2026 17:19,2-0734,Sale,DRINKS,10257,SUMMIT (1000ML),,,1.000,25.00,0.00,25.00,0.00,25.00,0.00,Dine in,POS 2,Route 98 - Minimart,Owner,,,,Closed
13/09/2026 17:19,2-0734,Sale,DRINKS,98000047,WILKINS PURE 500,,,1.000,15.00,0.00,15.00,9.37,5.63,0.00,Dine in,POS 2,Route 98 - Minimart,Owner,,,,Closed
13/09/2026 16:31,2-0733,Sale,DRINKS,10253,STING 290ML,,,1.000,25.00,0.00,25.00,16.75,8.25,0.00,Dine in,POS 2,Route 98 - Minimart,Owner,,,,Closed
13/09/2026 16:31,2-0733,Sale,,98000112,MIGHTY PUTI STICK,,,2.000,20.00,0.00,20.00,16.04,3.96,0.00,Dine in,POS 2,Route 98 - Minimart,Owner,,,,Closed
13/09/2026 15:36,2-0732,Sale,SNACKS,10146,CRISPY PATATA 24G,,,2.000,19.96,0.00,19.96,15.50,4.46,0.00,Dine in,POS 2,Route 98 - Minimart,Owner,,,,Closed
13/09/2026 15:36,2-0732,Sale,SNACKS,10154,PEEWEE SPICY CHILI 25G,,,2.000,21.96,0.00,21.96,16.50,5.46,0.00,Dine in,POS 2,Route 98 - Minimart,Owner,,,,Closed
13/09/2026 15:36,2-0732,Sale,SNACKS,10138,CHEEZ IT,,,2.000,20.00,0.00,20.00,16.50,3.50,0.00,Dine in,POS 2,Route 98 - Minimart,Owner,,,,Closed
13/09/2026 15:36,2-0732,Sale,,10235,"#misc",,,1.000,20.00,0.00,20.00,0.00,20.00,0.00,Dine in,POS 2,Route 98 - Minimart,Owner,,,,Closed
13/09/2026 15:36,2-0732,Sale,SNACKS,10144,CHIPPY CHILI CHEESE 25G,,,2.000,19.50,0.00,19.50,12.60,6.90,0.00,Dine in,POS 2,Route 98 - Minimart,Owner,,,,Closed
13/09/2026 15:26,2-0731,Sale,DRINKS,98000108,VITAMILK(DOUBLECHOCO) 300ML,,,1.000,35.00,0.00,35.00,29.50,5.50,0.00,Dine in,POS 2,Route 98 - Minimart,Owner,,,,Closed
13/09/2026 15:26,2-0731,Sale,SNACKS,10195,MAGIC CHIPS CHEESE,,,1.000,9.00,0.00,9.00,6.22,2.78,0.00,Dine in,POS 2,Route 98 - Minimart,Owner,,,,Closed
13/09/2026 15:25,2-0730,Sale,DRINKS,10084,RED HORSE LITRO,,,1.000,145.00,0.00,145.00,120.00,25.00,0.00,Dine in,POS 2,Route 98 - Minimart,Owner,,,,Closed
13/09/2026 15:25,2-0730,Sale,,10235,"#misc",,,1.000,3.00,0.00,3.00,0.00,3.00,0.00,Dine in,POS 2,Route 98 - Minimart,Owner,,,,Closed
13/09/2026 15:15,2-0729,Sale,CIGARETTE,98000117,WINSTON RED STICK,,,7.000,84.00,0.00,84.00,63.70,20.30,0.00,Dine in,POS 2,Route 98 - Minimart,Owner,,,,Closed
13/09/2026 14:05,2-0728,Sale,DRINKS,10257,SUMMIT (1000ML),,,1.000,25.00,0.00,25.00,0.00,25.00,0.00,Dine in,POS 2,Route 98 - Minimart,Owner,,,,Closed
13/09/2026 14:05,2-0728,Sale,DRINKS,98000108,VITAMILK(DOUBLECHOCO) 300ML,,,1.000,35.00,0.00,35.00,29.50,5.50,0.00,Dine in,POS 2,Route 98 - Minimart,Owner,,,,Closed
13/09/2026 14:05,2-0728,Sale,DRINKS,10251,PEPSI EXTRA FIZZ 1L,,,1.000,55.00,0.00,55.00,41.00,14.00,0.00,Dine in,POS 2,Route 98 - Minimart,Owner,,,,Closed
13/09/2026 14:05,2-0728,Sale,SNACKS,10217,CHIPPY BBQ 108G,,,1.000,28.75,0.00,28.75,21.35,7.40,0.00,Dine in,POS 2,Route 98 - Minimart,Owner,,,,Closed
13/09/2026 13:49,2-0727,Sale,SNACKS,10138,CHEEZ IT,,,2.000,20.00,0.00,20.00,16.50,3.50,0.00,Dine in,POS 2,Route 98 - Minimart,Owner,,,,Closed
13/09/2026 13:49,2-0727,Sale,SNACKS,10212,MAGIC CREAMS CONDENSED,,,1.000,9.00,0.00,9.00,5.55,3.45,0.00,Dine in,POS 2,Route 98 - Minimart,Owner,,,,Closed
13/09/2026 12:53,2-0726,Sale,DRINKS,10275,MOUNTAIN DEW 1.5L,,,1.000,72.00,0.00,72.00,62.00,10.00,0.00,Dine in,POS 2,Route 98 - Minimart,Owner,,,,Closed
13/09/2026 12:53,2-0726,Sale,CIGARETTE,98000117,WINSTON RED STICK,,,1.000,12.00,0.00,12.00,9.10,2.90,0.00,Dine in,POS 2,Route 98 - Minimart,Owner,,,,Closed
13/09/2026 12:53,2-0726,Sale,,98000116,WINSTON WHITE STICK,,,1.000,12.00,0.00,12.00,9.92,2.08,0.00,Dine in,POS 2,Route 98 - Minimart,Owner,,,,Closed
13/09/2026 12:50,2-0725,Sale,DRINKS,10276,RC,,,1.000,43.00,0.00,43.00,33.00,10.00,0.00,Dine in,POS 2,Route 98 - Minimart,Owner,,,,Closed
13/09/2026 12:30,2-0724,Sale,,98000110,MIGHTY PULA  STICK,,,1.000,10.00,0.00,10.00,8.02,1.98,0.00,Dine in,POS 2,Route 98 - Minimart,Owner,,,,Closed
13/09/2026 12:28,2-0723,Sale,SNACKS,10144,CHIPPY CHILI CHEESE 25G,,,2.000,19.50,0.00,19.50,12.60,6.90,0.00,Dine in,POS 2,Route 98 - Minimart,Owner,,,,Closed
13/09/2026 12:28,2-0723,Sale,SNACKS,10142,OISHI PRAWN CRACKERS SPICY 24G,,,1.000,9.00,0.00,9.00,7.50,1.50,0.00,Dine in,POS 2,Route 98 - Minimart,Owner,,,,Closed
13/09/2026 12:28,2-0723,Sale,SNACKS,10266,CHIZ CURLS 18G,,,1.000,9.75,0.00,9.75,7.25,2.50,0.00,Dine in,POS 2,Route 98 - Minimart,Owner,,,,Closed
13/09/2026 12:07,2-0722,Sale,SNACKS,98000131,DINGDONG SNACK MIX WITH  CHIPS CURLS 100G,,,1.000,30.00,0.00,30.00,24.00,6.00,0.00,Dine in,POS 2,Route 98 - Minimart,Owner,,,,Closed
13/09/2026 12:07,2-0722,Sale,SNACKS,98000133,DINGDONG MIX NUTS REAL GARLIC 100G,,,1.000,31.00,0.00,31.00,24.00,7.00,0.00,Dine in,POS 2,Route 98 - Minimart,Owner,,,,Closed
13/09/2026 12:04,2-0721,Sale,SNACKS,10324,CHEEZ IT 60G,,,1.000,23.75,0.00,23.75,18.25,5.50,0.00,Dine in,POS 2,Route 98 - Minimart,Owner,,,,Closed
13/09/2026 12:04,2-0721,Sale,SNACKS,10409,HAPPY CHICKEN ADOBO 5G,,,10.000,20.00,0.00,20.00,11.00,9.00,0.00,Dine in,POS 2,Route 98 - Minimart,Owner,,,,Closed
13/09/2026 12:03,2-0720,Sale,DRINKS,98000076,POCARI SWEAT 500ML,,,1.000,55.00,0.00,55.00,44.58,10.42,0.00,Dine in,POS 2,Route 98 - Minimart,Owner,,,,Closed
13/09/2026 11:57,2-0719,Sale,DRINKS,98000046,COCA COLA 1.75L,,,1.000,84.75,0.00,84.75,61.67,23.08,0.00,Dine in,POS 2,Route 98 - Minimart,Owner,,,,Closed
13/09/2026 11:55,2-0718,Sale,DRINKS,10257,SUMMIT (1000ML),,,1.000,25.00,0.00,25.00,0.00,25.00,0.00,Dine in,POS 2,Route 98 - Minimart,Owner,,,,Closed
13/09/2026 11:55,2-0718,Sale,DRINKS,98000076,POCARI SWEAT 500ML,,,1.000,55.00,0.00,55.00,44.58,10.42,0.00,Dine in,POS 2,Route 98 - Minimart,Owner,,,,Closed
13/09/2026 11:55,2-0718,Sale,SNACKS,10387,PEEWEE SIZZLING BARBEQUE 25G,,,1.000,10.98,0.00,10.98,8.25,2.73,0.00,Dine in,POS 2,Route 98 - Minimart,Owner,,,,Closed
13/09/2026 11:55,2-0718,Sale,SNACKS,10138,CHEEZ IT,,,1.000,10.00,0.00,10.00,8.25,1.75,0.00,Dine in,POS 2,Route 98 - Minimart,Owner,,,,Closed
13/09/2026 11:55,2-0718,Sale,SNACKS,10266,CHIZ CURLS 18G,,,1.000,9.75,0.00,9.75,7.25,2.50,0.00,Dine in,POS 2,Route 98 - Minimart,Owner,,,,Closed
13/09/2026 11:55,2-0718,Sale,SNACKS,10148,MR. CHIPS  NACHO CHEEZE 4G,,,1.000,9.75,0.00,9.75,5.45,4.30,0.00,Dine in,POS 2,Route 98 - Minimart,Owner,,,,Closed
13/09/2026 11:55,2-0718,Sale,SNACKS,10180,BLACK CHILI BBQ 7G,,,6.000,12.00,0.00,12.00,0.00,12.00,0.00,Dine in,POS 2,Route 98 - Minimart,Owner,,,,Closed
13/09/2026 11:55,2-0718,Sale,SNACKS,10412,XSAKTO 8G,,,6.000,12.00,0.00,12.00,5.88,6.12,0.00,Dine in,POS 2,Route 98 - Minimart,Owner,,,,Closed
13/09/2026 11:55,2-0718,Sale,DRINKS,10109,COCA COLA 190ML,,,1.000,15.00,0.00,15.00,11.00,4.00,0.00,Dine in,POS 2,Route 98 - Minimart,Owner,,,,Closed
13/09/2026 01:37,2-0717,Sale,DRINKS,10252,Royal 1.5L,,,1.000,75.00,0.00,75.00,0.00,75.00,0.00,Dine in,POS 2,Route 98 - Minimart,Owner,,,,Closed
13/09/2026 01:25,2-0716,Sale,SNACKS,10210,MAGIC FLAKES CHEESE,,,2.000,18.00,0.00,18.00,11.10,6.90,0.00,Dine in,POS 2,Route 98 - Minimart,Owner,,,,Closed
13/09/2026 01:25,2-0716,Sale,,98000093,COBRA  ASTIG CITRUS BLAST 290ML,,,1.000,21.50,0.00,21.50,16.58,4.92,0.00,Dine in,POS 2,Route 98 - Minimart,Owner,,,,Closed
13/09/2026 01:24,2-0715,Sale,DRINKS,10193,YAKULT,,,1.000,15.00,0.00,15.00,10.00,5.00,0.00,Dine in,POS 2,Route 98 - Minimart,Owner,,,,Closed
13/09/2026 01:24,2-0715,Sale,,98000110,MIGHTY PULA  STICK,,,1.000,10.00,0.00,10.00,8.02,1.98,0.00,Dine in,POS 2,Route 98 - Minimart,Owner,,,,Closed
13/09/2026 01:23,2-0714,Sale,DRINKS,980000560,COBRA  ASTIG 290ML,,,1.000,21.50,0.00,21.50,16.58,4.92,0.00,Dine in,POS 2,Route 98 - Minimart,Owner,,,,Closed
13/09/2026 01:23,2-0714,Sale,,98000110,MIGHTY PULA  STICK,,,1.000,10.00,0.00,10.00,8.02,1.98,0.00,Dine in,POS 2,Route 98 - Minimart,Owner,,,,Closed
12/09/2026 22:26,2-0713,Sale,,98000112,MIGHTY PUTI STICK,,,3.000,30.00,0.00,30.00,24.06,5.94,0.00,Dine in,POS 2,Route 98 - Minimart,Owner,,,,Closed
12/09/2026 22:26,2-0713,Sale,CIGARETTE,98000117,WINSTON RED STICK,,,3.000,36.00,0.00,36.00,27.30,8.70,0.00,Dine in,POS 2,Route 98 - Minimart,Owner,,,,Closed
12/09/2026 22:26,2-0713,Sale,DRINKS,10239,MOUNTAIN DEW (290ML),,,1.000,20.00,0.00,20.00,16.35,3.65,0.00,Dine in,POS 2,Route 98 - Minimart,Owner,,,,Closed
12/09/2026 22:08,2-0712,Sale,SNACKS,10236,FRUIT SALAD,,,2.000,16.00,0.00,16.00,11.50,4.50,0.00,Dine in,POS 2,Route 98 - Minimart,Owner,,,,Closed
12/09/2026 22:06,2-0711,Sale,HOME ESSENTIALS,10044,FUEGO MATCH - PIECE,,,1.000,3.00,0.00,3.00,0.00,3.00,0.00,Dine in,POS 2,Route 98 - Minimart,Owner,,,,Closed
12/09/2026 22:04,2-0710,Sale,DRINKS,10084,RED HORSE LITRO,,,1.000,145.00,0.00,145.00,120.00,25.00,0.00,Dine in,POS 2,Route 98 - Minimart,Owner,,,,Closed
12/09/2026 22:04,2-0710,Sale,,10235,"#misc",,,1.000,3.00,0.00,3.00,0.00,3.00,0.00,Dine in,POS 2,Route 98 - Minimart,Owner,,,,Closed
12/09/2026 22:04,2-0710,Sale,CIGARETTE,98000117,WINSTON RED STICK,,,5.000,60.00,0.00,60.00,45.50,14.50,0.00,Dine in,POS 2,Route 98 - Minimart,Owner,,,,Closed
12/09/2026 20:20,2-0709,Sale,SNACKS,10139,MANG JUAN SUKANG PAOMBONG 26G,,,1.000,12.25,0.00,12.25,8.00,4.25,0.00,Dine in,POS 2,Route 98 - Minimart,Owner,,,,Closed
12/09/2026 20:20,2-0709,Sale,DRINKS,98000120,SMIRNOFF,,,1.000,65.00,0.00,65.00,54.00,11.00,0.00,Dine in,POS 2,Route 98 - Minimart,Owner,,,,Closed
12/09/2026 20:20,2-0709,Sale,,98000116,WINSTON WHITE STICK,,,1.000,12.00,0.00,12.00,9.92,2.08,0.00,Dine in,POS 2,Route 98 - Minimart,Owner,,,,Closed
12/09/2026 19:05,1-0348,Sale,HOME ESSENTIALS,10311,SPRINGMAID TOOTHBRUSH,,,1.000,15.00,0.00,15.00,0.00,15.00,0.00,Dine in,POS 1,Route 98 - Minimart,Owner,,,,Closed
12/09/2026 19:05,1-0347,Sale,HOME ESSENTIALS,10247,SILKA (WHITENING HERBAL SOAP),,,1.000,22.00,0.00,22.00,18.20,3.80,0.00,Dine in,POS 1,Route 98 - Minimart,Owner,,,,Closed
12/09/2026 19:05,1-0347,Sale,BATH ESSENTIALS,980000021,PANTENE SHAMPOO HAIR FALL CONTROL,,,1.000,8.98,0.00,8.98,6.84,2.14,0.00,Dine in,POS 1,Route 98 - Minimart,Owner,,,,Closed
12/09/2026 19:05,1-0347,Sale,BATH ESSENTIALS,10267,TAWAS BARELAB 50G,,,1.000,15.00,0.00,15.00,10.00,5.00,0.00,Dine in,POS 1,Route 98 - Minimart,Owner,,,,Closed
12/09/2026 18:54,2-0708,Sale,DRINKS,98000046,COCA COLA 1.75L,,,1.000,84.75,0.00,84.75,61.67,23.08,0.00,Dine in,POS 2,Route 98 - Minimart,Owner,,,,Closed
12/09/2026 18:54,2-0708,Sale,DRINKS,98000052,C2 GREEN TEA LEMON 335ML,,,1.000,28.75,0.00,28.75,22.09,6.66,0.00,Dine in,POS 2,Route 98 - Minimart,Owner,,,,Closed
12/09/2026 18:54,2-0708,Sale,,98000110,MIGHTY PULA  STICK,,,2.000,20.00,0.00,20.00,16.04,3.96,0.00,Dine in,POS 2,Route 98 - Minimart,Owner,,,,Closed
12/09/2026 18:54,2-0708,Sale,CIGARETTE,98000117,WINSTON RED STICK,,,2.000,24.00,0.00,24.00,18.20,5.80,0.00,Dine in,POS 2,Route 98 - Minimart,Owner,,,,Closed
12/09/2026 17:35,2-0707,Sale,ICE,10299,ICE CUBE 2KG,,,2.000,70.00,0.00,70.00,48.00,22.00,0.00,Dine in,POS 2,Route 98 - Minimart,Owner,,,,Closed
12/09/2026 17:16,2-0706,Sale,SNACKS,10259,NIPS WHITE CHOCO PIECE,,,1.000,2.00,0.00,2.00,1.20,0.80,0.00,Dine in,POS 2,Route 98 - Minimart,Owner,,,,Closed
12/09/2026 17:16,2-0706,Sale,DRINKS,10107,COCA COLA 290ML,,,1.000,20.00,0.00,20.00,16.50,3.50,0.00,Dine in,POS 2,Route 98 - Minimart,Owner,,,,Closed
12/09/2026 17:06,2-0705,Sale,SNACKS,10203,NIPS PEANUT 14G,,,1.000,8.00,0.00,8.00,5.87,2.13,0.00,Dine in,POS 2,Route 98 - Minimart,Owner,,,,Closed
12/09/2026 17:06,2-0705,Sale,SNACKS,10219,MR CHIPS MANAMIS MAIS 45G,,,1.000,12.50,0.00,12.50,8.19,4.31,0.00,Dine in,POS 2,Route 98 - Minimart,Owner,,,,Closed
12/09/2026 17:06,2-0705,Sale,DRINKS,10107,COCA COLA 290ML,,,1.000,20.00,0.00,20.00,16.50,3.50,0.00,Dine in,POS 2,Route 98 - Minimart,Owner,,,,Closed
12/09/2026 17:06,2-0704,Sale,DRINKS,10109,COCA COLA 190ML,,,2.000,30.00,0.00,30.00,22.00,8.00,0.00,Dine in,POS 2,Route 98 - Minimart,Owner,,,,Closed
12/09/2026 17:02,2-0703,Sale,SNACKS,98000071,MANG JUAN SUKAT SILI 26G,,,2.000,24.50,0.00,24.50,12.60,11.90,0.00,Dine in,POS 2,Route 98 - Minimart,Owner,,,,Closed
12/09/2026 17:02,2-0703,Sale,SNACKS,10222,OVERLOAD BLKFRST,,,1.000,10.00,0.00,10.00,7.92,2.08,0.00,Dine in,POS 2,Route 98 - Minimart,Owner,,,,Closed
12/09/2026 17:02,2-0703,Sale,DRINKS,10129,C2 SOLO APPLE 230ML,,,1.000,17.00,0.00,17.00,11.79,5.21,0.00,Dine in,POS 2,Route 98 - Minimart,Owner,,,,Closed
12/09/2026 17:02,2-0703,Sale,SNACKS,10195,MAGIC CHIPS CHEESE,,,1.000,9.00,0.00,9.00,6.22,2.78,0.00,Dine in,POS 2,Route 98 - Minimart,Owner,,,,Closed
12/09/2026 17:00,2-0702,Sale,DRINKS,10129,C2 SOLO APPLE 230ML,,,1.000,17.00,0.00,17.00,11.79,5.21,0.00,Dine in,POS 2,Route 98 - Minimart,Owner,,,,Closed
12/09/2026 17:00,2-0702,Sale,SNACKS,10198,CHICK BOY ONION & GARLIC 30G,,,1.000,11.98,0.00,11.98,9.22,2.76,0.00,Dine in,POS 2,Route 98 - Minimart,Owner,,,,Closed
12/09/2026 17:00,2-0702,Sale,SNACKS,10143,CHIPPY BBQ 25G,,,1.000,9.75,0.00,9.75,6.30,3.45,0.00,Dine in,POS 2,Route 98 - Minimart,Owner,,,,Closed
12/09/2026 16:59,2-0701,Sale,DRINKS,10129,C2 SOLO APPLE 230ML,,,1.000,17.00,0.00,17.00,11.79,5.21,0.00,Dine in,POS 2,Route 98 - Minimart,Owner,,,,Closed
12/09/2026 16:59,2-0701,Sale,SNACKS,10317,CLOVER CHEESIER 24G,,,1.000,10.00,0.00,10.00,7.50,2.50,0.00,Dine in,POS 2,Route 98 - Minimart,Owner,,,,Closed
12/09/2026 16:58,2-0700,Sale,DRINKS,98000052,C2 GREEN TEA LEMON 335ML,,,1.000,28.75,0.00,28.75,22.09,6.66,0.00,Dine in,POS 2,Route 98 - Minimart,Owner,,,,Closed
12/09/2026 16:58,2-0700,Sale,FOOD,10325,NISSIN BREAD STIX,,,2.000,19.96,0.00,19.96,12.30,7.66,0.00,Dine in,POS 2,Route 98 - Minimart,Owner,,,,Closed
12/09/2026 16:57,2-0699,Sale,FOOD,10265,SEÑORITA SARDINES,,,6.000,156.00,0.00,156.00,140.70,15.30,0.00,Dine in,POS 2,Route 98 - Minimart,Owner,,,,Closed
12/09/2026 16:57,2-0699,Sale,SNACKS,10386,RICHEE 60G,,,2.000,47.50,0.00,47.50,36.50,11.00,0.00,Dine in,POS 2,Route 98 - Minimart,Owner,,,,Closed
12/09/2026 16:57,2-0699,Sale,SNACKS,10393,MOBY CARAMEL PUFFS 60G,,,1.000,23.75,0.00,23.75,18.25,5.50,0.00,Dine in,POS 2,Route 98 - Minimart,Owner,,,,Closed
12/09/2026 16:57,2-0699,Sale,SNACKS,10317,CLOVER CHEESIER 24G,,,1.000,10.00,0.00,10.00,7.50,2.50,0.00,Dine in,POS 2,Route 98 - Minimart,Owner,,,,Closed
12/09/2026 16:57,2-0699,Sale,SNACKS,10389,MOBY CRUNCHY CHOCOLATE,,,1.000,11.00,0.00,11.00,8.25,2.75,0.00,Dine in,POS 2,Route 98 - Minimart,Owner,,,,Closed
12/09/2026 16:57,2-0699,Sale,DRINKS,10107,COCA COLA 290ML,,,1.000,20.00,0.00,20.00,16.50,3.50,0.00,Dine in,POS 2,Route 98 - Minimart,Owner,,,,Closed
12/09/2026 16:33,2-0698,Sale,FOOD,10233,LA MIA TUNA AFRTDA,,,1.000,38.00,0.00,38.00,33.18,4.82,0.00,Dine in,POS 2,Route 98 - Minimart,Owner,,,,Closed
12/09/2026 16:33,2-0698,Sale,FOOD,10228,NISSIN CUP NOODLES SPCYHTBF,,,1.000,30.00,0.00,30.00,22.01,7.99,0.00,Dine in,POS 2,Route 98 - Minimart,Owner,,,,Closed
12/09/2026 16:33,2-0698,Sale,,98000110,MIGHTY PULA  STICK,,,2.000,20.00,0.00,20.00,16.04,3.96,0.00,Dine in,POS 2,Route 98 - Minimart,Owner,,,,Closed
12/09/2026 16:33,2-0698,Sale,DRINKS,10107,COCA COLA 290ML,,,1.000,20.00,0.00,20.00,16.50,3.50,0.00,Dine in,POS 2,Route 98 - Minimart,Owner,,,,Closed
12/09/2026 16:33,2-0698,Sale,HOME ESSENTIALS,10422,SANICARE COTTON 10G,,,1.000,8.00,0.00,8.00,6.10,1.90,0.00,Dine in,POS 2,Route 98 - Minimart,Owner,,,,Closed
12/09/2026 16:33,2-0698,Sale,HOME ESSENTIALS,10423,SANICARE COTTON BUDS 108PCS,,,1.000,16.50,0.00,16.50,12.70,3.80,0.00,Dine in,POS 2,Route 98 - Minimart,Owner,,,,Closed
12/09/2026 16:33,2-0698,Sale,FOOD,10319,EAGLE BROWN SUGAR 250G,,,1.000,24.00,0.00,24.00,20.00,4.00,0.00,Dine in,POS 2,Route 98 - Minimart,Owner,,,,Closed
12/09/2026 16:33,2-0698,Sale,FOOD,10171,ENERGEN VNLA,,,2.000,23.96,0.00,23.96,17.30,6.66,0.00,Dine in,POS 2,Route 98 - Minimart,Owner,,,,Closed
12/09/2026 16:33,2-0698,Sale,BATH ESSENTIALS,980000020,PANTENE SHAMPOO TOTAL DAMAGE CARE,,,1.000,8.98,0.00,8.98,6.84,2.14,0.00,Dine in,POS 2,Route 98 - Minimart,Owner,,,,Closed
12/09/2026 16:27,2-0697,Sale,DRINKS,10107,COCA COLA 290ML,,,2.000,40.00,0.00,40.00,33.00,7.00,0.00,Dine in,POS 2,Route 98 - Minimart,Owner,,,,Closed
12/09/2026 16:27,2-0697,Sale,,98000110,MIGHTY PULA  STICK,,,1.000,10.00,0.00,10.00,8.02,1.98,0.00,Dine in,POS 2,Route 98 - Minimart,Owner,,,,Closed
12/09/2026 15:25,2-0696,Sale,,98000110,MIGHTY PULA  STICK,,,1.000,10.00,0.00,10.00,8.02,1.98,0.00,Dine in,POS 2,Route 98 - Minimart,Owner,,,,Closed
12/09/2026 13:19,2-0695,Sale,DRINKS,10274,ALFONSO LIGHT 1L,,,2.000,639.96,0.00,639.96,556.92,83.04,0.00,Dine in,POS 2,Route 98 - Minimart,Owner,,,,Closed
12/09/2026 13:19,2-0695,Sale,ICE,10298,ICE CUBE 1KG,,,2.000,50.00,0.00,50.00,26.00,24.00,0.00,Dine in,POS 2,Route 98 - Minimart,Owner,,,,Closed
12/09/2026 13:19,2-0695,Sale,,10235,"#misc",,,1.000,4.00,0.00,4.00,0.00,4.00,0.00,Dine in,POS 2,Route 98 - Minimart,Owner,,,,Closed
12/09/2026 11:46,2-0694,Sale,DRINKS,98000108,VITAMILK(DOUBLECHOCO) 300ML,,,2.000,70.00,0.00,70.00,59.00,11.00,0.00,Dine in,POS 2,Route 98 - Minimart,Owner,,,,Closed
12/09/2026 01:54,2-0693,Sale,DRINKS,10275,MOUNTAIN DEW 1.5L,,,1.000,72.00,0.00,72.00,62.00,10.00,0.00,Dine in,POS 2,Route 98 - Minimart,Owner,,,,Closed
12/09/2026 01:54,2-0693,Sale,DRINKS,98000046,COCA COLA 1.75L,,,1.000,84.75,0.00,84.75,61.67,23.08,0.00,Dine in,POS 2,Route 98 - Minimart,Owner,,,,Closed
12/09/2026 01:54,2-0693,Sale,DRINKS,10111,LIFT BERRY BOLT 320,,,1.000,18.00,0.00,18.00,14.17,3.83,0.00,Dine in,POS 2,Route 98 - Minimart,Owner,,,,Closed
12/09/2026 01:51,2-0692,Sale,DRINKS,10111,LIFT BERRY BOLT 320,,,1.000,18.00,0.00,18.00,14.17,3.83,0.00,Dine in,POS 2,Route 98 - Minimart,Owner,,,,Closed
12/09/2026 01:51,2-0692,Sale,SNACKS,10152,MOBY CARAMEL,,,1.000,11.00,0.00,11.00,8.25,2.75,0.00,Dine in,POS 2,Route 98 - Minimart,Owner,,,,Closed
12/09/2026 01:51,2-0692,Sale,ICE,10298,ICE CUBE 1KG,,,1.000,25.00,0.00,25.00,13.00,12.00,0.00,Dine in,POS 2,Route 98 - Minimart,Owner,,,,Closed
12/09/2026 01:51,2-0692,Sale,ICE,10300,ICE CUBE 3KG,,,2.000,90.00,0.00,90.00,66.00,24.00,0.00,Dine in,POS 2,Route 98 - Minimart,Owner,,,,Closed
12/09/2026 01:48,2-0691,Sale,SNACKS,10140,OISHI RINBEE,,,1.000,9.00,0.00,9.00,7.50,1.50,0.00,Dine in,POS 2,Route 98 - Minimart,Owner,,,,Closed
12/09/2026 01:48,2-0691,Sale,SNACKS,10154,PEEWEE SPICY CHILI 25G,,,1.000,10.98,0.00,10.98,8.25,2.73,0.00,Dine in,POS 2,Route 98 - Minimart,Owner,,,,Closed
12/09/2026 01:48,2-0691,Sale,SNACKS,10213,MAGIC CREAMS CHOCO,,,2.000,18.00,0.00,18.00,11.10,6.90,0.00,Dine in,POS 2,Route 98 - Minimart,Owner,,,,Closed
12/09/2026 01:48,2-0691,Sale,,10384,PREMIER PURIFIED WATER 500ML,,,1.000,15.00,0.00,15.00,9.67,5.33,0.00,Dine in,POS 2,Route 98 - Minimart,Owner,,,,Closed
11/09/2026 22:03,2-0690,Sale,ICE CREAM 🍦,10344,CREAMLINE PINIPIG CHOCOLATE 70ML,,,2.000,39.96,0.00,39.96,32.30,7.66,0.00,Dine in,POS 2,Route 98 - Minimart,Owner,,,,Closed
11/09/2026 21:31,2-0689,Sale,DRINKS,10241,COBRA ASTIG 330ML,,,1.000,25.00,0.00,25.00,20.00,5.00,0.00,Dine in,POS 2,Route 98 - Minimart,Owner,,,,Closed
11/09/2026 21:11,2-0688,Sale,FOOD,10234,LA MIA TUNA FLKSNOIL,,,2.000,76.00,0.00,76.00,66.36,9.64,0.00,Dine in,POS 2,Route 98 - Minimart,Owner,,,,Closed
11/09/2026 21:11,2-0688,Sale,FOOD,10071,HOLIDAY LUNCHEON MEAT,,,2.000,76.00,0.00,76.00,0.00,76.00,0.00,Dine in,POS 2,Route 98 - Minimart,Owner,,,,Closed
11/09/2026 21:11,2-0688,Sale,FOOD,10070,HOLIDAY VIENNA SAUSAGE,,,2.000,90.00,0.00,90.00,0.00,90.00,0.00,Dine in,POS 2,Route 98 - Minimart,Owner,,,,Closed
11/09/2026 21:11,2-0688,Sale,FOOD,10260,HOLIDAY BEEF LOAF,,,2.000,50.00,0.00,50.00,42.00,8.00,0.00,Dine in,POS 2,Route 98 - Minimart,Owner,,,,Closed
11/09/2026 21:11,2-0688,Sale,FOOD,10415,NESTEA APPLE,,,4.000,102.00,0.00,102.00,78.60,23.40,0.00,Dine in,POS 2,Route 98 - Minimart,Owner,,,,Closed
11/09/2026 21:11,2-0688,Sale,FOOD,10171,ENERGEN VNLA,,,3.000,35.94,0.00,35.94,25.95,9.99,0.00,Dine in,POS 2,Route 98 - Minimart,Owner,,,,Closed
11/09/2026 21:11,2-0688,Sale,FOOD,10172,ENERGEN CHOCO,,,3.000,36.00,0.00,36.00,25.35,10.65,0.00,Dine in,POS 2,Route 98 - Minimart,Owner,,,,Closed
11/09/2026 21:11,2-0688,Sale,FOOD,10189,NESCAFE STICK,,,8.000,40.00,0.00,40.00,26.00,14.00,0.00,Dine in,POS 2,Route 98 - Minimart,Owner,,,,Closed
11/09/2026 21:11,2-0688,Sale,FOOD,10128,NESCAFE ORIGINAL TWIN PACK,,,4.000,68.00,0.00,68.00,56.00,12.00,0.00,Dine in,POS 2,Route 98 - Minimart,Owner,,,,Closed
11/09/2026 21:11,2-0688,Sale,FOOD,10127,NESCAFE CREAMY WHITE TWIN PACK,,,4.000,68.00,0.00,68.00,56.00,12.00,0.00,Dine in,POS 2,Route 98 - Minimart,Owner,,,,Closed
11/09/2026 20:49,2-0687,Sale,DRINKS,10257,SUMMIT (1000ML),,,1.000,25.00,0.00,25.00,0.00,25.00,0.00,Dine in,POS 2,Route 98 - Minimart,Owner,,,,Closed
11/09/2026 20:49,2-0686,Sale,SNACKS,10155,DINGDONG MIXED NUT 30G,,,3.000,30.00,0.00,30.00,20.25,9.75,0.00,Dine in,POS 2,Route 98 - Minimart,Owner,,,,Closed
11/09/2026 20:49,2-0686,Sale,SNACKS,10203,NIPS PEANUT 14G,,,1.000,8.00,0.00,8.00,5.87,2.13,0.00,Dine in,POS 2,Route 98 - Minimart,Owner,,,,Closed
11/09/2026 20:49,2-0686,Sale,FOOD,10243,NIPS WHITE CHOCO 14G,,,1.000,8.00,0.00,8.00,0.00,8.00,0.00,Dine in,POS 2,Route 98 - Minimart,Owner,,,,Closed
11/09/2026 20:49,2-0686,Sale,,98000112,MIGHTY PUTI STICK,,,1.000,10.00,0.00,10.00,8.02,1.98,0.00,Dine in,POS 2,Route 98 - Minimart,Owner,,,,Closed
11/09/2026 20:47,2-0685,Sale,SNACKS,10266,CHIZ CURLS 18G,,,1.000,9.75,0.00,9.75,7.25,2.50,0.00,Dine in,POS 2,Route 98 - Minimart,Owner,,,,Closed
11/09/2026 20:47,2-0685,Sale,SNACKS,98000072,FISH CRACKERS 24G,,,1.000,10.00,0.00,10.00,7.40,2.60,0.00,Dine in,POS 2,Route 98 - Minimart,Owner,,,,Closed
11/09/2026 20:47,2-0685,Sale,SNACKS,10231,CLOUD 9 CLASSIC,,,1.000,10.00,0.00,10.00,6.35,3.65,0.00,Dine in,POS 2,Route 98 - Minimart,Owner,,,,Closed
11/09/2026 20:47,2-0685,Sale,SNACKS,10227,PIATTOS ROADHOUSE BBQ 85G,,,1.000,38.50,0.00,38.50,33.22,5.28,0.00,Dine in,POS 2,Route 98 - Minimart,Owner,,,,Closed
11/09/2026 20:47,2-0685,Sale,SNACKS,10202,PIATTOS CHEESE 85G,,,1.000,38.50,0.00,38.50,33.22,5.28,0.00,Dine in,POS 2,Route 98 - Minimart,Owner,,,,Closed
11/09/2026 20:47,2-0685,Sale,SNACKS,10220,PIATTOS SOUR CREAM 85G,,,1.000,38.50,0.00,38.50,28.80,9.70,0.00,Dine in,POS 2,Route 98 - Minimart,Owner,,,,Closed
11/09/2026 20:47,2-0685,Sale,,98000110,MIGHTY PULA  STICK,,,2.000,20.00,0.00,20.00,16.04,3.96,0.00,Dine in,POS 2,Route 98 - Minimart,Owner,,,,Closed
11/09/2026 20:47,2-0685,Sale,DRINKS,98000078,POCARI SWEAT 350ML,,,1.000,45.00,0.00,45.00,34.25,10.75,0.00,Dine in,POS 2,Route 98 - Minimart,Owner,,,,Closed
11/09/2026 20:47,2-0685,Sale,DRINKS,10239,MOUNTAIN DEW (290ML),,,2.000,40.00,0.00,40.00,32.70,7.30,0.00,Dine in,POS 2,Route 98 - Minimart,Owner,,,,Closed
11/09/2026 20:47,2-0685,Sale,SNACKS,10231,CLOUD 9 CLASSIC,,,2.000,20.00,0.00,20.00,12.70,7.30,0.00,Dine in,POS 2,Route 98 - Minimart,Owner,,,,Closed
11/09/2026 17:40,2-0681,Sale,FEMININE CARE,10033,SISTERS NIGHT PLUS W/ WINGS 8PCS,,,1.000,40.00,0.00,40.00,0.00,40.00,0.00,Dine in,POS 2,Route 98 - Minimart,Owner,,,,Closed
11/09/2026 17:40,2-0681,Sale,SNACKS,10138,CHEEZ IT,,,1.000,10.00,0.00,10.00,8.25,1.75,0.00,Dine in,POS 2,Route 98 - Minimart,Owner,,,,Closed
11/09/2026 17:40,2-0681,Sale,SNACKS,10219,MR CHIPS MANAMIS MAIS 45G,,,1.000,12.50,0.00,12.50,8.19,4.31,0.00,Dine in,POS 2,Route 98 - Minimart,Owner,,,,Closed
11/09/2026 17:40,2-0681,Sale,SNACKS,10392,DINGDONG SNACK MIX SWEET&SPICY 100G,,,1.000,30.00,0.00,30.00,26.00,4.00,0.00,Dine in,POS 2,Route 98 - Minimart,Owner,,,,Closed
11/09/2026 17:35,2-0680,Sale,DRINKS,10253,STING 290ML,,,1.000,25.00,0.00,25.00,16.75,8.25,0.00,Dine in,POS 2,Route 98 - Minimart,Owner,,,,Closed
11/09/2026 17:15,2-0679,Sale,DRINKS,10383,ROYAL 1.75L,,,1.000,84.75,0.00,84.75,61.67,23.08,0.00,Dine in,POS 2,Route 98 - Minimart,Owner,,,,Closed
11/09/2026 16:46,2-0678,Sale,FOOD,10405,GREAT TASTE PREMIUM CLASSIC PACK,,,1.000,127.00,0.00,127.00,97.56,29.44,0.00,Dine in,POS 2,Route 98 - Minimart,Owner,,,,Closed
11/09/2026 16:41,2-0677,Sale,,10385Q,TROPICANA TWISTER ORANGE,,,1.000,30.00,0.00,30.00,25.37,4.63,0.00,Dine in,POS 2,Route 98 - Minimart,Owner,,,,Closed
11/09/2026 16:41,2-0677,Sale,ICE CREAM 🍦,10344,CREAMLINE PINIPIG CHOCOLATE 70ML,,,1.000,19.98,0.00,19.98,16.15,3.83,0.00,Dine in,POS 2,Route 98 - Minimart,Owner,,,,Closed
11/09/2026 16:41,2-0677,Sale,FOOD,10333,MONDE SPECIAL MAMON,,,1.000,29.98,0.00,29.98,16.00,13.98,0.00,Dine in,POS 2,Route 98 - Minimart,Owner,,,,Closed
11/09/2026 16:20,2-0676,Sale,DRINKS,98000046,COCA COLA 1.75L,,,1.000,84.75,0.00,84.75,61.67,23.08,0.00,Dine in,POS 2,Route 98 - Minimart,Owner,,,,Closed
11/09/2026 16:20,2-0676,Sale,CIGARETTE,98000117,WINSTON RED STICK,,,8.000,96.00,0.00,96.00,72.80,23.20,0.00,Dine in,POS 2,Route 98 - Minimart,Owner,,,,Closed
11/09/2026 16:16,2-0675,Sale,DRINKS,98000052,C2 GREEN TEA LEMON 335ML,,,1.000,28.75,0.00,28.75,22.09,6.66,0.00,Dine in,POS 2,Route 98 - Minimart,Owner,,,,Closed
11/09/2026 16:16,2-0675,Sale,SNACKS,10272,PILLOWS CHOCO 38G,,,1.000,12.00,0.00,12.00,9.00,3.00,0.00,Dine in,POS 2,Route 98 - Minimart,Owner,,,,Closed
11/09/2026 16:16,2-0675,Sale,SNACKS,10138,CHEEZ IT,,,1.000,10.00,0.00,10.00,8.25,1.75,0.00,Dine in,POS 2,Route 98 - Minimart,Owner,,,,Closed
11/09/2026 16:16,2-0675,Sale,SNACKS,98000068,FUN SIZE! PIATTOS CHEESE 18G,,,1.000,10.50,0.00,10.50,6.66,3.84,0.00,Dine in,POS 2,Route 98 - Minimart,Owner,,,,Closed
11/09/2026 16:16,2-0675,Sale,DRINKS,10109,COCA COLA 190ML,,,1.000,15.00,0.00,15.00,11.00,4.00,0.00,Dine in,POS 2,Route 98 - Minimart,Owner,,,,Closed
11/09/2026 16:07,2-0674,Sale,SNACKS,10222,OVERLOAD BLKFRST,,,2.000,20.00,0.00,20.00,15.84,4.16,0.00,Dine in,POS 2,Route 98 - Minimart,Owner,,,,Closed
11/09/2026 16:05,2-0673,Sale,ICE CREAM 🍦,10347,CREAMLINE BAR UBE QUESO PASTILLAS,,,1.000,16.75,0.00,16.75,11.60,5.15,0.00,Dine in,POS 2,Route 98 - Minimart,Owner,,,,Closed
11/09/2026 16:05,2-0673,Sale,ICE CREAM 🍦,10346,CREAMLINE BAR COOKIES & CREAM,,,1.000,16.75,0.00,16.75,11.60,5.15,0.00,Dine in,POS 2,Route 98 - Minimart,Owner,,,,Closed
11/09/2026 16:05,2-0673,Sale,ICE CREAM 🍦,10354,CREAMLINE COOLERS MANGO 70ML,,,1.000,14.00,0.00,14.00,9.90,4.10,0.00,Dine in,POS 2,Route 98 - Minimart,Owner,,,,Closed
11/09/2026 16:05,2-0673,Sale,ICE CREAM 🍦,10381,CREAMLINE COOLERS CHOCOLATE 50ML,,,1.000,14.00,0.00,14.00,9.90,4.10,0.00,Dine in,POS 2,Route 98 - Minimart,Owner,,,,Closed
11/09/2026 16:05,2-0673,Sale,SNACKS,98000126,NISSIN BUTTER COCONUT 28G,,,1.000,8.00,0.00,8.00,5.55,2.45,0.00,Dine in,POS 2,Route 98 - Minimart,Owner,,,,Closed
11/09/2026 16:05,2-0673,Sale,SNACKS,10222,OVERLOAD BLKFRST,,,1.000,10.00,0.00,10.00,7.92,2.08,0.00,Dine in,POS 2,Route 98 - Minimart,Owner,,,,Closed
11/09/2026 16:05,2-0673,Sale,SNACKS,10214,MAGIC CREAMS BUTTER,,,1.000,9.00,0.00,9.00,5.55,3.45,0.00,Dine in,POS 2,Route 98 - Minimart,Owner,,,,Closed
11/09/2026 14:15,2-0672,Sale,SNACKS,10231,CLOUD 9 CLASSIC,,,1.000,10.00,0.00,10.00,6.35,3.65,0.00,Dine in,POS 2,Route 98 - Minimart,Owner,,,,Closed
11/09/2026 13:40,2-0671,Sale,SNACKS,98000057,NOVA HOMESTYLE BBQ 38G,,,1.000,18.25,0.00,18.25,14.00,4.25,0.00,Dine in,POS 2,Route 98 - Minimart,Owner,,,,Closed
11/09/2026 13:38,2-0670,Sale,SNACKS,10227,PIATTOS ROADHOUSE BBQ 85G,,,1.000,38.50,0.00,38.50,33.22,5.28,0.00,Dine in,POS 2,Route 98 - Minimart,Owner,,,,Closed
11/09/2026 13:38,2-0670,Sale,SNACKS,10155,DINGDONG MIXED NUT 30G,,,1.000,10.00,0.00,10.00,6.75,3.25,0.00,Dine in,POS 2,Route 98 - Minimart,Owner,,,,Closed
11/09/2026 13:29,2-0669,Sale,SNACKS,10272,PILLOWS CHOCO 38G,,,1.000,12.00,0.00,12.00,9.00,3.00,0.00,Dine in,POS 2,Route 98 - Minimart,Owner,,,,Closed
11/09/2026 13:29,2-0669,Sale,,10385,TROPICANA TWISTER ORANGE,,,1.000,30.00,0.00,30.00,25.37,4.63,0.00,Dine in,POS 2,Route 98 - Minimart,Owner,,,,Closed
11/09/2026 13:29,2-0669,Sale,ICE CREAM 🍦,10364,CREAMLINE CUP CHOCO MUD PIE 210ML,,,1.000,29.50,0.00,29.50,23.44,6.06,0.00,Dine in,POS 2,Route 98 - Minimart,Owner,,,,Closed
11/09/2026 13:29,2-0669,Sale,ICE CREAM 🍦,10370,CREAMLINE MINI CUP UBE 75ML,,,1.000,19.98,0.00,19.98,12.70,7.28,0.00,Dine in,POS 2,Route 98 - Minimart,Owner,,,,Closed
11/09/2026 13:29,2-0669,Sale,ICE CREAM 🍦,10369,CREAMLINE MINI CUP CHOCO MARBLE 75ML,,,1.000,19.98,0.00,19.98,12.70,7.28,0.00,Dine in,POS 2,Route 98 - Minimart,Owner,,,,Closed
11/09/2026 13:29,2-0669,Sale,SNACKS,10195,MAGIC CHIPS CHEESE,,,2.000,18.00,0.00,18.00,12.44,5.56,0.00,Dine in,POS 2,Route 98 - Minimart,Owner,,,,Closed
11/09/2026 13:29,2-0669,Sale,ICE CREAM 🍦,10340,CREAMLINE JUMBO CONE COOKIES & CREAM 140ML,,,1.000,29.98,0.00,29.98,24.10,5.88,0.00,Dine in,POS 2,Route 98 - Minimart,Owner,,,,Closed
11/09/2026 13:29,2-0669,Sale,SNACKS,10220,PIATTOS SOUR CREAM 85G,,,1.000,38.50,0.00,38.50,28.80,9.70,0.00,Dine in,POS 2,Route 98 - Minimart,Owner,,,,Closed
11/09/2026 13:17,2-0668,Sale,Cleaning/Laundry Supplies,10008,ZONROX ORIG 100,,,1.000,12.00,0.00,12.00,0.00,12.00,0.00,Dine in,POS 2,Route 98 - Minimart,Owner,,,,Closed
11/09/2026 13:17,2-0668,Sale,Cleaning/Laundry Supplies,980000029,DOWNY PASSION 26ML,,,1.000,8.98,0.00,8.98,6.23,2.75,0.00,Dine in,POS 2,Route 98 - Minimart,Owner,,,,Closed
11/09/2026 13:17,2-0668,Sale,FOOD,10067,SAN MARINO CHILI CORNED TUNA,,,1.000,44.00,0.00,44.00,0.00,44.00,0.00,Dine in,POS 2,Route 98 - Minimart,Owner,,,,Closed
11/09/2026 13:17,2-0668,Sale,FOOD,10233,LA MIA TUNA AFRTDA,,,1.000,38.00,0.00,38.00,33.18,4.82,0.00,Dine in,POS 2,Route 98 - Minimart,Owner,,,,Closed
11/09/2026 13:17,2-0668,Sale,SNACKS,10215,MANG JUAN SUKAT SILI 90G,,,1.000,29.75,0.00,29.75,22.50,7.25,0.00,Dine in,POS 2,Route 98 - Minimart,Owner,,,,Closed
11/09/2026 13:14,2-0667,Sale,DRINKS,10113,NUTRIBOOST STRWBRRY 110,,,1.000,15.00,0.00,15.00,0.00,15.00,0.00,Dine in,POS 2,Route 98 - Minimart,Owner,,,,Closed
11/09/2026 13:14,2-0667,Sale,DRINKS,98000108,VITAMILK(DOUBLECHOCO) 300ML,,,1.000,35.00,0.00,35.00,29.50,5.50,0.00,Dine in,POS 2,Route 98 - Minimart,Owner,,,,Closed
11/09/2026 13:14,2-0667,Sale,DRINKS,10112,NUTRIBOOST CHOCO 110,,,1.000,15.00,0.00,15.00,0.00,15.00,0.00,Dine in,POS 2,Route 98 - Minimart,Owner,,,,Closed
11/09/2026 12:53,2-0666,Sale,SNACKS,10390Q,TATTOOS CORN CHIPS BBQ 58G,,,1.000,12.25,0.00,12.25,7.65,4.60,0.00,Dine in,POS 2,Route 98 - Minimart,Owner,,,,Closed
11/09/2026 12:40,2-0665,Sale,SNACKS,10161,TATTOOS CORN CHIPS CHEESE 58G,,,1.000,12.25,0.00,12.25,10.50,1.75,0.00,Dine in,POS 2,Route 98 - Minimart,Owner,,,,Closed
11/09/2026 12:40,2-0665,Sale,DRINKS,10257,SUMMIT (1000ML),,,1.000,25.00,0.00,25.00,0.00,25.00,0.00,Dine in,POS 2,Route 98 - Minimart,Owner,,,,Closed
11/09/2026 11:47,2-0664,Sale,FOOD,10201,OSAKA SARDINES,,,1.000,27.00,0.00,27.00,23.39,3.61,0.00,Dine in,POS 2,Route 98 - Minimart,Owner,,,,Closed
11/09/2026 11:40,2-0663,Sale,DRINKS,980000055,C2 GREEN TEA LEMON 1L,,,1.000,57.75,0.00,57.75,44.42,13.33,0.00,Dine in,POS 2,Route 98 - Minimart,Owner,,,,Closed
11/09/2026 11:35,2-0662,Sale,DRINKS,10113,NUTRIBOOST STRWBRRY 110,,,2.000,30.00,0.00,30.00,0.00,30.00,0.00,Dine in,POS 2,Route 98 - Minimart,Owner,,,,Closed
11/09/2026 11:35,2-0662,Sale,DRINKS,10129,C2 SOLO APPLE 230ML,,,2.000,34.00,0.00,34.00,23.58,10.42,0.00,Dine in,POS 2,Route 98 - Minimart,Owner,,,,Closed
11/09/2026 10:37,2-0661,Sale,FOOD,10260,HOLIDAY BEEF LOAF,,,1.000,25.00,0.00,25.00,21.00,4.00,0.00,Dine in,POS 2,Route 98 - Minimart,Owner,,,,Closed
11/09/2026 10:37,2-0661,Sale,SNACKS,10130,OISHI CRACKLINGS,,,1.000,9.00,0.00,9.00,7.50,1.50,0.00,Dine in,POS 2,Route 98 - Minimart,Owner,,,,Closed
11/09/2026 10:37,2-0661,Sale,SNACKS,10146,CRISPY PATATA 24G,,,1.000,9.98,0.00,9.98,7.75,2.23,0.00,Dine in,POS 2,Route 98 - Minimart,Owner,,,,Closed
11/09/2026 10:37,2-0661,Sale,SNACKS,10088,OISHI Potato Fries,,,3.000,27.00,0.00,27.00,22.50,4.50,0.00,Dine in,POS 2,Route 98 - Minimart,Owner,,,,Closed
11/09/2026 10:35,2-0660,Sale,DRINKS,98000097,COBRA RISE ENERGY PO  290ML,,,1.000,21.50,0.00,21.50,15.83,5.67,0.00,Dine in,POS 2,Route 98 - Minimart,Owner,,,,Closed
11/09/2026 10:30,2-0659,Sale,FOOD,10332,LEMON SQUARE LAVA CAKE,,,3.000,29.94,0.00,29.94,23.40,6.54,0.00,Dine in,POS 2,Route 98 - Minimart,Owner,,,,Closed
11/09/2026 10:30,2-0659,Sale,SNACKS,10179,HAPPY CLASSIC,,,4.000,8.00,0.00,8.00,0.00,8.00,0.00,Dine in,POS 2,Route 98 - Minimart,Owner,,,,Closed
11/09/2026 10:30,2-0659,Sale,DRINKS,98000037,SAN MIGUEL LIGHT 330ML,,,1.000,54.50,0.00,54.50,43.75,10.75,0.00,Dine in,POS 2,Route 98 - Minimart,Owner,,,,Closed
11/09/2026 10:30,2-0659,Sale,DRINKS,10109,COCA COLA 190ML,,,1.000,15.00,0.00,15.00,11.00,4.00,0.00,Dine in,POS 2,Route 98 - Minimart,Owner,,,,Closed
11/09/2026 10:30,2-0659,Sale,DRINKS,98000053,C2 SOLO LEMON 230ML,,,1.000,17.00,0.00,17.00,15.32,1.68,0.00,Dine in,POS 2,Route 98 - Minimart,Owner,,,,Closed
11/09/2026 10:30,2-0659,Sale,DRINKS,10253,STING 290ML,,,1.000,25.00,0.00,25.00,16.75,8.25,0.00,Dine in,POS 2,Route 98 - Minimart,Owner,,,,Closed
11/09/2026 00:25,2-0658,Sale,SNACKS,10152,MOBY CARAMEL,,,1.000,11.00,0.00,11.00,8.25,2.75,0.00,Dine in,POS 2,Route 98 - Minimart,Owner,,,,Closed
11/09/2026 00:25,2-0658,Sale,SNACKS,10387,PEEWEE SIZZLING BARBEQUE 25G,,,1.000,10.98,0.00,10.98,8.25,2.73,0.00,Dine in,POS 2,Route 98 - Minimart,Owner,,,,Closed
11/09/2026 00:25,2-0658,Sale,DRINKS,98000051,C2 GREEN TEA APPLE 335ML,,,1.000,28.75,0.00,28.75,22.08,6.67,0.00,Dine in,POS 2,Route 98 - Minimart,Owner,,,,Closed
11/09/2026 00:25,2-0658,Sale,DRINKS,98000052,C2 GREEN TEA LEMON 335ML,,,1.000,28.75,0.00,28.75,22.09,6.66,0.00,Dine in,POS 2,Route 98 - Minimart,Owner,,,,Closed
11/09/2026 00:23,2-0684,Sale,DRINKS,10129,C2 SOLO APPLE 230ML,,,3.000,51.00,0.00,51.00,35.37,15.63,0.00,Dine in,POS 2,Route 98 - Minimart,Owner,,,,Closed
11/09/2026 00:20,2-0683,Sale,ICE CREAM 🍦,10347,CREAMLINE BAR UBE QUESO PASTILLAS,,,1.000,16.75,0.00,16.75,11.60,5.15,0.00,Dine in,POS 2,Route 98 - Minimart,Owner,,,,Closed
11/09/2026 00:03,2-0682,Sale,SNACKS,10404,OISHI FISH CRACKERS 90G,,,1.000,33.50,0.00,33.50,25.65,7.85,0.00,Dine in,POS 2,Route 98 - Minimart,Owner,,,,Closed
11/09/2026 00:03,2-0682,Sale,CIGARETTE,98000117,WINSTON RED STICK,,,2.000,24.00,0.00,24.00,18.20,5.80,0.00,Dine in,POS 2,Route 98 - Minimart,Owner,,,,Closed
10/09/2026 22:46,2-0657,Sale,FOOD,10041,MISUA PACK 12S,,,1.000,52.00,0.00,52.00,0.00,52.00,0.00,Dine in,POS 2,Route 98 - Minimart,Owner,,,,Closed
10/09/2026 22:46,2-0657,Sale,HOME ESSENTIALS,10382@,MAGIC SARAP SACHET,,,6.000,42.00,0.00,42.00,30.00,12.00,0.00,Dine in,POS 2,Route 98 - Minimart,Owner,,,,Closed
10/09/2026 22:46,2-0657,Sale,FOOD,98000084,KINGS LONGKOU VERMICELLI 200G,,,1.000,45.00,0.00,45.00,33.33,11.67,0.00,Dine in,POS 2,Route 98 - Minimart,Owner,,,,Closed
10/09/2026 22:23,2-0656,Sale,,98000110,MIGHTY PULA  STICK,,,5.000,50.00,0.00,50.00,40.10,9.90,0.00,Dine in,POS 2,Route 98 - Minimart,Owner,,,,Closed
10/09/2026 22:18,2-0655,Sale,SNACKS,98000059,NOVA COUNTRY CHEDDAR 78G,,,2.000,77.00,0.00,77.00,59.10,17.90,0.00,Dine in,POS 2,Route 98 - Minimart,Owner,,,,Closed
10/09/2026 22:18,2-0655,Sale,DRINKS,10083,RED HORSE 500,,,4.000,300.00,0.00,300.00,240.00,60.00,0.00,Dine in,POS 2,Route 98 - Minimart,Owner,,,,Closed
10/09/2026 22:18,2-0655,Sale,DRINKS,10085,SM FLAVORED BEER APPLE,,,2.000,106.00,0.00,106.00,82.00,24.00,0.00,Dine in,POS 2,Route 98 - Minimart,Owner,,,,Closed
10/09/2026 22:18,2-0655,Sale,DRINKS,10275,MOUNTAIN DEW 1.5L,,,1.000,72.00,0.00,72.00,62.00,10.00,0.00,Dine in,POS 2,Route 98 - Minimart,Owner,,,,Closed
10/09/2026 22:10,2-0654,Sale,,98000110,MIGHTY PULA  STICK,,,2.000,20.00,0.00,20.00,16.04,3.96,0.00,Dine in,POS 2,Route 98 - Minimart,Owner,,,,Closed
10/09/2026 22:02,2-0653,Sale,FOOD,10221,GREAT TASTE CHOCO,,,1.000,15.00,0.00,15.00,12.50,2.50,0.00,Dine in,POS 2,Route 98 - Minimart,Owner,,,,Closed
10/09/2026 21:56,2-0652,Sale,CIGARETTE,98000117,WINSTON RED STICK,,,6.000,72.00,0.00,72.00,54.60,17.40,0.00,Dine in,POS 2,Route 98 - Minimart,Owner,,,,Closed
10/09/2026 21:54,2-0651,Sale,FOOD,10066,SAN MARINO CORNED TUNA,,,2.000,88.00,0.00,88.00,0.00,88.00,0.00,Dine in,POS 2,Route 98 - Minimart,Owner,,,,Closed
10/09/2026 21:54,2-0651,Sale,FOOD,10071,HOLIDAY LUNCHEON MEAT,,,2.000,76.00,0.00,76.00,0.00,76.00,0.00,Dine in,POS 2,Route 98 - Minimart,Owner,,,,Closed
10/09/2026 21:54,2-0651,Sale,FOOD,10260,HOLIDAY BEEF LOAF,,,2.000,50.00,0.00,50.00,42.00,8.00,0.00,Dine in,POS 2,Route 98 - Minimart,Owner,,,,Closed
10/09/2026 21:54,2-0651,Sale,FOOD,10036,HOLIDAY P&B 170G,,,2.000,46.00,0.00,46.00,0.00,46.00,0.00,Dine in,POS 2,Route 98 - Minimart,Owner,,,,Closed
10/09/2026 21:54,2-0651,Sale,FOOD,10321,LUCKYME MAC & CHEESE,,,4.000,115.92,0.00,115.92,97.00,18.92,0.00,Dine in,POS 2,Route 98 - Minimart,Owner,,,,Closed
10/09/2026 21:54,2-0651,Sale,DRINKS,10253,STING 290ML,,,1.000,25.00,0.00,25.00,16.75,8.25,0.00,Dine in,POS 2,Route 98 - Minimart,Owner,,,,Closed
10/09/2026 21:37,2-0650,Sale,CIGARETTE,98000117,WINSTON RED STICK,,,2.000,24.00,0.00,24.00,18.20,5.80,0.00,Dine in,POS 2,Route 98 - Minimart,Owner,,,,Closed
10/09/2026 21:37,2-0650,Sale,,98000116,WINSTON WHITE STICK,,,6.000,72.00,0.00,72.00,59.52,12.48,0.00,Dine in,POS 2,Route 98 - Minimart,Owner,,,,Closed
10/09/2026 21:25,2-0649,Sale,SNACKS,10148,MR. CHIPS  NACHO CHEEZE 4G,,,1.000,9.75,0.00,9.75,5.45,4.30,0.00,Dine in,POS 2,Route 98 - Minimart,Owner,,,,Closed
10/09/2026 21:25,2-0649,Sale,CIGARETTE,98000117,WINSTON RED STICK,,,3.000,36.00,0.00,36.00,27.30,8.70,0.00,Dine in,POS 2,Route 98 - Minimart,Owner,,,,Closed
10/09/2026 21:14,2-0648,Sale,CIGARETTE,98000117,WINSTON RED STICK,,,3.000,36.00,0.00,36.00,27.30,8.70,0.00,Dine in,POS 2,Route 98 - Minimart,Owner,,,,Closed
10/09/2026 21:14,2-0648,Sale,,10235,"#misc",,,1.000,12.00,0.00,12.00,0.00,12.00,0.00,Dine in,POS 2,Route 98 - Minimart,Owner,,,,Closed
10/09/2026 20:09,2-0647,Sale,SNACKS,10317,CLOVER CHEESIER 24G,,,1.000,10.00,0.00,10.00,7.50,2.50,0.00,Dine in,POS 2,Route 98 - Minimart,Owner,,,,Closed
10/09/2026 20:09,2-0647,Sale,SNACKS,10145,PIATTOS SOUR CREAM 40G,,,1.000,18.50,0.00,18.50,15.75,2.75,0.00,Dine in,POS 2,Route 98 - Minimart,Owner,,,,Closed
10/09/2026 20:09,2-0647,Sale,SNACKS,98000064,PIATTOS ROADHOUSE BBQ 40G,,,1.000,18.50,0.00,18.50,13.80,4.70,0.00,Dine in,POS 2,Route 98 - Minimart,Owner,,,,Closed
10/09/2026 20:09,2-0647,Sale,SNACKS,10148,MR. CHIPS  NACHO CHEEZE 4G,,,1.000,9.75,0.00,9.75,5.45,4.30,0.00,Dine in,POS 2,Route 98 - Minimart,Owner,,,,Closed
10/09/2026 20:09,2-0647,Sale,SNACKS,98000058,TORTILLOS,,,1.000,9.00,0.00,9.00,6.50,2.50,0.00,Dine in,POS 2,Route 98 - Minimart,Owner,,,,Closed
10/09/2026 20:09,2-0647,Sale,,98000116,WINSTON WHITE STICK,,,3.000,36.00,0.00,36.00,29.76,6.24,0.00,Dine in,POS 2,Route 98 - Minimart,Owner,,,,Closed
10/09/2026 19:58,2-0646,Sale,DRINKS,10257,SUMMIT (1000ML),,,1.000,25.00,0.00,25.00,0.00,25.00,0.00,Dine in,POS 2,Route 98 - Minimart,Owner,,,,Closed
10/09/2026 19:58,2-0646,Sale,DRINKS,10239,MOUNTAIN DEW (290ML),,,1.000,20.00,0.00,20.00,16.35,3.65,0.00,Dine in,POS 2,Route 98 - Minimart,Owner,,,,Closed
10/09/2026 19:20,2-0645,Sale,DRINKS,98000047,WILKINS PURE 500,,,2.000,30.00,0.00,30.00,18.74,11.26,0.00,Dine in,POS 2,Route 98 - Minimart,Owner,,,,Closed
10/09/2026 18:37,2-0644,Sale,ICE CREAM 🍦,10347,CREAMLINE BAR UBE QUESO PASTILLAS,,,1.000,16.75,0.00,16.75,11.60,5.15,0.00,Dine in,POS 2,Route 98 - Minimart,Owner,,,,Closed
10/09/2026 18:24,2-0643,Sale,DRINKS,10253,STING 290ML,,,1.000,25.00,0.00,25.00,16.75,8.25,0.00,Dine in,POS 2,Route 98 - Minimart,Owner,,,,Closed
10/09/2026 18:24,2-0643,Sale,,98000112,MIGHTY PUTI STICK,,,1.000,10.00,0.00,10.00,8.02,1.98,0.00,Dine in,POS 2,Route 98 - Minimart,Owner,,,,Closed
10/09/2026 18:00,2-0642,Sale,DRINKS,10114,SPRITE 1.5L,,,1.000,75.00,0.00,75.00,0.00,75.00,0.00,Dine in,POS 2,Route 98 - Minimart,Owner,,,,Closed
10/09/2026 18:00,2-0642,Sale,CIGARETTE,98000117,WINSTON RED STICK,,,6.000,72.00,0.00,72.00,54.60,17.40,0.00,Dine in,POS 2,Route 98 - Minimart,Owner,,,,Closed
10/09/2026 16:47,2-0641,Sale,Cleaning/Laundry Supplies,10104,WINGS POWDER BLUE 57G,,,6.000,48.00,0.00,48.00,0.00,48.00,0.00,Dine in,POS 2,Route 98 - Minimart,Owner,,,,Closed
10/09/2026 16:47,2-0641,Sale,DRINKS,10238,GATORADE (BLUE BOLT) 500ML,,,1.000,48.00,0.00,48.00,42.00,6.00,0.00,Dine in,POS 2,Route 98 - Minimart,Owner,,,,Closed
10/09/2026 16:42,2-0640,Sale,SNACKS,98000064,PIATTOS ROADHOUSE BBQ 40G,,,1.000,18.50,0.00,18.50,13.80,4.70,0.00,Dine in,POS 2,Route 98 - Minimart,Owner,,,,Closed
10/09/2026 16:42,2-0640,Sale,FOOD,10221,GREAT TASTE CHOCO,,,1.000,15.00,0.00,15.00,12.50,2.50,0.00,Dine in,POS 2,Route 98 - Minimart,Owner,,,,Closed
10/09/2026 16:10,2-0639,Sale,ICE CREAM 🍦,10364,CREAMLINE CUP CHOCO MUD PIE 210ML,,,1.000,29.50,0.00,29.50,23.44,6.06,0.00,Dine in,POS 2,Route 98 - Minimart,Owner,,,,Closed
10/09/2026 16:10,2-0639,Sale,SNACKS,10148,MR. CHIPS  NACHO CHEEZE 4G,,,1.000,9.75,0.00,9.75,5.45,4.30,0.00,Dine in,POS 2,Route 98 - Minimart,Owner,,,,Closed
10/09/2026 16:09,2-0638,Sale,ICE CREAM 🍦,10363,CREAMLINE  CUP CHOCO MALLOW 210ML,,,1.000,29.50,0.00,29.50,23.44,6.06,0.00,Dine in,POS 2,Route 98 - Minimart,Owner,,,,Closed
10/09/2026 16:09,2-0638,Sale,SNACKS,10223,OVERLOAD CHOCO STRWBRRY,,,1.000,10.00,0.00,10.00,7.92,2.08,0.00,Dine in,POS 2,Route 98 - Minimart,Owner,,,,Closed
10/09/2026 16:09,2-0638,Sale,SNACKS,10222,OVERLOAD BLKFRST,,,1.000,10.00,0.00,10.00,7.92,2.08,0.00,Dine in,POS 2,Route 98 - Minimart,Owner,,,,Closed
10/09/2026 14:55,2-0637,Sale,FOOD,9800030,LUCKYME PANCITCANTON CHILIMANSI,,,2.000,32.00,0.00,32.00,26.00,6.00,0.00,Dine in,POS 2,Route 98 - Minimart,Owner,,,,Closed
10/09/2026 14:36,2-0636,Sale,DRINKS,10239,MOUNTAIN DEW (290ML),,,1.000,20.00,0.00,20.00,16.35,3.65,0.00,Dine in,POS 2,Route 98 - Minimart,Owner,,,,Closed
10/09/2026 14:32,2-0635,Sale,,98000110,MIGHTY PULA  STICK,,,2.000,20.00,0.00,20.00,16.04,3.96,0.00,Dine in,POS 2,Route 98 - Minimart,Owner,,,,Closed
10/09/2026 13:48,2-0634,Sale,,98000110,MIGHTY PULA  STICK,,,1.000,10.00,0.00,10.00,8.02,1.98,0.00,Dine in,POS 2,Route 98 - Minimart,Owner,,,,Closed
10/09/2026 13:44,2-0633,Sale,ICE CREAM 🍦,10349,CREAMLINE FROOTEES ORANGE 50ML,,,5.000,64.90,0.00,64.90,41.50,23.40,0.00,Dine in,POS 2,Route 98 - Minimart,Owner,,,,Closed
10/09/2026 13:44,2-0633,Sale,ICE CREAM 🍦,10350,CREAMLINE FROOTEES GRAPES 50ML,,,3.000,38.94,0.00,38.94,24.90,14.04,0.00,Dine in,POS 2,Route 98 - Minimart,Owner,,,,Closed
10/09/2026 13:44,2-0633,Sale,ICE CREAM 🍦,10365,CREAMLINE SUNDAE CHOCOLATE120ML,,,1.000,24.98,0.00,24.98,15.85,9.13,0.00,Dine in,POS 2,Route 98 - Minimart,Owner,,,,Closed
10/09/2026 13:44,2-0633,Sale,ICE CREAM 🍦,10367,CREAMLINE SUNDAE STRAWBERRY 120ML,,,1.000,24.98,0.00,24.98,15.85,9.13,0.00,Dine in,POS 2,Route 98 - Minimart,Owner,,,,Closed
10/09/2026 13:30,2-0632,Sale,ICE CREAM 🍦,10281,NOBRELLI CHOCO-KESO-UBE 1.3L,,,1.000,210.98,0.00,210.98,168.00,42.98,0.00,Dine in,POS 2,Route 98 - Minimart,Owner,,,,Closed
10/09/2026 13:30,2-0632,Sale,FOOD,10327,FITA SPREADZ,,,10.000,99.80,0.00,99.80,69.50,30.30,0.00,Dine in,POS 2,Route 98 - Minimart,Owner,,,,Closed
10/09/2026 13:18,2-0631,Sale,FOOD,10232,LA MIA TUNA HOTSPCY,,,1.000,38.00,0.00,38.00,33.18,4.82,0.00,Dine in,POS 2,Route 98 - Minimart,Owner,,,,Closed
10/09/2026 13:10,2-0630,Sale,DRINKS,98000046,COCA COLA 1.75L,,,1.000,84.75,0.00,84.75,61.67,23.08,0.00,Dine in,POS 2,Route 98 - Minimart,Owner,,,,Closed
10/09/2026 13:10,2-0630,Sale,CIGARETTE,98000117,WINSTON RED STICK,,,6.000,72.00,0.00,72.00,54.60,17.40,0.00,Dine in,POS 2,Route 98 - Minimart,Owner,,,,Closed
10/09/2026 11:30,2-0629,Sale,ICE CREAM 🍦,10338,CREAMLINE CONE CHOCO QUESO 110ML,,,1.000,23.25,0.00,23.25,18.25,5.00,0.00,Dine in,POS 2,Route 98 - Minimart,Owner,,,,Closed
10/09/2026 11:30,2-0629,Sale,ICE CREAM 🍦,10345,CREAMLINE BAR BUKO SALAD,,,1.000,16.75,0.00,16.75,11.60,5.15,0.00,Dine in,POS 2,Route 98 - Minimart,Owner,,,,Closed
10/09/2026 11:30,2-0629,Sale,ICE CREAM 🍦,10381,CREAMLINE COOLERS CHOCOLATE 50ML,,,1.000,14.00,0.00,14.00,9.90,4.10,0.00,Dine in,POS 2,Route 98 - Minimart,Owner,,,,Closed
10/09/2026 11:30,2-0629,Sale,,10197,CHICK BOY TEXAS BBQ 30G,,,1.000,11.98,0.00,11.98,10.00,1.98,0.00,Dine in,POS 2,Route 98 - Minimart,Owner,,,,Closed
10/09/2026 11:30,2-0629,Sale,,10235,"#misc",,,1.000,4.00,0.00,4.00,0.00,4.00,0.00,Dine in,POS 2,Route 98 - Minimart,Owner,,,,Closed
10/09/2026 01:32,2-0628,Sale,CIGARETTE,98000117,WINSTON RED STICK,,,1.000,12.00,0.00,12.00,9.10,2.90,0.00,Dine in,POS 2,Route 98 - Minimart,Owner,,,,Closed
10/09/2026 01:24,2-0627,Sale,FEMININE CARE,10033,SISTERS NIGHT PLUS W/ WINGS 8PCS,,,1.000,40.00,0.00,40.00,0.00,40.00,0.00,Dine in,POS 2,Route 98 - Minimart,Owner,,,,Closed
10/09/2026 01:23,2-0626,Sale,FOOD,10064,SILVER SWAN SUKA 200ML,,,2.000,22.00,0.00,22.00,0.00,22.00,0.00,Dine in,POS 2,Route 98 - Minimart,Owner,,,,Closed
10/09/2026 00:20,2-0625,Sale,DRINKS,10239,MOUNTAIN DEW (290ML),,,1.000,20.00,0.00,20.00,16.35,3.65,0.00,Dine in,POS 2,Route 98 - Minimart,Owner,,,,Closed
10/09/2026 00:07,2-0624,Sale,DRINKS,10253,STING 290ML,,,1.000,25.00,0.00,25.00,16.75,8.25,0.00,Dine in,POS 2,Route 98 - Minimart,Owner,,,,Closed
10/09/2026 00:07,2-0624,Sale,CIGARETTE,98000117,WINSTON RED STICK,,,1.000,12.00,0.00,12.00,9.10,2.90,0.00,Dine in,POS 2,Route 98 - Minimart,Owner,,,,Closed
09/09/2026 22:03,2-0623,Sale,DRINKS,10129,C2 SOLO APPLE 230ML,,,1.000,17.00,0.00,17.00,11.79,5.21,0.00,Dine in,POS 2,Route 98 - Minimart,Owner,,,,Closed
09/09/2026 21:58,2-0622,Sale,Cleaning/Laundry Supplies,98000001,ARIEL POWDER TWIN JUMBO PACK FRESH GARDEN BLOOM,,,2.000,39.96,0.00,39.96,30.24,9.72,0.00,Dine in,POS 2,Route 98 - Minimart,Owner,,,,Closed
09/09/2026 21:58,2-0622,Sale,FOOD,10221,GREAT TASTE CHOCO,,,1.000,15.00,0.00,15.00,12.50,2.50,0.00,Dine in,POS 2,Route 98 - Minimart,Owner,,,,Closed
09/09/2026 21:58,2-0622,Sale,,9800170,"#StyroCups w/ stirrer",,,2.000,10.00,0.00,10.00,0.00,10.00,0.00,Dine in,POS 2,Route 98 - Minimart,Owner,,,,Closed
09/09/2026 21:54,2-0621,Sale,ICE,10299,ICE CUBE 2KG,,,1.000,35.00,0.00,35.00,24.00,11.00,0.00,Dine in,POS 2,Route 98 - Minimart,Owner,,,,Closed
09/09/2026 21:09,2-0620,Sale,CIGARETTE,98000117,WINSTON RED STICK,,,4.000,48.00,0.00,48.00,36.40,11.60,0.00,Dine in,POS 2,Route 98 - Minimart,Owner,,,,Closed
09/09/2026 21:08,2-0619,Sale,SNACKS,10179,HAPPY CLASSIC,,,2.000,4.00,0.00,4.00,0.00,4.00,0.00,Dine in,POS 2,Route 98 - Minimart,Owner,,,,Closed
09/09/2026 20:51,2-0618,Sale,ICE CREAM 🍦,10345,CREAMLINE BAR BUKO SALAD,,,1.000,16.75,0.00,16.75,11.60,5.15,0.00,Dine in,POS 2,Route 98 - Minimart,Owner,,,,Closed
09/09/2026 20:51,2-0618,Sale,SNACKS,10231,CLOUD 9 CLASSIC,,,1.000,10.00,0.00,10.00,6.35,3.65,0.00,Dine in,POS 2,Route 98 - Minimart,Owner,,,,Closed
09/09/2026 20:50,2-0617,Sale,FOOD,10171,ENERGEN VNLA,,,3.000,35.94,0.00,35.94,25.95,9.99,0.00,Dine in,POS 2,Route 98 - Minimart,Owner,,,,Closed
09/09/2026 20:50,2-0617,Sale,FOOD,10127,NESCAFE CREAMY WHITE TWIN PACK,,,2.000,34.00,0.00,34.00,28.00,6.00,0.00,Dine in,POS 2,Route 98 - Minimart,Owner,,,,Closed
09/09/2026 20:50,2-0617,Sale,FOOD,10128,NESCAFE ORIGINAL TWIN PACK,,,2.000,34.00,0.00,34.00,28.00,6.00,0.00,Dine in,POS 2,Route 98 - Minimart,Owner,,,,Closed
09/09/2026 20:50,2-0617,Sale,Cleaning/Laundry Supplies,980000026,DOWNY SUNRISE FRESH 26ML,,,5.000,44.90,0.00,44.90,31.15,13.75,0.00,Dine in,POS 2,Route 98 - Minimart,Owner,,,,Closed
09/09/2026 20:50,2-0617,Sale,Cleaning/Laundry Supplies,98000003,ARIEL TWIN JUMBO POWDER SUNRISE FRESH 66G,,,4.000,79.92,0.00,79.92,60.48,19.44,0.00,Dine in,POS 2,Route 98 - Minimart,Owner,,,,Closed
09/09/2026 20:47,2-0616,Sale,ICE CREAM 🍦,10359,CREAMLINE PINOY CLASSIC MANGGO 60ML,,,1.000,19.98,0.00,19.98,13.30,6.68,0.00,Dine in,POS 2,Route 98 - Minimart,Owner,,,,Closed
09/09/2026 20:46,2-0615,Sale,DRINKS,10119,VINO KULAFU 350,,,1.000,50.00,0.00,50.00,0.00,50.00,0.00,Dine in,POS 2,Route 98 - Minimart,Owner,,,,Closed
09/09/2026 20:46,2-0615,Sale,ICE CREAM 🍦,10365,CREAMLINE SUNDAE CHOCOLATE120ML,,,1.000,24.98,0.00,24.98,15.85,9.13,0.00,Dine in,POS 2,Route 98 - Minimart,Owner,,,,Closed
09/09/2026 20:38,2-0614,Sale,,10235,"#misc",,,1.000,13.00,0.00,13.00,0.00,13.00,0.00,Dine in,POS 2,Route 98 - Minimart,Owner,,,,Closed
09/09/2026 20:37,2-0613,Sale,DRINKS,10087,SM PALE PILSEN GRANDE,,,1.000,130.00,0.00,130.00,115.00,15.00,0.00,Dine in,POS 2,Route 98 - Minimart,Owner,,,,Closed
09/09/2026 20:22,2-0612,Sale,HOME ESSENTIALS,10249,UNILOVE SQUALANE WIPES,,,1.000,40.00,0.00,40.00,24.50,15.50,0.00,Dine in,POS 2,Route 98 - Minimart,Owner,,,,Closed
09/09/2026 20:19,2-0611,Sale,DRINKS,10117,ROYAL 190,,,1.000,15.00,0.00,15.00,0.00,15.00,0.00,Dine in,POS 2,Route 98 - Minimart,Owner,,,,Closed
09/09/2026 20:11,2-0610,Sale,DRINKS,98000052,C2 GREEN TEA LEMON 335ML,,,1.000,28.75,0.00,28.75,22.09,6.66,0.00,Dine in,POS 2,Route 98 - Minimart,Owner,,,,Closed
09/09/2026 20:11,2-0610,Sale,DRINKS,10085,SM FLAVORED BEER APPLE,,,2.000,106.00,0.00,106.00,82.00,24.00,0.00,Dine in,POS 2,Route 98 - Minimart,Owner,,,,Closed
09/09/2026 20:11,2-0610,Sale,,10235,"#misc",,,1.000,20.00,0.00,20.00,0.00,20.00,0.00,Dine in,POS 2,Route 98 - Minimart,Owner,,,,Closed
09/09/2026 19:23,2-0609,Sale,SNACKS,98000131,DINGDONG SNACK MIX WITH  CHIPS CURLS 100G,,,2.000,60.00,0.00,60.00,48.00,12.00,0.00,Dine in,POS 2,Route 98 - Minimart,Owner,,,,Closed
09/09/2026 19:10,2-0608,Sale,,98000110,MIGHTY PULA  STICK,,,1.000,10.00,0.00,10.00,8.02,1.98,0.00,Dine in,POS 2,Route 98 - Minimart,Owner,,,,Closed
09/09/2026 19:10,2-0608,Sale,DRINKS,10083,RED HORSE 500,,,1.000,75.00,0.00,75.00,60.00,15.00,0.00,Dine in,POS 2,Route 98 - Minimart,Owner,,,,Closed
09/09/2026 18:49,1-0346,Sale,FOOD,9800030,LUCKYME PANCITCANTON CHILIMANSI,,,2.000,32.00,0.00,32.00,26.00,6.00,0.00,Dine in,POS 1,Route 98 - Minimart,Owner,,,,Closed
09/09/2026 18:22,1-0345,Sale,DRINKS,10083,RED HORSE 500,,,1.000,75.00,0.00,75.00,60.00,15.00,0.00,Dine in,POS 1,Route 98 - Minimart,Owner,,,,Closed
09/09/2026 18:14,1-0344,Sale,DRINKS,98000108,VITAMILK(DOUBLECHOCO) 300ML,,,1.000,35.00,0.00,35.00,29.50,5.50,0.00,Dine in,POS 1,Route 98 - Minimart,Owner,,,,Closed
09/09/2026 18:12,1-0343,Sale,ICE CREAM 🍦,10291,NESTLE COOKIE'S & CREAM 1.3L,,,1.000,343.98,0.00,343.98,275.00,68.98,0.00,Dine in,POS 1,Route 98 - Minimart,Owner,,,,Closed
09/09/2026 18:12,1-0343,Sale,ICE CREAM 🍦,10295,NESTLE MOCHA & CASHEW 1.3L,,,1.000,351.98,0.00,351.98,280.00,71.98,0.00,Dine in,POS 1,Route 98 - Minimart,Owner,,,,Closed
09/09/2026 18:05,1-0342,Sale,DRINKS,10239,MOUNTAIN DEW (290ML),,,1.000,20.00,0.00,20.00,16.35,3.65,0.00,Dine in,POS 1,Route 98 - Minimart,Owner,,,,Closed
09/09/2026 18:02,2-0607,Sale,DRINKS,10110,LIFT CITRUS BLAST 320,,,1.000,18.00,0.00,18.00,41.16,-23.16,0.00,Dine in,POS 2,Route 98 - Minimart,Owner,,,,Closed
09/09/2026 18:02,2-0607,Sale,SNACKS,10152,MOBY CARAMEL,,,1.000,11.00,0.00,11.00,8.25,2.75,0.00,Dine in,POS 2,Route 98 - Minimart,Owner,,,,Closed
09/09/2026 18:02,2-0607,Sale,,98000110,MIGHTY PULA  STICK,,,3.000,30.00,0.00,30.00,24.06,5.94,0.00,Dine in,POS 2,Route 98 - Minimart,Owner,,,,Closed
09/09/2026 17:03,2-0606,Sale,,98000093,COBRA  ASTIG CITRUS BLAST 290ML,,,1.000,21.50,0.00,21.50,16.58,4.92,0.00,Dine in,POS 2,Route 98 - Minimart,Owner,,,,Closed
09/09/2026 17:02,2-0605,Sale,,10384,PREMIER PURIFIED WATER 500ML,,,1.000,15.00,0.00,15.00,9.67,5.33,0.00,Dine in,POS 2,Route 98 - Minimart,Owner,,,,Closed
09/09/2026 17:00,2-0604,Sale,DRINKS,10253,STING 290ML,,,2.000,50.00,0.00,50.00,33.50,16.50,0.00,Dine in,POS 2,Route 98 - Minimart,Owner,,,,Closed
09/09/2026 16:59,2-0603,Sale,SNACKS,98000063,VCUT CHEESE FLAVOR 60G,,,1.000,41.50,0.00,41.50,31.95,9.55,0.00,Dine in,POS 2,Route 98 - Minimart,Owner,,,,Closed
09/09/2026 16:46,2-0602,Sale,SNACKS,10222,OVERLOAD BLKFRST,,,1.000,10.00,0.00,10.00,7.92,2.08,0.00,Dine in,POS 2,Route 98 - Minimart,Owner,,,,Closed
09/09/2026 16:39,2-0601,Sale,DRINKS,10190,GATORADE BLUE BOLT 350ML,,,1.000,35.00,0.00,35.00,25.83,9.17,0.00,Dine in,POS 2,Route 98 - Minimart,Owner,,,,Closed
09/09/2026 16:39,2-0601,Sale,SNACKS,10207,PRESTO CHOCO,,,1.000,10.00,0.00,10.00,6.13,3.87,0.00,Dine in,POS 2,Route 98 - Minimart,Owner,,,,Closed
09/09/2026 16:39,2-0601,Sale,SNACKS,10259,NIPS WHITE CHOCO PIECE,,,5.000,10.00,0.00,10.00,6.00,4.00,0.00,Dine in,POS 2,Route 98 - Minimart,Owner,,,,Closed
09/09/2026 15:29,2-0600,Sale,DRINKS,10109,COCA COLA 190ML,,,1.000,15.00,0.00,15.00,11.00,4.00,0.00,Dine in,POS 2,Route 98 - Minimart,Owner,,,,Closed
09/09/2026 15:28,2-0599,Sale,DRINKS,98000046,COCA COLA 1.75L,,,2.000,169.50,0.00,169.50,123.34,46.16,0.00,Dine in,POS 2,Route 98 - Minimart,Owner,,,,Closed
09/09/2026 15:28,2-0599,Sale,CIGARETTE,98000117,WINSTON RED STICK,,,5.000,60.00,0.00,60.00,45.50,14.50,0.00,Dine in,POS 2,Route 98 - Minimart,Owner,,,,Closed
09/09/2026 15:01,2-0598,Sale,SNACKS,10143,CHIPPY BBQ 25G,,,1.000,9.75,0.00,9.75,6.30,3.45,0.00,Dine in,POS 2,Route 98 - Minimart,Owner,,,,Closed
09/09/2026 14:55,2-0597,Sale,DRINKS,98000046,COCA COLA 1.75L,,,1.000,84.75,0.00,84.75,61.67,23.08,0.00,Dine in,POS 2,Route 98 - Minimart,Owner,,,,Closed
09/09/2026 14:55,2-0597,Sale,DRINKS,10114,SPRITE 1.5L,,,1.000,75.00,0.00,75.00,0.00,75.00,0.00,Dine in,POS 2,Route 98 - Minimart,Owner,,,,Closed
09/09/2026 14:41,2-0596,Sale,SNACKS,10143,CHIPPY BBQ 25G,,,1.000,9.75,0.00,9.75,6.30,3.45,0.00,Dine in,POS 2,Route 98 - Minimart,Owner,,,,Closed
09/09/2026 14:41,2-0596,Sale,DRINKS,10253,STING 290ML,,,1.000,25.00,0.00,25.00,16.75,8.25,0.00,Dine in,POS 2,Route 98 - Minimart,Owner,,,,Closed
09/09/2026 14:17,2-0595,Sale,DRINKS,10239,MOUNTAIN DEW (290ML),,,1.000,20.00,0.00,20.00,16.35,3.65,0.00,Dine in,POS 2,Route 98 - Minimart,Owner,,,,Closed
09/09/2026 13:08,2-0594,Sale,FOOD,10063,SUKAMOD,,,1.000,40.00,0.00,40.00,0.00,40.00,0.00,Dine in,POS 2,Route 98 - Minimart,Owner,,,,Closed
09/09/2026 13:08,2-0594,Sale,,10384,PREMIER PURIFIED WATER 500ML,,,1.000,15.00,0.00,15.00,9.67,5.33,0.00,Dine in,POS 2,Route 98 - Minimart,Owner,,,,Closed
09/09/2026 12:38,2-0593,Sale,SNACKS,10218,MR CHIPS NACHO CHEESE 98G,,,1.000,25.50,0.00,25.50,19.50,6.00,0.00,Dine in,POS 2,Route 98 - Minimart,Owner,,,,Closed
09/09/2026 12:38,2-0593,Sale,DRINKS,98000048,WILKINS PURE 1L,,,1.000,25.00,0.00,25.00,15.91,9.09,0.00,Dine in,POS 2,Route 98 - Minimart,Owner,,,,Closed
09/09/2026 12:38,2-0593,Sale,DRINKS,10109,COCA COLA 190ML,,,2.000,30.00,0.00,30.00,22.00,8.00,0.00,Dine in,POS 2,Route 98 - Minimart,Owner,,,,Closed
09/09/2026 12:38,2-0593,Sale,FOOD,10328,SKYFLAKES TSOKOLATE,,,1.000,9.98,0.00,9.98,7.28,2.70,0.00,Dine in,POS 2,Route 98 - Minimart,Owner,,,,Closed
09/09/2026 12:38,2-0593,Sale,SNACKS,10231,CLOUD 9 CLASSIC,,,2.000,20.00,0.00,20.00,12.70,7.30,0.00,Dine in,POS 2,Route 98 - Minimart,Owner,,,,Closed
09/09/2026 12:35,2-0592,Sale,RICE,98000062,GANADOR OLIVER 5KG,,,1.000,310.00,0.00,310.00,277.50,32.50,0.00,Dine in,POS 2,Route 98 - Minimart,Owner,,,,Closed
09/09/2026 12:34,2-0591,Sale,DRINKS,980000055,C2 GREEN TEA LEMON 1L,,,1.000,57.75,0.00,57.75,44.42,13.33,0.00,Dine in,POS 2,Route 98 - Minimart,Owner,,,,Closed
09/09/2026 12:34,2-0591,Sale,DRINKS,98000054,C2 GREEN TEA APPLE 1L,,,1.000,57.75,0.00,57.75,44.42,13.33,0.00,Dine in,POS 2,Route 98 - Minimart,Owner,,,,Closed
09/09/2026 12:34,2-0591,Sale,SNACKS,10226,KROPEK NI MANGJUAN 90G,,,2.000,59.96,0.00,59.96,46.02,13.94,0.00,Dine in,POS 2,Route 98 - Minimart,Owner,,,,Closed
09/09/2026 12:34,2-0591,Sale,SNACKS,98000063,VCUT CHEESE FLAVOR 60G,,,2.000,83.00,0.00,83.00,63.90,19.10,0.00,Dine in,POS 2,Route 98 - Minimart,Owner,,,,Closed
09/09/2026 12:34,2-0591,Sale,SNACKS,98000059,NOVA COUNTRY CHEDDAR 78G,,,2.000,77.00,0.00,77.00,59.10,17.90,0.00,Dine in,POS 2,Route 98 - Minimart,Owner,,,,Closed
09/09/2026 12:34,2-0591,Sale,ICE CREAM 🍦,10280,NOBRELLI CHOCO-PANDAN-UBE 1.3L,,,1.000,210.98,0.00,210.98,168.00,42.98,0.00,Dine in,POS 2,Route 98 - Minimart,Owner,,,,Closed
09/09/2026 12:34,2-0591,Sale,ICE CREAM 🍦,10291,NESTLE COOKIE'S & CREAM 1.3L,,,1.000,343.98,0.00,343.98,275.00,68.98,0.00,Dine in,POS 2,Route 98 - Minimart,Owner,,,,Closed
09/09/2026 12:34,2-0591,Sale,ICE CREAM 🍦,10289,NESTLE ALMOND BROWNIE FUDGE 1.3L,,,1.000,349.98,0.00,349.98,280.00,69.98,0.00,Dine in,POS 2,Route 98 - Minimart,Owner,,,,Closed
09/09/2026 12:34,2-0591,Sale,ICE,10299,ICE CUBE 2KG,,,1.000,35.00,0.00,35.00,24.00,11.00,0.00,Dine in,POS 2,Route 98 - Minimart,Owner,,,,Closed
09/09/2026 12:34,2-0591,Sale,ICE,10298,ICE CUBE 1KG,,,1.000,25.00,0.00,25.00,13.00,12.00,0.00,Dine in,POS 2,Route 98 - Minimart,Owner,,,,Closed
09/09/2026 12:34,2-0591,Sale,SNACKS,10246,VCUT SPICY BARBEQUE 60G,,,2.000,83.00,0.00,83.00,63.90,19.10,0.00,Dine in,POS 2,Route 98 - Minimart,Owner,,,,Closed
09/09/2026 12:22,2-0590,Sale,FOOD,10233,LA MIA TUNA AFRTDA,,,1.000,38.00,0.00,38.00,33.18,4.82,0.00,Dine in,POS 2,Route 98 - Minimart,Owner,,,,Closed
09/09/2026 12:22,2-0590,Sale,FOOD,10228,NISSIN CUP NOODLES SPCYHTBF,,,1.000,30.00,0.00,30.00,22.01,7.99,0.00,Dine in,POS 2,Route 98 - Minimart,Owner,,,,Closed
09/09/2026 11:47,2-0589,Sale,SNACKS,98000061,VCUT CHEESE FLAVOR 25G,,,2.000,40.50,0.00,40.50,28.50,12.00,0.00,Dine in,POS 2,Route 98 - Minimart,Owner,,,,Closed
09/09/2026 11:47,2-0589,Sale,FOOD,10243,NIPS WHITE CHOCO 14G,,,2.000,16.00,0.00,16.00,0.00,16.00,0.00,Dine in,POS 2,Route 98 - Minimart,Owner,,,,Closed
09/09/2026 11:47,2-0589,Sale,DRINKS,98000047,WILKINS PURE 500,,,1.000,15.00,0.00,15.00,9.37,5.63,0.00,Dine in,POS 2,Route 98 - Minimart,Owner,,,,Closed
09/09/2026 11:47,2-0589,Sale,SNACKS,10231,CLOUD 9 CLASSIC,,,2.000,20.00,0.00,20.00,12.70,7.30,0.00,Dine in,POS 2,Route 98 - Minimart,Owner,,,,Closed
09/09/2026 11:34,2-0588,Sale,SNACKS,10222,OVERLOAD BLKFRST,,,1.000,10.00,0.00,10.00,7.92,2.08,0.00,Dine in,POS 2,Route 98 - Minimart,Owner,,,,Closed
09/09/2026 11:34,2-0588,Sale,DRINKS,98000047,WILKINS PURE 500,,,1.000,15.00,0.00,15.00,9.37,5.63,0.00,Dine in,POS 2,Route 98 - Minimart,Owner,,,,Closed
09/09/2026 11:34,2-0588,Sale,DRINKS,10257,SUMMIT (1000ML),,,1.000,25.00,0.00,25.00,0.00,25.00,0.00,Dine in,POS 2,Route 98 - Minimart,Owner,,,,Closed
09/09/2026 11:12,2-0587,Sale,SNACKS,10225,MAGIC FLAKES,,,1.000,9.00,0.00,9.00,5.51,3.49,0.00,Dine in,POS 2,Route 98 - Minimart,Owner,,,,Closed
09/09/2026 11:11,2-0586,Sale,DRINKS,98000076,POCARI SWEAT 500ML,,,3.000,165.00,0.00,165.00,133.74,31.26,0.00,Dine in,POS 2,Route 98 - Minimart,Owner,,,,Closed
09/09/2026 11:10,2-0585,Sale,,98000115,WINSTON RED KAHA,,,1.000,205.00,0.00,205.00,182.00,23.00,0.00,Dine in,POS 2,Route 98 - Minimart,Owner,,,,Closed
09/09/2026 11:09,2-0584,Sale,ICE CREAM 🍦,10358,CREAMLINE BUKO SALAD 1.3ML,,,1.000,229.75,0.00,229.75,190.75,39.00,0.00,Dine in,POS 2,Route 98 - Minimart,Owner,,,,Closed
08/09/2026 23:39,2-0583,Sale,DRINKS,10257,SUMMIT (1000ML),,,1.000,25.00,0.00,25.00,0.00,25.00,0.00,Dine in,POS 2,Route 98 - Minimart,Owner,,,,Closed
08/09/2026 23:39,2-0583,Sale,,98000093,COBRA  ASTIG CITRUS BLAST 290ML,,,1.000,21.50,0.00,21.50,16.58,4.92,0.00,Dine in,POS 2,Route 98 - Minimart,Owner,,,,Closed
08/09/2026 23:07,2-0582,Sale,,10235,"#misc",,,1.000,630.00,0.00,630.00,0.00,630.00,0.00,Dine in,POS 2,Route 98 - Minimart,Owner,,,,Closed
08/09/2026 23:02,2-0581,Sale,DRINKS,98000046,COCA COLA 1.75L,,,1.000,84.75,0.00,84.75,61.67,23.08,0.00,Dine in,POS 2,Route 98 - Minimart,Owner,,,,Closed
08/09/2026 23:02,2-0581,Sale,Cleaning/Laundry Supplies,98000004,ARIEL POWER LIQUID SUNRISE FRESH,,,1.000,18.98,0.00,18.98,14.32,4.66,0.00,Dine in,POS 2,Route 98 - Minimart,Owner,,,,Closed
08/09/2026 23:02,2-0581,Sale,FOOD,10333,MONDE SPECIAL MAMON,,,2.000,59.96,0.00,59.96,32.00,27.96,0.00,Dine in,POS 2,Route 98 - Minimart,Owner,,,,Closed
08/09/2026 23:02,2-0581,Sale,,10385,TROPICANA TWISTER ORANGE,,,1.000,30.00,0.00,30.00,25.37,4.63,0.00,Dine in,POS 2,Route 98 - Minimart,Owner,,,,Closed
08/09/2026 23:02,2-0581,Sale,,98000112,MIGHTY PUTI STICK,,,1.000,10.00,0.00,10.00,8.02,1.98,0.00,Dine in,POS 2,Route 98 - Minimart,Owner,,,,Closed
08/09/2026 23:02,2-0581,Sale,DRINKS,98000054,C2 GREEN TEA APPLE 1L,,,1.000,57.75,0.00,57.75,44.42,13.33,0.00,Dine in,POS 2,Route 98 - Minimart,Owner,,,,Closed
08/09/2026 22:47,2-0580,Sale,,10386@,PEEWEE SIZZLING BBQ,,,2.000,21.96,0.00,21.96,16.50,5.46,0.00,Dine in,POS 2,Route 98 - Minimart,Owner,,,,Closed
08/09/2026 22:10,2-0579,Sale,DRINKS,10084,RED HORSE LITRO,,,2.000,290.00,0.00,290.00,240.00,50.00,0.00,Dine in,POS 2,Route 98 - Minimart,Owner,,,,Closed
08/09/2026 22:04,2-0578,Sale,SNACKS,10263,PILLOWS UBE 24G,,,1.000,9.00,0.00,9.00,6.75,2.25,0.00,Dine in,POS 2,Route 98 - Minimart,Owner,,,,Closed
08/09/2026 21:54,2-0577,Sale,DRINKS,10085,SM FLAVORED BEER APPLE,,,2.000,106.00,0.00,106.00,82.00,24.00,0.00,Dine in,POS 2,Route 98 - Minimart,Owner,,,,Closed
08/09/2026 21:54,2-0577,Sale,SNACKS,10153,DINGDONG MIXED NUTS 100G,,,1.000,30.00,0.00,30.00,24.00,6.00,0.00,Dine in,POS 2,Route 98 - Minimart,Owner,,,,Closed
08/09/2026 21:23,2-0576,Sale,FOOD,10332,LEMON SQUARE LAVA CAKE,,,3.000,29.94,0.00,29.94,23.40,6.54,0.00,Dine in,POS 2,Route 98 - Minimart,Owner,,,,Closed
08/09/2026 20:43,2-0575,Sale,SNACKS,10179,HAPPY CLASSIC,,,4.000,8.00,0.00,8.00,0.00,8.00,0.00,Dine in,POS 2,Route 98 - Minimart,Owner,,,,Closed
08/09/2026 20:35,2-0574,Sale,DRINKS,10253,STING 290ML,,,1.000,25.00,0.00,25.00,16.75,8.25,0.00,Dine in,POS 2,Route 98 - Minimart,Owner,,,,Closed
08/09/2026 20:35,2-0574,Sale,SNACKS,98000123,PRESTO CHOCO VANILLA,,,2.000,20.00,0.00,20.00,11.74,8.26,0.00,Dine in,POS 2,Route 98 - Minimart,Owner,,,,Closed
08/09/2026 20:19,2-0573,Sale,BABY ESSENTIALS,10031,LAMPEIN PANTS - XL 25+2,,,1.000,265.00,0.00,265.00,0.00,265.00,0.00,Dine in,POS 2,Route 98 - Minimart,Owner,,,,Closed
08/09/2026 20:19,2-0573,Sale,SNACKS,10157,SWEETCHILI CHPS BBQ,,,1.000,11.50,0.00,11.50,8.25,3.25,0.00,Dine in,POS 2,Route 98 - Minimart,Owner,,,,Closed
08/09/2026 20:19,2-0573,Sale,SNACKS,98000063,VCUT CHEESE FLAVOR 60G,,,1.000,41.50,0.00,41.50,31.95,9.55,0.00,Dine in,POS 2,Route 98 - Minimart,Owner,,,,Closed
08/09/2026 20:18,2-0572,Sale,DRINKS,98000051,C2 GREEN TEA APPLE 335ML,,,1.000,28.75,0.00,28.75,22.08,6.67,0.00,Dine in,POS 2,Route 98 - Minimart,Owner,,,,Closed
08/09/2026 20:18,2-0572,Sale,DRINKS,98000108,VITAMILK(DOUBLECHOCO) 300ML,,,1.000,35.00,0.00,35.00,29.50,5.50,0.00,Dine in,POS 2,Route 98 - Minimart,Owner,,,,Closed
08/09/2026 20:12,2-0571,Sale,DRINKS,10119,VINO KULAFU 350,,,1.000,50.00,0.00,50.00,0.00,50.00,0.00,Dine in,POS 2,Route 98 - Minimart,Owner,,,,Closed
08/09/2026 20:10,2-0570,Sale,ICE,10299,ICE CUBE 2KG,,,2.000,70.00,0.00,70.00,48.00,22.00,0.00,Dine in,POS 2,Route 98 - Minimart,Owner,,,,Closed
08/09/2026 20:08,2-0569,Sale,ICE CREAM 🍦,98000043,CREAMLINE UBE QUESO PASTILLAS 1.3ML,,,1.000,229.75,0.00,229.75,190.75,39.00,0.00,Dine in,POS 2,Route 98 - Minimart,Owner,,,,Closed
08/09/2026 20:08,2-0569,Sale,ICE CREAM 🍦,98000044,CREAMLINE BERRY VANILLA MALLOWS 1.3ML,,,1.000,229.75,0.00,229.75,190.75,39.00,0.00,Dine in,POS 2,Route 98 - Minimart,Owner,,,,Closed
08/09/2026 19:46,2-0568,Sale,CIGARETTE,98000117,WINSTON RED STICK,,,3.000,36.00,0.00,36.00,27.30,8.70,0.00,Dine in,POS 2,Route 98 - Minimart,Owner,,,,Closed
08/09/2026 19:42,2-0567,Sale,,10384,PREMIER PURIFIED WATER 500ML,,,1.000,15.00,0.00,15.00,9.67,5.33,0.00,Dine in,POS 2,Route 98 - Minimart,Owner,,,,Closed
08/09/2026 19:37,2-0566,Sale,SNACKS,10135,OISHI PRAWN CRACKERS SWEET & EXTRA HOT 24G,,,1.000,9.00,0.00,9.00,7.50,1.50,0.00,Dine in,POS 2,Route 98 - Minimart,Owner,,,,Closed
08/09/2026 19:33,2-0565,Sale,FEMININE CARE,10075,SISTERS PANTYLINERS 8PCS,,,1.000,15.00,0.00,15.00,0.00,15.00,0.00,Dine in,POS 2,Route 98 - Minimart,Owner,,,,Closed
08/09/2026 19:27,2-0564,Sale,DRINKS,10084,RED HORSE LITRO,,,3.000,435.00,0.00,435.00,360.00,75.00,0.00,Dine in,POS 2,Route 98 - Minimart,Owner,,,,Closed
08/09/2026 19:07,2-0563,Sale,DRINKS,98000054,C2 GREEN TEA APPLE 1L,,,1.000,57.75,0.00,57.75,44.42,13.33,0.00,Dine in,POS 2,Route 98 - Minimart,Owner,,,,Closed
08/09/2026 19:06,2-0562,Sale,ICE,10298,ICE CUBE 1KG,,,1.000,25.00,0.00,25.00,13.00,12.00,0.00,Dine in,POS 2,Route 98 - Minimart,Owner,,,,Closed
08/09/2026 18:47,2-0561,Sale,DRINKS,98000051,C2 GREEN TEA APPLE 335ML,,,1.000,28.75,0.00,28.75,22.08,6.67,0.00,Dine in,POS 2,Route 98 - Minimart,Owner,,,,Closed
08/09/2026 18:40,2-0560,Sale,CIGARETTE,98000117,WINSTON RED STICK,,,6.000,72.00,0.00,72.00,54.60,17.40,0.00,Dine in,POS 2,Route 98 - Minimart,Owner,,,,Closed
08/09/2026 18:39,2-0559,Sale,ICE CREAM 🍦,10340,CREAMLINE JUMBO CONE COOKIES & CREAM 140ML,,,1.000,29.98,0.00,29.98,24.10,5.88,0.00,Dine in,POS 2,Route 98 - Minimart,Owner,,,,Closed
08/09/2026 18:39,2-0559,Sale,ICE CREAM 🍦,10341,CREAMLINE JUMBO CONE ROCKY ROAD 140ML,,,1.000,29.98,0.00,29.98,24.10,5.88,0.00,Dine in,POS 2,Route 98 - Minimart,Owner,,,,Closed
08/09/2026 18:38,2-0558,Sale,,98000112,MIGHTY PUTI STICK,,,4.000,40.00,0.00,40.00,32.08,7.92,0.00,Dine in,POS 2,Route 98 - Minimart,Owner,,,,Closed
08/09/2026 18:38,2-0557,Sale,,98000110,MIGHTY PULA  STICK,,,1.000,10.00,0.00,10.00,8.02,1.98,0.00,Dine in,POS 2,Route 98 - Minimart,Owner,,,,Closed
08/09/2026 18:37,2-0556,Sale,DRINKS,10083,RED HORSE 500,,,3.000,225.00,0.00,225.00,180.00,45.00,0.00,Dine in,POS 2,Route 98 - Minimart,Owner,,,,Closed
08/09/2026 18:36,2-0555,Sale,DRINKS,10239,MOUNTAIN DEW (290ML),,,2.000,40.00,0.00,40.00,32.70,7.30,0.00,Dine in,POS 2,Route 98 - Minimart,Owner,,,,Closed
08/09/2026 18:35,2-0554,Sale,DRINKS,10119,VINO KULAFU 350,,,2.000,100.00,0.00,100.00,0.00,100.00,0.00,Dine in,POS 2,Route 98 - Minimart,Owner,,,,Closed
08/09/2026 17:05,2-0553,Sale,SNACKS,10163,SUPER CRUNCH SPECIAL CHIP CHARON 32G,,,1.000,14.50,0.00,14.50,10.50,4.00,0.00,Dine in,POS 2,Route 98 - Minimart,Owner,,,,Closed
08/09/2026 15:33,2-0552,Sale,,98000116,WINSTON WHITE STICK,,,1.000,12.00,0.00,12.00,9.92,2.08,0.00,Dine in,POS 2,Route 98 - Minimart,Owner,,,,Closed
08/09/2026 15:33,2-0552,Sale,,98000093,COBRA  ASTIG CITRUS BLAST 290ML,,,1.000,21.50,0.00,21.50,16.58,4.92,0.00,Dine in,POS 2,Route 98 - Minimart,Owner,,,,Closed
08/09/2026 15:28,2-0551,Sale,DRINKS,98000048,WILKINS PURE 1L,,,1.000,25.00,0.00,25.00,15.91,9.09,0.00,Dine in,POS 2,Route 98 - Minimart,Owner,,,,Closed
08/09/2026 14:49,2-0550,Sale,SNACKS,98000068,FUN SIZE! PIATTOS CHEESE 18G,,,1.000,10.50,0.00,10.50,6.66,3.84,0.00,Dine in,POS 2,Route 98 - Minimart,Owner,,,,Closed
08/09/2026 14:48,2-0549,Sale,SNACKS,10148,MR. CHIPS  NACHO CHEEZE 4G,,,3.000,29.25,0.00,29.25,16.35,12.90,0.00,Dine in,POS 2,Route 98 - Minimart,Owner,,,,Closed
08/09/2026 14:48,2-0548,Sale,SNACKS,10130,OISHI CRACKLINGS,,,1.000,9.00,0.00,9.00,7.50,1.50,0.00,Dine in,POS 2,Route 98 - Minimart,Owner,,,,Closed
08/09/2026 14:48,2-0548,Sale,DRINKS,10109,COCA COLA 190ML,,,1.000,15.00,0.00,15.00,11.00,4.00,0.00,Dine in,POS 2,Route 98 - Minimart,Owner,,,,Closed
08/09/2026 14:47,2-0547,Sale,DRINKS,10129,C2 SOLO APPLE 230ML,,,1.000,17.00,0.00,17.00,11.79,5.21,0.00,Dine in,POS 2,Route 98 - Minimart,Owner,,,,Closed
08/09/2026 14:47,2-0547,Sale,SNACKS,98000068,FUN SIZE! PIATTOS CHEESE 18G,,,1.000,10.50,0.00,10.50,6.66,3.84,0.00,Dine in,POS 2,Route 98 - Minimart,Owner,,,,Closed
08/09/2026 14:46,2-0546,Sale,DRINKS,10239,MOUNTAIN DEW (290ML),,,1.000,20.00,0.00,20.00,16.35,3.65,0.00,Dine in,POS 2,Route 98 - Minimart,Owner,,,,Closed
08/09/2026 14:46,2-0546,Sale,SNACKS,10222,OVERLOAD BLKFRST,,,1.000,10.00,0.00,10.00,7.92,2.08,0.00,Dine in,POS 2,Route 98 - Minimart,Owner,,,,Closed
08/09/2026 14:37,2-0545,Sale,DRINKS,10257,SUMMIT (1000ML),,,1.000,25.00,0.00,25.00,0.00,25.00,0.00,Dine in,POS 2,Route 98 - Minimart,Owner,,,,Closed
08/09/2026 14:37,2-0545,Sale,DRINKS,10383Q,PEPSI EXTRA FIZZ 195ML,,,2.000,30.00,0.00,30.00,22.00,8.00,0.00,Dine in,POS 2,Route 98 - Minimart,Owner,,,,Closed
08/09/2026 14:33,2-0544,Sale,DRINKS,10117,ROYAL 190,,,1.000,15.00,0.00,15.00,0.00,15.00,0.00,Dine in,POS 2,Route 98 - Minimart,Owner,,,,Closed
08/09/2026 14:33,2-0544,Sale,DRINKS,10383Q,PEPSI EXTRA FIZZ 195ML,,,1.000,15.00,0.00,15.00,11.00,4.00,0.00,Dine in,POS 2,Route 98 - Minimart,Owner,,,,Closed
08/09/2026 14:33,2-0544,Sale,DRINKS,10112,NUTRIBOOST CHOCO 110,,,1.000,15.00,0.00,15.00,0.00,15.00,0.00,Dine in,POS 2,Route 98 - Minimart,Owner,,,,Closed
08/09/2026 14:33,2-0544,Sale,SNACKS,10146,CRISPY PATATA 24G,,,1.000,9.98,0.00,9.98,7.75,2.23,0.00,Dine in,POS 2,Route 98 - Minimart,Owner,,,,Closed
08/09/2026 14:31,2-0543,Sale,,10384,PREMIER PURIFIED WATER 500ML,,,1.000,15.00,0.00,15.00,9.67,5.33,0.00,Dine in,POS 2,Route 98 - Minimart,Owner,,,,Closed
08/09/2026 14:31,2-0543,Sale,HOME ESSENTIALS,10249,UNILOVE SQUALANE WIPES,,,1.000,40.00,0.00,40.00,24.50,15.50,0.00,Dine in,POS 2,Route 98 - Minimart,Owner,,,,Closed
08/09/2026 13:44,2-0542,Sale,ICE CREAM 🍦,10381,CREAMLINE COOLERS CHOCOLATE 50ML,,,1.000,14.00,0.00,14.00,9.90,4.10,0.00,Dine in,POS 2,Route 98 - Minimart,Owner,,,,Closed
08/09/2026 12:30,2-0541,Sale,SNACKS,10146,CRISPY PATATA 24G,,,1.000,9.98,0.00,9.98,7.75,2.23,0.00,Dine in,POS 2,Route 98 - Minimart,Owner,,,,Closed
08/09/2026 12:30,2-0541,Sale,SNACKS,98000131,DINGDONG SNACK MIX WITH  CHIPS CURLS 100G,,,1.000,30.00,0.00,30.00,24.00,6.00,0.00,Dine in,POS 2,Route 98 - Minimart,Owner,,,,Closed
08/09/2026 12:30,2-0541,Sale,SNACKS,10236,FRUIT SALAD,,,1.000,8.00,0.00,8.00,5.75,2.25,0.00,Dine in,POS 2,Route 98 - Minimart,Owner,,,,Closed
08/09/2026 12:28,2-0540,Sale,ICE CREAM 🍦,10370,CREAMLINE MINI CUP UBE 75ML,,,1.000,19.98,0.00,19.98,12.70,7.28,0.00,Dine in,POS 2,Route 98 - Minimart,Owner,,,,Closed
08/09/2026 12:28,2-0540,Sale,ICE CREAM 🍦,10368,CREAMLINE MINI CUP CHOCOLATE 75ML,,,1.000,19.98,0.00,19.98,12.70,7.28,0.00,Dine in,POS 2,Route 98 - Minimart,Owner,,,,Closed
08/09/2026 12:28,2-0540,Sale,SNACKS,10147,PIATTOS CHEESE 40G,,,1.000,18.50,0.00,18.50,15.75,2.75,0.00,Dine in,POS 2,Route 98 - Minimart,Owner,,,,Closed
08/09/2026 12:28,2-0540,Sale,SNACKS,10236,FRUIT SALAD,,,1.000,8.00,0.00,8.00,5.75,2.25,0.00,Dine in,POS 2,Route 98 - Minimart,Owner,,,,Closed
08/09/2026 12:28,2-0540,Sale,SNACKS,10145,PIATTOS SOUR CREAM 40G,,,1.000,18.50,0.00,18.50,15.75,2.75,0.00,Dine in,POS 2,Route 98 - Minimart,Owner,,,,Closed
08/09/2026 12:28,2-0540,Sale,SNACKS,10147,PIATTOS CHEESE 40G,,,1.000,18.50,0.00,18.50,15.75,2.75,0.00,Dine in,POS 2,Route 98 - Minimart,Owner,,,,Closed
08/09/2026 12:28,2-0540,Sale,SNACKS,10088,OISHI Potato Fries,,,1.000,9.00,0.00,9.00,7.50,1.50,0.00,Dine in,POS 2,Route 98 - Minimart,Owner,,,,Closed
08/09/2026 12:00,2-0539,Sale,,10235,"#misc",,,1.000,37.00,0.00,37.00,0.00,37.00,0.00,Dine in,POS 2,Route 98 - Minimart,Owner,,,,Closed
08/09/2026 01:45,2-0538,Sale,DRINKS,10253,STING 290ML,,,1.000,25.00,0.00,25.00,16.75,8.25,0.00,Dine in,POS 2,Route 98 - Minimart,Owner,,,,Closed
08/09/2026 01:45,2-0538,Sale,DRINKS,10239,MOUNTAIN DEW (290ML),,,1.000,20.00,0.00,20.00,16.35,3.65,0.00,Dine in,POS 2,Route 98 - Minimart,Owner,,,,Closed
08/09/2026 01:45,2-0538,Sale,DRINKS,10111,LIFT BERRY BOLT 320,,,1.000,18.00,0.00,18.00,14.17,3.83,0.00,Dine in,POS 2,Route 98 - Minimart,Owner,,,,Closed
08/09/2026 01:45,2-0538,Sale,ICE CREAM 🍦,10362,CREAMLINE MILKY POP LOLLY MILK CHOCO 60ML,,,2.000,29.96,0.00,29.96,19.76,10.20,0.00,Dine in,POS 2,Route 98 - Minimart,Owner,,,,Closed
08/09/2026 01:45,2-0538,Sale,ICE CREAM 🍦,10350,CREAMLINE FROOTEES GRAPES 50ML,,,1.000,12.98,0.00,12.98,8.30,4.68,0.00,Dine in,POS 2,Route 98 - Minimart,Owner,,,,Closed
08/09/2026 01:45,2-0538,Sale,DRINKS,10129,C2 SOLO APPLE 230ML,,,1.000,17.00,0.00,17.00,11.79,5.21,0.00,Dine in,POS 2,Route 98 - Minimart,Owner,,,,Closed
08/09/2026 01:45,2-0538,Sale,DRINKS,10239,MOUNTAIN DEW (290ML),,,1.000,20.00,0.00,20.00,16.35,3.65,0.00,Dine in,POS 2,Route 98 - Minimart,Owner,,,,Closed
08/09/2026 01:45,2-0538,Sale,SNACKS,98000068,FUN SIZE! PIATTOS CHEESE 18G,,,1.000,10.50,0.00,10.50,6.66,3.84,0.00,Dine in,POS 2,Route 98 - Minimart,Owner,,,,Closed
07/09/2026 22:18,2-0537,Sale,,98000110,MIGHTY PULA  STICK,,,5.000,50.00,0.00,50.00,40.10,9.90,0.00,Dine in,POS 2,Route 98 - Minimart,Owner,,,,Closed
07/09/2026 22:09,2-0536,Sale,,98000110,MIGHTY PULA  STICK,,,5.000,50.00,0.00,50.00,40.10,9.90,0.00,Dine in,POS 2,Route 98 - Minimart,Owner,,,,Closed
07/09/2026 22:06,2-0535,Sale,DRINKS,10084,RED HORSE LITRO,,,1.000,145.00,0.00,145.00,120.00,25.00,0.00,Dine in,POS 2,Route 98 - Minimart,Owner,,,,Closed
07/09/2026 22:06,2-0535,Sale,DRINKS,10085,SM FLAVORED BEER APPLE,,,2.000,106.00,0.00,106.00,82.00,24.00,0.00,Dine in,POS 2,Route 98 - Minimart,Owner,,,,Closed
07/09/2026 22:06,2-0535,Sale,SNACKS,10153,DINGDONG MIXED NUTS 100G,,,1.000,30.00,0.00,30.00,24.00,6.00,0.00,Dine in,POS 2,Route 98 - Minimart,Owner,,,,Closed
07/09/2026 22:06,2-0535,Sale,SNACKS,10155,DINGDONG MIXED NUT 30G,,,1.000,10.00,0.00,10.00,6.75,3.25,0.00,Dine in,POS 2,Route 98 - Minimart,Owner,,,,Closed
07/09/2026 22:06,2-0535,Sale,SNACKS,98000071,MANG JUAN SUKAT SILI 26G,,,1.000,12.25,0.00,12.25,6.30,5.95,0.00,Dine in,POS 2,Route 98 - Minimart,Owner,,,,Closed
07/09/2026 22:06,2-0535,Sale,SNACKS,10149,NOVA COUNTRY CHEDDAR 20G,,,2.000,17.50,0.00,17.50,13.32,4.18,0.00,Dine in,POS 2,Route 98 - Minimart,Owner,,,,Closed
07/09/2026 21:53,2-0534,Sale,DRINKS,10084,RED HORSE LITRO,,,1.000,145.00,0.00,145.00,120.00,25.00,0.00,Dine in,POS 2,Route 98 - Minimart,Owner,,,,Closed
07/09/2026 21:53,2-0534,Sale,SNACKS,10143,CHIPPY BBQ 25G,,,2.000,19.50,0.00,19.50,12.60,6.90,0.00,Dine in,POS 2,Route 98 - Minimart,Owner,,,,Closed
07/09/2026 21:40,2-0533,Sale,BATH ESSENTIALS,10270,CREAM SILK CONDITIONER SS/PINK,,,3.000,29.94,0.00,29.94,18.75,11.19,0.00,Dine in,POS 2,Route 98 - Minimart,Owner,,,,Closed
07/09/2026 21:40,2-0533,Sale,BATH ESSENTIALS,10271,SUNSILK SMTH&MNGBL 15ML,,,4.000,35.92,0.00,35.92,24.00,11.92,0.00,Dine in,POS 2,Route 98 - Minimart,Owner,,,,Closed
07/09/2026 21:28,2-0532,Sale,DRINKS,10084,RED HORSE LITRO,,,1.000,145.00,0.00,145.00,120.00,25.00,0.00,Dine in,POS 2,Route 98 - Minimart,Owner,,,,Closed
07/09/2026 21:28,2-0532,Sale,,10235,"#misc",,,1.000,5.00,0.00,5.00,0.00,5.00,0.00,Dine in,POS 2,Route 98 - Minimart,Owner,,,,Closed
07/09/2026 21:15,2-0531,Sale,SNACKS,10207,PRESTO CHOCO,,,1.000,10.00,0.00,10.00,6.13,3.87,0.00,Dine in,POS 2,Route 98 - Minimart,Owner,,,,Closed
07/09/2026 21:15,2-0531,Sale,DRINKS,10129,C2 SOLO APPLE 230ML,,,1.000,17.00,0.00,17.00,11.79,5.21,0.00,Dine in,POS 2,Route 98 - Minimart,Owner,,,,Closed
07/09/2026 21:15,2-0531,Sale,DRINKS,98000047,WILKINS PURE 500,,,1.000,15.00,0.00,15.00,9.37,5.63,0.00,Dine in,POS 2,Route 98 - Minimart,Owner,,,,Closed
07/09/2026 21:08,2-0530,Sale,SNACKS,10215,MANG JUAN SUKAT SILI 90G,,,2.000,59.50,0.00,59.50,45.00,14.50,0.00,Dine in,POS 2,Route 98 - Minimart,Owner,,,,Closed
07/09/2026 21:08,2-0530,Sale,SNACKS,10227,PIATTOS ROADHOUSE BBQ 85G,,,1.000,38.50,0.00,38.50,33.22,5.28,0.00,Dine in,POS 2,Route 98 - Minimart,Owner,,,,Closed
07/09/2026 21:08,2-0530,Sale,SNACKS,98000073,FISH CRACKERS,,,2.000,18.00,0.00,18.00,13.60,4.40,0.00,Dine in,POS 2,Route 98 - Minimart,Owner,,,,Closed
07/09/2026 21:08,2-0530,Sale,SNACKS,10161,TATTOOS CORN CHIPS CHEESE 58G,,,2.000,24.50,0.00,24.50,21.00,3.50,0.00,Dine in,POS 2,Route 98 - Minimart,Owner,,,,Closed
07/09/2026 21:08,2-0530,Sale,DRINKS,10113,NUTRIBOOST STRWBRRY 110,,,1.000,15.00,0.00,15.00,0.00,15.00,0.00,Dine in,POS 2,Route 98 - Minimart,Owner,,,,Closed
07/09/2026 21:08,2-0530,Sale,DRINKS,98000108,VITAMILK(DOUBLECHOCO) 300ML,,,1.000,35.00,0.00,35.00,29.50,5.50,0.00,Dine in,POS 2,Route 98 - Minimart,Owner,,,,Closed
07/09/2026 20:40,2-0529,Sale,DRINKS,10277,ABSOLUTE 6000ML,,,1.000,84.98,0.00,84.98,72.00,12.98,0.00,Dine in,POS 2,Route 98 - Minimart,Owner,,,,Closed
07/09/2026 20:33,2-0528,Sale,SNACKS,10217,CHIPPY BBQ 108G,,,1.000,28.75,0.00,28.75,21.35,7.40,0.00,Dine in,POS 2,Route 98 - Minimart,Owner,,,,Closed
07/09/2026 19:59,1-0341,Sale,SNACKS,98000072,FISH CRACKERS 24G,,,2.000,20.00,0.00,20.00,13.60,6.40,0.00,Dine in,POS 1,Route 98 - Minimart,Owner,,,,Closed
07/09/2026 19:59,1-0341,Sale,ICE CREAM 🍦,10365,CREAMLINE SUNDAE CHOCOLATE120ML,,,2.000,49.96,0.00,49.96,31.70,18.26,0.00,Dine in,POS 1,Route 98 - Minimart,Owner,,,,Closed
07/09/2026 19:59,1-0341,Sale,DRINKS,10119,VINO KULAFU 350,,,1.000,50.00,0.00,50.00,0.00,50.00,0.00,Dine in,POS 1,Route 98 - Minimart,Owner,,,,Closed
07/09/2026 19:10,1-0340,Sale,FOOD,10320,LUCKYME CHICKEN NOODLES,,,2.000,23.96,0.00,23.96,17.90,6.06,0.00,Dine in,POS 1,Route 98 - Minimart,Owner,,,,Closed
07/09/2026 19:10,1-0340,Sale,FOOD,10164,LUCKYME BEEF,,,2.000,23.96,0.00,23.96,17.90,6.06,0.00,Dine in,POS 1,Route 98 - Minimart,Owner,,,,Closed
07/09/2026 18:30,2-0524,Sale,,98000110,MIGHTY PULA  STICK,,,3.000,30.00,0.00,30.00,24.06,5.94,0.00,Dine in,POS 2,Route 98 - Minimart,Owner,,,,Closed
07/09/2026 18:30,2-0523,Sale,,98000114,CAMEL PREMIUM TABACCOS STICK,,,1.000,10.00,0.00,10.00,7.25,2.75,0.00,Dine in,POS 2,Route 98 - Minimart,Owner,,,,Closed
07/09/2026 18:29,2-0522,Sale,ICE CREAM 🍦,10347,CREAMLINE BAR UBE QUESO PASTILLAS,,,1.000,16.75,0.00,16.75,11.60,5.15,0.00,Dine in,POS 2,Route 98 - Minimart,Owner,,,,Closed
07/09/2026 18:29,2-0522,Sale,ICE CREAM 🍦,10369,CREAMLINE MINI CUP CHOCO MARBLE 75ML,,,1.000,19.98,0.00,19.98,12.70,7.28,0.00,Dine in,POS 2,Route 98 - Minimart,Owner,,,,Closed
07/09/2026 16:32,2-0521,Sale,ICE CREAM 🍦,10348,CREAMLINE BAR ROCKY ROAD,,,3.000,50.25,0.00,50.25,34.80,15.45,0.00,Dine in,POS 2,Route 98 - Minimart,Owner,,,,Closed
07/09/2026 16:32,2-0521,Sale,ICE CREAM 🍦,10346,CREAMLINE BAR COOKIES & CREAM,,,1.000,16.75,0.00,16.75,11.60,5.15,0.00,Dine in,POS 2,Route 98 - Minimart,Owner,,,,Closed
07/09/2026 16:32,2-0521,Sale,ICE CREAM 🍦,10345,CREAMLINE BAR BUKO SALAD,,,1.000,16.75,0.00,16.75,11.60,5.15,0.00,Dine in,POS 2,Route 98 - Minimart,Owner,,,,Closed
07/09/2026 15:51,2-0520,Sale,SNACKS,10236,FRUIT SALAD,,,1.000,8.00,0.00,8.00,5.75,2.25,0.00,Dine in,POS 2,Route 98 - Minimart,Owner,,,,Closed
07/09/2026 15:51,2-0520,Sale,SNACKS,98000123,PRESTO CHOCO VANILLA,,,1.000,10.00,0.00,10.00,5.87,4.13,0.00,Dine in,POS 2,Route 98 - Minimart,Owner,,,,Closed
07/09/2026 15:51,2-0520,Sale,FOOD,10175,KOPIKO BLANCA 2PK,,,1.000,16.98,0.00,16.98,13.40,3.58,0.00,Dine in,POS 2,Route 98 - Minimart,Owner,,,,Closed
07/09/2026 15:42,2-0519,Sale,FOOD,10170,BEAR BRAND SWAK CHOCO,,,3.000,45.00,0.00,45.00,27.00,18.00,0.00,Dine in,POS 2,Route 98 - Minimart,Owner,,,,Closed
07/09/2026 15:34,2-0518,Sale,,98000110,MIGHTY PULA  STICK,,,1.000,10.00,0.00,10.00,8.02,1.98,0.00,Dine in,POS 2,Route 98 - Minimart,Owner,,,,Closed
07/09/2026 15:32,2-0517,Sale,DRINKS,10110,LIFT CITRUS BLAST 320,,,1.000,18.00,0.00,18.00,41.16,-23.16,0.00,Dine in,POS 2,Route 98 - Minimart,Owner,,,,Closed
07/09/2026 15:31,2-0516,Sale,SNACKS,10152,MOBY CARAMEL,,,1.000,11.00,0.00,11.00,8.25,2.75,0.00,Dine in,POS 2,Route 98 - Minimart,Owner,,,,Closed
07/09/2026 15:31,2-0516,Sale,SNACKS,10396,TATTOOS CORN TUBE PIZZA 60G,,,1.000,14.98,0.00,14.98,10.90,4.08,0.00,Dine in,POS 2,Route 98 - Minimart,Owner,,,,Closed
07/09/2026 15:03,2-0515,Sale,DRINKS,10109,COCA COLA 190ML,,,2.000,30.00,0.00,30.00,22.00,8.00,0.00,Dine in,POS 2,Route 98 - Minimart,Owner,,,,Closed
07/09/2026 14:49,2-0514,Sale,,10385,TROPICANA TWISTER ORANGE,,,1.000,30.00,0.00,30.00,25.37,4.63,0.00,Dine in,POS 2,Route 98 - Minimart,Owner,,,,Closed
07/09/2026 14:44,2-0513,Sale,DRINKS,10252,Royal 1.5L,,,1.000,75.00,0.00,75.00,0.00,75.00,0.00,Dine in,POS 2,Route 98 - Minimart,Owner,,,,Closed
07/09/2026 14:44,2-0513,Sale,SNACKS,98000056,NOVA COUNTRY CHEDDAR 38G,,,1.000,18.25,0.00,18.25,14.00,4.25,0.00,Dine in,POS 2,Route 98 - Minimart,Owner,,,,Closed
07/09/2026 14:44,2-0513,Sale,CIGARETTE,98000117,WINSTON RED STICK,,,5.000,60.00,0.00,60.00,45.50,14.50,0.00,Dine in,POS 2,Route 98 - Minimart,Owner,,,,Closed
07/09/2026 14:42,2-0512,Sale,DRINKS,10239,MOUNTAIN DEW (290ML),,,1.000,20.00,0.00,20.00,16.35,3.65,0.00,Dine in,POS 2,Route 98 - Minimart,Owner,,,,Closed
07/09/2026 14:37,2-0511,Sale,DRINKS,98000046,COCA COLA 1.75L,,,1.000,84.75,0.00,84.75,61.67,23.08,0.00,Dine in,POS 2,Route 98 - Minimart,Owner,,,,Closed
07/09/2026 14:37,2-0511,Sale,ICE,10298,ICE CUBE 1KG,,,1.000,25.00,0.00,25.00,13.00,12.00,0.00,Dine in,POS 2,Route 98 - Minimart,Owner,,,,Closed
07/09/2026 14:35,2-0510,Sale,DRINKS,10109,COCA COLA 190ML,,,1.000,15.00,0.00,15.00,11.00,4.00,0.00,Dine in,POS 2,Route 98 - Minimart,Owner,,,,Closed
07/09/2026 14:26,2-0509,Sale,DRINKS,10083,RED HORSE 500,,,1.000,75.00,0.00,75.00,60.00,15.00,0.00,Dine in,POS 2,Route 98 - Minimart,Owner,,,,Closed
07/09/2026 14:10,2-0508,Sale,DRINKS,10112,NUTRIBOOST CHOCO 110,,,1.000,15.00,0.00,15.00,0.00,15.00,0.00,Dine in,POS 2,Route 98 - Minimart,Owner,,,,Closed
07/09/2026 13:57,2-0507,Sale,SNACKS,10223,OVERLOAD CHOCO STRWBRRY,,,1.000,10.00,0.00,10.00,7.92,2.08,0.00,Dine in,POS 2,Route 98 - Minimart,Owner,,,,Closed
07/09/2026 13:57,2-0507,Sale,DRINKS,10239,MOUNTAIN DEW (290ML),,,1.000,20.00,0.00,20.00,16.35,3.65,0.00,Dine in,POS 2,Route 98 - Minimart,Owner,,,,Closed
07/09/2026 13:43,2-0506,Sale,FOOD,10333,MONDE SPECIAL MAMON,,,4.000,119.92,0.00,119.92,64.00,55.92,0.00,Dine in,POS 2,Route 98 - Minimart,Owner,,,,Closed
07/09/2026 13:43,2-0506,Sale,DRINKS,98000052,C2 GREEN TEA LEMON 335ML,,,1.000,28.75,0.00,28.75,22.09,6.66,0.00,Dine in,POS 2,Route 98 - Minimart,Owner,,,,Closed
07/09/2026 13:43,2-0506,Sale,,10385,TROPICANA TWISTER ORANGE,,,1.000,30.00,0.00,30.00,25.37,4.63,0.00,Dine in,POS 2,Route 98 - Minimart,Owner,,,,Closed
07/09/2026 13:13,2-0505,Sale,DRINKS,10253,STING 290ML,,,2.000,50.00,0.00,50.00,33.50,16.50,0.00,Dine in,POS 2,Route 98 - Minimart,Owner,,,,Closed
07/09/2026 13:11,2-0504,Sale,ICE CREAM 🍦,10368,CREAMLINE MINI CUP CHOCOLATE 75ML,,,1.000,19.98,0.00,19.98,12.70,7.28,0.00,Dine in,POS 2,Route 98 - Minimart,Owner,,,,Closed
07/09/2026 12:06,2-0503,Sale,DRINKS,10372,PEPSI EXTRA FIZZ 1.5L,,,1.000,64.98,0.00,64.98,59.75,5.23,0.00,Dine in,POS 2,Route 98 - Minimart,Owner,,,,Closed
07/09/2026 12:02,2-0502,Sale,DRINKS,10109,COCA COLA 190ML,,,1.000,15.00,0.00,15.00,11.00,4.00,0.00,Dine in,POS 2,Route 98 - Minimart,Owner,,,,Closed
07/09/2026 12:00,2-0501,Sale,ICE CREAM 🍦,10345,CREAMLINE BAR BUKO SALAD,,,1.000,16.75,0.00,16.75,11.60,5.15,0.00,Dine in,POS 2,Route 98 - Minimart,Owner,,,,Closed
07/09/2026 12:00,2-0501,Sale,ICE CREAM 🍦,10359,CREAMLINE PINOY CLASSIC MANGGO 60ML,,,1.000,19.98,0.00,19.98,13.30,6.68,0.00,Dine in,POS 2,Route 98 - Minimart,Owner,,,,Closed
07/09/2026 12:00,2-0501,Sale,DRINKS,10109,COCA COLA 190ML,,,1.000,15.00,0.00,15.00,11.00,4.00,0.00,Dine in,POS 2,Route 98 - Minimart,Owner,,,,Closed
07/09/2026 12:00,2-0501,Sale,SNACKS,98000068,FUN SIZE! PIATTOS CHEESE 18G,,,1.000,10.50,0.00,10.50,6.66,3.84,0.00,Dine in,POS 2,Route 98 - Minimart,Owner,,,,Closed
07/09/2026 11:41,2-0500,Sale,DRINKS,98000046,COCA COLA 1.75L,,,2.000,169.50,0.00,169.50,123.34,46.16,0.00,Dine in,POS 2,Route 98 - Minimart,Owner,,,,Closed
07/09/2026 11:38,2-0499,Sale,DRINKS,98000046,COCA COLA 1.75L,,,2.000,169.50,0.00,169.50,123.34,46.16,0.00,Dine in,POS 2,Route 98 - Minimart,Owner,,,,Closed
07/09/2026 10:17,2-0498,Sale,ICE,10299,ICE CUBE 2KG,,,2.000,70.00,0.00,70.00,48.00,22.00,0.00,Dine in,POS 2,Route 98 - Minimart,Owner,,,,Closed
07/09/2026 10:06,2-0497,Sale,DRINKS,10239,MOUNTAIN DEW (290ML),,,1.000,20.00,0.00,20.00,16.35,3.65,0.00,Dine in,POS 2,Route 98 - Minimart,Owner,,,,Closed
07/09/2026 09:51,2-0496,Sale,DRINKS,10086,SM PALE PILSEN 320ML,,,1.000,58.00,0.00,58.00,45.00,13.00,0.00,Dine in,POS 2,Route 98 - Minimart,Owner,,,,Closed
07/09/2026 02:39,2-0495,Sale,SNACKS,98000068,FUN SIZE! PIATTOS CHEESE 18G,,,1.000,10.50,0.00,10.50,6.66,3.84,0.00,Dine in,POS 2,Route 98 - Minimart,Owner,,,,Closed
07/09/2026 02:39,2-0495,Sale,SNACKS,10088,OISHI Potato Fries,,,2.000,18.00,0.00,18.00,15.00,3.00,0.00,Dine in,POS 2,Route 98 - Minimart,Owner,,,,Closed
07/09/2026 02:39,2-0495,Sale,HOME ESSENTIALS,10242,KERATIN PLUS (GOLD) 20g,,,1.000,9.98,0.00,9.98,6.00,3.98,0.00,Dine in,POS 2,Route 98 - Minimart,Owner,,,,Closed
07/09/2026 02:39,2-0495,Sale,BATH ESSENTIALS,10018,PALMOLIVE AD+SH,,,2.000,17.96,0.00,17.96,0.00,17.96,0.00,Dine in,POS 2,Route 98 - Minimart,Owner,,,,Closed
07/09/2026 02:39,2-0495,Sale,Cleaning/Laundry Supplies,10104,WINGS POWDER BLUE 57G,,,2.000,16.00,0.00,16.00,0.00,16.00,0.00,Dine in,POS 2,Route 98 - Minimart,Owner,,,,Closed
07/09/2026 02:28,2-0494,Sale,DRINKS,10109,COCA COLA 190ML,,,2.000,30.00,0.00,30.00,22.00,8.00,0.00,Dine in,POS 2,Route 98 - Minimart,Owner,,,,Closed
07/09/2026 02:28,2-0494,Sale,,10384,PREMIER PURIFIED WATER 500ML,,,1.000,15.00,0.00,15.00,9.67,5.33,0.00,Dine in,POS 2,Route 98 - Minimart,Owner,,,,Closed
07/09/2026 02:28,2-0494,Sale,ICE CREAM 🍦,10345,CREAMLINE BAR BUKO SALAD,,,1.000,16.75,0.00,16.75,11.60,5.15,0.00,Dine in,POS 2,Route 98 - Minimart,Owner,,,,Closed
07/09/2026 02:28,2-0494,Sale,SNACKS,98000065,CHIPPY CHILI & CHEESE 108G,,,1.000,28.75,0.00,28.75,21.35,7.40,0.00,Dine in,POS 2,Route 98 - Minimart,Owner,,,,Closed
07/09/2026 02:28,2-0494,Sale,SNACKS,10150,RICHEE,,,1.000,11.00,0.00,11.00,8.50,2.50,0.00,Dine in,POS 2,Route 98 - Minimart,Owner,,,,Closed
07/09/2026 02:28,2-0494,Sale,SNACKS,10195,MAGIC CHIPS CHEESE,,,1.000,9.00,0.00,9.00,6.22,2.78,0.00,Dine in,POS 2,Route 98 - Minimart,Owner,,,,Closed
07/09/2026 02:28,2-0494,Sale,SNACKS,98000068,FUN SIZE! PIATTOS CHEESE 18G,,,1.000,10.50,0.00,10.50,6.66,3.84,0.00,Dine in,POS 2,Route 98 - Minimart,Owner,,,,Closed
07/09/2026 00:42,2-0527,Sale,,10235,"#misc",,,1.000,10.00,0.00,10.00,0.00,10.00,0.00,Dine in,POS 2,Route 98 - Minimart,Owner,,,,Closed
07/09/2026 00:35,2-0526,Sale,,98000110,MIGHTY PULA  STICK,,,1.000,10.00,0.00,10.00,8.02,1.98,0.00,Dine in,POS 2,Route 98 - Minimart,Owner,,,,Closed
07/09/2026 00:35,2-0526,Sale,,98000112,MIGHTY PUTI STICK,,,1.000,10.00,0.00,10.00,8.02,1.98,0.00,Dine in,POS 2,Route 98 - Minimart,Owner,,,,Closed
07/09/2026 00:31,2-0525,Sale,SNACKS,98000061,VCUT CHEESE FLAVOR 25G,,,1.000,20.25,0.00,20.25,14.25,6.00,0.00,Dine in,POS 2,Route 98 - Minimart,Owner,,,,Closed
07/09/2026 00:31,2-0525,Sale,SNACKS,98000063,VCUT CHEESE FLAVOR 60G,,,1.000,41.50,0.00,41.50,31.95,9.55,0.00,Dine in,POS 2,Route 98 - Minimart,Owner,,,,Closed
07/09/2026 00:31,2-0525,Sale,DRINKS,98000054,C2 GREEN TEA APPLE 1L,,,1.000,57.75,0.00,57.75,44.42,13.33,0.00,Dine in,POS 2,Route 98 - Minimart,Owner,,,,Closed
06/09/2026 23:35,2-0493,Sale,DRINKS,10141,RED HORSE SUPER,,,2.000,320.00,0.00,320.00,0.00,320.00,0.00,Dine in,POS 2,Route 98 - Minimart,Owner,,,,Closed
06/09/2026 23:35,2-0493,Sale,ICE,10298,ICE CUBE 1KG,,,1.000,25.00,0.00,25.00,13.00,12.00,0.00,Dine in,POS 2,Route 98 - Minimart,Owner,,,,Closed
06/09/2026 23:04,2-0492,Sale,DRINKS,10083,RED HORSE 500,,,2.000,150.00,0.00,150.00,120.00,30.00,0.00,Dine in,POS 2,Route 98 - Minimart,Owner,,,,Closed
06/09/2026 23:04,2-0492,Sale,SNACKS,98000058,TORTILLOS,,,1.000,9.00,0.00,9.00,6.50,2.50,0.00,Dine in,POS 2,Route 98 - Minimart,Owner,,,,Closed
06/09/2026 23:04,2-0492,Sale,,98000112,MIGHTY PUTI STICK,,,4.000,40.00,0.00,40.00,32.08,7.92,0.00,Dine in,POS 2,Route 98 - Minimart,Owner,,,,Closed
06/09/2026 23:04,2-0492,Sale,SNACKS,98000057,NOVA HOMESTYLE BBQ 38G,,,1.000,18.25,0.00,18.25,14.00,4.25,0.00,Dine in,POS 2,Route 98 - Minimart,Owner,,,,Closed
06/09/2026 22:56,2-0491,Sale,CIGARETTE,98000117,WINSTON RED STICK,,,3.000,36.00,0.00,36.00,27.30,8.70,0.00,Dine in,POS 2,Route 98 - Minimart,Owner,,,,Closed
06/09/2026 22:56,2-0491,Sale,,98000112,MIGHTY PUTI STICK,,,4.000,40.00,0.00,40.00,32.08,7.92,0.00,Dine in,POS 2,Route 98 - Minimart,Owner,,,,Closed
06/09/2026 22:56,2-0491,Sale,SNACKS,10206,NIPS MILK CHOCO 14G,,,1.000,8.00,0.00,8.00,5.87,2.13,0.00,Dine in,POS 2,Route 98 - Minimart,Owner,,,,Closed
06/09/2026 22:24,2-0490,Sale,SNACKS,10317,CLOVER CHEESIER 24G,,,1.000,10.00,0.00,10.00,7.50,2.50,0.00,Dine in,POS 2,Route 98 - Minimart,Owner,,,,Closed
06/09/2026 22:24,2-0490,Sale,SNACKS,10195,MAGIC CHIPS CHEESE,,,1.000,9.00,0.00,9.00,6.22,2.78,0.00,Dine in,POS 2,Route 98 - Minimart,Owner,,,,Closed
06/09/2026 22:24,2-0490,Sale,SNACKS,98000068,FUN SIZE! PIATTOS CHEESE 18G,,,1.000,10.50,0.00,10.50,6.66,3.84,0.00,Dine in,POS 2,Route 98 - Minimart,Owner,,,,Closed
06/09/2026 22:21,2-0489,Sale,DRINKS,10083,RED HORSE 500,,,2.000,150.00,0.00,150.00,120.00,30.00,0.00,Dine in,POS 2,Route 98 - Minimart,Owner,,,,Closed
06/09/2026 22:21,2-0489,Sale,SNACKS,10143,CHIPPY BBQ 25G,,,1.000,9.75,0.00,9.75,6.30,3.45,0.00,Dine in,POS 2,Route 98 - Minimart,Owner,,,,Closed
06/09/2026 22:21,2-0489,Sale,SNACKS,10148,MR. CHIPS  NACHO CHEEZE 4G,,,1.000,9.75,0.00,9.75,5.45,4.30,0.00,Dine in,POS 2,Route 98 - Minimart,Owner,,,,Closed
06/09/2026 22:21,2-0489,Sale,,98000112,MIGHTY PUTI STICK,,,3.000,30.00,0.00,30.00,24.06,5.94,0.00,Dine in,POS 2,Route 98 - Minimart,Owner,,,,Closed
06/09/2026 22:18,2-0488,Sale,DRINKS,98000037,SAN MIGUEL LIGHT 330ML,,,4.000,218.00,0.00,218.00,175.00,43.00,0.00,Dine in,POS 2,Route 98 - Minimart,Owner,,,,Closed
06/09/2026 22:18,2-0488,Sale,DRINKS,10085,SM FLAVORED BEER APPLE,,,2.000,106.00,0.00,106.00,82.00,24.00,0.00,Dine in,POS 2,Route 98 - Minimart,Owner,,,,Closed
06/09/2026 22:18,2-0488,Sale,CIGARETTE,98000117,WINSTON RED STICK,,,6.000,72.00,0.00,72.00,54.60,17.40,0.00,Dine in,POS 2,Route 98 - Minimart,Owner,,,,Closed
06/09/2026 22:15,2-0487,Sale,DRINKS,98000047,WILKINS PURE 500,,,1.000,15.00,0.00,15.00,9.37,5.63,0.00,Dine in,POS 2,Route 98 - Minimart,Owner,,,,Closed
06/09/2026 21:59,2-0486,Sale,,10235,"#misc",,,1.000,30.00,0.00,30.00,0.00,30.00,0.00,Dine in,POS 2,Route 98 - Minimart,Owner,,,,Closed
06/09/2026 21:58,2-0485,Sale,DRINKS,10083,RED HORSE 500,,,3.000,225.00,0.00,225.00,180.00,45.00,0.00,Dine in,POS 2,Route 98 - Minimart,Owner,,,,Closed
06/09/2026 21:58,2-0485,Sale,,98000110,MIGHTY PULA  STICK,,,10.000,100.00,0.00,100.00,80.20,19.80,0.00,Dine in,POS 2,Route 98 - Minimart,Owner,,,,Closed
06/09/2026 21:57,2-0484,Sale,CIGARETTE,98000117,WINSTON RED STICK,,,6.000,72.00,0.00,72.00,54.60,17.40,0.00,Dine in,POS 2,Route 98 - Minimart,Owner,,,,Closed
06/09/2026 21:50,2-0483,Sale,DRINKS,10278,COCA COLA 1.5ML,,,1.000,74.75,0.00,74.75,65.75,9.00,0.00,Dine in,POS 2,Route 98 - Minimart,Owner,,,,Closed
06/09/2026 21:42,2-0482,Sale,DRINKS,98000054,C2 GREEN TEA APPLE 1L,,,1.000,57.75,0.00,57.75,44.42,13.33,0.00,Dine in,POS 2,Route 98 - Minimart,Owner,,,,Closed
06/09/2026 21:42,2-0482,Sale,DRINKS,10117,ROYAL 190,,,1.000,15.00,0.00,15.00,0.00,15.00,0.00,Dine in,POS 2,Route 98 - Minimart,Owner,,,,Closed
06/09/2026 21:35,2-0481,Sale,SNACKS,98000056,NOVA COUNTRY CHEDDAR 38G,,,1.000,18.25,0.00,18.25,14.00,4.25,0.00,Dine in,POS 2,Route 98 - Minimart,Owner,,,,Closed
06/09/2026 21:35,2-0481,Sale,,98000110,MIGHTY PULA  STICK,,,1.000,10.00,0.00,10.00,8.02,1.98,0.00,Dine in,POS 2,Route 98 - Minimart,Owner,,,,Closed
06/09/2026 21:35,2-0481,Sale,,10235,"#misc",,,1.000,20.00,0.00,20.00,0.00,20.00,0.00,Dine in,POS 2,Route 98 - Minimart,Owner,,,,Closed
06/09/2026 21:27,2-0480,Sale,SNACKS,10215,MANG JUAN SUKAT SILI 90G,,,1.000,29.75,0.00,29.75,22.50,7.25,0.00,Dine in,POS 2,Route 98 - Minimart,Owner,,,,Closed
06/09/2026 21:27,2-0480,Sale,SNACKS,10220,PIATTOS SOUR CREAM 85G,,,1.000,38.50,0.00,38.50,28.80,9.70,0.00,Dine in,POS 2,Route 98 - Minimart,Owner,,,,Closed
06/09/2026 21:27,2-0480,Sale,SNACKS,10216,MANG JUAN SUKANG PAOMBONG 90G,,,1.000,29.75,0.00,29.75,22.50,7.25,0.00,Dine in,POS 2,Route 98 - Minimart,Owner,,,,Closed
06/09/2026 21:20,2-0479,Sale,DRINKS,10084,RED HORSE LITRO,,,1.000,145.00,0.00,145.00,120.00,25.00,0.00,Dine in,POS 2,Route 98 - Minimart,Owner,,,,Closed
06/09/2026 21:20,2-0479,Sale,SNACKS,10130,OISHI CRACKLINGS,,,1.000,9.00,0.00,9.00,7.50,1.50,0.00,Dine in,POS 2,Route 98 - Minimart,Owner,,,,Closed
06/09/2026 21:03,2-0478,Sale,CIGARETTE,98000117,WINSTON RED STICK,,,8.000,96.00,0.00,96.00,72.80,23.20,0.00,Dine in,POS 2,Route 98 - Minimart,Owner,,,,Closed
06/09/2026 21:03,2-0478,Sale,DRINKS,98000048,WILKINS PURE 1L,,,1.000,25.00,0.00,25.00,15.91,9.09,0.00,Dine in,POS 2,Route 98 - Minimart,Owner,,,,Closed
06/09/2026 20:49,2-0477,Sale,DRINKS,10119,VINO KULAFU 350,,,1.000,50.00,0.00,50.00,0.00,50.00,0.00,Dine in,POS 2,Route 98 - Minimart,Owner,,,,Closed
06/09/2026 20:49,2-0477,Sale,SNACKS,10149,NOVA COUNTRY CHEDDAR 20G,,,1.000,8.75,0.00,8.75,6.66,2.09,0.00,Dine in,POS 2,Route 98 - Minimart,Owner,,,,Closed
06/09/2026 20:49,2-0477,Sale,,10235,"#misc",,,1.000,10.00,0.00,10.00,0.00,10.00,0.00,Dine in,POS 2,Route 98 - Minimart,Owner,,,,Closed
06/09/2026 20:22,2-0476,Sale,SNACKS,10179,HAPPY CLASSIC,,,10.000,20.00,0.00,20.00,0.00,20.00,0.00,Dine in,POS 2,Route 98 - Minimart,Owner,,,,Closed
06/09/2026 20:22,2-0476,Sale,SNACKS,10185,DINGDONG MIXNUTS 5G,,,10.000,20.00,0.00,20.00,0.00,20.00,0.00,Dine in,POS 2,Route 98 - Minimart,Owner,,,,Closed
06/09/2026 20:22,2-0476,Sale,DRINKS,10084,RED HORSE LITRO,,,6.000,870.00,0.00,870.00,720.00,150.00,0.00,Dine in,POS 2,Route 98 - Minimart,Owner,,,,Closed
06/09/2026 20:19,2-0475,Sale,DRINKS,10119,VINO KULAFU 350,,,1.000,50.00,0.00,50.00,0.00,50.00,0.00,Dine in,POS 2,Route 98 - Minimart,Owner,,,,Closed
06/09/2026 19:44,2-0474,Sale,CIGARETTE,98000117,WINSTON RED STICK,,,5.000,60.00,0.00,60.00,45.50,14.50,0.00,Dine in,POS 2,Route 98 - Minimart,Owner,,,,Closed
06/09/2026 19:00,2-0473,Sale,ICE CREAM 🍦,10356,CREAMLINE FAMILY DUO BUCO SALAD/UBE 950ML,,,1.000,155.98,0.00,155.98,112.75,43.23,0.00,Dine in,POS 2,Route 98 - Minimart,Owner,,,,Closed
06/09/2026 18:54,2-0472,Sale,,98000110,MIGHTY PULA  STICK,,,2.000,20.00,0.00,20.00,16.04,3.96,0.00,Dine in,POS 2,Route 98 - Minimart,Owner,,,,Closed
06/09/2026 18:54,2-0472,Sale,,98000112,MIGHTY PUTI STICK,,,1.000,10.00,0.00,10.00,8.02,1.98,0.00,Dine in,POS 2,Route 98 - Minimart,Owner,,,,Closed
06/09/2026 18:53,2-0471,Sale,DRINKS,98000046,COCA COLA 1.75L,,,1.000,84.75,0.00,84.75,61.67,23.08,0.00,Dine in,POS 2,Route 98 - Minimart,Owner,,,,Closed
06/09/2026 18:53,2-0471,Sale,DRINKS,10129,C2 SOLO APPLE 230ML,,,1.000,17.00,0.00,17.00,11.79,5.21,0.00,Dine in,POS 2,Route 98 - Minimart,Owner,,,,Closed
06/09/2026 18:44,2-0470,Sale,SNACKS,98000065,CHIPPY CHILI & CHEESE 108G,,,1.000,28.75,0.00,28.75,21.35,7.40,0.00,Dine in,POS 2,Route 98 - Minimart,Owner,,,,Closed
06/09/2026 18:43,2-0469,Sale,DRINKS,98000047,WILKINS PURE 500,,,1.000,15.00,0.00,15.00,9.37,5.63,0.00,Dine in,POS 2,Route 98 - Minimart,Owner,,,,Closed
06/09/2026 18:43,2-0469,Sale,SNACKS,10236,FRUIT SALAD,,,4.000,32.00,0.00,32.00,23.00,9.00,0.00,Dine in,POS 2,Route 98 - Minimart,Owner,,,,Closed
06/09/2026 18:24,2-0468,Sale,ICE CREAM 🍦,10367,CREAMLINE SUNDAE STRAWBERRY 120ML,,,1.000,24.98,0.00,24.98,15.85,9.13,0.00,Dine in,POS 2,Route 98 - Minimart,Owner,,,,Closed
06/09/2026 18:20,2-0467,Sale,,98000110,MIGHTY PULA  STICK,,,1.000,10.00,0.00,10.00,8.02,1.98,0.00,Dine in,POS 2,Route 98 - Minimart,Owner,,,,Closed
06/09/2026 18:19,2-0466,Sale,ICE CREAM 🍦,10359,CREAMLINE PINOY CLASSIC MANGGO 60ML,,,1.000,19.98,0.00,19.98,13.30,6.68,0.00,Dine in,POS 2,Route 98 - Minimart,Owner,,,,Closed
06/09/2026 18:18,2-0465,Sale,ICE CREAM 🍦,10367,CREAMLINE SUNDAE STRAWBERRY 120ML,,,1.000,24.98,0.00,24.98,15.85,9.13,0.00,Dine in,POS 2,Route 98 - Minimart,Owner,,,,Closed
06/09/2026 18:12,2-0464,Sale,,10235,"#misc",,,1.000,8.00,0.00,8.00,0.00,8.00,0.00,Dine in,POS 2,Route 98 - Minimart,Owner,,,,Closed
06/09/2026 18:11,2-0463,Sale,DRINKS,98000108,VITAMILK(DOUBLECHOCO) 300ML,,,1.000,35.00,0.00,35.00,29.50,5.50,0.00,Dine in,POS 2,Route 98 - Minimart,Owner,,,,Closed
06/09/2026 17:31,2-0462,Sale,DRINKS,10110,LIFT CITRUS BLAST 320,,,1.000,18.00,0.00,18.00,41.16,-23.16,0.00,Dine in,POS 2,Route 98 - Minimart,Owner,,,,Closed
06/09/2026 17:31,2-0462,Sale,BATH ESSENTIALS,980000022,PANTENE SHAMPOO NOURISHED SHINE,,,1.000,8.98,0.00,8.98,6.84,2.14,0.00,Dine in,POS 2,Route 98 - Minimart,Owner,,,,Closed
06/09/2026 17:31,2-0462,Sale,FOOD,10175,KOPIKO BLANCA 2PK,,,1.000,16.98,0.00,16.98,13.40,3.58,0.00,Dine in,POS 2,Route 98 - Minimart,Owner,,,,Closed
06/09/2026 17:24,2-0461,Sale,,98000110,MIGHTY PULA  STICK,,,2.000,20.00,0.00,20.00,16.04,3.96,0.00,Dine in,POS 2,Route 98 - Minimart,Owner,,,,Closed
06/09/2026 17:24,2-0461,Sale,DRINKS,10117,ROYAL 190,,,1.000,15.00,0.00,15.00,0.00,15.00,0.00,Dine in,POS 2,Route 98 - Minimart,Owner,,,,Closed
06/09/2026 17:24,2-0461,Sale,DRINKS,980000560,COBRA  ASTIG 290ML,,,1.000,21.50,0.00,21.50,16.58,4.92,0.00,Dine in,POS 2,Route 98 - Minimart,Owner,,,,Closed
06/09/2026 17:24,2-0461,Sale,DRINKS,10109,COCA COLA 190ML,,,1.000,15.00,0.00,15.00,11.00,4.00,0.00,Dine in,POS 2,Route 98 - Minimart,Owner,,,,Closed
06/09/2026 17:22,2-0460,Sale,FOOD,10128,NESCAFE ORIGINAL TWIN PACK,,,1.000,17.00,0.00,17.00,14.00,3.00,0.00,Dine in,POS 2,Route 98 - Minimart,Owner,,,,Closed
06/09/2026 17:15,2-0459,Sale,ICE CREAM 🍦,19,OREO ICE CREAM 110ML,,,1.000,62.98,0.00,62.98,55.00,7.98,0.00,Dine in,POS 2,Route 98 - Minimart,Owner,,,,Closed
06/09/2026 17:15,2-0459,Sale,ICE CREAM 🍦,10279,OREO ICE CREAM 450ML,,,1.000,199.98,0.00,199.98,160.00,39.98,0.00,Dine in,POS 2,Route 98 - Minimart,Owner,,,,Closed
06/09/2026 17:15,2-0459,Sale,SNACKS,10153,DINGDONG MIXED NUTS 100G,,,1.000,30.00,0.00,30.00,24.00,6.00,0.00,Dine in,POS 2,Route 98 - Minimart,Owner,,,,Closed
06/09/2026 17:15,2-0459,Sale,FOOD,10228,NISSIN CUP NOODLES SPCYHTBF,,,1.000,30.00,0.00,30.00,22.01,7.99,0.00,Dine in,POS 2,Route 98 - Minimart,Owner,,,,Closed
06/09/2026 17:04,2-0458,Sale,CIGARETTE,98000117,WINSTON RED STICK,,,8.000,96.00,0.00,96.00,72.80,23.20,0.00,Dine in,POS 2,Route 98 - Minimart,Owner,,,,Closed
06/09/2026 15:58,2-0457,Sale,DRINKS,10129,C2 SOLO APPLE 230ML,,,1.000,17.00,0.00,17.00,11.79,5.21,0.00,Dine in,POS 2,Route 98 - Minimart,Owner,,,,Closed
06/09/2026 15:58,2-0457,Sale,SNACKS,10143,CHIPPY BBQ 25G,,,1.000,9.75,0.00,9.75,6.30,3.45,0.00,Dine in,POS 2,Route 98 - Minimart,Owner,,,,Closed
06/09/2026 15:55,2-0456,Sale,SNACKS,10236,FRUIT SALAD,,,1.000,8.00,0.00,8.00,5.75,2.25,0.00,Dine in,POS 2,Route 98 - Minimart,Owner,,,,Closed
06/09/2026 15:54,2-0455,Sale,DRINKS,10129,C2 SOLO APPLE 230ML,,,1.000,17.00,0.00,17.00,11.79,5.21,0.00,Dine in,POS 2,Route 98 - Minimart,Owner,,,,Closed
06/09/2026 15:52,2-0454,Sale,DRINKS,10238,GATORADE (BLUE BOLT) 500ML,,,1.000,48.00,0.00,48.00,42.00,6.00,0.00,Dine in,POS 2,Route 98 - Minimart,Owner,,,,Closed
06/09/2026 15:52,2-0454,Sale,SNACKS,10227,PIATTOS ROADHOUSE BBQ 85G,,,1.000,38.50,0.00,38.50,33.22,5.28,0.00,Dine in,POS 2,Route 98 - Minimart,Owner,,,,Closed
06/09/2026 15:44,2-0453,Sale,SNACKS,10203,NIPS PEANUT 14G,,,1.000,8.00,0.00,8.00,5.87,2.13,0.00,Dine in,POS 2,Route 98 - Minimart,Owner,,,,Closed
06/09/2026 15:44,2-0453,Sale,DRINKS,10129,C2 SOLO APPLE 230ML,,,1.000,17.00,0.00,17.00,11.79,5.21,0.00,Dine in,POS 2,Route 98 - Minimart,Owner,,,,Closed
06/09/2026 15:44,2-0453,Sale,ICE CREAM 🍦,10344,CREAMLINE PINIPIG CHOCOLATE 70ML,,,2.000,39.96,0.00,39.96,32.30,7.66,0.00,Dine in,POS 2,Route 98 - Minimart,Owner,,,,Closed
06/09/2026 15:44,2-0453,Sale,FOOD,10171,ENERGEN VNLA,,,3.000,35.94,0.00,35.94,25.95,9.99,0.00,Dine in,POS 2,Route 98 - Minimart,Owner,,,,Closed
06/09/2026 15:44,2-0453,Sale,FOOD,10128,NESCAFE ORIGINAL TWIN PACK,,,3.000,51.00,0.00,51.00,42.00,9.00,0.00,Dine in,POS 2,Route 98 - Minimart,Owner,,,,Closed
06/09/2026 15:44,2-0453,Sale,FOOD,10127,NESCAFE CREAMY WHITE TWIN PACK,,,3.000,51.00,0.00,51.00,42.00,9.00,0.00,Dine in,POS 2,Route 98 - Minimart,Owner,,,,Closed
06/09/2026 15:36,2-0452,Sale,SNACKS,10236,FRUIT SALAD,,,1.000,8.00,0.00,8.00,5.75,2.25,0.00,Dine in,POS 2,Route 98 - Minimart,Owner,,,,Closed
06/09/2026 15:36,2-0452,Sale,DRINKS,10190,GATORADE BLUE BOLT 350ML,,,1.000,35.00,0.00,35.00,25.83,9.17,0.00,Dine in,POS 2,Route 98 - Minimart,Owner,,,,Closed
06/09/2026 15:36,2-0452,Sale,,10385Q,TROPICANA TWISTER ORANGE,,,1.000,30.00,0.00,30.00,25.37,4.63,0.00,Dine in,POS 2,Route 98 - Minimart,Owner,,,,Closed
06/09/2026 15:36,2-0452,Sale,DRINKS,10230,REFRESH 500ML,,,1.000,12.00,0.00,12.00,8.65,3.35,0.00,Dine in,POS 2,Route 98 - Minimart,Owner,,,,Closed
06/09/2026 13:46,2-0451,Sale,,10235,"#misc",,,1.000,20.00,0.00,20.00,0.00,20.00,0.00,Dine in,POS 2,Route 98 - Minimart,Owner,,,,Closed
06/09/2026 13:40,2-0450,Sale,CIGARETTE,98000117,WINSTON RED STICK,,,6.000,72.00,0.00,72.00,54.60,17.40,0.00,Dine in,POS 2,Route 98 - Minimart,Owner,,,,Closed
06/09/2026 13:40,2-0449,Sale,SNACKS,10206,NIPS MILK CHOCO 14G,,,2.000,16.00,0.00,16.00,11.74,4.26,0.00,Dine in,POS 2,Route 98 - Minimart,Owner,,,,Closed
06/09/2026 13:39,2-0448,Sale,DRINKS,98000046,COCA COLA 1.75L,,,2.000,169.50,0.00,169.50,123.34,46.16,0.00,Dine in,POS 2,Route 98 - Minimart,Owner,,,,Closed
06/09/2026 13:38,2-0447,Sale,ICE,10299,ICE CUBE 2KG,,,1.000,35.00,0.00,35.00,24.00,11.00,0.00,Dine in,POS 2,Route 98 - Minimart,Owner,,,,Closed
06/09/2026 13:38,2-0446,Sale,SNACKS,10222,OVERLOAD BLKFRST,,,1.000,10.00,0.00,10.00,7.92,2.08,0.00,Dine in,POS 2,Route 98 - Minimart,Owner,,,,Closed
06/09/2026 13:37,2-0445,Sale,SNACKS,10212,MAGIC CREAMS CONDENSED,,,1.000,9.00,0.00,9.00,5.55,3.45,0.00,Dine in,POS 2,Route 98 - Minimart,Owner,,,,Closed
06/09/2026 13:37,2-0444,Sale,DRINKS,10239,MOUNTAIN DEW (290ML),,,1.000,20.00,0.00,20.00,16.35,3.65,0.00,Dine in,POS 2,Route 98 - Minimart,Owner,,,,Closed
06/09/2026 13:37,2-0443,Sale,ICE,10299,ICE CUBE 2KG,,,1.000,35.00,0.00,35.00,24.00,11.00,0.00,Dine in,POS 2,Route 98 - Minimart,Owner,,,,Closed
06/09/2026 13:36,2-0442,Sale,,98000110,MIGHTY PULA  STICK,,,2.000,20.00,0.00,20.00,16.04,3.96,0.00,Dine in,POS 2,Route 98 - Minimart,Owner,,,,Closed
06/09/2026 13:36,2-0441,Sale,CIGARETTE,98000117,WINSTON RED STICK,,,6.000,72.00,0.00,72.00,54.60,17.40,0.00,Dine in,POS 2,Route 98 - Minimart,Owner,,,,Closed
06/09/2026 13:35,2-0440,Sale,DRINKS,98000046,COCA COLA 1.75L,,,2.000,169.50,0.00,169.50,123.34,46.16,0.00,Dine in,POS 2,Route 98 - Minimart,Owner,,,,Closed
06/09/2026 13:35,2-0439,Sale,,10385Q,TROPICANA TWISTER ORANGE,,,1.000,30.00,0.00,30.00,25.37,4.63,0.00,Dine in,POS 2,Route 98 - Minimart,Owner,,,,Closed
06/09/2026 13:35,2-0439,Sale,SNACKS,10219,MR CHIPS MANAMIS MAIS 45G,,,1.000,12.50,0.00,12.50,8.19,4.31,0.00,Dine in,POS 2,Route 98 - Minimart,Owner,,,,Closed
06/09/2026 13:34,2-0438,Sale,DRINKS,10114,SPRITE 1.5L,,,2.000,150.00,0.00,150.00,0.00,150.00,0.00,Dine in,POS 2,Route 98 - Minimart,Owner,,,,Closed
06/09/2026 13:34,2-0437,Sale,ICE CREAM 🍦,10339,CREAMLINE JUMBO CONE DOUBLE DUTCH 140ML,,,1.000,29.98,0.00,29.98,24.10,5.88,0.00,Dine in,POS 2,Route 98 - Minimart,Owner,,,,Closed
06/09/2026 13:33,2-0436,Sale,DRINKS,10110,LIFT CITRUS BLAST 320,,,1.000,18.00,0.00,18.00,41.16,-23.16,0.00,Dine in,POS 2,Route 98 - Minimart,Owner,,,,Closed
06/09/2026 13:30,2-0435,Sale,SNACKS,10317,CLOVER CHEESIER 24G,,,1.000,10.00,0.00,10.00,7.50,2.50,0.00,Dine in,POS 2,Route 98 - Minimart,Owner,,,,Closed
06/09/2026 13:30,2-0435,Sale,SNACKS,98000068,FUN SIZE! PIATTOS CHEESE 18G,,,1.000,10.50,0.00,10.50,6.66,3.84,0.00,Dine in,POS 2,Route 98 - Minimart,Owner,,,,Closed
06/09/2026 13:30,2-0435,Sale,,98000110,MIGHTY PULA  STICK,,,1.000,10.00,0.00,10.00,8.02,1.98,0.00,Dine in,POS 2,Route 98 - Minimart,Owner,,,,Closed
06/09/2026 13:27,2-0434,Sale,DRINKS,98000048,WILKINS PURE 1L,,,2.000,50.00,0.00,50.00,31.82,18.18,0.00,Dine in,POS 2,Route 98 - Minimart,Owner,,,,Closed
06/09/2026 09:52,2-0433,Sale,DRINKS,98000052,C2 GREEN TEA LEMON 335ML,,,1.000,28.75,0.00,28.75,22.09,6.66,0.00,Dine in,POS 2,Route 98 - Minimart,Owner,,,,Closed
06/09/2026 05:10,2-0432,Sale,DRINKS,98000052,C2 GREEN TEA LEMON 335ML,,,1.000,28.75,0.00,28.75,22.09,6.66,0.00,Dine in,POS 2,Route 98 - Minimart,Owner,,,,Closed
06/09/2026 05:10,2-0432,Sale,,10385Q,TROPICANA TWISTER ORANGE,,,1.000,30.00,0.00,30.00,25.37,4.63,0.00,Dine in,POS 2,Route 98 - Minimart,Owner,,,,Closed
06/09/2026 05:10,2-0432,Sale,SNACKS,10160,TATTOOS CORN CHIPS SWEET CORN 58G,,,1.000,12.25,0.00,12.25,10.50,1.75,0.00,Dine in,POS 2,Route 98 - Minimart,Owner,,,,Closed
06/09/2026 05:10,2-0432,Sale,,10384,PREMIER PURIFIED WATER 500ML,,,1.000,15.00,0.00,15.00,9.67,5.33,0.00,Dine in,POS 2,Route 98 - Minimart,Owner,,,,Closed
06/09/2026 00:32,2-0431,Sale,ICE,10298,ICE CUBE 1KG,,,1.000,25.00,0.00,25.00,13.00,12.00,0.00,Dine in,POS 2,Route 98 - Minimart,Owner,,,,Closed
06/09/2026 00:09,2-0430,Sale,CIGARETTE,98000117,WINSTON RED STICK,,,1.000,12.00,0.00,12.00,9.10,2.90,0.00,Dine in,POS 2,Route 98 - Minimart,Owner,,,,Closed
06/09/2026 00:09,2-0430,Sale,SNACKS,98000072,FISH CRACKERS 24G,,,3.000,30.00,0.00,30.00,20.40,9.60,0.00,Dine in,POS 2,Route 98 - Minimart,Owner,,,,Closed
06/09/2026 00:08,2-0429,Sale,DRINKS,10084,RED HORSE LITRO,,,3.000,420.00,0.00,420.00,360.00,60.00,0.00,Dine in,POS 2,Route 98 - Minimart,Owner,,,,Closed
06/09/2026 00:08,2-0429,Sale,CIGARETTE,98000117,WINSTON RED STICK,,,5.000,60.00,0.00,60.00,45.50,14.50,0.00,Dine in,POS 2,Route 98 - Minimart,Owner,,,,Closed
06/09/2026 00:04,2-0428,Sale,,98000110,MIGHTY PULA  STICK,,,1.000,10.00,0.00,10.00,8.02,1.98,0.00,Dine in,POS 2,Route 98 - Minimart,Owner,,,,Closed
05/09/2026 23:30,2-0427,Sale,,98000110,MIGHTY PULA  STICK,,,1.000,10.00,0.00,10.00,8.02,1.98,0.00,Dine in,POS 2,Route 98 - Minimart,Owner,,,,Closed
05/09/2026 23:26,2-0426,Sale,DRINKS,98000047,WILKINS PURE 500,,,1.000,15.00,0.00,15.00,9.37,5.63,0.00,Dine in,POS 2,Route 98 - Minimart,Owner,,,,Closed
05/09/2026 23:26,2-0426,Sale,CIGARETTE,98000117,WINSTON RED STICK,,,3.000,36.00,0.00,36.00,27.30,8.70,0.00,Dine in,POS 2,Route 98 - Minimart,Owner,,,,Closed
05/09/2026 23:07,2-0425,Sale,,98000110,MIGHTY PULA  STICK,,,3.000,30.00,0.00,30.00,24.06,5.94,0.00,Dine in,POS 2,Route 98 - Minimart,Owner,,,,Closed
05/09/2026 23:05,2-0424,Sale,DRINKS,10084,RED HORSE LITRO,,,4.000,560.00,0.00,560.00,480.00,80.00,0.00,Dine in,POS 2,Route 98 - Minimart,Owner,,,,Closed
05/09/2026 22:58,2-0423,Sale,DRINKS,98000051,C2 GREEN TEA APPLE 335ML,,,2.000,57.50,0.00,57.50,44.16,13.34,0.00,Dine in,POS 2,Route 98 - Minimart,Owner,,,,Closed
05/09/2026 22:58,2-0423,Sale,,98000110,MIGHTY PULA  STICK,,,4.000,40.00,0.00,40.00,32.08,7.92,0.00,Dine in,POS 2,Route 98 - Minimart,Owner,,,,Closed
05/09/2026 22:42,2-0422,Sale,DRINKS,10109,COCA COLA 190ML,,,1.000,15.00,0.00,15.00,11.00,4.00,0.00,Dine in,POS 2,Route 98 - Minimart,Owner,,,,Closed
05/09/2026 22:42,2-0422,Sale,HOME ESSENTIALS,10044,FUEGO MATCH - PIECE,,,1.000,3.00,0.00,3.00,0.00,3.00,0.00,Dine in,POS 2,Route 98 - Minimart,Owner,,,,Closed
05/09/2026 22:39,2-0421,Sale,DRINKS,10084,RED HORSE LITRO,,,1.000,140.00,0.00,140.00,120.00,20.00,0.00,Dine in,POS 2,Route 98 - Minimart,Owner,,,,Closed
05/09/2026 22:13,2-0420,Sale,SNACKS,10226,KROPEK NI MANGJUAN 90G,,,1.000,29.98,0.00,29.98,23.01,6.97,0.00,Dine in,POS 2,Route 98 - Minimart,Owner,,,,Closed
05/09/2026 22:13,2-0420,Sale,DRINKS,10084,RED HORSE LITRO,,,2.000,280.00,0.00,280.00,240.00,40.00,0.00,Dine in,POS 2,Route 98 - Minimart,Owner,,,,Closed
05/09/2026 22:13,2-0420,Sale,DRINKS,98000051,C2 GREEN TEA APPLE 335ML,,,1.000,28.75,0.00,28.75,22.08,6.67,0.00,Dine in,POS 2,Route 98 - Minimart,Owner,,,,Closed
05/09/2026 22:13,2-0420,Sale,DRINKS,98000048,WILKINS PURE 1L,,,1.000,25.00,0.00,25.00,15.91,9.09,0.00,Dine in,POS 2,Route 98 - Minimart,Owner,,,,Closed
05/09/2026 22:13,2-0420,Sale,SNACKS,10180,BLACK CHILI BBQ 7G,,,7.000,14.00,0.00,14.00,0.00,14.00,0.00,Dine in,POS 2,Route 98 - Minimart,Owner,,,,Closed
05/09/2026 22:13,2-0420,Sale,SNACKS,10179,HAPPY CLASSIC,,,10.000,20.00,0.00,20.00,0.00,20.00,0.00,Dine in,POS 2,Route 98 - Minimart,Owner,,,,Closed
05/09/2026 22:13,2-0420,Sale,SNACKS,10185,DINGDONG MIXNUTS 5G,,,10.000,20.00,0.00,20.00,0.00,20.00,0.00,Dine in,POS 2,Route 98 - Minimart,Owner,,,,Closed
05/09/2026 22:13,2-0420,Sale,SNACKS,10182,HAPPY BBQ,,,5.000,10.00,0.00,10.00,0.00,10.00,0.00,Dine in,POS 2,Route 98 - Minimart,Owner,,,,Closed
05/09/2026 21:59,2-0419,Sale,ICE CREAM 🍦,10360,CREAMLINE PINOY CLASSIC UBE MANGGO 60 ML,,,1.000,19.98,0.00,19.98,13.30,6.68,0.00,Dine in,POS 2,Route 98 - Minimart,Owner,,,,Closed
05/09/2026 21:59,2-0419,Sale,,98000110,MIGHTY PULA  STICK,,,2.000,20.00,0.00,20.00,16.04,3.96,0.00,Dine in,POS 2,Route 98 - Minimart,Owner,,,,Closed
05/09/2026 21:59,2-0419,Sale,SNACKS,10135,OISHI PRAWN CRACKERS SWEET & EXTRA HOT 24G,,,1.000,9.00,0.00,9.00,7.50,1.50,0.00,Dine in,POS 2,Route 98 - Minimart,Owner,,,,Closed
05/09/2026 21:51,2-0418,Sale,SNACKS,10390Q,TATTOOS CORN CHIPS BBQ 58G,,,1.000,12.25,0.00,12.25,7.65,4.60,0.00,Dine in,POS 2,Route 98 - Minimart,Owner,,,,Closed
05/09/2026 21:51,2-0418,Sale,SNACKS,10154,PEEWEE SPICY CHILI 25G,,,1.000,10.98,0.00,10.98,8.25,2.73,0.00,Dine in,POS 2,Route 98 - Minimart,Owner,,,,Closed
05/09/2026 21:51,2-0418,Sale,SNACKS,10153,DINGDONG MIXED NUTS 100G,,,1.000,30.00,0.00,30.00,24.00,6.00,0.00,Dine in,POS 2,Route 98 - Minimart,Owner,,,,Closed
05/09/2026 21:51,2-0418,Sale,SNACKS,10387,PEEWEE SIZZLING BARBEQUE 25G,,,1.000,10.98,0.00,10.98,8.25,2.73,0.00,Dine in,POS 2,Route 98 - Minimart,Owner,,,,Closed
05/09/2026 21:30,2-0417,Sale,CIGARETTE,98000117,WINSTON RED STICK,,,2.000,24.00,0.00,24.00,18.20,5.80,0.00,Dine in,POS 2,Route 98 - Minimart,Owner,,,,Closed
05/09/2026 21:29,2-0416,Sale,DRINKS,10084,RED HORSE LITRO,,,1.000,140.00,0.00,140.00,120.00,20.00,0.00,Dine in,POS 2,Route 98 - Minimart,Owner,,,,Closed
05/09/2026 20:25,2-0415,Sale,CIGARETTE,98000117,WINSTON RED STICK,,,4.000,48.00,0.00,48.00,36.40,11.60,0.00,Dine in,POS 2,Route 98 - Minimart,Owner,,,,Closed
05/09/2026 19:58,2-0414,Sale,,10385Q,TROPICANA TWISTER ORANGE,,,1.000,30.00,0.00,30.00,25.37,4.63,0.00,Dine in,POS 2,Route 98 - Minimart,Owner,,,,Closed
05/09/2026 19:58,2-0414,Sale,SNACKS,10146,CRISPY PATATA 24G,,,1.000,9.98,0.00,9.98,7.75,2.23,0.00,Dine in,POS 2,Route 98 - Minimart,Owner,,,,Closed
05/09/2026 19:54,2-0413,Sale,,10235,"#misc",,,1.000,5.00,0.00,5.00,0.00,5.00,0.00,Dine in,POS 2,Route 98 - Minimart,Owner,,,,Closed
05/09/2026 19:54,2-0412,Sale,SNACKS,10196,natalicious,,,1.000,10.00,0.00,10.00,0.00,10.00,0.00,Dine in,POS 2,Route 98 - Minimart,Owner,,,,Closed
05/09/2026 19:54,2-0412,Sale,,98000110,MIGHTY PULA  STICK,,,1.000,10.00,0.00,10.00,8.02,1.98,0.00,Dine in,POS 2,Route 98 - Minimart,Owner,,,,Closed
05/09/2026 19:53,2-0411,Sale,SNACKS,10196,natalicious,,,1.000,10.00,0.00,10.00,0.00,10.00,0.00,Dine in,POS 2,Route 98 - Minimart,Owner,,,,Closed
05/09/2026 19:49,2-0410,Sale,SNACKS,98000056,NOVA COUNTRY CHEDDAR 38G,,,1.000,18.25,0.00,18.25,14.00,4.25,0.00,Dine in,POS 2,Route 98 - Minimart,Owner,,,,Closed
05/09/2026 19:49,2-0410,Sale,DRINKS,10239,MOUNTAIN DEW (290ML),,,1.000,20.00,0.00,20.00,16.35,3.65,0.00,Dine in,POS 2,Route 98 - Minimart,Owner,,,,Closed
05/09/2026 19:49,2-0410,Sale,SNACKS,10162,SUPER CRUNCH BEEFY BBQ 55G,,,1.000,14.50,0.00,14.50,10.50,4.00,0.00,Dine in,POS 2,Route 98 - Minimart,Owner,,,,Closed
05/09/2026 19:49,2-0410,Sale,SNACKS,10182,HAPPY BBQ,,,5.000,10.00,0.00,10.00,0.00,10.00,0.00,Dine in,POS 2,Route 98 - Minimart,Owner,,,,Closed
05/09/2026 19:26,2-0409,Sale,,10235,"#misc",,,1.000,5.00,0.00,5.00,0.00,5.00,0.00,Dine in,POS 2,Route 98 - Minimart,Owner,,,,Closed
05/09/2026 19:14,2-0408,Sale,DRINKS,10119,VINO KULAFU 350,,,2.000,100.00,0.00,100.00,0.00,100.00,0.00,Dine in,POS 2,Route 98 - Minimart,Owner,,,,Closed
05/09/2026 19:14,2-0408,Sale,DRINKS,98000053,C2 SOLO LEMON 230ML,,,1.000,17.00,0.00,17.00,15.32,1.68,0.00,Dine in,POS 2,Route 98 - Minimart,Owner,,,,Closed
05/09/2026 19:14,2-0408,Sale,FOOD,10321,LUCKYME MAC & CHEESE,,,1.000,28.98,0.00,28.98,24.25,4.73,0.00,Dine in,POS 2,Route 98 - Minimart,Owner,,,,Closed
05/09/2026 18:22,2-0407,Sale,DRINKS,10230,REFRESH 500ML,,,1.000,12.00,0.00,12.00,8.65,3.35,0.00,Dine in,POS 2,Route 98 - Minimart,Owner,,,,Closed
05/09/2026 18:22,2-0407,Sale,SNACKS,10143,CHIPPY BBQ 25G,,,1.000,9.75,0.00,9.75,6.30,3.45,0.00,Dine in,POS 2,Route 98 - Minimart,Owner,,,,Closed
05/09/2026 18:22,2-0407,Sale,SNACKS,10317@,VCUT SPICY BARBEQUE 25G,,,1.000,20.25,0.00,20.25,16.00,4.25,0.00,Dine in,POS 2,Route 98 - Minimart,Owner,,,,Closed
05/09/2026 18:20,2-0406,Sale,DRINKS,10083,RED HORSE 500,,,1.000,75.00,0.00,75.00,60.00,15.00,0.00,Dine in,POS 2,Route 98 - Minimart,Owner,,,,Closed
05/09/2026 18:20,2-0406,Sale,,98000110,MIGHTY PULA  STICK,,,2.000,20.00,0.00,20.00,16.04,3.96,0.00,Dine in,POS 2,Route 98 - Minimart,Owner,,,,Closed
05/09/2026 18:18,2-0405,Sale,DRINKS,10239,MOUNTAIN DEW (290ML),,,2.000,40.00,0.00,40.00,32.70,7.30,0.00,Dine in,POS 2,Route 98 - Minimart,Owner,,,,Closed
05/09/2026 18:18,2-0404,Sale,DRINKS,10239,MOUNTAIN DEW (290ML),,,2.000,40.00,0.00,40.00,32.70,7.30,0.00,Dine in,POS 2,Route 98 - Minimart,Owner,,,,Closed
05/09/2026 18:17,2-0403,Sale,DRINKS,98000048,WILKINS PURE 1L,,,1.000,25.00,0.00,25.00,15.91,9.09,0.00,Dine in,POS 2,Route 98 - Minimart,Owner,,,,Closed
05/09/2026 18:17,2-0403,Sale,DRINKS,98000077,POCARI SWEAT 350ML,,,1.000,45.00,0.00,45.00,34.25,10.75,0.00,Dine in,POS 2,Route 98 - Minimart,Owner,,,,Closed
05/09/2026 18:16,2-0402,Sale,ICE CREAM 🍦,10349,CREAMLINE FROOTEES ORANGE 50ML,,,2.000,25.96,0.00,25.96,16.60,9.36,0.00,Dine in,POS 2,Route 98 - Minimart,Owner,,,,Closed
05/09/2026 18:16,2-0402,Sale,ICE CREAM 🍦,10362,CREAMLINE MILKY POP LOLLY MILK CHOCO 60ML,,,1.000,14.98,0.00,14.98,9.88,5.10,0.00,Dine in,POS 2,Route 98 - Minimart,Owner,,,,Closed
05/09/2026 18:16,2-0402,Sale,ICE CREAM 🍦,10350,CREAMLINE FROOTEES GRAPES 50ML,,,2.000,25.96,0.00,25.96,16.60,9.36,0.00,Dine in,POS 2,Route 98 - Minimart,Owner,,,,Closed
05/09/2026 18:16,2-0402,Sale,DRINKS,980000039,TANDUAY SELECT 700ML,,,1.000,155.00,0.00,155.00,138.59,16.41,0.00,Dine in,POS 2,Route 98 - Minimart,Owner,,,,Closed
05/09/2026 16:41,2-0401,Sale,SNACKS,10135,OISHI PRAWN CRACKERS SWEET & EXTRA HOT 24G,,,1.000,9.00,0.00,9.00,7.50,1.50,0.00,Dine in,POS 2,Route 98 - Minimart,Owner,,,,Closed
05/09/2026 16:29,2-0400,Sale,DRINKS,10083,RED HORSE 500,,,2.000,150.00,0.00,150.00,120.00,30.00,0.00,Dine in,POS 2,Route 98 - Minimart,Owner,,,,Closed
05/09/2026 16:26,2-0399,Sale,DRINKS,98000046,COCA COLA 1.75L,,,1.000,84.75,0.00,84.75,61.67,23.08,0.00,Dine in,POS 2,Route 98 - Minimart,Owner,,,,Closed
05/09/2026 15:29,2-0398,Sale,DRINKS,98000076,POCARI SWEAT 500ML,,,2.000,110.00,0.00,110.00,89.16,20.84,0.00,Dine in,POS 2,Route 98 - Minimart,Owner,,,,Closed
05/09/2026 15:29,2-0398,Sale,DRINKS,10230,REFRESH 500ML,,,1.000,12.00,0.00,12.00,8.65,3.35,0.00,Dine in,POS 2,Route 98 - Minimart,Owner,,,,Closed
05/09/2026 14:19,2-0397,Sale,DRINKS,98000047,WILKINS PURE 500,,,1.000,15.00,0.00,15.00,9.37,5.63,0.00,Dine in,POS 2,Route 98 - Minimart,Owner,,,,Closed
05/09/2026 14:19,2-0397,Sale,DRINKS,98000051,C2 GREEN TEA APPLE 335ML,,,1.000,28.75,0.00,28.75,22.08,6.67,0.00,Dine in,POS 2,Route 98 - Minimart,Owner,,,,Closed
05/09/2026 14:19,2-0397,Sale,DRINKS,98000052,C2 GREEN TEA LEMON 335ML,,,1.000,28.75,0.00,28.75,22.09,6.66,0.00,Dine in,POS 2,Route 98 - Minimart,Owner,,,,Closed
05/09/2026 14:06,2-0396,Sale,DRINKS,10129,C2 SOLO APPLE 230ML,,,3.000,51.00,0.00,51.00,35.37,15.63,0.00,Dine in,POS 2,Route 98 - Minimart,Owner,,,,Closed
05/09/2026 14:06,2-0396,Sale,DRINKS,10107,COCA COLA 290ML,,,1.000,20.00,0.00,20.00,16.50,3.50,0.00,Dine in,POS 2,Route 98 - Minimart,Owner,,,,Closed
05/09/2026 13:49,2-0395,Sale,DRINKS,98000051,C2 GREEN TEA APPLE 335ML,,,1.000,28.75,0.00,28.75,22.08,6.67,0.00,Dine in,POS 2,Route 98 - Minimart,Owner,,,,Closed
05/09/2026 12:17,2-0394,Sale,ICE CREAM 🍦,10357,CREAMLINE FAMILY DOU COOKIES&CREAM/CHOCO 950ML,,,1.000,155.75,0.00,155.75,112.75,43.00,0.00,Dine in,POS 2,Route 98 - Minimart,Owner,,,,Closed
05/09/2026 11:15,2-0393,Sale,SNACKS,10217,CHIPPY BBQ 108G,,,1.000,28.75,0.00,28.75,21.35,7.40,0.00,Dine in,POS 2,Route 98 - Minimart,Owner,,,,Closed
05/09/2026 11:15,2-0393,Sale,SNACKS,10219,MR CHIPS MANAMIS MAIS 45G,,,1.000,12.50,0.00,12.50,8.19,4.31,0.00,Dine in,POS 2,Route 98 - Minimart,Owner,,,,Closed
05/09/2026 10:44,2-0392,Sale,HOME ESSENTIALS,10249,UNILOVE SQUALANE WIPES,,,1.000,40.00,0.00,40.00,24.50,15.50,0.00,Dine in,POS 2,Route 98 - Minimart,Owner,,,,Closed
05/09/2026 10:43,2-0391,Sale,DRINKS,98000047,WILKINS PURE 500,,,1.000,15.00,0.00,15.00,9.37,5.63,0.00,Dine in,POS 2,Route 98 - Minimart,Owner,,,,Closed
05/09/2026 10:43,2-0391,Sale,BATH ESSENTIALS,980000038,COLGATE MOUTHWASH PLAX 60ML,,,1.000,38.98,0.00,38.98,29.75,9.23,0.00,Dine in,POS 2,Route 98 - Minimart,Owner,,,,Closed
05/09/2026 10:42,2-0390,Sale,DRINKS,10230,REFRESH 500ML,,,2.000,24.00,0.00,24.00,17.30,6.70,0.00,Dine in,POS 2,Route 98 - Minimart,Owner,,,,Closed
05/09/2026 10:42,2-0390,Sale,SNACKS,10218,MR CHIPS NACHO CHEESE 98G,,,1.000,25.50,0.00,25.50,19.50,6.00,0.00,Dine in,POS 2,Route 98 - Minimart,Owner,,,,Closed
05/09/2026 10:42,2-0390,Sale,SNACKS,10226,KROPEK NI MANGJUAN 90G,,,1.000,29.98,0.00,29.98,23.01,6.97,0.00,Dine in,POS 2,Route 98 - Minimart,Owner,,,,Closed
05/09/2026 10:41,2-0389,Sale,FOOD,10243,NIPS WHITE CHOCO 14G,,,6.000,48.00,0.00,48.00,0.00,48.00,0.00,Dine in,POS 2,Route 98 - Minimart,Owner,,,,Closed
05/09/2026 10:40,2-0388,Sale,FOOD,10243,NIPS WHITE CHOCO 14G,,,3.000,24.00,0.00,24.00,0.00,24.00,0.00,Dine in,POS 2,Route 98 - Minimart,Owner,,,,Closed
05/09/2026 10:40,2-0388,Sale,,10384,PREMIER PURIFIED WATER 500ML,,,1.000,15.00,0.00,15.00,9.67,5.33,0.00,Dine in,POS 2,Route 98 - Minimart,Owner,,,,Closed
05/09/2026 10:38,2-0387,Sale,DRINKS,10230,REFRESH 500ML,,,1.000,12.00,0.00,12.00,8.65,3.35,0.00,Dine in,POS 2,Route 98 - Minimart,Owner,,,,Closed
05/09/2026 00:23,2-0386,Sale,,10235,"#misc",,,1.000,2.00,0.00,2.00,0.00,2.00,0.00,Dine in,POS 2,Route 98 - Minimart,Owner,,,,Closed
05/09/2026 00:23,2-0385,Sale,FOOD,10233,LA MIA TUNA AFRTDA,,,1.000,38.00,0.00,38.00,33.18,4.82,0.00,Dine in,POS 2,Route 98 - Minimart,Owner,,,,Closed
05/09/2026 00:21,2-0384,Sale,,98000112,MIGHTY PUTI STICK,,,1.000,10.00,0.00,10.00,8.02,1.98,0.00,Dine in,POS 2,Route 98 - Minimart,Owner,,,,Closed
05/09/2026 00:21,2-0384,Sale,DRINKS,98000076,POCARI SWEAT 500ML,,,1.000,55.00,0.00,55.00,44.58,10.42,0.00,Dine in,POS 2,Route 98 - Minimart,Owner,,,,Closed
05/09/2026 00:21,2-0384,Sale,DRINKS,10129,C2 SOLO APPLE 230ML,,,1.000,17.00,0.00,17.00,11.79,5.21,0.00,Dine in,POS 2,Route 98 - Minimart,Owner,,,,Closed
05/09/2026 00:21,2-0384,Sale,SNACKS,10223,OVERLOAD CHOCO STRWBRRY,,,2.000,20.00,0.00,20.00,15.84,4.16,0.00,Dine in,POS 2,Route 98 - Minimart,Owner,,,,Closed
05/09/2026 00:21,2-0384,Sale,DRINKS,10239,MOUNTAIN DEW (290ML),,,1.000,20.00,0.00,20.00,16.35,3.65,0.00,Dine in,POS 2,Route 98 - Minimart,Owner,,,,Closed
05/09/2026 00:21,2-0384,Sale,FOOD,10189,NESCAFE STICK,,,5.000,25.00,0.00,25.00,16.25,8.75,0.00,Dine in,POS 2,Route 98 - Minimart,Owner,,,,Closed
05/09/2026 00:21,2-0384,Sale,FOOD,10328,SKYFLAKES TSOKOLATE,,,2.000,19.96,0.00,19.96,14.56,5.40,0.00,Dine in,POS 2,Route 98 - Minimart,Owner,,,,Closed
05/09/2026 00:17,2-0383,Sale,FOOD,10045,AJINOMOTO SEASONING,,,2.000,9.96,0.00,9.96,0.00,9.96,0.00,Dine in,POS 2,Route 98 - Minimart,Owner,,,,Closed
05/09/2026 00:17,2-0383,Sale,FOOD,10060,MONGGO,,,1.000,25.00,0.00,25.00,0.00,25.00,0.00,Dine in,POS 2,Route 98 - Minimart,Owner,,,,Closed
04/09/2026 21:58,2-0382,Sale,DRINKS,98000048,WILKINS PURE 1L,,,1.000,25.00,0.00,25.00,15.91,9.09,0.00,Dine in,POS 2,Route 98 - Minimart,Owner,,,,Closed
04/09/2026 21:58,2-0382,Sale,DRINKS,98000078,POCARI SWEAT 350ML,,,1.000,45.00,0.00,45.00,34.25,10.75,0.00,Dine in,POS 2,Route 98 - Minimart,Owner,,,,Closed
04/09/2026 21:49,2-0381,Sale,SNACKS,98000071,MANG JUAN SUKAT SILI 26G,,,1.000,12.25,0.00,12.25,6.30,5.95,0.00,Dine in,POS 2,Route 98 - Minimart,Owner,,,,Closed
04/09/2026 21:49,2-0381,Sale,ICE CREAM 🍦,10345,CREAMLINE BAR BUKO SALAD,,,1.000,16.75,0.00,16.75,11.60,5.15,0.00,Dine in,POS 2,Route 98 - Minimart,Owner,,,,Closed
04/09/2026 21:45,2-0380,Sale,SHELL,10240,SHELL BRAKE AND CLUTCH FLUID,,,1.000,271.00,0.00,271.00,0.00,271.00,0.00,Dine in,POS 2,Route 98 - Minimart,Owner,,,,Closed
04/09/2026 21:45,2-0380,Sale,DRINKS,10383Q,PEPSI EXTRA FIZZ 195ML,,,1.000,15.00,0.00,15.00,11.00,4.00,0.00,Dine in,POS 2,Route 98 - Minimart,Owner,,,,Closed
04/09/2026 21:43,2-0379,Sale,FOOD,10200,HOBE CHKN STNGHN,,,1.000,32.50,0.00,32.50,27.49,5.01,0.00,Dine in,POS 2,Route 98 - Minimart,Owner,,,,Closed
04/09/2026 21:43,2-0379,Sale,FOOD,10243,NIPS WHITE CHOCO 14G,,,3.000,24.00,0.00,24.00,0.00,24.00,0.00,Dine in,POS 2,Route 98 - Minimart,Owner,,,,Closed
04/09/2026 21:42,2-0378,Sale,SNACKS,10149,NOVA COUNTRY CHEDDAR 20G,,,1.000,8.75,0.00,8.75,6.66,2.09,0.00,Dine in,POS 2,Route 98 - Minimart,Owner,,,,Closed
04/09/2026 21:42,2-0378,Sale,SNACKS,10387,PEEWEE SIZZLING BARBEQUE 25G,,,1.000,10.98,0.00,10.98,8.25,2.73,0.00,Dine in,POS 2,Route 98 - Minimart,Owner,,,,Closed
04/09/2026 21:42,2-0378,Sale,SNACKS,10153,DINGDONG MIXED NUTS 100G,,,1.000,30.00,0.00,30.00,24.00,6.00,0.00,Dine in,POS 2,Route 98 - Minimart,Owner,,,,Closed
04/09/2026 21:31,2-0377,Sale,DRINKS,98000054,C2 GREEN TEA APPLE 1L,,,1.000,57.75,0.00,57.75,44.42,13.33,0.00,Dine in,POS 2,Route 98 - Minimart,Owner,,,,Closed
04/09/2026 21:31,2-0377,Sale,DRINKS,10129,C2 SOLO APPLE 230ML,,,1.000,17.00,0.00,17.00,11.79,5.21,0.00,Dine in,POS 2,Route 98 - Minimart,Owner,,,,Closed
04/09/2026 21:27,2-0376,Sale,DRINKS,10239,MOUNTAIN DEW (290ML),,,1.000,20.00,0.00,20.00,16.35,3.65,0.00,Dine in,POS 2,Route 98 - Minimart,Owner,,,,Closed
04/09/2026 21:27,2-0376,Sale,DRINKS,10085,SM FLAVORED BEER APPLE,,,2.000,106.00,0.00,106.00,82.00,24.00,0.00,Dine in,POS 2,Route 98 - Minimart,Owner,,,,Closed
04/09/2026 21:27,2-0376,Sale,SNACKS,98000056,NOVA COUNTRY CHEDDAR 38G,,,1.000,18.25,0.00,18.25,14.00,4.25,0.00,Dine in,POS 2,Route 98 - Minimart,Owner,,,,Closed
04/09/2026 21:27,2-0376,Sale,,10235,"#misc",,,1.000,20.00,0.00,20.00,0.00,20.00,0.00,Dine in,POS 2,Route 98 - Minimart,Owner,,,,Closed
04/09/2026 21:17,2-0375,Sale,,10235,"#misc",,,1.000,10.00,0.00,10.00,0.00,10.00,0.00,Dine in,POS 2,Route 98 - Minimart,Owner,,,,Closed
04/09/2026 21:17,2-0375,Sale,ICE,10298,ICE CUBE 1KG,,,1.000,25.00,0.00,25.00,13.00,12.00,0.00,Dine in,POS 2,Route 98 - Minimart,Owner,,,,Closed
04/09/2026 21:05,2-0374,Sale,DRINKS,98000108,VITAMILK(DOUBLECHOCO) 300ML,,,1.000,35.00,0.00,35.00,29.50,5.50,0.00,Dine in,POS 2,Route 98 - Minimart,Owner,,,,Closed
04/09/2026 21:05,2-0374,Sale,ICE,10299,ICE CUBE 2KG,,,1.000,35.00,0.00,35.00,24.00,11.00,0.00,Dine in,POS 2,Route 98 - Minimart,Owner,,,,Closed
04/09/2026 21:05,2-0374,Sale,DRINKS,980000055,C2 GREEN TEA LEMON 1L,,,1.000,57.75,0.00,57.75,44.42,13.33,0.00,Dine in,POS 2,Route 98 - Minimart,Owner,,,,Closed
04/09/2026 20:51,2-0373,Sale,CIGARETTE,98000117,WINSTON RED STICK,,,3.000,36.00,0.00,36.00,27.30,8.70,0.00,Dine in,POS 2,Route 98 - Minimart,Owner,,,,Closed
04/09/2026 20:45,2-0372,Sale,SNACKS,10146,CRISPY PATATA 24G,,,1.000,9.98,0.00,9.98,7.75,2.23,0.00,Dine in,POS 2,Route 98 - Minimart,Owner,,,,Closed
04/09/2026 20:45,2-0372,Sale,SNACKS,10135,OISHI PRAWN CRACKERS SWEET & EXTRA HOT 24G,,,1.000,9.00,0.00,9.00,7.50,1.50,0.00,Dine in,POS 2,Route 98 - Minimart,Owner,,,,Closed
04/09/2026 20:45,2-0372,Sale,DRINKS,10275,MOUNTAIN DEW 1.5L,,,1.000,72.00,0.00,72.00,62.00,10.00,0.00,Dine in,POS 2,Route 98 - Minimart,Owner,,,,Closed
04/09/2026 20:15,2-0371,Sale,FOOD,10170,BEAR BRAND SWAK CHOCO,,,2.000,30.00,0.00,30.00,18.00,12.00,0.00,Dine in,POS 2,Route 98 - Minimart,Owner,,,,Closed
04/09/2026 20:15,2-0371,Sale,BATH ESSENTIALS,980000010,SAFEGUARD PURE WHITE 65G,,,1.000,25.98,0.00,25.98,20.19,5.79,0.00,Dine in,POS 2,Route 98 - Minimart,Owner,,,,Closed
04/09/2026 20:15,2-0371,Sale,FOOD,10065,SILVER SWAN SOY SAUCE 200ML,,,1.000,13.00,0.00,13.00,0.00,13.00,0.00,Dine in,POS 2,Route 98 - Minimart,Owner,,,,Closed
04/09/2026 20:15,2-0371,Sale,FOOD,10064,SILVER SWAN SUKA 200ML,,,1.000,11.00,0.00,11.00,0.00,11.00,0.00,Dine in,POS 2,Route 98 - Minimart,Owner,,,,Closed
04/09/2026 20:15,2-0371,Sale,Cleaning/Laundry Supplies,10101,BARETA BAR W/ FABCON,,,1.000,25.98,0.00,25.98,0.00,25.98,0.00,Dine in,POS 2,Route 98 - Minimart,Owner,,,,Closed
04/09/2026 20:15,2-0371,Sale,Cleaning/Laundry Supplies,10015,ZONROX ORIG 250,,,1.000,26.00,0.00,26.00,0.00,26.00,0.00,Dine in,POS 2,Route 98 - Minimart,Owner,,,,Closed
04/09/2026 20:15,2-0371,Sale,FEMININE CARE,10033,SISTERS NIGHT PLUS W/ WINGS 8PCS,,,1.000,40.00,0.00,40.00,0.00,40.00,0.00,Dine in,POS 2,Route 98 - Minimart,Owner,,,,Closed
04/09/2026 20:15,2-0371,Sale,SNACKS,10317@,VCUT SPICY BARBEQUE 25G,,,1.000,20.25,0.00,20.25,16.00,4.25,0.00,Dine in,POS 2,Route 98 - Minimart,Owner,,,,Closed
04/09/2026 19:35,2-0370,Sale,FEMININE CARE,10077,WHISPER  FLORAL,,,1.000,50.00,0.00,50.00,0.00,50.00,0.00,Dine in,POS 2,Route 98 - Minimart,Owner,,,,Closed
04/09/2026 19:30,2-0369,Sale,SNACKS,98000068,FUN SIZE! PIATTOS CHEESE 18G,,,1.000,10.50,0.00,10.50,6.66,3.84,0.00,Dine in,POS 2,Route 98 - Minimart,Owner,,,,Closed
04/09/2026 18:54,2-0368,Sale,ICE CREAM 🍦,10364,CREAMLINE CUP CHOCO MUD PIE 210ML,,,2.000,59.00,0.00,59.00,46.88,12.12,0.00,Dine in,POS 2,Route 98 - Minimart,Owner,,,,Closed
04/09/2026 18:52,2-0367,Sale,DRINKS,10083,RED HORSE 500,,,2.000,150.00,0.00,150.00,120.00,30.00,0.00,Dine in,POS 2,Route 98 - Minimart,Owner,,,,Closed
04/09/2026 18:52,2-0367,Sale,CIGARETTE,98000117,WINSTON RED STICK,,,4.000,48.00,0.00,48.00,36.40,11.60,0.00,Dine in,POS 2,Route 98 - Minimart,Owner,,,,Closed
04/09/2026 18:43,2-0366,Sale,DRINKS,98000039,CLVB 1.5 LTR,,,1.000,255.00,0.00,255.00,211.20,43.80,0.00,Dine in,POS 2,Route 98 - Minimart,Owner,,,,Closed
04/09/2026 17:59,2-0365,Sale,,98000110,MIGHTY PULA  STICK,,,5.000,50.00,0.00,50.00,40.10,9.90,0.00,Dine in,POS 2,Route 98 - Minimart,Owner,,,,Closed
04/09/2026 17:57,2-0364,Sale,DRINKS,10083,RED HORSE 500,,,2.000,150.00,0.00,150.00,120.00,30.00,0.00,Dine in,POS 2,Route 98 - Minimart,Owner,,,,Closed
04/09/2026 17:43,2-0363,Sale,DRINKS,10239,MOUNTAIN DEW (290ML),,,1.000,20.00,0.00,20.00,16.35,3.65,0.00,Dine in,POS 2,Route 98 - Minimart,Owner,,,,Closed
04/09/2026 17:43,2-0362,Sale,FOOD,10128,NESCAFE ORIGINAL TWIN PACK,,,1.000,17.00,0.00,17.00,14.00,3.00,0.00,Dine in,POS 2,Route 98 - Minimart,Owner,,,,Closed
04/09/2026 17:43,2-0361,Sale,,98000114,CAMEL PREMIUM TABACCOS STICK,,,1.000,10.00,0.00,10.00,7.25,2.75,0.00,Dine in,POS 2,Route 98 - Minimart,Owner,,,,Closed
04/09/2026 17:42,2-0360,Sale,DRINKS,98000047,WILKINS PURE 500,,,1.000,15.00,0.00,15.00,9.37,5.63,0.00,Dine in,POS 2,Route 98 - Minimart,Owner,,,,Closed
04/09/2026 17:42,2-0359,Sale,DRINKS,10241,COBRA ASTIG 330ML,,,1.000,25.00,0.00,25.00,20.00,5.00,0.00,Dine in,POS 2,Route 98 - Minimart,Owner,,,,Closed
04/09/2026 17:42,2-0358,Sale,SNACKS,10146,CRISPY PATATA 24G,,,1.000,9.98,0.00,9.98,7.75,2.23,0.00,Dine in,POS 2,Route 98 - Minimart,Owner,,,,Closed
04/09/2026 17:42,2-0357,Sale,SNACKS,10258,NIPS WHITE CHOCO PACK,,,1.000,35.00,0.00,35.00,28.95,6.05,0.00,Dine in,POS 2,Route 98 - Minimart,Owner,,,,Closed
04/09/2026 17:41,2-0356,Sale,SNACKS,98000071,MANG JUAN SUKAT SILI 26G,,,1.000,12.25,0.00,12.25,6.30,5.95,0.00,Dine in,POS 2,Route 98 - Minimart,Owner,,,,Closed
04/09/2026 17:41,2-0355,Sale,DRINKS,98000047,WILKINS PURE 500,,,1.000,15.00,0.00,15.00,9.37,5.63,0.00,Dine in,POS 2,Route 98 - Minimart,Owner,,,,Closed
04/09/2026 17:40,2-0354,Sale,DRINKS,98000047,WILKINS PURE 500,,,1.000,15.00,0.00,15.00,9.37,5.63,0.00,Dine in,POS 2,Route 98 - Minimart,Owner,,,,Closed
04/09/2026 17:40,2-0353,Sale,SNACKS,10207,PRESTO CHOCO,,,2.000,20.00,0.00,20.00,12.26,7.74,0.00,Dine in,POS 2,Route 98 - Minimart,Owner,,,,Closed
04/09/2026 17:40,2-0352,Sale,ICE CREAM 🍦,10336,CREAMLINE CONE COOKIES & CREAM 110ML,,,2.000,46.50,0.00,46.50,36.50,10.00,0.00,Dine in,POS 2,Route 98 - Minimart,Owner,,,,Closed
04/09/2026 17:39,2-0351,Sale,ICE CREAM 🍦,10338,CREAMLINE CONE CHOCO QUESO 110ML,,,1.000,23.25,0.00,23.25,18.25,5.00,0.00,Dine in,POS 2,Route 98 - Minimart,Owner,,,,Closed
04/09/2026 17:36,2-0350,Sale,DRINKS,98000076,POCARI SWEAT 500ML,,,1.000,55.00,0.00,55.00,44.58,10.42,0.00,Dine in,POS 2,Route 98 - Minimart,Owner,,,,Closed
04/09/2026 04:13,2-0347,Sale,SNACKS,10218,MR CHIPS NACHO CHEESE 98G,,,1.000,25.50,0.00,25.50,19.50,6.00,0.00,Dine in,POS 2,Route 98 - Minimart,Owner,,,,Closed
04/09/2026 04:12,2-0346,Sale,,10235,"#misc",,,1.000,25.00,0.00,25.00,0.00,25.00,0.00,Dine in,POS 2,Route 98 - Minimart,Owner,,,,Closed
04/09/2026 03:49,2-0345,Sale,DRINKS,98000046,COCA COLA 1.75L,,,1.000,84.98,0.00,84.98,61.67,23.31,0.00,Dine in,POS 2,Route 98 - Minimart,Owner,,,,Closed
04/09/2026 03:49,2-0345,Sale,CIGARETTE,98000117,WINSTON RED STICK,,,4.000,48.00,0.00,48.00,36.40,11.60,0.00,Dine in,POS 2,Route 98 - Minimart,Owner,,,,Closed
04/09/2026 03:39,2-0344,Sale,DRINKS,10129,C2 SOLO APPLE 230ML,,,1.000,17.00,0.00,17.00,11.79,5.21,0.00,Dine in,POS 2,Route 98 - Minimart,Owner,,,,Closed
04/09/2026 02:58,2-0343,Sale,DRINKS,98000078,POCARI SWEAT 350ML,,,1.000,45.00,0.00,45.00,34.25,10.75,0.00,Dine in,POS 2,Route 98 - Minimart,Owner,,,,Closed
04/09/2026 02:58,2-0343,Sale,ICE CREAM 🍦,10349,CREAMLINE FROOTEES ORANGE 50ML,,,1.000,12.98,0.00,12.98,8.30,4.68,0.00,Dine in,POS 2,Route 98 - Minimart,Owner,,,,Closed
04/09/2026 02:41,2-0342,Sale,DRINKS,98000051,C2 GREEN TEA APPLE 335ML,,,1.000,28.75,0.00,28.75,22.08,6.67,0.00,Dine in,POS 2,Route 98 - Minimart,Owner,,,,Closed
04/09/2026 02:40,2-0341,Sale,DRINKS,10084,RED HORSE LITRO,,,3.000,420.00,0.00,420.00,360.00,60.00,0.00,Dine in,POS 2,Route 98 - Minimart,Owner,,,,Closed
04/09/2026 02:12,2-0340,Sale,DRINKS,98000078,POCARI SWEAT 350ML,,,1.000,45.00,0.00,45.00,34.25,10.75,0.00,Dine in,POS 2,Route 98 - Minimart,Owner,,,,Closed
04/09/2026 02:12,2-0340,Sale,,98000114,CAMEL PREMIUM TABACCOS STICK,,,1.000,10.00,0.00,10.00,7.25,2.75,0.00,Dine in,POS 2,Route 98 - Minimart,Owner,,,,Closed
04/09/2026 02:12,2-0340,Sale,DRINKS,98000053,C2 SOLO LEMON 230ML,,,1.000,17.00,0.00,17.00,15.32,1.68,0.00,Dine in,POS 2,Route 98 - Minimart,Owner,,,,Closed
04/09/2026 02:12,2-0340,Sale,FOOD,10328,SKYFLAKES TSOKOLATE,,,1.000,9.98,0.00,9.98,7.28,2.70,0.00,Dine in,POS 2,Route 98 - Minimart,Owner,,,,Closed
04/09/2026 02:12,2-0340,Sale,DRINKS,98000078,POCARI SWEAT 350ML,,,1.000,45.00,0.00,45.00,34.25,10.75,0.00,Dine in,POS 2,Route 98 - Minimart,Owner,,,,Closed
04/09/2026 02:12,2-0340,Sale,DRINKS,10383Q,PEPSI EXTRA FIZZ 195ML,,,1.000,15.00,0.00,15.00,11.00,4.00,0.00,Dine in,POS 2,Route 98 - Minimart,Owner,,,,Closed
04/09/2026 02:12,2-0340,Sale,DRINKS,10190,GATORADE BLUE BOLT 350ML,,,1.000,35.00,0.00,35.00,25.83,9.17,0.00,Dine in,POS 2,Route 98 - Minimart,Owner,,,,Closed
04/09/2026 02:12,2-0340,Sale,DRINKS,10241,COBRA ASTIG 330ML,,,1.000,25.00,0.00,25.00,20.00,5.00,0.00,Dine in,POS 2,Route 98 - Minimart,Owner,,,,Closed
04/09/2026 02:12,2-0340,Sale,ICE CREAM 🍦,10336,CREAMLINE CONE COOKIES & CREAM 110ML,,,1.000,23.25,0.00,23.25,18.25,5.00,0.00,Dine in,POS 2,Route 98 - Minimart,Owner,,,,Closed
03/09/2026 22:44,2-0349,Sale,ICE CREAM 🍦,10363,CREAMLINE  CUP CHOCO MALLOW 210ML,,,2.000,59.00,0.00,59.00,46.88,12.12,0.00,Dine in,POS 2,Route 98 - Minimart,Owner,,,,Closed
03/09/2026 22:42,2-0348,Sale,ICE,10298,ICE CUBE 1KG,,,1.000,25.00,0.00,25.00,13.00,12.00,0.00,,POS 2,Route 98 - Minimart,Owner,,,,Closed
03/09/2026 22:26,2-0339,Sale,HOME ESSENTIALS,10043,LION TIGER KATOL - COIL,,,2.000,10.00,0.00,10.00,0.00,10.00,0.00,Dine in,POS 2,Route 98 - Minimart,Owner,,,,Closed
03/09/2026 22:26,2-0339,Sale,CIGARETTE,98000117,WINSTON RED STICK,,,2.000,24.00,0.00,24.00,18.20,5.80,0.00,Dine in,POS 2,Route 98 - Minimart,Owner,,,,Closed
03/09/2026 21:58,2-0338,Sale,SNACKS,10149,NOVA COUNTRY CHEDDAR 20G,,,1.000,8.75,0.00,8.75,6.66,2.09,0.00,Dine in,POS 2,Route 98 - Minimart,Owner,,,,Closed
03/09/2026 21:46,2-0337,Sale,ICE CREAM 🍦,10347,CREAMLINE BAR UBE QUESO PASTILLAS,,,1.000,16.75,0.00,16.75,11.60,5.15,0.00,Dine in,POS 2,Route 98 - Minimart,Owner,,,,Closed
03/09/2026 21:46,2-0337,Sale,ICE CREAM 🍦,10340,CREAMLINE JUMBO CONE COOKIES & CREAM 140ML,,,1.000,29.98,0.00,29.98,24.10,5.88,0.00,Dine in,POS 2,Route 98 - Minimart,Owner,,,,Closed
03/09/2026 21:36,2-0336,Sale,,10235,"#misc",,,1.000,5.00,0.00,5.00,0.00,5.00,0.00,Dine in,POS 2,Route 98 - Minimart,Owner,,,,Closed
03/09/2026 21:35,2-0335,Sale,,10235,"#misc",,,1.000,5.00,0.00,5.00,0.00,5.00,0.00,Dine in,POS 2,Route 98 - Minimart,Owner,,,,Closed
03/09/2026 21:33,2-0334,Sale,FOOD,10228,NISSIN CUP NOODLES SPCYHTBF,,,1.000,30.00,0.00,30.00,22.01,7.99,0.00,Dine in,POS 2,Route 98 - Minimart,Owner,,,,Closed
03/09/2026 21:32,2-0333,Sale,Cleaning/Laundry Supplies,10105,SURF POWDER KALAMANSI,,,3.000,29.94,0.00,29.94,0.00,29.94,0.00,Dine in,POS 2,Route 98 - Minimart,Owner,,,,Closed
03/09/2026 21:32,2-0333,Sale,HOME ESSENTIALS,10244,SURF(CHERRY BLOSSOM),,,3.000,29.94,0.00,29.94,20.10,9.84,0.00,Dine in,POS 2,Route 98 - Minimart,Owner,,,,Closed
03/09/2026 21:32,2-0333,Sale,Cleaning/Laundry Supplies,980000024,TIDE POWDER JUMBO PACK DEEP CLEAN,,,2.000,39.96,0.00,39.96,30.24,9.72,0.00,Dine in,POS 2,Route 98 - Minimart,Owner,,,,Closed
03/09/2026 21:32,2-0333,Sale,Cleaning/Laundry Supplies,980000026,DOWNY SUNRISE FRESH 26ML,,,3.000,26.94,0.00,26.94,18.69,8.25,0.00,Dine in,POS 2,Route 98 - Minimart,Owner,,,,Closed
03/09/2026 21:18,2-0332,Sale,SNACKS,10223,OVERLOAD CHOCO STRWBRRY,,,1.000,10.00,0.00,10.00,7.92,2.08,0.00,Dine in,POS 2,Route 98 - Minimart,Owner,,,,Closed
03/09/2026 21:04,2-0331,Sale,BATH ESSENTIALS,980000010,SAFEGUARD PURE WHITE 65G,,,1.000,25.98,0.00,25.98,20.19,5.79,0.00,Dine in,POS 2,Route 98 - Minimart,Owner,,,,Closed
03/09/2026 20:27,2-0330,Sale,DRINKS,10084,RED HORSE LITRO,,,1.000,140.00,0.00,140.00,120.00,20.00,0.00,Dine in,POS 2,Route 98 - Minimart,Owner,,,,Closed
03/09/2026 19:57,2-0329,Sale,DRINKS,10251,PEPSI EXTRA FIZZ 1L,,,1.000,55.00,0.00,55.00,41.00,14.00,0.00,Dine in,POS 2,Route 98 - Minimart,Owner,,,,Closed
03/09/2026 19:57,2-0328,Sale,,10235,"#misc",,,1.000,45.00,0.00,45.00,0.00,45.00,0.00,Dine in,POS 2,Route 98 - Minimart,Owner,,,,Closed
03/09/2026 19:57,2-0328,Sale,SNACKS,10396,TATTOOS CORN TUBE PIZZA 60G,,,2.000,29.96,0.00,29.96,21.80,8.16,0.00,Dine in,POS 2,Route 98 - Minimart,Owner,,,,Closed
03/09/2026 19:57,2-0328,Sale,SNACKS,10140,OISHI RINBEE,,,2.000,18.00,0.00,18.00,15.00,3.00,0.00,Dine in,POS 2,Route 98 - Minimart,Owner,,,,Closed
03/09/2026 19:57,2-0328,Sale,SNACKS,10156,PEEWEE PZZA SUPREME,,,1.000,10.98,0.00,10.98,8.50,2.48,0.00,Dine in,POS 2,Route 98 - Minimart,Owner,,,,Closed
03/09/2026 19:46,2-0327,Sale,,10235,"#misc",,,1.000,5.00,0.00,5.00,0.00,5.00,0.00,Dine in,POS 2,Route 98 - Minimart,Owner,,,,Closed
03/09/2026 19:40,2-0326,Sale,ICE CREAM 🍦,10366,CREAMLINE SUNDAE CARAMEL 120ML,,,1.000,24.98,0.00,24.98,15.85,9.13,0.00,Dine in,POS 2,Route 98 - Minimart,Owner,,,,Closed
03/09/2026 19:23,1-0339,Sale,ICE CREAM 🍦,19,OREO ICE CREAM 110ML,,,1.000,62.98,0.00,62.98,55.00,7.98,0.00,Dine in,POS 1,Route 98 - Minimart,Owner,,,,Closed
03/09/2026 19:21,1-0338,Sale,FOOD,10171,ENERGEN VNLA,,,7.000,83.86,0.00,83.86,60.55,23.31,0.00,Dine in,POS 1,Route 98 - Minimart,Owner,,,,Closed
03/09/2026 19:21,1-0338,Sale,FOOD,10173,MILO,,,9.000,108.00,0.00,108.00,83.25,24.75,0.00,Dine in,POS 1,Route 98 - Minimart,Owner,,,,Closed
03/09/2026 18:33,2-0325,Sale,ICE CREAM 🍦,10344,CREAMLINE PINIPIG CHOCOLATE 70ML,,,2.000,39.96,0.00,39.96,32.30,7.66,0.00,Dine in,POS 2,Route 98 - Minimart,Owner,,,,Closed
03/09/2026 16:58,2-0324,Sale,,10235,"#misc",,,1.000,6.00,0.00,6.00,0.00,6.00,0.00,Dine in,POS 2,Route 98 - Minimart,Owner,,,,Closed
03/09/2026 16:47,2-0323,Sale,SNACKS,10202,PIATTOS CHEESE 85G,,,1.000,38.50,0.00,38.50,33.22,5.28,0.00,Dine in,POS 2,Route 98 - Minimart,Owner,,,,Closed
03/09/2026 16:47,2-0323,Sale,SNACKS,98000056,NOVA COUNTRY CHEDDAR 38G,,,1.000,18.25,0.00,18.25,14.00,4.25,0.00,Dine in,POS 2,Route 98 - Minimart,Owner,,,,Closed
03/09/2026 16:47,2-0323,Sale,DRINKS,10252,Royal 1.5L,,,1.000,75.00,0.00,75.00,0.00,75.00,0.00,Dine in,POS 2,Route 98 - Minimart,Owner,,,,Closed
03/09/2026 16:27,2-0322,Sale,DRINKS,10107,COCA COLA 290ML,,,1.000,20.00,0.00,20.00,16.50,3.50,0.00,Dine in,POS 2,Route 98 - Minimart,Owner,,,,Closed
03/09/2026 14:56,2-0321,Sale,,10384,PREMIER PURIFIED WATER 500ML,,,2.000,30.00,0.00,30.00,19.34,10.66,0.00,Dine in,POS 2,Route 98 - Minimart,Owner,,,,Closed
03/09/2026 14:47,2-0320,Sale,DRINKS,10118,MINUTE MAID 250,,,1.000,12.00,0.00,12.00,0.00,12.00,0.00,Dine in,POS 2,Route 98 - Minimart,Owner,,,,Closed
03/09/2026 14:47,2-0320,Sale,FOOD,10333,MONDE SPECIAL MAMON,,,1.000,29.98,0.00,29.98,16.00,13.98,0.00,Dine in,POS 2,Route 98 - Minimart,Owner,,,,Closed
03/09/2026 14:32,2-0319,Sale,HOME ESSENTIALS,10312,SCOUR POWER SPONGE,,,1.000,25.00,0.00,25.00,20.50,4.50,0.00,Dine in,POS 2,Route 98 - Minimart,Owner,,,,Closed
03/09/2026 14:32,2-0318,Sale,Cleaning/Laundry Supplies,10105,SURF POWDER KALAMANSI,,,3.000,29.94,0.00,29.94,0.00,29.94,0.00,Dine in,POS 2,Route 98 - Minimart,Owner,,,,Closed
03/09/2026 14:31,2-0317,Sale,Cleaning/Laundry Supplies,10014,ZONROX ORIG 500,,,2.000,71.00,0.00,71.00,0.00,71.00,0.00,Dine in,POS 2,Route 98 - Minimart,Owner,,,,Closed
03/09/2026 14:28,2-0316,Sale,DRINKS,98000046,COCA COLA 1.75L,,,2.000,169.96,0.00,169.96,123.34,46.62,0.00,Dine in,POS 2,Route 98 - Minimart,Owner,,,,Closed
03/09/2026 14:28,2-0316,Sale,ICE,10298,ICE CUBE 1KG,,,1.000,25.00,0.00,25.00,13.00,12.00,0.00,Dine in,POS 2,Route 98 - Minimart,Owner,,,,Closed
03/09/2026 14:24,2-0315,Sale,BATH ESSENTIALS,980000037,COLGATE X2 TUBES TRIPLE ACTION 120G,,,1.000,184.98,0.00,184.98,153.00,31.98,0.00,Dine in,POS 2,Route 98 - Minimart,Owner,,,,Closed
03/09/2026 13:45,2-0314,Sale,,10235,"#misc",,,1.000,45.00,0.00,45.00,0.00,45.00,0.00,Dine in,POS 2,Route 98 - Minimart,Owner,,,,Closed
03/09/2026 13:29,2-0313,Sale,DRINKS,10114,SPRITE 1.5L,,,1.000,75.00,0.00,75.00,0.00,75.00,0.00,Dine in,POS 2,Route 98 - Minimart,Owner,,,,Closed
03/09/2026 13:29,2-0312,Sale,DRINKS,10190,GATORADE BLUE BOLT 350ML,,,1.000,35.00,0.00,35.00,25.83,9.17,0.00,Dine in,POS 2,Route 98 - Minimart,Owner,,,,Closed
03/09/2026 13:28,2-0311,Sale,DRINKS,10252,Royal 1.5L,,,1.000,75.00,0.00,75.00,0.00,75.00,0.00,Dine in,POS 2,Route 98 - Minimart,Owner,,,,Closed
03/09/2026 13:28,2-0310,Sale,DRINKS,98000051,C2 GREEN TEA APPLE 335ML,,,1.000,28.75,0.00,28.75,22.08,6.67,0.00,Dine in,POS 2,Route 98 - Minimart,Owner,,,,Closed
03/09/2026 13:27,2-0309,Sale,DRINKS,10230,REFRESH 500ML,,,1.000,12.00,0.00,12.00,8.65,3.35,0.00,Dine in,POS 2,Route 98 - Minimart,Owner,,,,Closed
03/09/2026 11:11,2-0308,Sale,DRINKS,10241,COBRA ASTIG 330ML,,,1.000,25.00,0.00,25.00,20.00,5.00,0.00,Dine in,POS 2,Route 98 - Minimart,Owner,,,,Closed
02/09/2026 21:52,2-0307,Sale,DRINKS,98000076,POCARI SWEAT 500ML,,,1.000,59.98,0.00,59.98,49.95,10.03,0.00,Dine in,POS 2,Route 98 - Minimart,Owner,,,,Closed
02/09/2026 21:52,2-0307,Sale,SNACKS,10203,NIPS PEANUT 14G,,,5.000,40.00,0.00,40.00,29.35,10.65,0.00,Dine in,POS 2,Route 98 - Minimart,Owner,,,,Closed
02/09/2026 21:52,2-0307,Sale,SNACKS,10206,NIPS MILK CHOCO 14G,,,7.000,56.00,0.00,56.00,41.09,14.91,0.00,Dine in,POS 2,Route 98 - Minimart,Owner,,,,Closed
02/09/2026 21:47,2-0306,Sale,ICE CREAM 🍦,10344,CREAMLINE PINIPIG CHOCOLATE 70ML,,,2.000,39.96,0.00,39.96,32.30,7.66,0.00,Dine in,POS 2,Route 98 - Minimart,Owner,,,,Closed
02/09/2026 21:47,2-0306,Sale,ICE CREAM 🍦,10334,CREAMLINE CONE ROCKY ROAD 110ML,,,1.000,23.25,0.00,23.25,18.25,5.00,0.00,Dine in,POS 2,Route 98 - Minimart,Owner,,,,Closed
02/09/2026 21:03,2-0305,Sale,DRINKS,98000048,WILKINS PURE 1L,,,1.000,25.00,0.00,25.00,15.91,9.09,0.00,Dine in,POS 2,Route 98 - Minimart,Owner,,,,Closed
02/09/2026 21:03,2-0305,Sale,DRINKS,98000047,WILKINS PURE 500,,,1.000,15.00,0.00,15.00,9.37,5.63,0.00,Dine in,POS 2,Route 98 - Minimart,Owner,,,,Closed
02/09/2026 20:20,2-0304,Sale,DRINKS,10129,C2 SOLO APPLE 230ML,,,1.000,17.00,0.00,17.00,0.00,17.00,0.00,Dine in,POS 2,Route 98 - Minimart,Owner,,,,Closed
02/09/2026 19:34,2-0303,Sale,SNACKS,10088,OISHI Potato Fries,,,1.000,9.98,0.00,9.98,7.50,2.48,0.00,Dine in,POS 2,Route 98 - Minimart,Owner,,,,Closed
02/09/2026 19:34,2-0303,Sale,SNACKS,10154,PEEWEE SPICY CHILI 25G,,,2.000,21.96,0.00,21.96,16.50,5.46,0.00,Dine in,POS 2,Route 98 - Minimart,Owner,,,,Closed
02/09/2026 19:34,2-0303,Sale,DRINKS,10083,RED HORSE 500,,,1.000,75.00,0.00,75.00,60.00,15.00,0.00,Dine in,POS 2,Route 98 - Minimart,Owner,,,,Closed
02/09/2026 19:29,2-0302,Sale,SNACKS,10143,CHIPPY BBQ 25G,,,2.000,19.96,0.00,19.96,15.00,4.96,0.00,Dine in,POS 2,Route 98 - Minimart,Owner,,,,Closed
02/09/2026 19:28,2-0301,Sale,DRINKS,98000046,COCA COLA 1.75L,,,1.000,84.98,0.00,84.98,61.67,23.31,0.00,Dine in,POS 2,Route 98 - Minimart,Owner,,,,Closed
02/09/2026 18:37,1-0337,Sale,SNACKS,10390,TATTOOS CORN CHIPS BBQ 58G,,,1.000,12.98,0.00,12.98,7.65,5.33,0.00,Dine in,POS 1,Route 98 - Minimart,Owner,,,,Closed
02/09/2026 18:37,1-0337,Sale,SNACKS,10198,CHICK BOY ONION & GARLIC 30G,,,1.000,11.98,0.00,11.98,9.22,2.76,0.00,Dine in,POS 1,Route 98 - Minimart,Owner,,,,Closed
02/09/2026 18:37,1-0337,Sale,,10197,CHICK BOY TEXAS BBQ 30G,,,2.000,23.96,0.00,23.96,20.00,3.96,0.00,Dine in,POS 1,Route 98 - Minimart,Owner,,,,Closed
02/09/2026 15:33,2-0294,Sale,DRINKS,98000048,WILKINS PURE 1L,,,1.000,25.00,0.00,25.00,15.91,9.09,0.00,Dine in,POS 2,Route 98 - Minimart,Owner,,,,Closed
02/09/2026 15:33,2-0294,Sale,DRINKS,10253,STING 290ML,,,1.000,25.00,0.00,25.00,16.75,8.25,0.00,Dine in,POS 2,Route 98 - Minimart,Owner,,,,Closed
02/09/2026 15:17,2-0293,Sale,DRINKS,10083,RED HORSE 500,,,1.000,75.00,0.00,75.00,60.00,15.00,0.00,Dine in,POS 2,Route 98 - Minimart,Owner,,,,Closed
02/09/2026 15:01,2-0292,Sale,SNACKS,10146,CRISPY PATATA 24G,,,1.000,9.98,0.00,9.98,7.75,2.23,0.00,Dine in,POS 2,Route 98 - Minimart,Owner,,,,Closed
02/09/2026 15:01,2-0292,Sale,SNACKS,10157,SWEETCHILI CHPS BBQ,,,1.000,11.98,0.00,11.98,8.25,3.73,0.00,Dine in,POS 2,Route 98 - Minimart,Owner,,,,Closed
02/09/2026 14:43,2-0291,Sale,DRINKS,98000048,WILKINS PURE 1L,,,1.000,25.00,0.00,25.00,15.91,9.09,0.00,Dine in,POS 2,Route 98 - Minimart,Owner,,,,Closed
02/09/2026 14:39,2-0290,Sale,ICE,10298,ICE CUBE 1KG,,,1.000,25.00,0.00,25.00,13.00,12.00,0.00,Dine in,POS 2,Route 98 - Minimart,Owner,,,,Closed
02/09/2026 14:10,2-0289,Sale,DRINKS,98000046,COCA COLA 1.75L,,,1.000,84.98,0.00,84.98,61.67,23.31,0.00,Dine in,POS 2,Route 98 - Minimart,Owner,,,,Closed
02/09/2026 14:10,2-0289,Sale,DRINKS,10114,SPRITE 1.5L,,,1.000,75.00,0.00,75.00,0.00,75.00,0.00,Dine in,POS 2,Route 98 - Minimart,Owner,,,,Closed
02/09/2026 14:10,2-0289,Sale,DRINKS,10230,REFRESH 500ML,,,1.000,12.00,0.00,12.00,8.65,3.35,0.00,Dine in,POS 2,Route 98 - Minimart,Owner,,,,Closed
02/09/2026 14:10,2-0289,Sale,ICE,10300,ICE CUBE 3KG,,,1.000,45.00,0.00,45.00,33.00,12.00,0.00,Dine in,POS 2,Route 98 - Minimart,Owner,,,,Closed
02/09/2026 13:40,2-0288,Sale,DRINKS,10230,REFRESH 500ML,,,6.000,72.00,0.00,72.00,51.90,20.10,0.00,Dine in,POS 2,Route 98 - Minimart,Owner,,,,Closed
02/09/2026 02:56,2-0287,Sale,DRINKS,10190,GATORADE BLUE BOLT 350ML,,,1.000,35.00,0.00,35.00,25.83,9.17,0.00,Dine in,POS 2,Route 98 - Minimart,Owner,,,,Closed
02/09/2026 02:56,2-0287,Sale,SNACKS,10182,HAPPY BBQ,,,10.000,20.00,0.00,20.00,0.00,20.00,0.00,Dine in,POS 2,Route 98 - Minimart,Owner,,,,Closed
02/09/2026 02:56,2-0287,Sale,SNACKS,10152,MOBY CARAMEL,,,1.000,10.98,0.00,10.98,8.25,2.73,0.00,Dine in,POS 2,Route 98 - Minimart,Owner,,,,Closed
02/09/2026 02:56,2-0287,Sale,DRINKS,10191,GATORADE TROPICAL FRUIT 500ML,,,1.000,46.00,0.00,46.00,36.58,9.42,0.00,Dine in,POS 2,Route 98 - Minimart,Owner,,,,Closed
02/09/2026 02:38,2-0286,Sale,DRINKS,98000046,COCA COLA 1.75L,,,1.000,84.98,0.00,84.98,61.67,23.31,0.00,Dine in,POS 2,Route 98 - Minimart,Owner,,,,Closed
02/09/2026 02:38,2-0286,Sale,FOOD,10319,EAGLE BROWN SUGAR 250G,,,1.000,24.00,0.00,24.00,20.00,4.00,0.00,Dine in,POS 2,Route 98 - Minimart,Owner,,,,Closed
02/09/2026 01:35,2-0285,Sale,ICE CREAM 🍦,10350,CREAMLINE FROOTEES GRAPES 50ML,,,1.000,12.98,0.00,12.98,8.30,4.68,0.00,Dine in,POS 2,Route 98 - Minimart,Owner,,,,Closed
02/09/2026 00:48,2-0284,Sale,SNACKS,10196,natalicious,,,1.000,10.00,0.00,10.00,0.00,10.00,0.00,Dine in,POS 2,Route 98 - Minimart,Owner,,,,Closed
02/09/2026 00:38,2-0283,Sale,DRINKS,10383Q,PEPSI EXTRA FIZZ 195ML,,,1.000,15.00,0.00,15.00,11.00,4.00,0.00,Dine in,POS 2,Route 98 - Minimart,Owner,,,,Closed
02/09/2026 00:35,2-0282,Sale,DRINKS,98000046,COCA COLA 1.75L,,,1.000,84.98,0.00,84.98,61.67,23.31,0.00,Dine in,POS 2,Route 98 - Minimart,Owner,,,,Closed
02/09/2026 00:35,2-0282,Sale,SNACKS,10147,PIATTOS CHEESE 40G,,,1.000,19.98,0.00,19.98,15.75,4.23,0.00,Dine in,POS 2,Route 98 - Minimart,Owner,,,,Closed
02/09/2026 00:35,2-0282,Sale,SNACKS,10219,MR CHIPS MANAMIS MAIS 45G,,,1.000,12.98,0.00,12.98,8.19,4.79,0.00,Dine in,POS 2,Route 98 - Minimart,Owner,,,,Closed
02/09/2026 00:35,2-0282,Sale,DRINKS,10253,STING 290ML,,,1.000,25.00,0.00,25.00,16.75,8.25,0.00,Dine in,POS 2,Route 98 - Minimart,Owner,,,,Closed
02/09/2026 00:35,2-0282,Sale,SNACKS,10225,MAGIC FLAKES,,,3.000,27.00,0.00,27.00,16.53,10.47,0.00,Dine in,POS 2,Route 98 - Minimart,Owner,,,,Closed
02/09/2026 00:10,2-0300,Sale,DRINKS,98000047,WILKINS PURE 500,,,1.000,15.00,0.00,15.00,9.37,5.63,0.00,Dine in,POS 2,Route 98 - Minimart,Owner,,,,Closed
01/09/2026 23:53,2-0299,Sale,DRINKS,10239,MOUNTAIN DEW (290ML),,,1.000,20.00,0.00,20.00,16.35,3.65,0.00,Dine in,POS 2,Route 98 - Minimart,Owner,,,,Closed
01/09/2026 23:53,2-0299,Sale,SNACKS,10154,PEEWEE SPICY CHILI 25G,,,1.000,10.98,0.00,10.98,8.25,2.73,0.00,Dine in,POS 2,Route 98 - Minimart,Owner,,,,Closed
01/09/2026 23:47,2-0298,Sale,DRINKS,10238,GATORADE (BLUE BOLT) 500ML,,,1.000,48.00,0.00,48.00,42.00,6.00,0.00,Dine in,POS 2,Route 98 - Minimart,Owner,,,,Closed
01/09/2026 22:57,2-0297,Sale,DRINKS,10239,MOUNTAIN DEW (290ML),,,1.000,20.00,0.00,20.00,16.35,3.65,0.00,Dine in,POS 2,Route 98 - Minimart,Owner,,,,Closed
01/09/2026 22:56,2-0296,Sale,DRINKS,10230,REFRESH 500ML,,,1.000,12.00,0.00,12.00,8.65,3.35,0.00,Dine in,POS 2,Route 98 - Minimart,Owner,,,,Closed
01/09/2026 22:52,2-0295,Sale,DRINKS,10083,RED HORSE 500,,,1.000,75.00,0.00,75.00,60.00,15.00,0.00,Dine in,POS 2,Route 98 - Minimart,Owner,,,,Closed
01/09/2026 22:35,2-0281,Sale,DRINKS,98000048,WILKINS PURE 1L,,,1.000,25.00,0.00,25.00,15.91,9.09,0.00,Dine in,POS 2,Route 98 - Minimart,Owner,,,,Closed
01/09/2026 22:30,2-0280,Sale,,10235,"#misc",,,1.000,1.00,0.00,1.00,0.00,1.00,0.00,Dine in,POS 2,Route 98 - Minimart,Owner,,,,Closed
01/09/2026 22:29,2-0279,Sale,DRINKS,98000047,WILKINS PURE 500,,,1.000,15.00,0.00,15.00,9.37,5.63,0.00,Dine in,POS 2,Route 98 - Minimart,Owner,,,,Closed
01/09/2026 22:29,2-0279,Sale,DRINKS,10113,NUTRIBOOST STRWBRRY 110,,,1.000,15.00,0.00,15.00,0.00,15.00,0.00,Dine in,POS 2,Route 98 - Minimart,Owner,,,,Closed
01/09/2026 22:13,2-0278,Sale,FOOD,10171,ENERGEN VNLA,,,3.000,35.94,0.00,35.94,25.95,9.99,0.00,Dine in,POS 2,Route 98 - Minimart,Owner,,,,Closed
01/09/2026 22:13,2-0278,Sale,FOOD,10127,NESCAFE CREAMY WHITE TWIN PACK,,,3.000,51.00,0.00,51.00,42.00,9.00,0.00,Dine in,POS 2,Route 98 - Minimart,Owner,,,,Closed
01/09/2026 22:13,2-0278,Sale,FOOD,10128,NESCAFE ORIGINAL TWIN PACK,,,3.000,51.00,0.00,51.00,42.00,9.00,0.00,Dine in,POS 2,Route 98 - Minimart,Owner,,,,Closed
01/09/2026 22:13,2-0278,Sale,DRINKS,10085,SM FLAVORED BEER APPLE,,,1.000,53.00,0.00,53.00,41.00,12.00,0.00,Dine in,POS 2,Route 98 - Minimart,Owner,,,,Closed
01/09/2026 22:10,2-0277,Sale,DRINKS,10085,SM FLAVORED BEER APPLE,,,1.000,53.00,0.00,53.00,41.00,12.00,0.00,Dine in,POS 2,Route 98 - Minimart,Owner,,,,Closed
01/09/2026 21:09,2-0276,Sale,DRINKS,10239,MOUNTAIN DEW (290ML),,,1.000,20.00,0.00,20.00,16.35,3.65,0.00,Dine in,POS 2,Route 98 - Minimart,Owner,,,,Closed
01/09/2026 20:53,2-0275,Sale,ICE,10298,ICE CUBE 1KG,,,1.000,25.00,0.00,25.00,13.00,12.00,0.00,Dine in,POS 2,Route 98 - Minimart,Owner,,,,Closed
01/09/2026 20:51,2-0274,Sale,DRINKS,980000039,TANDUAY SELECT 700ML,,,1.000,155.00,0.00,155.00,138.59,16.41,0.00,Dine in,POS 2,Route 98 - Minimart,Owner,,,,Closed
01/09/2026 20:49,2-0273,Sale,DRINKS,980000039,TANDUAY SELECT 700ML,,,1.000,155.00,0.00,155.00,138.59,16.41,0.00,Dine in,POS 2,Route 98 - Minimart,Owner,,,,Closed
01/09/2026 20:49,2-0273,Sale,DRINKS,10084,RED HORSE LITRO,,,2.000,280.00,0.00,280.00,240.00,40.00,0.00,Dine in,POS 2,Route 98 - Minimart,Owner,,,,Closed
01/09/2026 20:44,2-0272,Sale,ICE CREAM 🍦,10342,CREAMLINE JUMBO CONE UBE QUESO 140ML,,,1.000,29.98,0.00,29.98,24.10,5.88,0.00,Dine in,POS 2,Route 98 - Minimart,Owner,,,,Closed
01/09/2026 20:28,2-0271,Sale,SNACKS,10317@,VCUT SPICY BARBEQUE 25G,,,1.000,21.98,0.00,21.98,16.00,5.98,0.00,Dine in,POS 2,Route 98 - Minimart,Owner,,,,Closed
01/09/2026 19:52,2-0270,Sale,DRINKS,10085,SM FLAVORED BEER APPLE,,,1.000,53.00,0.00,53.00,41.00,12.00,0.00,Dine in,POS 2,Route 98 - Minimart,Owner,,,,Closed
01/09/2026 19:52,2-0270,Sale,DRINKS,10190,GATORADE BLUE BOLT 350ML,,,1.000,35.00,0.00,35.00,25.83,9.17,0.00,Dine in,POS 2,Route 98 - Minimart,Owner,,,,Closed
01/09/2026 19:43,2-0269,Sale,DRINKS,10230,REFRESH 500ML,,,2.000,24.00,0.00,24.00,17.30,6.70,0.00,Dine in,POS 2,Route 98 - Minimart,Owner,,,,Closed
01/09/2026 19:21,2-0268,Sale,DRINKS,98000048,WILKINS PURE 1L,,,1.000,25.00,0.00,25.00,15.91,9.09,0.00,Dine in,POS 2,Route 98 - Minimart,Owner,,,,Closed
01/09/2026 19:18,2-0267,Sale,DRINKS,10084,RED HORSE LITRO,,,1.000,140.00,0.00,140.00,120.00,20.00,0.00,Dine in,POS 2,Route 98 - Minimart,Owner,,,,Closed
01/09/2026 19:18,2-0267,Sale,ICE,10298,ICE CUBE 1KG,,,1.000,25.00,0.00,25.00,13.00,12.00,0.00,Dine in,POS 2,Route 98 - Minimart,Owner,,,,Closed
01/09/2026 19:01,2-0266,Sale,DRINKS,10084,RED HORSE LITRO,,,2.000,280.00,0.00,280.00,240.00,40.00,0.00,Dine in,POS 2,Route 98 - Minimart,Owner,,,,Closed
01/09/2026 19:01,2-0266,Sale,SNACKS,10187,BLACK CHILI CORN CHIPS BBQ,,,1.000,11.98,0.00,11.98,8.25,3.73,0.00,Dine in,POS 2,Route 98 - Minimart,Owner,,,,Closed
01/09/2026 19:01,2-0266,Sale,SNACKS,10142,OISHI PRAWN CRACKERS SPICY 24G,,,1.000,9.98,0.00,9.98,7.50,2.48,0.00,Dine in,POS 2,Route 98 - Minimart,Owner,,,,Closed
01/09/2026 19:01,2-0266,Sale,,10384,PREMIER PURIFIED WATER 500ML,,,1.000,15.00,0.00,15.00,9.67,5.33,0.00,Dine in,POS 2,Route 98 - Minimart,Owner,,,,Closed
01/09/2026 17:55,2-0265,Sale,ICE,10298,ICE CUBE 1KG,,,1.000,25.00,0.00,25.00,13.00,12.00,0.00,Dine in,POS 2,Route 98 - Minimart,Owner,,,,Closed
01/09/2026 17:52,2-0264,Sale,DRINKS,10239,MOUNTAIN DEW (290ML),,,1.000,20.00,0.00,20.00,16.35,3.65,0.00,Dine in,POS 2,Route 98 - Minimart,Owner,,,,Closed
01/09/2026 17:37,2-0263,Sale,DRINKS,10083,RED HORSE 500,,,2.000,150.00,0.00,150.00,120.00,30.00,0.00,Dine in,POS 2,Route 98 - Minimart,Owner,,,,Closed
01/09/2026 07:26,2-0262,Sale,ICE CREAM 🍦,10356,CREAMLINE FAMILY DUO BUCO SALAD/UBE 950ML,,,1.000,155.98,0.00,155.98,112.75,43.23,0.00,Dine in,POS 2,Route 98 - Minimart,Owner,,,,Closed
01/09/2026 07:14,2-0261,Sale,DRINKS,10253,STING 290ML,,,1.000,25.00,0.00,25.00,16.75,8.25,0.00,Dine in,POS 2,Route 98 - Minimart,Owner,,,,Closed
01/09/2026 04:52,2-0260,Sale,DRINKS,98000076,POCARI SWEAT 500ML,,,1.000,59.98,0.00,59.98,49.95,10.03,0.00,Dine in,POS 2,Route 98 - Minimart,Owner,,,,Closed
01/09/2026 04:45,2-0259,Sale,FEMININE CARE,10032,SISTERS DRY MAXI 8,,,1.000,28.00,0.00,28.00,0.00,28.00,0.00,Dine in,POS 2,Route 98 - Minimart,Owner,,,,Closed
01/09/2026 03:46,2-0258,Sale,DRINKS,98000076,POCARI SWEAT 500ML,,,1.000,59.98,0.00,59.98,49.95,10.03,0.00,Dine in,POS 2,Route 98 - Minimart,Owner,,,,Closed
01/09/2026 02:06,2-0257,Sale,,10385,TROPICANA TWISTER ORANGE,,,1.000,30.00,0.00,30.00,25.37,4.63,0.00,Dine in,POS 2,Route 98 - Minimart,Owner,,,,Closed
01/09/2026 01:29,2-0256,Sale,FOOD,10232,LA MIA TUNA HOTSPCY,,,1.000,38.00,0.00,38.00,33.18,4.82,0.00,Dine in,POS 2,Route 98 - Minimart,Owner,,,,Closed
31/08/2026 23:01,2-0255,Sale,SNACKS,10219,MR CHIPS MANAMIS MAIS 45G,,,1.000,12.98,0.00,12.98,8.19,4.79,0.00,Dine in,POS 2,Route 98 - Minimart,Owner,,,,Closed
31/08/2026 22:12,2-0254,Sale,DRINKS,98000048,WILKINS PURE 1L,,,1.000,25.00,0.00,25.00,15.91,9.09,0.00,Dine in,POS 2,Route 98 - Minimart,Owner,,,,Closed
31/08/2026 22:05,2-0253,Sale,,10384,PREMIER PURIFIED WATER 500ML,,,1.000,15.00,0.00,15.00,9.67,5.33,0.00,Dine in,POS 2,Route 98 - Minimart,Owner,,,,Closed
31/08/2026 21:56,2-0252,Sale,DRINKS,98000048,WILKINS PURE 1L,,,1.000,25.00,0.00,25.00,15.91,9.09,0.00,Dine in,POS 2,Route 98 - Minimart,Owner,,,,Closed
31/08/2026 21:56,2-0252,Sale,DRINKS,10123,COCA COLA 237ML,,,1.000,18.00,0.00,18.00,0.00,18.00,0.00,Dine in,POS 2,Route 98 - Minimart,Owner,,,,Closed
31/08/2026 21:56,2-0252,Sale,SNACKS,10396,TATTOOS CORN TUBE PIZZA 60G,,,1.000,14.98,0.00,14.98,10.90,4.08,0.00,Dine in,POS 2,Route 98 - Minimart,Owner,,,,Closed
31/08/2026 21:53,2-0251,Sale,SNACKS,10137,OISHI ONION RNGS,,,1.000,9.98,0.00,9.98,7.50,2.48,0.00,Dine in,POS 2,Route 98 - Minimart,Owner,,,,Closed
31/08/2026 21:53,2-0251,Sale,DRINKS,10239,MOUNTAIN DEW (290ML),,,1.000,20.00,0.00,20.00,16.35,3.65,0.00,Dine in,POS 2,Route 98 - Minimart,Owner,,,,Closed
31/08/2026 21:53,2-0251,Sale,SNACKS,10154,PEEWEE SPICY CHILI 25G,,,1.000,10.98,0.00,10.98,8.25,2.73,0.00,Dine in,POS 2,Route 98 - Minimart,Owner,,,,Closed
31/08/2026 21:53,2-0251,Sale,SNACKS,10181,HAPPY HOT N SPICY,,,10.000,20.00,0.00,20.00,0.00,20.00,0.00,Dine in,POS 2,Route 98 - Minimart,Owner,,,,Closed
31/08/2026 21:52,2-0250,Sale,SNACKS,10215,MANG JUAN SUKAT SILI 90G,,,1.000,29.98,0.00,29.98,22.50,7.48,0.00,Dine in,POS 2,Route 98 - Minimart,Owner,,,,Closed
31/08/2026 21:52,2-0250,Sale,DRINKS,10253,STING 290ML,,,1.000,25.00,0.00,25.00,16.75,8.25,0.00,Dine in,POS 2,Route 98 - Minimart,Owner,,,,Closed
31/08/2026 21:51,2-0249,Sale,SNACKS,10154,PEEWEE SPICY CHILI 25G,,,2.000,21.96,0.00,21.96,16.50,5.46,0.00,Dine in,POS 2,Route 98 - Minimart,Owner,,,,Closed
31/08/2026 21:51,2-0249,Sale,ICE CREAM 🍦,10341,CREAMLINE JUMBO CONE ROCKY ROAD 140ML,,,1.000,29.98,0.00,29.98,24.10,5.88,0.00,Dine in,POS 2,Route 98 - Minimart,Owner,,,,Closed
31/08/2026 21:50,2-0248,Sale,DRINKS,10085,SM FLAVORED BEER APPLE,,,1.000,53.00,0.00,53.00,41.00,12.00,0.00,Dine in,POS 2,Route 98 - Minimart,Owner,,,,Closed
31/08/2026 21:50,2-0248,Sale,SNACKS,10219,MR CHIPS MANAMIS MAIS 45G,,,1.000,12.98,0.00,12.98,8.19,4.79,0.00,Dine in,POS 2,Route 98 - Minimart,Owner,,,,Closed
31/08/2026 21:50,2-0248,Sale,SNACKS,10147,PIATTOS CHEESE 40G,,,1.000,19.98,0.00,19.98,15.75,4.23,0.00,Dine in,POS 2,Route 98 - Minimart,Owner,,,,Closed
31/08/2026 21:13,2-0247,Sale,ICE CREAM 🍦,19,OREO ICE CREAM 110ML,,,1.000,62.98,0.00,62.98,55.00,7.98,0.00,Dine in,POS 2,Route 98 - Minimart,Owner,,,,Closed
31/08/2026 21:12,2-0246,Sale,DRINKS,10239,MOUNTAIN DEW (290ML),,,1.000,20.00,0.00,20.00,16.35,3.65,0.00,Dine in,POS 2,Route 98 - Minimart,Owner,,,,Closed
31/08/2026 21:10,2-0245,Sale,DRINKS,98000048,WILKINS PURE 1L,,,1.000,25.00,0.00,25.00,15.91,9.09,0.00,Dine in,POS 2,Route 98 - Minimart,Owner,,,,Closed
31/08/2026 21:10,2-0245,Sale,ICE CREAM 🍦,10342,CREAMLINE JUMBO CONE UBE QUESO 140ML,,,1.000,29.98,0.00,29.98,24.10,5.88,0.00,Dine in,POS 2,Route 98 - Minimart,Owner,,,,Closed
31/08/2026 20:51,2-0244,Sale,DRINKS,98000037,SAN MIGUEL LIGHT 330ML,,,3.000,163.50,0.00,163.50,131.25,32.25,0.00,Dine in,POS 2,Route 98 - Minimart,Owner,,,,Closed
31/08/2026 20:50,2-0243,Sale,DRINKS,10268,CHUCKIE 110ML,,,1.000,16.00,0.00,16.00,13.20,2.80,0.00,Dine in,POS 2,Route 98 - Minimart,Owner,,,,Closed
31/08/2026 20:49,2-0242,Sale,HOME ESSENTIALS,10249,UNILOVE SQUALANE WIPES,,,1.000,40.00,0.00,40.00,24.50,15.50,0.00,Dine in,POS 2,Route 98 - Minimart,Owner,,,,Closed
31/08/2026 20:39,2-0241,Sale,ESSENTIAL OILS,10005,EFFICASCENT25,,,1.000,28.50,0.00,28.50,0.00,28.50,0.00,Dine in,POS 2,Route 98 - Minimart,Owner,,,,Closed
31/08/2026 20:38,2-0240,Sale,ESSENTIAL OILS,10007,EFFICASCENTX50,,,1.000,90.00,0.00,90.00,0.00,90.00,0.00,Dine in,POS 2,Route 98 - Minimart,Owner,,,,Closed
31/08/2026 20:34,2-0239,Sale,ICE CREAM 🍦,98000040,CREAMLINE DOUBLE DUTCH 1.3ML,,,1.000,229.98,0.00,229.98,190.75,39.23,0.00,Dine in,POS 2,Route 98 - Minimart,Owner,,,,Closed
31/08/2026 20:34,2-0239,Sale,DRINKS,98000046,COCA COLA 1.75L,,,1.000,84.98,0.00,84.98,61.67,23.31,0.00,Dine in,POS 2,Route 98 - Minimart,Owner,,,,Closed
31/08/2026 20:32,2-0238,Sale,DRINKS,10253,STING 290ML,,,1.000,25.00,0.00,25.00,16.75,8.25,0.00,Dine in,POS 2,Route 98 - Minimart,Owner,,,,Closed
31/08/2026 20:27,2-0237,Sale,SNACKS,10219,MR CHIPS MANAMIS MAIS 45G,,,3.000,38.94,0.00,38.94,24.57,14.37,0.00,Dine in,POS 2,Route 98 - Minimart,Owner,,,,Closed
31/08/2026 20:26,2-0236,Sale,DRINKS,98000048,WILKINS PURE 1L,,,1.000,25.00,0.00,25.00,15.91,9.09,0.00,Dine in,POS 2,Route 98 - Minimart,Owner,,,,Closed
31/08/2026 20:26,2-0236,Sale,SNACKS,10153,DINGDONG MIXED NUTS 100G,,,1.000,29.98,0.00,29.98,24.00,5.98,0.00,Dine in,POS 2,Route 98 - Minimart,Owner,,,,Closed
31/08/2026 20:23,2-0235,Sale,SNACKS,10182,HAPPY BBQ,,,20.000,40.00,0.00,40.00,0.00,40.00,0.00,Dine in,POS 2,Route 98 - Minimart,Owner,,,,Closed
31/08/2026 20:19,2-0234,Sale,DRINKS,98000037,SAN MIGUEL LIGHT 330ML,,,3.000,163.50,0.00,163.50,131.25,32.25,0.00,Dine in,POS 2,Route 98 - Minimart,Owner,,,,Closed
31/08/2026 20:17,2-0233,Sale,DRINKS,10107,COCA COLA 290ML,,,2.000,40.00,0.00,40.00,33.00,7.00,0.00,Dine in,POS 2,Route 98 - Minimart,Owner,,,,Closed
31/08/2026 20:16,2-0232,Sale,DRINKS,10253,STING 290ML,,,1.000,25.00,0.00,25.00,16.75,8.25,0.00,Dine in,POS 2,Route 98 - Minimart,Owner,,,,Closed
31/08/2026 20:16,2-0232,Sale,SNACKS,10263,PILLOWS UBE 24G,,,1.000,9.00,0.00,9.00,6.75,2.25,0.00,Dine in,POS 2,Route 98 - Minimart,Owner,,,,Closed
31/08/2026 20:10,2-0231,Sale,DRINKS,98000048,WILKINS PURE 1L,,,1.000,25.00,0.00,25.00,15.91,9.09,0.00,Dine in,POS 2,Route 98 - Minimart,Owner,,,,Closed
31/08/2026 20:07,2-0230,Sale,DRINKS,10253,STING 290ML,,,1.000,25.00,0.00,25.00,16.75,8.25,0.00,Dine in,POS 2,Route 98 - Minimart,Owner,,,,Closed
31/08/2026 20:05,2-0229,Sale,SNACKS,10387,PEEWEE SIZZLING BARBEQUE 25G,,,1.000,10.98,0.00,10.98,8.25,2.73,0.00,Dine in,POS 2,Route 98 - Minimart,Owner,,,,Closed
31/08/2026 20:05,2-0229,Sale,SNACKS,10152,MOBY CARAMEL,,,1.000,10.98,0.00,10.98,8.25,2.73,0.00,Dine in,POS 2,Route 98 - Minimart,Owner,,,,Closed
31/08/2026 20:05,2-0229,Sale,DRINKS,10190,GATORADE BLUE BOLT 350ML,,,1.000,35.00,0.00,35.00,25.83,9.17,0.00,Dine in,POS 2,Route 98 - Minimart,Owner,,,,Closed
31/08/2026 20:02,2-0228,Sale,DRINKS,98000048,WILKINS PURE 1L,,,1.000,25.00,0.00,25.00,15.91,9.09,0.00,Dine in,POS 2,Route 98 - Minimart,Owner,,,,Closed
31/08/2026 20:00,2-0227,Sale,DRINKS,10112,NUTRIBOOST CHOCO 110,,,1.000,15.00,0.00,15.00,0.00,15.00,0.00,Dine in,POS 2,Route 98 - Minimart,Owner,,,,Closed
31/08/2026 20:00,2-0227,Sale,DRINKS,10268,CHUCKIE 110ML,,,1.000,16.00,0.00,16.00,13.20,2.80,0.00,Dine in,POS 2,Route 98 - Minimart,Owner,,,,Closed
31/08/2026 20:00,2-0227,Sale,DRINKS,10113,NUTRIBOOST STRWBRRY 110,,,1.000,15.00,0.00,15.00,0.00,15.00,0.00,Dine in,POS 2,Route 98 - Minimart,Owner,,,,Closed
31/08/2026 20:00,2-0227,Sale,SNACKS,10196,natalicious,,,1.000,10.00,0.00,10.00,0.00,10.00,0.00,Dine in,POS 2,Route 98 - Minimart,Owner,,,,Closed
31/08/2026 20:00,2-0227,Sale,SNACKS,10236,FRUIT SALAD,,,1.000,8.00,0.00,8.00,5.75,2.25,0.00,Dine in,POS 2,Route 98 - Minimart,Owner,,,,Closed
31/08/2026 19:59,2-0226,Sale,FOOD,10229,NISSIN CUP NOODLES SPCYSF,,,2.000,60.00,0.00,60.00,44.02,15.98,0.00,Dine in,POS 2,Route 98 - Minimart,Owner,,,,Closed
31/08/2026 19:59,2-0226,Sale,SNACKS,10236,FRUIT SALAD,,,2.000,16.00,0.00,16.00,11.50,4.50,0.00,Dine in,POS 2,Route 98 - Minimart,Owner,,,,Closed
31/08/2026 19:59,2-0226,Sale,SNACKS,98000121,PRESTO PEANUT BUTTER,,,10.000,100.00,0.00,100.00,61.30,38.70,0.00,Dine in,POS 2,Route 98 - Minimart,Owner,,,,Closed
31/08/2026 19:59,2-0226,Sale,SNACKS,10223,OVERLOAD CHOCO STRWBRRY,,,10.000,100.00,0.00,100.00,79.20,20.80,0.00,Dine in,POS 2,Route 98 - Minimart,Owner,,,,Closed
31/08/2026 19:59,2-0226,Sale,FOOD,10331,LEMONSQUARE INIPIT,,,10.000,89.80,0.00,89.80,58.20,31.60,0.00,Dine in,POS 2,Route 98 - Minimart,Owner,,,,Closed
31/08/2026 19:59,2-0226,Sale,FOOD,10326,NISSIN EGGNOG COOKIES,,,10.000,89.80,0.00,89.80,67.20,22.60,0.00,Dine in,POS 2,Route 98 - Minimart,Owner,,,,Closed
31/08/2026 19:59,2-0226,Sale,FOOD,10333,MONDE SPECIAL MAMON,,,2.000,59.96,0.00,59.96,32.00,27.96,0.00,Dine in,POS 2,Route 98 - Minimart,Owner,,,,Closed
31/08/2026 19:59,2-0226,Sale,DRINKS,10112,NUTRIBOOST CHOCO 110,,,6.000,90.00,0.00,90.00,0.00,90.00,0.00,Dine in,POS 2,Route 98 - Minimart,Owner,,,,Closed
31/08/2026 19:59,2-0226,Sale,DRINKS,10268,CHUCKIE 110ML,,,6.000,96.00,0.00,96.00,79.20,16.80,0.00,Dine in,POS 2,Route 98 - Minimart,Owner,,,,Closed
31/08/2026 19:59,2-0226,Sale,,10235,"#misc",,,1.000,10.00,0.00,10.00,0.00,10.00,0.00,Dine in,POS 2,Route 98 - Minimart,Owner,,,,Closed
31/08/2026 19:51,2-0225,Sale,DRINKS,98000048,WILKINS PURE 1L,,,3.000,75.00,0.00,75.00,47.73,27.27,0.00,Dine in,POS 2,Route 98 - Minimart,Owner,,,,Closed
31/08/2026 19:51,2-0225,Sale,DRINKS,10252,Royal 1.5L,,,1.000,75.00,0.00,75.00,0.00,75.00,0.00,Dine in,POS 2,Route 98 - Minimart,Owner,,,,Closed
31/08/2026 19:42,2-0224,Sale,DRINKS,10119,VINO KULAFU 350,,,1.000,50.00,0.00,50.00,0.00,50.00,0.00,Dine in,POS 2,Route 98 - Minimart,Owner,,,,Closed
31/08/2026 18:36,2-0223,Sale,DRINKS,98000048,WILKINS PURE 1L,,,1.000,25.00,0.00,25.00,15.91,9.09,0.00,Dine in,POS 2,Route 98 - Minimart,Owner,,,,Closed
31/08/2026 18:30,2-0222,Sale,,10385Q,TROPICANA TWISTER ORANGE,,,1.000,30.00,0.00,30.00,25.37,4.63,0.00,Dine in,POS 2,Route 98 - Minimart,Owner,,,,Closed
31/08/2026 18:30,2-0222,Sale,FOOD,10164,LUCKYME BEEF,,,4.000,47.92,0.00,47.92,35.80,12.12,0.00,Dine in,POS 2,Route 98 - Minimart,Owner,,,,Closed
31/08/2026 18:29,2-0221,Sale,DRINKS,98000047,WILKINS PURE 500,,,2.000,30.00,0.00,30.00,18.74,11.26,0.00,Dine in,POS 2,Route 98 - Minimart,Owner,,,,Closed
31/08/2026 17:14,2-0220,Sale,DRINKS,10118,MINUTE MAID 250,,,1.000,12.00,0.00,12.00,0.00,12.00,0.00,Dine in,POS 2,Route 98 - Minimart,Owner,,,,Closed
31/08/2026 17:14,2-0220,Sale,DRINKS,10239,MOUNTAIN DEW (290ML),,,1.000,20.00,0.00,20.00,16.35,3.65,0.00,Dine in,POS 2,Route 98 - Minimart,Owner,,,,Closed
31/08/2026 17:09,2-0219,Sale,DRINKS,10239,MOUNTAIN DEW (290ML),,,1.000,20.00,0.00,20.00,16.35,3.65,0.00,Dine in,POS 2,Route 98 - Minimart,Owner,,,,Closed
31/08/2026 16:45,2-0218,Sale,DRINKS,10193,YAKULT,,,1.000,15.00,0.00,15.00,10.00,5.00,0.00,Dine in,POS 2,Route 98 - Minimart,Owner,,,,Closed
31/08/2026 16:38,2-0217,Sale,SNACKS,10207,PRESTO CHOCO,,,3.000,30.00,0.00,30.00,18.39,11.61,0.00,Dine in,POS 2,Route 98 - Minimart,Owner,,,,Closed
31/08/2026 16:38,2-0217,Sale,SNACKS,98000121,PRESTO PEANUT BUTTER,,,2.000,20.00,0.00,20.00,12.26,7.74,0.00,Dine in,POS 2,Route 98 - Minimart,Owner,,,,Closed
31/08/2026 16:38,2-0217,Sale,DRINKS,10383Q,PEPSI EXTRA FIZZ 195ML,,,2.000,30.00,0.00,30.00,22.00,8.00,0.00,Dine in,POS 2,Route 98 - Minimart,Owner,,,,Closed
31/08/2026 15:50,2-0216,Sale,,10235,"#misc",,,2.000,90.00,0.00,90.00,0.00,90.00,0.00,Dine in,POS 2,Route 98 - Minimart,Owner,,,,Closed
31/08/2026 15:50,2-0216,Sale,SNACKS,10317,CLOVER CHEESIER 24G,,,1.000,9.98,0.00,9.98,7.50,2.48,0.00,Dine in,POS 2,Route 98 - Minimart,Owner,,,,Closed
31/08/2026 15:50,2-0216,Sale,SNACKS,10138,CHEEZ IT,,,2.000,21.96,0.00,21.96,16.50,5.46,0.00,Dine in,POS 2,Route 98 - Minimart,Owner,,,,Closed
31/08/2026 15:50,2-0216,Sale,SNACKS,10153,DINGDONG MIXED NUTS 100G,,,1.000,29.98,0.00,29.98,24.00,5.98,0.00,Dine in,POS 2,Route 98 - Minimart,Owner,,,,Closed
31/08/2026 15:27,2-0215,Sale,ICE CREAM 🍦,10347,CREAMLINE BAR UBE QUESO PASTILLAS,,,2.000,33.96,0.00,33.96,23.20,10.76,0.00,Dine in,POS 2,Route 98 - Minimart,Owner,,,,Closed
31/08/2026 15:27,2-0215,Sale,ICE CREAM 🍦,10350,CREAMLINE FROOTEES GRAPES 50ML,,,1.000,12.98,0.00,12.98,8.30,4.68,0.00,Dine in,POS 2,Route 98 - Minimart,Owner,,,,Closed
31/08/2026 15:27,2-0215,Sale,ICE CREAM 🍦,10362,CREAMLINE MILKY POP LOLLY MILK CHOCO 60ML,,,1.000,14.98,0.00,14.98,9.88,5.10,0.00,Dine in,POS 2,Route 98 - Minimart,Owner,,,,Closed
31/08/2026 15:27,2-0215,Sale,ICE CREAM 🍦,10345,CREAMLINE BAR BUKO SALAD,,,1.000,16.98,0.00,16.98,11.60,5.38,0.00,Dine in,POS 2,Route 98 - Minimart,Owner,,,,Closed
31/08/2026 13:32,2-0214,Sale,DRINKS,10111,LIFT BERRY BOLT 320,,,1.000,18.00,0.00,18.00,14.17,3.83,0.00,Dine in,POS 2,Route 98 - Minimart,Owner,,,,Closed
31/08/2026 13:20,2-0213,Sale,SNACKS,10152,MOBY CARAMEL,,,1.000,10.98,0.00,10.98,8.25,2.73,0.00,Dine in,POS 2,Route 98 - Minimart,Owner,,,,Closed
31/08/2026 13:20,2-0213,Sale,DRINKS,10239,MOUNTAIN DEW (290ML),,,2.000,40.00,0.00,40.00,32.70,7.30,0.00,Dine in,POS 2,Route 98 - Minimart,Owner,,,,Closed
31/08/2026 13:20,2-0213,Sale,SNACKS,10152,MOBY CARAMEL,,,1.000,10.98,0.00,10.98,8.25,2.73,0.00,Dine in,POS 2,Route 98 - Minimart,Owner,,,,Closed
31/08/2026 13:02,2-0212,Sale,DRINKS,98000048,WILKINS PURE 1L,,,1.000,25.00,0.00,25.00,15.91,9.09,0.00,Dine in,POS 2,Route 98 - Minimart,Owner,,,,Closed
31/08/2026 12:50,2-0211,Sale,ICE CREAM 🍦,10367,CREAMLINE SUNDAE STRAWBERRY 120ML,,,1.000,24.98,0.00,24.98,15.85,9.13,0.00,Dine in,POS 2,Route 98 - Minimart,Owner,,,,Closed
31/08/2026 01:27,2-0210,Sale,DRINKS,10230,REFRESH 500ML,,,1.000,12.00,0.00,12.00,8.65,3.35,0.00,Dine in,POS 2,Route 98 - Minimart,Owner,,,,Closed
31/08/2026 01:15,2-0209,Sale,DRINKS,10111,LIFT BERRY BOLT 320,,,1.000,18.00,0.00,18.00,14.17,3.83,0.00,Dine in,POS 2,Route 98 - Minimart,Owner,,,,Closed
31/08/2026 01:15,2-0209,Sale,DRINKS,98000048,WILKINS PURE 1L,,,1.000,25.00,0.00,25.00,15.91,9.09,0.00,Dine in,POS 2,Route 98 - Minimart,Owner,,,,Closed
31/08/2026 01:15,2-0209,Sale,ICE CREAM 🍦,10336,CREAMLINE CONE COOKIES & CREAM 110ML,,,1.000,23.98,0.00,23.98,18.25,5.73,0.00,Dine in,POS 2,Route 98 - Minimart,Owner,,,,Closed
31/08/2026 01:15,2-0209,Sale,ICE CREAM 🍦,10334,CREAMLINE CONE ROCKY ROAD 110ML,,,1.000,23.98,0.00,23.98,18.25,5.73,0.00,Dine in,POS 2,Route 98 - Minimart,Owner,,,,Closed
31/08/2026 01:15,2-0209,Sale,Cleaning/Laundry Supplies,10014,ZONROX ORIG 500,,,1.000,35.50,0.00,35.50,0.00,35.50,0.00,Dine in,POS 2,Route 98 - Minimart,Owner,,,,Closed
31/08/2026 01:15,2-0209,Sale,ICE,10298,ICE CUBE 1KG,,,1.000,25.00,0.00,25.00,13.00,12.00,0.00,Dine in,POS 2,Route 98 - Minimart,Owner,,,,Closed
31/08/2026 01:15,2-0209,Sale,,10235,"#misc",,,1.000,12.00,0.00,12.00,0.00,12.00,0.00,Dine in,POS 2,Route 98 - Minimart,Owner,,,,Closed
31/08/2026 01:15,2-0209,Sale,DRINKS,10238,GATORADE (BLUE BOLT) 500ML,,,1.000,48.00,0.00,48.00,42.00,6.00,0.00,Dine in,POS 2,Route 98 - Minimart,Owner,,,,Closed
31/08/2026 01:15,2-0209,Sale,SNACKS,10219,MR CHIPS MANAMIS MAIS 45G,,,1.000,12.98,0.00,12.98,8.19,4.79,0.00,Dine in,POS 2,Route 98 - Minimart,Owner,,,,Closed
31/08/2026 01:11,2-0208,Sale,DRINKS,10230,REFRESH 500ML,,,1.000,12.00,0.00,12.00,8.65,3.35,0.00,Dine in,POS 2,Route 98 - Minimart,Owner,,,,Closed
31/08/2026 01:11,2-0208,Sale,DRINKS,98000047,WILKINS PURE 500,,,1.000,15.00,0.00,15.00,9.37,5.63,0.00,Dine in,POS 2,Route 98 - Minimart,Owner,,,,Closed
31/08/2026 01:11,2-0208,Sale,DRINKS,98000048,WILKINS PURE 1L,,,1.000,25.00,0.00,25.00,15.91,9.09,0.00,Dine in,POS 2,Route 98 - Minimart,Owner,,,,Closed
31/08/2026 01:11,2-0208,Sale,DRINKS,98000108,VITAMILK(DOUBLECHOCO) 300ML,,,1.000,35.00,0.00,35.00,29.50,5.50,0.00,Dine in,POS 2,Route 98 - Minimart,Owner,,,,Closed
30/08/2026 21:45,2-0207,Sale,BATH ESSENTIALS,980000037,COLGATE X2 TUBES TRIPLE ACTION 120G,,,1.000,184.98,0.00,184.98,153.00,31.98,0.00,Dine in,POS 2,Route 98 - Minimart,Owner,,,,Closed
30/08/2026 21:32,2-0206,Sale,DRINKS,10193,YAKULT,,,2.000,30.00,0.00,30.00,20.00,10.00,0.00,Dine in,POS 2,Route 98 - Minimart,Owner,,,,Closed
30/08/2026 21:32,2-0206,Sale,,10235,"#misc",,,1.000,10.00,0.00,10.00,0.00,10.00,0.00,Dine in,POS 2,Route 98 - Minimart,Owner,,,,Closed
30/08/2026 21:28,2-0205,Sale,ICE,10298,ICE CUBE 1KG,,,2.000,50.00,0.00,50.00,26.00,24.00,0.00,Dine in,POS 2,Route 98 - Minimart,Owner,,,,Closed
30/08/2026 21:09,2-0204,Sale,DRINKS,10084,RED HORSE LITRO,,,2.000,280.00,0.00,280.00,240.00,40.00,0.00,Dine in,POS 2,Route 98 - Minimart,Owner,,,,Closed
30/08/2026 20:47,2-0203,Sale,SNACKS,10088,OISHI Potato Fries,,,1.000,9.98,0.00,9.98,7.50,2.48,0.00,Dine in,POS 2,Route 98 - Minimart,Owner,,,,Closed
30/08/2026 20:47,2-0203,Sale,SNACKS,10231,CLOUD 9 CLASSIC,,,1.000,10.00,0.00,10.00,6.35,3.65,0.00,Dine in,POS 2,Route 98 - Minimart,Owner,,,,Closed
30/08/2026 20:41,2-0202,Sale,ICE CREAM 🍦,10355,CREAMLINE FAMILY DOU ROCKY ROAD/VANILLA 950ML,,,1.000,155.98,0.00,155.98,112.75,43.23,0.00,Dine in,POS 2,Route 98 - Minimart,Owner,,,,Closed
30/08/2026 20:38,2-0201,Sale,SNACKS,10231,CLOUD 9 CLASSIC,,,2.000,20.00,0.00,20.00,12.70,7.30,0.00,Dine in,POS 2,Route 98 - Minimart,Owner,,,,Closed
30/08/2026 20:32,2-0200,Sale,DRINKS,98000047,WILKINS PURE 500,,,5.000,75.00,0.00,75.00,46.85,28.15,0.00,Dine in,POS 2,Route 98 - Minimart,Owner,,,,Closed
30/08/2026 20:28,2-0199,Sale,DRINKS,98000076,POCARI SWEAT 500ML,,,2.000,119.96,0.00,119.96,99.90,20.06,0.00,Dine in,POS 2,Route 98 - Minimart,Owner,,,,Closed
30/08/2026 20:12,2-0198,Sale,DRINKS,10118,MINUTE MAID 250,,,1.000,12.00,0.00,12.00,0.00,12.00,0.00,Dine in,POS 2,Route 98 - Minimart,Owner,,,,Closed
30/08/2026 20:10,2-0197,Sale,DRINKS,10123,COCA COLA 237ML,,,2.000,36.00,0.00,36.00,0.00,36.00,0.00,Dine in,POS 2,Route 98 - Minimart,Owner,,,,Closed
30/08/2026 20:08,2-0196,Sale,FEMININE CARE,10032,SISTERS DRY MAXI 8,,,1.000,28.00,0.00,28.00,0.00,28.00,0.00,Dine in,POS 2,Route 98 - Minimart,Owner,,,,Closed
30/08/2026 20:00,2-0195,Sale,ICE,10298,ICE CUBE 1KG,,,1.000,25.00,0.00,25.00,13.00,12.00,0.00,Dine in,POS 2,Route 98 - Minimart,Owner,,,,Closed
30/08/2026 19:48,2-0194,Sale,DRINKS,98000047,WILKINS PURE 500,,,1.000,15.00,0.00,15.00,9.37,5.63,0.00,Dine in,POS 2,Route 98 - Minimart,Owner,,,,Closed
30/08/2026 19:38,2-0193,Sale,SNACKS,10215,MANG JUAN SUKAT SILI 90G,,,1.000,29.98,0.00,29.98,22.50,7.48,0.00,Dine in,POS 2,Route 98 - Minimart,Owner,,,,Closed
30/08/2026 19:05,2-0192,Sale,ICE,10298,ICE CUBE 1KG,,,2.000,50.00,0.00,50.00,26.00,24.00,0.00,Dine in,POS 2,Route 98 - Minimart,Owner,,,,Closed
30/08/2026 19:05,2-0192,Sale,DRINKS,98000047,WILKINS PURE 500,,,2.000,30.00,0.00,30.00,18.74,11.26,0.00,Dine in,POS 2,Route 98 - Minimart,Owner,,,,Closed
30/08/2026 18:55,2-0191,Sale,ICE,10299,ICE CUBE 2KG,,,4.000,140.00,0.00,140.00,96.00,44.00,0.00,Dine in,POS 2,Route 98 - Minimart,Owner,,,,Closed
30/08/2026 18:55,2-0190,Sale,DRINKS,10118,MINUTE MAID 250,,,1.000,12.00,0.00,12.00,0.00,12.00,0.00,Dine in,POS 2,Route 98 - Minimart,Owner,,,,Closed
30/08/2026 18:55,2-0190,Sale,FOOD,10229,NISSIN CUP NOODLES SPCYSF,,,1.000,30.00,0.00,30.00,22.01,7.99,0.00,Dine in,POS 2,Route 98 - Minimart,Owner,,,,Closed
30/08/2026 17:25,2-0189,Sale,DRINKS,98000047,WILKINS PURE 500,,,4.000,60.00,0.00,60.00,37.48,22.52,0.00,Dine in,POS 2,Route 98 - Minimart,Owner,,,,Closed
30/08/2026 17:15,2-0188,Sale,DRINKS,10129,C2 SOLO APPLE 230ML,,,2.000,34.00,0.00,34.00,0.00,34.00,0.00,Dine in,POS 2,Route 98 - Minimart,Owner,,,,Closed
30/08/2026 17:15,2-0188,Sale,SNACKS,10389,MOBY CRUNCHY CHOCOLATE,,,2.000,21.96,0.00,21.96,16.50,5.46,0.00,Dine in,POS 2,Route 98 - Minimart,Owner,,,,Closed
30/08/2026 17:04,2-0187,Sale,ICE CREAM 🍦,10357,CREAMLINE FAMILY DOU COOKIES&CREAM/CHOCO 950ML,,,1.000,155.98,0.00,155.98,112.75,43.23,0.00,Dine in,POS 2,Route 98 - Minimart,Owner,,,,Closed
30/08/2026 17:04,2-0187,Sale,Cleaning/Laundry Supplies,10098,SPEED BAR SPECKLED BLUE,,,1.000,26.00,0.00,26.00,0.00,26.00,0.00,Dine in,POS 2,Route 98 - Minimart,Owner,,,,Closed
30/08/2026 16:28,2-0186,Sale,DRINKS,10253,STING 290ML,,,1.000,23.00,0.00,23.00,16.75,6.25,0.00,Dine in,POS 2,Route 98 - Minimart,Owner,,,,Closed
30/08/2026 16:28,2-0186,Sale,DRINKS,10239,MOUNTAIN DEW (290ML),,,1.000,20.00,0.00,20.00,16.35,3.65,0.00,Dine in,POS 2,Route 98 - Minimart,Owner,,,,Closed
30/08/2026 16:28,2-0186,Sale,,10384,PREMIER PURIFIED WATER 500ML,,,1.000,15.00,0.00,15.00,9.67,5.33,0.00,Dine in,POS 2,Route 98 - Minimart,Owner,,,,Closed
30/08/2026 15:32,2-0185,Sale,SNACKS,10153,DINGDONG MIXED NUTS 100G,,,1.000,29.98,0.00,29.98,24.00,5.98,0.00,Dine in,POS 2,Route 98 - Minimart,Owner,,,,Closed
30/08/2026 15:32,2-0185,Sale,,10385Q,TROPICANA TWISTER ORANGE,,,1.000,30.00,0.00,30.00,25.37,4.63,0.00,Dine in,POS 2,Route 98 - Minimart,Owner,,,,Closed
30/08/2026 15:23,2-0184,Sale,ICE,10300,ICE CUBE 3KG,,,2.000,90.00,0.00,90.00,66.00,24.00,0.00,Dine in,POS 2,Route 98 - Minimart,Owner,,,,Closed
30/08/2026 15:16,2-0183,Sale,SNACKS,10196,natalicious,,,1.000,10.00,0.00,10.00,0.00,10.00,0.00,Dine in,POS 2,Route 98 - Minimart,Owner,,,,Closed
30/08/2026 15:16,2-0183,Sale,SNACKS,10214,MAGIC CREAMS BUTTER,,,1.000,9.00,0.00,9.00,5.55,3.45,0.00,Dine in,POS 2,Route 98 - Minimart,Owner,,,,Closed
30/08/2026 15:09,2-0182,Sale,SNACKS,10196,natalicious,,,1.000,10.00,0.00,10.00,0.00,10.00,0.00,Dine in,POS 2,Route 98 - Minimart,Owner,,,,Closed
30/08/2026 15:09,2-0182,Sale,DRINKS,10129,C2 SOLO APPLE 230ML,,,1.000,17.00,0.00,17.00,0.00,17.00,0.00,Dine in,POS 2,Route 98 - Minimart,Owner,,,,Closed
30/08/2026 14:54,2-0181,Sale,DRINKS,98000076,POCARI SWEAT 500ML,,,1.000,59.98,0.00,59.98,49.95,10.03,0.00,Dine in,POS 2,Route 98 - Minimart,Owner,,,,Closed
30/08/2026 14:54,2-0181,Sale,DRINKS,98000048,WILKINS PURE 1L,,,1.000,25.00,0.00,25.00,15.91,9.09,0.00,Dine in,POS 2,Route 98 - Minimart,Owner,,,,Closed
30/08/2026 14:54,2-0181,Sale,DRINKS,98000047,WILKINS PURE 500,,,4.000,60.00,0.00,60.00,37.48,22.52,0.00,Dine in,POS 2,Route 98 - Minimart,Owner,,,,Closed
30/08/2026 14:54,2-0181,Sale,SNACKS,10163,SUPER CRUNCH SPECIAL CHIP CHARON 32G,,,3.000,44.94,0.00,44.94,31.50,13.44,0.00,Dine in,POS 2,Route 98 - Minimart,Owner,,,,Closed
30/08/2026 14:54,2-0181,Sale,SNACKS,10146,CRISPY PATATA 24G,,,2.000,19.96,0.00,19.96,15.50,4.46,0.00,Dine in,POS 2,Route 98 - Minimart,Owner,,,,Closed
30/08/2026 14:51,2-0180,Sale,SNACKS,10143,CHIPPY BBQ 25G,,,1.000,9.98,0.00,9.98,7.50,2.48,0.00,Dine in,POS 2,Route 98 - Minimart,Owner,,,,Closed
30/08/2026 14:28,2-0179,Sale,SNACKS,10149,NOVA COUNTRY CHEDDAR 20G,,,1.000,8.98,0.00,8.98,6.50,2.48,0.00,Dine in,POS 2,Route 98 - Minimart,Owner,,,,Closed
30/08/2026 14:28,2-0179,Sale,SNACKS,10130,OISHI CRACKLINGS,,,1.000,9.98,0.00,9.98,7.50,2.48,0.00,Dine in,POS 2,Route 98 - Minimart,Owner,,,,Closed
30/08/2026 14:28,2-0179,Sale,SNACKS,10222,OVERLOAD BLKFRST,,,1.000,10.00,0.00,10.00,7.92,2.08,0.00,Dine in,POS 2,Route 98 - Minimart,Owner,,,,Closed
30/08/2026 14:28,2-0179,Sale,ICE CREAM 🍦,10348,CREAMLINE BAR ROCKY ROAD,,,1.000,16.98,0.00,16.98,11.60,5.38,0.00,Dine in,POS 2,Route 98 - Minimart,Owner,,,,Closed
30/08/2026 14:28,2-0179,Sale,ICE CREAM 🍦,10345,CREAMLINE BAR BUKO SALAD,,,1.000,16.98,0.00,16.98,11.60,5.38,0.00,Dine in,POS 2,Route 98 - Minimart,Owner,,,,Closed
30/08/2026 14:28,2-0179,Sale,SNACKS,10391,DINGDONG SNACK MIX 30G,,,1.000,9.98,0.00,9.98,6.75,3.23,0.00,Dine in,POS 2,Route 98 - Minimart,Owner,,,,Closed
30/08/2026 14:28,2-0179,Sale,SNACKS,10155,DINGDONG MIXED NUT 30G,,,1.000,9.98,0.00,9.98,6.75,3.23,0.00,Dine in,POS 2,Route 98 - Minimart,Owner,,,,Closed
30/08/2026 14:25,2-0178,Sale,SNACKS,10143,CHIPPY BBQ 25G,,,1.000,9.98,0.00,9.98,7.50,2.48,0.00,Dine in,POS 2,Route 98 - Minimart,Owner,,,,Closed
30/08/2026 14:25,2-0178,Sale,SNACKS,10225,MAGIC FLAKES,,,1.000,9.00,0.00,9.00,5.51,3.49,0.00,Dine in,POS 2,Route 98 - Minimart,Owner,,,,Closed
30/08/2026 13:57,2-0177,Sale,ICE,10298,ICE CUBE 1KG,,,1.000,25.00,0.00,25.00,13.00,12.00,0.00,Dine in,POS 2,Route 98 - Minimart,Owner,,,,Closed
30/08/2026 13:24,2-0176,Sale,DRINKS,98000048,WILKINS PURE 1L,,,1.000,25.00,0.00,25.00,15.91,9.09,0.00,Dine in,POS 2,Route 98 - Minimart,Owner,,,,Closed
30/08/2026 13:22,2-0175,Sale,ICE CREAM 🍦,10345,CREAMLINE BAR BUKO SALAD,,,1.000,16.98,0.00,16.98,11.60,5.38,0.00,Dine in,POS 2,Route 98 - Minimart,Owner,,,,Closed
30/08/2026 13:20,2-0174,Sale,DRINKS,98000048,WILKINS PURE 1L,,,1.000,25.00,0.00,25.00,15.91,9.09,0.00,Dine in,POS 2,Route 98 - Minimart,Owner,,,,Closed
30/08/2026 12:58,2-0173,Sale,SNACKS,10186,SUPER CRUNCH CHEESE 5G,,,2.000,29.96,0.00,29.96,21.00,8.96,0.00,Dine in,POS 2,Route 98 - Minimart,Owner,,,,Closed
30/08/2026 12:58,2-0173,Sale,SNACKS,10146,CRISPY PATATA 24G,,,1.000,9.98,0.00,9.98,7.75,2.23,0.00,Dine in,POS 2,Route 98 - Minimart,Owner,,,,Closed
30/08/2026 12:58,2-0173,Sale,DRINKS,10193,YAKULT,,,5.000,75.00,0.00,75.00,50.00,25.00,0.00,Dine in,POS 2,Route 98 - Minimart,Owner,,,,Closed
30/08/2026 12:57,2-0172,Sale,ICE,10298,ICE CUBE 1KG,,,1.000,25.00,0.00,25.00,13.00,12.00,0.00,Dine in,POS 2,Route 98 - Minimart,Owner,,,,Closed
30/08/2026 12:56,2-0171,Sale,SNACKS,10179,HAPPY CLASSIC,,,10.000,20.00,0.00,20.00,0.00,20.00,0.00,Dine in,POS 2,Route 98 - Minimart,Owner,,,,Closed
30/08/2026 12:56,2-0171,Sale,SNACKS,10394,MUNCHER GREEN PEAS,,,12.000,24.00,0.00,24.00,13.08,10.92,0.00,Dine in,POS 2,Route 98 - Minimart,Owner,,,,Closed
30/08/2026 12:27,2-0170,Sale,SNACKS,10231,CLOUD 9 CLASSIC,,,1.000,10.00,0.00,10.00,6.35,3.65,0.00,Dine in,POS 2,Route 98 - Minimart,Owner,,,,Closed
30/08/2026 12:14,2-0169,Sale,DRINKS,98000048,WILKINS PURE 1L,,,1.000,25.00,0.00,25.00,15.91,9.09,0.00,Dine in,POS 2,Route 98 - Minimart,Owner,,,,Closed
30/08/2026 12:00,2-0168,Sale,SNACKS,10181,HAPPY HOT N SPICY,,,5.000,10.00,0.00,10.00,0.00,10.00,0.00,Dine in,POS 2,Route 98 - Minimart,Owner,,,,Closed
30/08/2026 11:58,2-0167,Sale,DRINKS,98000046,COCA COLA 1.75L,,,1.000,84.98,0.00,84.98,61.67,23.31,0.00,Dine in,POS 2,Route 98 - Minimart,Owner,,,,Closed
30/08/2026 11:24,2-0166,Sale,DRINKS,10193,YAKULT,,,1.000,15.00,0.00,15.00,10.00,5.00,0.00,Dine in,POS 2,Route 98 - Minimart,Owner,,,,Closed
30/08/2026 10:54,2-0165,Sale,ICE CREAM 🍦,10345,CREAMLINE BAR BUKO SALAD,,,1.000,16.98,0.00,16.98,11.60,5.38,0.00,Dine in,POS 2,Route 98 - Minimart,Owner,,,,Closed
29/08/2026 23:53,2-0164,Sale,DRINKS,98000046,COCA COLA 1.75L,,,2.000,169.96,0.00,169.96,123.34,46.62,0.00,Dine in,POS 2,Route 98 - Minimart,Owner,,,,Closed
29/08/2026 23:53,2-0164,Sale,DRINKS,10129,C2 SOLO APPLE 230ML,,,1.000,17.00,0.00,17.00,0.00,17.00,0.00,Dine in,POS 2,Route 98 - Minimart,Owner,,,,Closed
29/08/2026 23:11,2-0163,Sale,DRINKS,98000108,VITAMILK(DOUBLECHOCO) 300ML,,,1.000,35.00,0.00,35.00,29.50,5.50,0.00,Dine in,POS 2,Route 98 - Minimart,Owner,,,,Closed
29/08/2026 23:08,2-0162,Sale,ICE CREAM 🍦,10369,CREAMLINE MINI CUP CHOCO MARBLE 75ML,,,1.000,19.98,0.00,19.98,12.70,7.28,0.00,Dine in,POS 2,Route 98 - Minimart,Owner,,,,Closed
29/08/2026 23:08,2-0162,Sale,ICE CREAM 🍦,10368,CREAMLINE MINI CUP CHOCOLATE 75ML,,,1.000,19.98,0.00,19.98,12.70,7.28,0.00,Dine in,POS 2,Route 98 - Minimart,Owner,,,,Closed
29/08/2026 23:07,2-0161,Sale,DRINKS,98000108,VITAMILK(DOUBLECHOCO) 300ML,,,1.000,35.00,0.00,35.00,29.50,5.50,0.00,,POS 2,Route 98 - Minimart,Owner,,,,Closed
29/08/2026 23:07,2-0161,Sale,DRINKS,10193,YAKULT,,,1.000,15.00,0.00,15.00,10.00,5.00,0.00,,POS 2,Route 98 - Minimart,Owner,,,,Closed
29/08/2026 22:39,1-0336,Sale,DRINKS,98000047,WILKINS PURE 500,,,1.000,15.00,0.00,15.00,9.37,5.63,0.00,Dine in,POS 1,Route 98 - Minimart,Owner,,,,Closed
29/08/2026 21:24,2-0160,Sale,DRINKS,10252,Royal 1.5L,,,1.000,75.00,0.00,75.00,0.00,75.00,0.00,Dine in,POS 2,Route 98 - Minimart,Owner,,,,Closed
29/08/2026 21:24,2-0160,Sale,DRINKS,98000048,WILKINS PURE 1L,,,1.000,25.00,0.00,25.00,15.91,9.09,0.00,Dine in,POS 2,Route 98 - Minimart,Owner,,,,Closed
29/08/2026 21:24,2-0160,Sale,ICE CREAM 🍦,10344,CREAMLINE PINIPIG CHOCOLATE 70ML,,,1.000,19.98,0.00,19.98,16.15,3.83,0.00,Dine in,POS 2,Route 98 - Minimart,Owner,,,,Closed
29/08/2026 20:56,1-0335,Sale,DRINKS,10192,STING STRWBRRY 320ML,,,1.000,25.00,0.00,25.00,0.00,25.00,0.00,Dine in,POS 1,Route 98 - Minimart,Owner,,,,Closed
29/08/2026 20:21,1-0334,Sale,DRINKS,10084,RED HORSE LITRO,,,1.000,140.00,0.00,140.00,120.00,20.00,0.00,Dine in,POS 1,Route 98 - Minimart,Owner,,,,Closed
29/08/2026 19:41,2-0159,Sale,DRINKS,10129,C2 SOLO APPLE 230ML,,,1.000,17.00,0.00,17.00,0.00,17.00,0.00,Dine in,POS 2,Route 98 - Minimart,Owner,,,,Closed
29/08/2026 19:41,2-0159,Sale,FOOD,10228,NISSIN CUP NOODLES SPCYHTBF,,,2.000,60.00,0.00,60.00,44.02,15.98,0.00,Dine in,POS 2,Route 98 - Minimart,Owner,,,,Closed
29/08/2026 19:41,2-0159,Sale,DRINKS,10278,COCA COLA 1.5ML,,,1.000,74.98,0.00,74.98,65.75,9.23,0.00,Dine in,POS 2,Route 98 - Minimart,Owner,,,,Closed
29/08/2026 19:41,2-0159,Sale,DRINKS,10107,COCA COLA 290ML,,,1.000,20.00,0.00,20.00,16.50,3.50,0.00,Dine in,POS 2,Route 98 - Minimart,Owner,,,,Closed
29/08/2026 17:59,2-0158,Sale,SNACKS,10231,CLOUD 9 CLASSIC,,,2.000,20.00,0.00,20.00,12.70,7.30,0.00,Dine in,POS 2,Route 98 - Minimart,Owner,,,,Closed
29/08/2026 17:59,2-0158,Sale,FOOD,10175,KOPIKO BLANCA 2PK,,,1.000,16.98,0.00,16.98,13.40,3.58,0.00,Dine in,POS 2,Route 98 - Minimart,Owner,,,,Closed
29/08/2026 17:59,2-0158,Sale,BATH ESSENTIALS,980000022,PANTENE SHAMPOO NOURISHED SHINE,,,1.000,8.98,0.00,8.98,6.84,2.14,0.00,Dine in,POS 2,Route 98 - Minimart,Owner,,,,Closed
29/08/2026 17:59,2-0158,Sale,Cleaning/Laundry Supplies,98000002,ARIEL POWDER TWIN JUMBO PACK FLORAL PASSION,,,2.000,39.96,0.00,39.96,30.24,9.72,0.00,Dine in,POS 2,Route 98 - Minimart,Owner,,,,Closed
29/08/2026 17:59,2-0158,Sale,FOOD,10065,SILVER SWAN SOY SAUCE 200ML,,,1.000,13.00,0.00,13.00,0.00,13.00,0.00,Dine in,POS 2,Route 98 - Minimart,Owner,,,,Closed
29/08/2026 17:59,2-0158,Sale,FOOD,10064,SILVER SWAN SUKA 200ML,,,1.000,11.00,0.00,11.00,0.00,11.00,0.00,Dine in,POS 2,Route 98 - Minimart,Owner,,,,Closed
29/08/2026 17:12,2-0157,Sale,HOME ESSENTIALS,10382@,MAGIC SARAP SACHET,,,1.000,7.00,0.00,7.00,5.00,2.00,0.00,Dine in,POS 2,Route 98 - Minimart,Owner,,,,Closed
29/08/2026 17:12,2-0157,Sale,FOOD,10169,BEAR BRAND SWAK,,,2.000,29.96,0.00,29.96,18.00,11.96,0.00,Dine in,POS 2,Route 98 - Minimart,Owner,,,,Closed
29/08/2026 17:12,2-0157,Sale,FOOD,10175,KOPIKO BLANCA 2PK,,,1.000,16.98,0.00,16.98,13.40,3.58,0.00,Dine in,POS 2,Route 98 - Minimart,Owner,,,,Closed
29/08/2026 16:37,2-0156,Sale,DRINKS,10111,LIFT BERRY BOLT 320,,,1.000,18.00,0.00,18.00,14.17,3.83,0.00,Dine in,POS 2,Route 98 - Minimart,Owner,,,,Closed
29/08/2026 16:37,2-0156,Sale,DRINKS,10110,LIFT CITRUS BLAST 320,,,1.000,18.00,0.00,18.00,41.16,-23.16,0.00,Dine in,POS 2,Route 98 - Minimart,Owner,,,,Closed
29/08/2026 16:35,2-0155,Sale,SNACKS,10152,MOBY CARAMEL,,,1.000,10.98,0.00,10.98,8.25,2.73,0.00,Dine in,POS 2,Route 98 - Minimart,Owner,,,,Closed
29/08/2026 16:35,2-0155,Sale,DRINKS,10110,LIFT CITRUS BLAST 320,,,1.000,18.00,0.00,18.00,41.16,-23.16,0.00,Dine in,POS 2,Route 98 - Minimart,Owner,,,,Closed
29/08/2026 15:59,2-0154,Sale,SNACKS,10395Q,CORN BITS HALO HALO,,,2.000,4.00,0.00,4.00,2.18,1.82,0.00,Dine in,POS 2,Route 98 - Minimart,Owner,,,,Closed
29/08/2026 13:28,2-0153,Sale,ICE CREAM 🍦,19,OREO ICE CREAM 110ML,,,1.000,62.98,0.00,62.98,55.00,7.98,0.00,Dine in,POS 2,Route 98 - Minimart,Owner,,,,Closed
29/08/2026 13:28,2-0153,Sale,ICE CREAM 🍦,10364,CREAMLINE CUP CHOCO MUD PIE 210ML,,,1.000,29.98,0.00,29.98,23.44,6.54,0.00,Dine in,POS 2,Route 98 - Minimart,Owner,,,,Closed
29/08/2026 12:27,2-0152,Sale,DRINKS,10238,GATORADE (BLUE BOLT) 500ML,,,1.000,48.00,0.00,48.00,42.00,6.00,0.00,Dine in,POS 2,Route 98 - Minimart,Owner,,,,Closed
29/08/2026 12:27,2-0151,Sale,DRINKS,10083,RED HORSE 500,,,1.000,75.00,0.00,75.00,60.00,15.00,0.00,Dine in,POS 2,Route 98 - Minimart,Owner,,,,Closed
29/08/2026 10:29,2-0150,Sale,DRINKS,98000048,WILKINS PURE 1L,,,1.000,25.00,0.00,25.00,15.91,9.09,0.00,Dine in,POS 2,Route 98 - Minimart,Owner,,,,Closed
29/08/2026 10:00,2-0149,Sale,SNACKS,10219,MR CHIPS MANAMIS MAIS 45G,,,1.000,12.98,0.00,12.98,8.19,4.79,0.00,Dine in,POS 2,Route 98 - Minimart,Owner,,,,Closed
29/08/2026 09:35,2-0148,Sale,DRINKS,10230,REFRESH 500ML,,,1.000,12.00,0.00,12.00,8.65,3.35,0.00,Dine in,POS 2,Route 98 - Minimart,Owner,,,,Closed
28/08/2026 23:53,2-0147,Sale,DRINKS,10278,COCA COLA 1.5ML,,,1.000,74.98,0.00,74.98,65.75,9.23,0.00,Dine in,POS 2,Route 98 - Minimart,Owner,,,,Closed
28/08/2026 23:53,2-0147,Sale,DRINKS,98000046,COCA COLA 1.75L,,,1.000,84.98,0.00,84.98,61.67,23.31,0.00,Dine in,POS 2,Route 98 - Minimart,Owner,,,,Closed
28/08/2026 23:53,2-0147,Sale,DRINKS,10118,MINUTE MAID 250,,,1.000,12.00,0.00,12.00,0.00,12.00,0.00,Dine in,POS 2,Route 98 - Minimart,Owner,,,,Closed
28/08/2026 23:53,2-0147,Sale,FOOD,10173,MILO,,,6.000,72.00,0.00,72.00,55.50,16.50,0.00,Dine in,POS 2,Route 98 - Minimart,Owner,,,,Closed
28/08/2026 22:28,1-0333,Sale,DRINKS,98000048,WILKINS PURE 1L,,,1.000,25.00,0.00,25.00,15.91,9.09,0.00,Dine in,POS 1,Route 98 - Minimart,Owner,,,,Closed
28/08/2026 22:17,1-0332,Sale,DRINKS,98000046,COCA COLA 1.75L,,,1.000,84.98,0.00,84.98,61.67,23.31,0.00,Dine in,POS 1,Route 98 - Minimart,Owner,,,,Closed
28/08/2026 22:17,1-0332,Sale,ICE CREAM 🍦,10340,CREAMLINE JUMBO CONE COOKIES & CREAM 140ML,,,1.000,29.98,0.00,29.98,24.10,5.88,0.00,Dine in,POS 1,Route 98 - Minimart,Owner,,,,Closed
28/08/2026 22:17,1-0332,Sale,ICE CREAM 🍦,10342,CREAMLINE JUMBO CONE UBE QUESO 140ML,,,1.000,29.98,0.00,29.98,24.10,5.88,0.00,Dine in,POS 1,Route 98 - Minimart,Owner,,,,Closed
28/08/2026 22:06,2-0146,Sale,DRINKS,98000048,WILKINS PURE 1L,,,1.000,25.00,0.00,25.00,15.91,9.09,0.00,Dine in,POS 2,Route 98 - Minimart,Owner,,,,Closed
28/08/2026 22:06,2-0146,Sale,SNACKS,10389,MOBY CRUNCHY CHOCOLATE,,,2.000,21.96,0.00,21.96,16.50,5.46,0.00,Dine in,POS 2,Route 98 - Minimart,Owner,,,,Closed
28/08/2026 22:06,1-0331,Sale,DRINKS,10296,ESCOBAR LIGHT 1L,,,1.000,205.00,0.00,205.00,168.30,36.70,0.00,Dine in,POS 1,Route 98 - Minimart,Owner,,,,Closed
28/08/2026 22:06,1-0331,Sale,DRINKS,10273,CLVB 1 LTR,,,1.000,185.00,0.00,185.00,189.00,-4.00,0.00,Dine in,POS 1,Route 98 - Minimart,Owner,,,,Closed
28/08/2026 22:06,1-0331,Sale,ICE,10299,ICE CUBE 2KG,,,1.000,35.00,0.00,35.00,24.00,11.00,0.00,Dine in,POS 1,Route 98 - Minimart,Owner,,,,Closed
28/08/2026 22:06,1-0331,Sale,SNACKS,10139,MANG JUAN SUKANG PAOMBONG 26G,,,1.000,14.98,0.00,14.98,9.98,5.00,0.00,Dine in,POS 1,Route 98 - Minimart,Owner,,,,Closed
28/08/2026 22:06,1-0331,Sale,SNACKS,10216,MANG JUAN SUKANG PAOMBONG 90G,,,1.000,29.98,0.00,29.98,22.50,7.48,0.00,Dine in,POS 1,Route 98 - Minimart,Owner,,,,Closed
28/08/2026 22:00,2-0145,Sale,DRINKS,10253,STING 290ML,,,2.000,46.00,0.00,46.00,33.50,12.50,0.00,Dine in,POS 2,Route 98 - Minimart,Owner,,,,Closed
28/08/2026 20:53,2-0144,Sale,DRINKS,98000048,WILKINS PURE 1L,,,1.000,25.00,0.00,25.00,15.91,9.09,0.00,Dine in,POS 2,Route 98 - Minimart,Owner,,,,Closed
28/08/2026 20:53,2-0144,Sale,DRINKS,10107,COCA COLA 290ML,,,1.000,20.00,0.00,20.00,16.50,3.50,0.00,Dine in,POS 2,Route 98 - Minimart,Owner,,,,Closed
28/08/2026 20:53,2-0144,Sale,SNACKS,10154,PEEWEE SPICY CHILI 25G,,,1.000,10.98,0.00,10.98,8.25,2.73,0.00,Dine in,POS 2,Route 98 - Minimart,Owner,,,,Closed
28/08/2026 20:53,2-0144,Sale,SNACKS,10135,OISHI PRAWN CRACKERS SWEET & EXTRA HOT 24G,,,1.000,9.98,0.00,9.98,7.50,2.48,0.00,Dine in,POS 2,Route 98 - Minimart,Owner,,,,Closed
28/08/2026 20:53,2-0144,Sale,SNACKS,10222,OVERLOAD BLKFRST,,,1.000,10.00,0.00,10.00,7.92,2.08,0.00,Dine in,POS 2,Route 98 - Minimart,Owner,,,,Closed
28/08/2026 20:53,2-0144,Sale,DRINKS,98000108,VITAMILK(DOUBLECHOCO) 300ML,,,1.000,35.00,0.00,35.00,29.50,5.50,0.00,Dine in,POS 2,Route 98 - Minimart,Owner,,,,Closed
28/08/2026 20:53,2-0144,Sale,SNACKS,10392,DINGDONG SNACK MIX SWEET&SPICY 100G,,,1.000,29.98,0.00,29.98,26.00,3.98,0.00,Dine in,POS 2,Route 98 - Minimart,Owner,,,,Closed
28/08/2026 20:45,2-0143,Sale,DRINKS,98000048,WILKINS PURE 1L,,,1.000,25.00,0.00,25.00,15.91,9.09,0.00,Dine in,POS 2,Route 98 - Minimart,Owner,,,,Closed
28/08/2026 20:45,2-0143,Sale,DRINKS,10252,Royal 1.5L,,,1.000,75.00,0.00,75.00,0.00,75.00,0.00,Dine in,POS 2,Route 98 - Minimart,Owner,,,,Closed
28/08/2026 20:45,2-0143,Sale,SNACKS,10231,CLOUD 9 CLASSIC,,,1.000,10.00,0.00,10.00,6.35,3.65,0.00,Dine in,POS 2,Route 98 - Minimart,Owner,,,,Closed
28/08/2026 20:45,2-0143,Sale,FOOD,10128,NESCAFE ORIGINAL TWIN PACK,,,3.000,51.00,0.00,51.00,42.00,9.00,0.00,Dine in,POS 2,Route 98 - Minimart,Owner,,,,Closed
28/08/2026 20:45,2-0143,Sale,FOOD,10127,NESCAFE CREAMY WHITE TWIN PACK,,,3.000,51.00,0.00,51.00,42.00,9.00,0.00,Dine in,POS 2,Route 98 - Minimart,Owner,,,,Closed
28/08/2026 20:45,2-0143,Sale,FOOD,10171,ENERGEN VNLA,,,4.000,47.92,0.00,47.92,34.60,13.32,0.00,Dine in,POS 2,Route 98 - Minimart,Owner,,,,Closed
28/08/2026 20:41,2-0142,Sale,FEMININE CARE,10032,SISTERS DRY MAXI 8,,,1.000,28.00,0.00,28.00,0.00,28.00,0.00,Dine in,POS 2,Route 98 - Minimart,Owner,,,,Closed
28/08/2026 20:41,2-0142,Sale,FEMININE CARE,10077,WHISPER  FLORAL,,,1.000,50.00,0.00,50.00,0.00,50.00,0.00,Dine in,POS 2,Route 98 - Minimart,Owner,,,,Closed
28/08/2026 19:57,2-0141,Sale,DRINKS,98000048,WILKINS PURE 1L,,,1.000,25.00,0.00,25.00,15.91,9.09,0.00,Dine in,POS 2,Route 98 - Minimart,Owner,,,,Closed
28/08/2026 19:54,2-0140,Sale,DRINKS,10273,CLVB 1 LTR,,,2.000,370.00,0.00,370.00,378.00,-8.00,0.00,Dine in,POS 2,Route 98 - Minimart,Owner,,,,Closed
28/08/2026 19:54,2-0140,Sale,HOME ESSENTIALS,980000035,COLGATE,,,1.000,11.98,0.00,11.98,8.75,3.23,0.00,Dine in,POS 2,Route 98 - Minimart,Owner,,,,Closed
28/08/2026 19:54,2-0140,Sale,SNACKS,98000123,PRESTO CHOCO VANILLA,,,1.000,10.00,0.00,10.00,5.87,4.13,0.00,Dine in,POS 2,Route 98 - Minimart,Owner,,,,Closed
28/08/2026 19:54,2-0140,Sale,SNACKS,10207,PRESTO CHOCO,,,1.000,10.00,0.00,10.00,6.13,3.87,0.00,Dine in,POS 2,Route 98 - Minimart,Owner,,,,Closed
28/08/2026 19:54,2-0140,Sale,ICE,10298,ICE CUBE 1KG,,,1.000,25.00,0.00,25.00,13.00,12.00,0.00,Dine in,POS 2,Route 98 - Minimart,Owner,,,,Closed
28/08/2026 19:54,2-0140,Sale,DRINKS,98000046,COCA COLA 1.75L,,,1.000,84.98,0.00,84.98,61.67,23.31,0.00,Dine in,POS 2,Route 98 - Minimart,Owner,,,,Closed
28/08/2026 19:54,2-0140,Sale,,10235,"#misc",,,1.000,15.00,0.00,15.00,0.00,15.00,0.00,Dine in,POS 2,Route 98 - Minimart,Owner,,,,Closed
28/08/2026 19:50,2-0139,Sale,SNACKS,10211,MAGIC CREAMS PEANUT BUTTER,,,2.000,18.00,0.00,18.00,11.10,6.90,0.00,Dine in,POS 2,Route 98 - Minimart,Owner,,,,Closed
28/08/2026 19:50,2-0139,Sale,SNACKS,10196,natalicious,,,1.000,10.00,0.00,10.00,0.00,10.00,0.00,Dine in,POS 2,Route 98 - Minimart,Owner,,,,Closed
28/08/2026 19:50,2-0139,Sale,DRINKS,98000108,VITAMILK(DOUBLECHOCO) 300ML,,,1.000,35.00,0.00,35.00,29.50,5.50,0.00,Dine in,POS 2,Route 98 - Minimart,Owner,,,,Closed
28/08/2026 18:51,2-0138,Sale,DRINKS,98000047,WILKINS PURE 500,,,2.000,30.00,0.00,30.00,18.74,11.26,0.00,Dine in,POS 2,Route 98 - Minimart,Owner,,,,Closed
28/08/2026 18:02,2-0137,Sale,SNACKS,10266,CHIZ CURLS 18G,,,1.000,9.98,0.00,9.98,7.25,2.73,0.00,Dine in,POS 2,Route 98 - Minimart,Owner,,,,Closed
28/08/2026 17:54,2-0136,Sale,DRINKS,10252,Royal 1.5L,,,1.000,75.00,0.00,75.00,0.00,75.00,0.00,Dine in,POS 2,Route 98 - Minimart,Owner,,,,Closed
28/08/2026 17:51,2-0135,Sale,DRINKS,10084,RED HORSE LITRO,,,2.000,280.00,0.00,280.00,240.00,40.00,0.00,Dine in,POS 2,Route 98 - Minimart,Owner,,,,Closed
28/08/2026 17:51,2-0135,Sale,SNACKS,10392,DINGDONG SNACK MIX SWEET&SPICY 100G,,,1.000,29.98,0.00,29.98,26.00,3.98,0.00,Dine in,POS 2,Route 98 - Minimart,Owner,,,,Closed
28/08/2026 17:03,2-0134,Sale,DRINKS,10129,C2 SOLO APPLE 230ML,,,1.000,17.00,0.00,17.00,0.00,17.00,0.00,Dine in,POS 2,Route 98 - Minimart,Owner,,,,Closed
28/08/2026 16:30,2-0133,Sale,DRINKS,10084,RED HORSE LITRO,,,2.000,280.00,0.00,280.00,240.00,40.00,0.00,Dine in,POS 2,Route 98 - Minimart,Owner,,,,Closed
28/08/2026 15:52,2-0132,Sale,DRINKS,98000047,WILKINS PURE 500,,,1.000,15.00,0.00,15.00,9.37,5.63,0.00,Dine in,POS 2,Route 98 - Minimart,Owner,,,,Closed
28/08/2026 15:32,2-0131,Sale,SNACKS,10145,PIATTOS SOUR CREAM 40G,,,1.000,19.98,0.00,19.98,15.75,4.23,0.00,Dine in,POS 2,Route 98 - Minimart,Owner,,,,Closed
28/08/2026 15:32,2-0130,Sale,ICE CREAM 🍦,19,OREO ICE CREAM 110ML,,,1.000,62.98,0.00,62.98,55.00,7.98,0.00,Dine in,POS 2,Route 98 - Minimart,Owner,,,,Closed
28/08/2026 14:32,2-0129,Sale,ICE CREAM 🍦,10344,CREAMLINE PINIPIG CHOCOLATE 70ML,,,1.000,19.98,0.00,19.98,16.15,3.83,0.00,Dine in,POS 2,Route 98 - Minimart,Owner,,,,Closed
28/08/2026 14:32,2-0129,Sale,ICE CREAM 🍦,10366,CREAMLINE SUNDAE CARAMEL 120ML,,,1.000,24.98,0.00,24.98,15.85,9.13,0.00,Dine in,POS 2,Route 98 - Minimart,Owner,,,,Closed
28/08/2026 13:44,2-0128,Sale,,10235,"#misc",,,1.000,150.00,0.00,150.00,0.00,150.00,0.00,Dine in,POS 2,Route 98 - Minimart,Owner,,,,Closed
28/08/2026 13:43,2-0127,Sale,SNACKS,10236,FRUIT SALAD,,,2.000,16.00,0.00,16.00,11.50,4.50,0.00,Dine in,POS 2,Route 98 - Minimart,Owner,,,,Closed
28/08/2026 13:43,2-0127,Sale,SNACKS,10196,natalicious,,,1.000,10.00,0.00,10.00,0.00,10.00,0.00,Dine in,POS 2,Route 98 - Minimart,Owner,,,,Closed
28/08/2026 13:43,2-0127,Sale,SNACKS,10179,HAPPY CLASSIC,,,10.000,20.00,0.00,20.00,0.00,20.00,0.00,Dine in,POS 2,Route 98 - Minimart,Owner,,,,Closed
28/08/2026 12:24,2-0126,Sale,DRINKS,10107,COCA COLA 290ML,,,1.000,20.00,0.00,20.00,16.50,3.50,0.00,Dine in,POS 2,Route 98 - Minimart,Owner,,,,Closed
28/08/2026 12:02,2-0125,Sale,ICE,10298,ICE CUBE 1KG,,,1.000,25.00,0.00,25.00,13.00,12.00,0.00,Dine in,POS 2,Route 98 - Minimart,Owner,,,,Closed
28/08/2026 11:36,2-0124,Sale,DRINKS,98000048,WILKINS PURE 1L,,,1.000,25.00,0.00,25.00,15.91,9.09,0.00,Dine in,POS 2,Route 98 - Minimart,Owner,,,,Closed
28/08/2026 11:00,2-0123,Sale,DRINKS,10110,LIFT CITRUS BLAST 320,,,1.000,18.00,0.00,18.00,41.16,-23.16,0.00,Dine in,POS 2,Route 98 - Minimart,Owner,,,,Closed
27/08/2026 23:02,2-0122,Sale,SNACKS,10219,MR CHIPS MANAMIS MAIS 45G,,,1.000,12.98,0.00,12.98,8.19,4.79,0.00,Dine in,POS 2,Route 98 - Minimart,Owner,,,,Closed
27/08/2026 22:58,2-0121,Sale,FOOD,10328,SKYFLAKES TSOKOLATE,,,1.000,9.98,0.00,9.98,7.28,2.70,0.00,Dine in,POS 2,Route 98 - Minimart,Owner,,,,Closed
27/08/2026 22:53,2-0120,Sale,SNACKS,10231,CLOUD 9 CLASSIC,,,1.000,10.00,0.00,10.00,6.35,3.65,0.00,Dine in,POS 2,Route 98 - Minimart,Owner,,,,Closed
27/08/2026 22:46,2-0119,Sale,,10385Q,TROPICANA TWISTER ORANGE,,,1.000,30.00,0.00,30.00,25.37,4.63,0.00,Dine in,POS 2,Route 98 - Minimart,Owner,,,,Closed
27/08/2026 22:13,2-0118,Sale,Cleaning/Laundry Supplies,980000027,DOWNY KONTRA  GERMS 26ML,,,5.000,39.90,0.00,39.90,31.15,8.75,0.00,Dine in,POS 2,Route 98 - Minimart,Owner,,,,Closed
27/08/2026 22:13,2-0118,Sale,HOME ESSENTIALS,10309,REXONA QUANTUM DRY 3ML,,,1.000,10.00,0.00,10.00,7.92,2.08,0.00,Dine in,POS 2,Route 98 - Minimart,Owner,,,,Closed
27/08/2026 21:39,1-0330,Sale,DRINKS,10084,RED HORSE LITRO,,,6.000,840.00,0.00,840.00,720.00,120.00,0.00,Dine in,POS 1,Route 98 - Minimart,Owner,,,,Closed
27/08/2026 21:39,1-0330,Sale,ICE CREAM 🍦,10367,CREAMLINE SUNDAE STRAWBERRY 120ML,,,1.000,24.98,0.00,24.98,15.85,9.13,0.00,Dine in,POS 1,Route 98 - Minimart,Owner,,,,Closed
27/08/2026 21:35,1-0329,Sale,DRINKS,10083,RED HORSE 500,,,1.000,75.00,0.00,75.00,60.00,15.00,0.00,Dine in,POS 1,Route 98 - Minimart,Owner,,,,Closed
27/08/2026 21:17,2-0117,Sale,DRINKS,98000048,WILKINS PURE 1L,,,1.000,25.00,0.00,25.00,15.91,9.09,0.00,Dine in,POS 2,Route 98 - Minimart,Owner,,,,Closed
27/08/2026 21:17,2-0117,Sale,DRINKS,10107,COCA COLA 290ML,,,1.000,20.00,0.00,20.00,16.50,3.50,0.00,Dine in,POS 2,Route 98 - Minimart,Owner,,,,Closed
27/08/2026 21:17,2-0117,Sale,SNACKS,10136,OISHI PRAWN CRACKERS  NATURAL  24G,,,1.000,9.98,0.00,9.98,7.50,2.48,0.00,Dine in,POS 2,Route 98 - Minimart,Owner,,,,Closed
27/08/2026 21:17,2-0117,Sale,,10385Q,TROPICANA TWISTER ORANGE,,,1.000,30.00,0.00,30.00,25.37,4.63,0.00,Dine in,POS 2,Route 98 - Minimart,Owner,,,,Closed
27/08/2026 21:17,2-0117,Sale,,10384,PREMIER PURIFIED WATER 500ML,,,1.000,15.00,0.00,15.00,9.67,5.33,0.00,Dine in,POS 2,Route 98 - Minimart,Owner,,,,Closed
27/08/2026 18:15,2-0116,Sale,HOME ESSENTIALS,10315,MIGHTY BOND,,,1.000,15.00,0.00,15.00,0.00,15.00,0.00,Dine in,POS 2,Route 98 - Minimart,Owner,,,,Closed
27/08/2026 18:00,2-0115,Sale,DRINKS,98000046,COCA COLA 1.75L,,,1.000,84.98,0.00,84.98,61.67,23.31,0.00,Dine in,POS 2,Route 98 - Minimart,Owner,,,,Closed
27/08/2026 17:58,2-0114,Sale,DRINKS,10239,MOUNTAIN DEW (290ML),,,1.000,20.00,0.00,20.00,16.35,3.65,0.00,Dine in,POS 2,Route 98 - Minimart,Owner,,,,Closed
27/08/2026 17:53,2-0113,Sale,ICE CREAM 🍦,10340,CREAMLINE JUMBO CONE COOKIES & CREAM 140ML,,,1.000,29.98,0.00,29.98,24.10,5.88,0.00,Dine in,POS 2,Route 98 - Minimart,Owner,,,,Closed
27/08/2026 17:53,2-0113,Sale,DRINKS,10109,COCA COLA 190ML,,,1.000,15.00,0.00,15.00,11.00,4.00,0.00,Dine in,POS 2,Route 98 - Minimart,Owner,,,,Closed
27/08/2026 15:05,2-0112,Sale,DRINKS,10107,COCA COLA 290ML,,,1.000,20.00,0.00,20.00,16.50,3.50,0.00,Dine in,POS 2,Route 98 - Minimart,Owner,,,,Closed
27/08/2026 15:02,2-0111,Sale,DRINKS,10083,RED HORSE 500,,,1.000,75.00,0.00,75.00,60.00,15.00,0.00,Dine in,POS 2,Route 98 - Minimart,Owner,,,,Closed
27/08/2026 14:39,2-0110,Sale,DRINKS,98000046,COCA COLA 1.75L,,,1.000,84.98,0.00,84.98,61.67,23.31,0.00,Dine in,POS 2,Route 98 - Minimart,Owner,,,,Closed
27/08/2026 14:39,2-0110,Sale,DRINKS,10114,SPRITE 1.5L,,,1.000,75.00,0.00,75.00,0.00,75.00,0.00,Dine in,POS 2,Route 98 - Minimart,Owner,,,,Closed
27/08/2026 14:39,2-0110,Sale,ICE,10298,ICE CUBE 1KG,,,1.000,25.00,0.00,25.00,13.00,12.00,0.00,Dine in,POS 2,Route 98 - Minimart,Owner,,,,Closed
27/08/2026 14:28,2-0109,Sale,DRINKS,10110,LIFT CITRUS BLAST 320,,,2.000,36.00,0.00,36.00,82.32,-46.32,0.00,Dine in,POS 2,Route 98 - Minimart,Owner,,,,Closed
27/08/2026 14:19,2-0108,Sale,SNACKS,10219,MR CHIPS MANAMIS MAIS 45G,,,1.000,12.98,0.00,12.98,8.19,4.79,0.00,Dine in,POS 2,Route 98 - Minimart,Owner,,,,Closed
27/08/2026 14:14,2-0107,Sale,FOOD,10333,MONDE SPECIAL MAMON,,,2.000,59.96,0.00,59.96,32.00,27.96,0.00,Dine in,POS 2,Route 98 - Minimart,Owner,,,,Closed
27/08/2026 14:14,2-0107,Sale,DRINKS,10239,MOUNTAIN DEW (290ML),,,1.000,20.00,0.00,20.00,16.35,3.65,0.00,Dine in,POS 2,Route 98 - Minimart,Owner,,,,Closed
27/08/2026 11:42,2-0106,Sale,DRINKS,10253,STING 290ML,,,1.000,23.00,0.00,23.00,16.75,6.25,0.00,Dine in,POS 2,Route 98 - Minimart,Owner,,,,Closed
27/08/2026 11:40,2-0105,Sale,DRINKS,98000047,WILKINS PURE 500,,,1.000,15.00,0.00,15.00,9.37,5.63,0.00,Dine in,POS 2,Route 98 - Minimart,Owner,,,,Closed
27/08/2026 11:07,2-0104,Sale,DRINKS,10118,MINUTE MAID 250,,,1.000,12.00,0.00,12.00,0.00,12.00,0.00,Dine in,POS 2,Route 98 - Minimart,Owner,,,,Closed
27/08/2026 11:07,2-0104,Sale,,10385,TROPICANA TWISTER ORANGE,,,1.000,30.00,0.00,30.00,25.37,4.63,0.00,Dine in,POS 2,Route 98 - Minimart,Owner,,,,Closed
27/08/2026 11:07,2-0104,Sale,DRINKS,98000048,WILKINS PURE 1L,,,1.000,25.00,0.00,25.00,15.91,9.09,0.00,Dine in,POS 2,Route 98 - Minimart,Owner,,,,Closed
27/08/2026 11:07,2-0104,Sale,Cleaning/Laundry Supplies,98000003,ARIEL TWIN JUMBO POWDER SUNRISE FRESH 66G,,,3.000,53.94,0.00,53.94,42.00,11.94,0.00,Dine in,POS 2,Route 98 - Minimart,Owner,,,,Closed
27/08/2026 11:07,2-0104,Sale,Cleaning/Laundry Supplies,10106,TIDE POWDER JUMBO PACK DOWNY,,,3.000,48.00,0.00,48.00,0.00,48.00,0.00,Dine in,POS 2,Route 98 - Minimart,Owner,,,,Closed
27/08/2026 11:07,2-0104,Sale,Cleaning/Laundry Supplies,10024,DOWNY ANTIBAC,,,2.000,18.00,0.00,18.00,0.00,18.00,0.00,Dine in,POS 2,Route 98 - Minimart,Owner,,,,Closed
27/08/2026 11:07,2-0104,Sale,SNACKS,10317,CLOVER CHEESIER 24G,,,1.000,9.98,0.00,9.98,7.50,2.48,0.00,Dine in,POS 2,Route 98 - Minimart,Owner,,,,Closed
27/08/2026 11:07,2-0104,Sale,SNACKS,10157,SWEETCHILI CHPS BBQ,,,1.000,12.00,0.00,12.00,0.00,12.00,0.00,Dine in,POS 2,Route 98 - Minimart,Owner,,,,Closed
27/08/2026 11:07,2-0104,Sale,SNACKS,10152,MOBY CARAMEL,,,1.000,10.00,0.00,10.00,8.25,1.75,0.00,Dine in,POS 2,Route 98 - Minimart,Owner,,,,Closed
27/08/2026 11:07,2-0104,Sale,HOME ESSENTIALS,10249,UNILOVE SQUALANE WIPES,,,1.000,40.00,0.00,40.00,24.50,15.50,0.00,Dine in,POS 2,Route 98 - Minimart,Owner,,,,Closed
27/08/2026 11:01,2-0103,Sale,ICE CREAM 🍦,10339,CREAMLINE JUMBO CONE DOUBLE DUTCH 140ML,,,1.000,29.98,0.00,29.98,24.10,5.88,0.00,Dine in,POS 2,Route 98 - Minimart,Owner,,,,Closed
27/08/2026 11:01,2-0103,Sale,ICE CREAM 🍦,10344,CREAMLINE PINIPIG CHOCOLATE 70ML,,,1.000,19.98,0.00,19.98,16.15,3.83,0.00,Dine in,POS 2,Route 98 - Minimart,Owner,,,,Closed
27/08/2026 11:01,2-0103,Sale,DRINKS,10111,LIFT BERRY BOLT 320,,,1.000,18.00,0.00,18.00,14.17,3.83,0.00,Dine in,POS 2,Route 98 - Minimart,Owner,,,,Closed
27/08/2026 11:01,2-0103,Sale,,10235,"#misc",,,1.000,4.00,0.00,4.00,0.00,4.00,0.00,Dine in,POS 2,Route 98 - Minimart,Owner,,,,Closed
26/08/2026 21:04,2-0102,Sale,DRINKS,10239,MOUNTAIN DEW (290ML),,,1.000,20.00,0.00,20.00,16.35,3.65,0.00,Dine in,POS 2,Route 98 - Minimart,Owner,,,,Closed
26/08/2026 21:00,2-0101,Sale,ICE CREAM 🍦,10354,CREAMLINE COOLERS MANGO 70ML,,,2.000,27.96,0.00,27.96,19.80,8.16,0.00,Dine in,POS 2,Route 98 - Minimart,Owner,,,,Closed
26/08/2026 20:47,2-0100,Sale,SNACKS,10135,OISHI PRAWN CRACKERS SWEET & EXTRA HOT 24G,,,1.000,9.98,0.00,9.98,7.50,2.48,0.00,Dine in,POS 2,Route 98 - Minimart,Owner,,,,Closed
26/08/2026 20:39,2-0099,Sale,DRINKS,10118,MINUTE MAID 250,,,2.000,24.00,0.00,24.00,0.00,24.00,0.00,Dine in,POS 2,Route 98 - Minimart,Owner,,,,Closed
26/08/2026 20:39,2-0099,Sale,DRINKS,98000048,WILKINS PURE 1L,,,1.000,25.00,0.00,25.00,15.91,9.09,0.00,Dine in,POS 2,Route 98 - Minimart,Owner,,,,Closed
26/08/2026 20:18,2-0098,Sale,ICE CREAM 🍦,10291,NESTLE COOKIE'S & CREAM 1.3L,,,1.000,343.98,0.00,343.98,275.00,68.98,0.00,Dine in,POS 2,Route 98 - Minimart,Owner,,,,Closed
26/08/2026 20:18,2-0098,Sale,DRINKS,10083,RED HORSE 500,,,3.000,225.00,0.00,225.00,180.00,45.00,0.00,Dine in,POS 2,Route 98 - Minimart,Owner,,,,Closed
26/08/2026 19:39,2-0097,Sale,DRINKS,10119,VINO KULAFU 350,,,1.000,50.00,0.00,50.00,0.00,50.00,0.00,Dine in,POS 2,Route 98 - Minimart,Owner,,,,Closed
26/08/2026 19:22,2-0096,Sale,ICE CREAM 🍦,10342,CREAMLINE JUMBO CONE UBE QUESO 140ML,,,1.000,29.98,0.00,29.98,24.10,5.88,0.00,Dine in,POS 2,Route 98 - Minimart,Owner,,,,Closed
26/08/2026 19:15,2-0095,Sale,ICE CREAM 🍦,10366,CREAMLINE SUNDAE CARAMEL 120ML,,,1.000,24.98,0.00,24.98,15.85,9.13,0.00,Dine in,POS 2,Route 98 - Minimart,Owner,,,,Closed
26/08/2026 19:14,2-0094,Sale,ICE CREAM 🍦,10349,CREAMLINE FROOTEES ORANGE 50ML,,,1.000,12.98,0.00,12.98,8.30,4.68,0.00,Dine in,POS 2,Route 98 - Minimart,Owner,,,,Closed
26/08/2026 19:08,2-0093,Sale,DRINKS,10119,VINO KULAFU 350,,,1.000,50.00,0.00,50.00,0.00,50.00,0.00,Dine in,POS 2,Route 98 - Minimart,Owner,,,,Closed
26/08/2026 19:08,2-0092,Sale,FOOD,10323,NISSIN WAFER CHOCO,,,20.000,99.60,0.00,99.60,54.00,45.60,0.00,Dine in,POS 2,Route 98 - Minimart,Owner,,,,Closed
26/08/2026 19:08,2-0092,Sale,HOME ESSENTIALS,980000035,COLGATE,,,5.000,60.00,0.00,60.00,43.75,16.25,0.00,Dine in,POS 2,Route 98 - Minimart,Owner,,,,Closed
26/08/2026 18:56,2-0091,Sale,SNACKS,10143,CHIPPY BBQ 25G,,,1.000,9.98,0.00,9.98,7.50,2.48,0.00,Dine in,POS 2,Route 98 - Minimart,Owner,,,,Closed
26/08/2026 18:52,2-0090,Sale,SNACKS,10154,PEEWEE SPICY CHILI 25G,,,2.000,19.96,0.00,19.96,17.00,2.96,0.00,Dine in,POS 2,Route 98 - Minimart,Owner,,,,Closed
26/08/2026 18:51,2-0089,Sale,SNACKS,10163,SUPER CRUNCH SPECIAL CHIP CHARON 32G,,,1.000,14.98,0.00,14.98,10.50,4.48,0.00,Dine in,POS 2,Route 98 - Minimart,Owner,,,,Closed
26/08/2026 18:51,2-0089,Sale,SNACKS,10149,NOVA COUNTRY CHEDDAR 20G,,,1.000,8.98,0.00,8.98,6.50,2.48,0.00,Dine in,POS 2,Route 98 - Minimart,Owner,,,,Closed
26/08/2026 17:47,2-0088,Sale,DRINKS,98000048,WILKINS PURE 1L,,,1.000,25.00,0.00,25.00,15.91,9.09,0.00,Dine in,POS 2,Route 98 - Minimart,Owner,,,,Closed
26/08/2026 17:33,2-0087,Sale,FOOD,9800030,LUCKYME PANCITCANTON CHILIMANSI,,,2.000,30.00,0.00,30.00,26.00,4.00,0.00,Dine in,POS 2,Route 98 - Minimart,Owner,,,,Closed
26/08/2026 17:33,2-0087,Sale,FOOD,10164,LUCKYME BEEF,,,2.000,24.00,0.00,24.00,17.90,6.10,0.00,Dine in,POS 2,Route 98 - Minimart,Owner,,,,Closed
26/08/2026 17:33,2-0087,Sale,FOOD,10064,SILVER SWAN SUKA 200ML,,,1.000,11.00,0.00,11.00,0.00,11.00,0.00,Dine in,POS 2,Route 98 - Minimart,Owner,,,,Closed
26/08/2026 17:33,2-0087,Sale,ESSENTIAL OILS,10005,EFFICASCENT25,,,1.000,28.50,0.00,28.50,0.00,28.50,0.00,Dine in,POS 2,Route 98 - Minimart,Owner,,,,Closed
26/08/2026 17:18,2-0086,Sale,SNACKS,10225,MAGIC FLAKES,,,2.000,18.00,0.00,18.00,11.02,6.98,0.00,Dine in,POS 2,Route 98 - Minimart,Owner,,,,Closed
26/08/2026 17:18,2-0086,Sale,DRINKS,10110,LIFT CITRUS BLAST 320,,,1.000,18.00,0.00,18.00,41.16,-23.16,0.00,Dine in,POS 2,Route 98 - Minimart,Owner,,,,Closed
26/08/2026 15:57,2-0085,Sale,ICE,10299,ICE CUBE 2KG,,,1.000,35.00,0.00,35.00,24.00,11.00,0.00,Dine in,POS 2,Route 98 - Minimart,Owner,,,,Closed
26/08/2026 15:51,2-0084,Sale,DRINKS,10083,RED HORSE 500,,,1.000,75.00,0.00,75.00,60.00,15.00,0.00,Dine in,POS 2,Route 98 - Minimart,Owner,,,,Closed
26/08/2026 14:18,2-0083,Sale,ICE CREAM 🍦,10347,CREAMLINE BAR UBE QUESO PASTILLAS,,,1.000,16.98,0.00,16.98,11.60,5.38,0.00,Dine in,POS 2,Route 98 - Minimart,Owner,,,,Closed
26/08/2026 13:27,2-0082,Sale,ICE,10299,ICE CUBE 2KG,,,1.000,35.00,0.00,35.00,24.00,11.00,0.00,Dine in,POS 2,Route 98 - Minimart,Owner,,,,Closed
26/08/2026 13:07,2-0081,Sale,SNACKS,10149,NOVA COUNTRY CHEDDAR 20G,,,2.000,17.96,0.00,17.96,13.00,4.96,0.00,Dine in,POS 2,Route 98 - Minimart,Owner,,,,Closed
26/08/2026 12:29,2-0080,Sale,DRINKS,10083,RED HORSE 500,,,4.000,300.00,0.00,300.00,240.00,60.00,0.00,Dine in,POS 2,Route 98 - Minimart,Owner,,,,Closed
26/08/2026 12:29,2-0080,Sale,DRINKS,10239,MOUNTAIN DEW (290ML),,,1.000,20.00,0.00,20.00,16.35,3.65,0.00,Dine in,POS 2,Route 98 - Minimart,Owner,,,,Closed
26/08/2026 12:29,2-0080,Sale,SNACKS,10149,NOVA COUNTRY CHEDDAR 20G,,,1.000,8.98,0.00,8.98,6.50,2.48,0.00,Dine in,POS 2,Route 98 - Minimart,Owner,,,,Closed
26/08/2026 12:26,2-0079,Sale,DRINKS,98000048,WILKINS PURE 1L,,,1.000,25.00,0.00,25.00,15.91,9.09,0.00,Dine in,POS 2,Route 98 - Minimart,Owner,,,,Closed
26/08/2026 12:23,2-0078,Sale,,10235,"#misc",,,1.000,45.00,0.00,45.00,0.00,45.00,0.00,Dine in,POS 2,Route 98 - Minimart,Owner,,,,Closed
26/08/2026 12:23,2-0078,Sale,DRINKS,10129,C2 SOLO APPLE 230ML,,,1.000,17.00,0.00,17.00,0.00,17.00,0.00,Dine in,POS 2,Route 98 - Minimart,Owner,,,,Closed
26/08/2026 12:23,2-0078,Sale,SNACKS,10219,MR CHIPS MANAMIS MAIS 45G,,,1.000,12.98,0.00,12.98,8.19,4.79,0.00,Dine in,POS 2,Route 98 - Minimart,Owner,,,,Closed
26/08/2026 12:23,2-0078,Sale,FOOD,10232,LA MIA TUNA HOTSPCY,,,1.000,38.00,0.00,38.00,33.18,4.82,0.00,Dine in,POS 2,Route 98 - Minimart,Owner,,,,Closed
25/08/2026 22:50,2-0077,Sale,,10386@,PEEWEE SIZZLING BBQ,,,4.000,39.92,0.00,39.92,0.00,39.92,0.00,Dine in,POS 2,Route 98 - Minimart,Owner,,,,Closed
25/08/2026 22:50,2-0077,Sale,DRINKS,10129,C2 SOLO APPLE 230ML,,,4.000,68.00,0.00,68.00,0.00,68.00,0.00,Dine in,POS 2,Route 98 - Minimart,Owner,,,,Closed
25/08/2026 22:50,2-0077,Sale,SNACKS,10154,PEEWEE SPICY CHILI 25G,,,1.000,9.98,0.00,9.98,8.50,1.48,0.00,Dine in,POS 2,Route 98 - Minimart,Owner,,,,Closed
25/08/2026 22:46,2-0076,Sale,DRINKS,10275,MOUNTAIN DEW 1.5L,,,1.000,72.00,0.00,72.00,62.00,10.00,0.00,Dine in,POS 2,Route 98 - Minimart,Owner,,,,Closed
25/08/2026 22:46,2-0076,Sale,DRINKS,98000046,COCA COLA 1.75L,,,1.000,84.98,0.00,84.98,61.67,23.31,0.00,Dine in,POS 2,Route 98 - Minimart,Owner,,,,Closed
25/08/2026 22:35,2-0075,Sale,,10384,PREMIER PURIFIED WATER 500ML,,,1.000,15.00,0.00,15.00,9.67,5.33,0.00,Dine in,POS 2,Route 98 - Minimart,Owner,,,,Closed
25/08/2026 21:59,2-0074,Sale,ICE CREAM 🍦,10350,CREAMLINE FROOTEES GRAPES 50ML,,,1.000,12.98,0.00,12.98,8.30,4.68,0.00,Dine in,POS 2,Route 98 - Minimart,Owner,,,,Closed
25/08/2026 21:59,2-0074,Sale,ICE CREAM 🍦,10354,CREAMLINE COOLERS MANGO 70ML,,,1.000,13.98,0.00,13.98,9.90,4.08,0.00,Dine in,POS 2,Route 98 - Minimart,Owner,,,,Closed
25/08/2026 21:29,2-0073,Sale,SNACKS,10231,CLOUD 9 CLASSIC,,,1.000,10.00,0.00,10.00,6.35,3.65,0.00,Dine in,POS 2,Route 98 - Minimart,Owner,,,,Closed
25/08/2026 21:29,2-0073,Sale,SNACKS,10374,SKYFLAKES CRACKER,,,1.000,9.98,0.00,9.98,6.00,3.98,0.00,Dine in,POS 2,Route 98 - Minimart,Owner,,,,Closed
25/08/2026 21:27,2-0072,Sale,DRINKS,10085,SM FLAVORED BEER APPLE,,,1.000,53.00,0.00,53.00,41.00,12.00,0.00,Dine in,POS 2,Route 98 - Minimart,Owner,,,,Closed
25/08/2026 21:25,2-0071,Sale,DRINKS,10111,LIFT BERRY BOLT 320,,,1.000,18.00,0.00,18.00,14.17,3.83,0.00,Dine in,POS 2,Route 98 - Minimart,Owner,,,,Closed
25/08/2026 21:09,2-0070,Sale,DRINKS,10192,STING STRWBRRY 320ML,,,1.000,25.00,0.00,25.00,0.00,25.00,0.00,Dine in,POS 2,Route 98 - Minimart,Owner,,,,Closed
25/08/2026 20:40,1-0328,Sale,SNACKS,10145,PIATTOS SOUR CREAM 40G,,,4.000,79.92,0.00,79.92,63.00,16.92,0.00,Dine in,POS 1,Route 98 - Minimart,Owner,,,,Closed
25/08/2026 20:40,1-0328,Sale,SNACKS,10231,CLOUD 9 CLASSIC,,,4.000,40.00,0.00,40.00,25.40,14.60,0.00,Dine in,POS 1,Route 98 - Minimart,Owner,,,,Closed
25/08/2026 20:40,1-0328,Sale,SNACKS,10213,MAGIC CREAMS CHOCO,,,1.000,9.00,0.00,9.00,5.55,3.45,0.00,Dine in,POS 1,Route 98 - Minimart,Owner,,,,Closed
25/08/2026 20:40,1-0328,Sale,SNACKS,10225,MAGIC FLAKES,,,1.000,9.00,0.00,9.00,5.51,3.49,0.00,Dine in,POS 1,Route 98 - Minimart,Owner,,,,Closed
25/08/2026 20:24,1-0327,Sale,ICE CREAM 🍦,10288,NESTLE 2in1 ROCKY ROAD & DOUBLE DUTCH 750ML,,,1.000,209.98,0.00,209.98,168.00,41.98,0.00,Dine in,POS 1,Route 98 - Minimart,Owner,,,,Closed
25/08/2026 19:58,1-0326,Sale,ICE CREAM 🍦,10344,CREAMLINE PINIPIG CHOCOLATE 70ML,,,2.000,39.96,0.00,39.96,32.30,7.66,0.00,Dine in,POS 1,Route 98 - Minimart,Owner,,,,Closed
25/08/2026 19:58,1-0326,Sale,DRINKS,98000048,WILKINS PURE 1L,,,1.000,25.00,0.00,25.00,15.91,9.09,0.00,Dine in,POS 1,Route 98 - Minimart,Owner,,,,Closed
25/08/2026 19:58,1-0326,Sale,DRINKS,10239,MOUNTAIN DEW (290ML),,,1.000,20.00,0.00,20.00,16.35,3.65,0.00,Dine in,POS 1,Route 98 - Minimart,Owner,,,,Closed
25/08/2026 19:05,1-0325,Sale,SNACKS,10219,MR CHIPS MANAMIS MAIS 45G,,,1.000,12.98,0.00,12.98,8.19,4.79,0.00,Dine in,POS 1,Route 98 - Minimart,Owner,,,,Closed
25/08/2026 17:52,1-0324,Sale,,10235,"#misc",,,1.000,10.00,0.00,10.00,0.00,10.00,0.00,Dine in,POS 1,Route 98 - Minimart,Owner,,,,Closed
25/08/2026 17:52,1-0324,Sale,DRINKS,98000046,COCA COLA 1.75L,,,1.000,84.98,0.00,84.98,61.67,23.31,0.00,Dine in,POS 1,Route 98 - Minimart,Owner,,,,Closed
25/08/2026 17:52,1-0324,Sale,,10235,"#misc",,,1.000,5.00,0.00,5.00,0.00,5.00,0.00,Dine in,POS 1,Route 98 - Minimart,Owner,,,,Closed
25/08/2026 17:48,1-0323,Sale,FOOD,10166,LUCKYME PANCITCANTON ORIG,,,1.000,15.00,0.00,15.00,0.00,15.00,0.00,Dine in,POS 1,Route 98 - Minimart,Owner,,,,Closed
25/08/2026 15:46,1-0322,Sale,FOOD,10332,LEMON SQUARE LAVA CAKE,,,1.000,9.98,0.00,9.98,7.80,2.18,0.00,Dine in,POS 1,Route 98 - Minimart,Owner,,,,Closed
25/08/2026 15:46,1-0322,Sale,DRINKS,10110,LIFT CITRUS BLAST 320,,,1.000,18.00,0.00,18.00,41.16,-23.16,0.00,Dine in,POS 1,Route 98 - Minimart,Owner,,,,Closed
25/08/2026 15:44,1-0321,Sale,SNACKS,98000121,PRESTO PEANUT BUTTER,,,2.000,20.00,0.00,20.00,12.26,7.74,0.00,Dine in,POS 1,Route 98 - Minimart,Owner,,,,Closed
25/08/2026 14:59,1-0320,Sale,SNACKS,10202,PIATTOS CHEESE 85G,,,1.000,39.98,0.00,39.98,33.22,6.76,0.00,Dine in,POS 1,Route 98 - Minimart,Owner,,,,Closed
25/08/2026 14:59,1-0320,Sale,SNACKS,10227,PIATTOS ROADHOUSE BBQ 85G,,,1.000,39.98,0.00,39.98,33.22,6.76,0.00,Dine in,POS 1,Route 98 - Minimart,Owner,,,,Closed
25/08/2026 14:59,1-0320,Sale,SNACKS,10220,PIATTOS SOUR CREAM 85G,,,1.000,39.98,0.00,39.98,33.22,6.76,0.00,Dine in,POS 1,Route 98 - Minimart,Owner,,,,Closed
25/08/2026 14:52,1-0319,Sale,,10385Q,TROPICANA TWISTER ORANGE,,,1.000,30.00,0.00,30.00,25.37,4.63,0.00,Dine in,POS 1,Route 98 - Minimart,Owner,,,,Closed
25/08/2026 14:52,1-0319,Sale,HOME ESSENTIALS,10306,REXONA POWDER DRY 3ML,,,1.000,10.00,0.00,10.00,7.92,2.08,0.00,Dine in,POS 1,Route 98 - Minimart,Owner,,,,Closed
25/08/2026 14:52,1-0319,Sale,SNACKS,98000071,MANG JUAN SUKAT SILI 26G,,,1.000,14.98,0.00,14.98,0.00,14.98,0.00,Dine in,POS 1,Route 98 - Minimart,Owner,,,,Closed
25/08/2026 14:49,1-0318,Sale,DRINKS,10252,Royal 1.5L,,,1.000,75.00,0.00,75.00,0.00,75.00,0.00,Dine in,POS 1,Route 98 - Minimart,Owner,,,,Closed
25/08/2026 14:49,1-0318,Sale,DRINKS,98000046,COCA COLA 1.75L,,,1.000,84.98,0.00,84.98,61.67,23.31,0.00,Dine in,POS 1,Route 98 - Minimart,Owner,,,,Closed
25/08/2026 14:49,1-0318,Sale,DRINKS,10114,SPRITE 1.5L,,,1.000,75.00,0.00,75.00,0.00,75.00,0.00,Dine in,POS 1,Route 98 - Minimart,Owner,,,,Closed
25/08/2026 14:49,1-0318,Sale,ICE,10298,ICE CUBE 1KG,,,1.000,25.00,0.00,25.00,13.00,12.00,0.00,Dine in,POS 1,Route 98 - Minimart,Owner,,,,Closed
25/08/2026 14:33,1-0317,Sale,DRINKS,98000048,WILKINS PURE 1L,,,2.000,50.00,0.00,50.00,31.82,18.18,0.00,Dine in,POS 1,Route 98 - Minimart,Owner,,,,Closed
25/08/2026 12:53,1-0316,Sale,SNACKS,10149,NOVA COUNTRY CHEDDAR 20G,,,1.000,8.98,0.00,8.98,6.50,2.48,0.00,Dine in,POS 1,Route 98 - Minimart,Owner,,,,Closed
25/08/2026 12:52,1-0315,Sale,DRINKS,10190,GATORADE BLUE BOLT 350ML,,,1.000,35.00,0.00,35.00,25.83,9.17,0.00,Dine in,POS 1,Route 98 - Minimart,Owner,,,,Closed
25/08/2026 12:50,1-0314,Sale,ICE CREAM 🍦,10344,CREAMLINE PINIPIG CHOCOLATE 70ML,,,1.000,19.98,0.00,19.98,16.15,3.83,0.00,Dine in,POS 1,Route 98 - Minimart,Owner,,,,Closed
25/08/2026 11:32,1-0313,Sale,DRINKS,98000046,COCA COLA 1.75L,,,1.000,84.98,0.00,84.98,61.67,23.31,0.00,Dine in,POS 1,Route 98 - Minimart,Owner,,,,Closed
25/08/2026 10:05,1-0312,Sale,FOOD,10128,NESCAFE ORIGINAL TWIN PACK,,,1.000,17.00,0.00,17.00,14.00,3.00,0.00,Dine in,POS 1,Route 98 - Minimart,Owner,,,,Closed
25/08/2026 10:05,1-0312,Sale,Cleaning/Laundry Supplies,98000003,ARIEL TWIN JUMBO POWDER SUNRISE FRESH 66G,,,2.000,35.96,0.00,35.96,28.00,7.96,0.00,Dine in,POS 1,Route 98 - Minimart,Owner,,,,Closed
25/08/2026 10:05,1-0312,Sale,Cleaning/Laundry Supplies,10098,SPEED BAR SPECKLED BLUE,,,1.000,26.00,0.00,26.00,0.00,26.00,0.00,Dine in,POS 1,Route 98 - Minimart,Owner,,,,Closed
25/08/2026 10:02,1-0311,Sale,SNACKS,10207,PRESTO CHOCO,,,1.000,10.00,0.00,10.00,6.13,3.87,0.00,Dine in,POS 1,Route 98 - Minimart,Owner,,,,Closed
24/08/2026 21:24,1-0310,Sale,SNACKS,10202,PIATTOS CHEESE 85G,,,1.000,39.98,0.00,39.98,33.22,6.76,0.00,Dine in,POS 1,Route 98 - Minimart,Owner,,,,Closed
24/08/2026 21:24,1-0310,Sale,SNACKS,10149,NOVA COUNTRY CHEDDAR 20G,,,1.000,8.98,0.00,8.98,6.50,2.48,0.00,Dine in,POS 1,Route 98 - Minimart,Owner,,,,Closed
24/08/2026 21:24,1-0310,Sale,SNACKS,10226,KROPEK NI MANGJUAN 90G,,,1.000,29.98,0.00,29.98,23.01,6.97,0.00,Dine in,POS 1,Route 98 - Minimart,Owner,,,,Closed
24/08/2026 21:24,1-0310,Sale,SNACKS,10215,MANG JUAN SUKAT SILI 90G,,,1.000,29.98,0.00,29.98,22.50,7.48,0.00,Dine in,POS 1,Route 98 - Minimart,Owner,,,,Closed
24/08/2026 21:23,1-0309,Sale,SNACKS,10226,KROPEK NI MANGJUAN 90G,,,1.000,29.98,0.00,29.98,23.01,6.97,0.00,Dine in,POS 1,Route 98 - Minimart,Owner,,,,Closed
24/08/2026 21:23,1-0309,Sale,DRINKS,98000048,WILKINS PURE 1L,,,1.000,25.00,0.00,25.00,15.91,9.09,0.00,Dine in,POS 1,Route 98 - Minimart,Owner,,,,Closed
24/08/2026 21:05,1-0308,Sale,ICE CREAM 🍦,10339,CREAMLINE JUMBO CONE DOUBLE DUTCH 140ML,,,1.000,29.98,0.00,29.98,24.10,5.88,0.00,Dine in,POS 1,Route 98 - Minimart,Owner,,,,Closed
24/08/2026 21:05,1-0308,Sale,ICE CREAM 🍦,10342,CREAMLINE JUMBO CONE UBE QUESO 140ML,,,1.000,29.98,0.00,29.98,24.10,5.88,0.00,Dine in,POS 1,Route 98 - Minimart,Owner,,,,Closed
24/08/2026 21:05,1-0308,Sale,ICE CREAM 🍦,10347,CREAMLINE BAR UBE QUESO PASTILLAS,,,1.000,16.98,0.00,16.98,11.60,5.38,0.00,Dine in,POS 1,Route 98 - Minimart,Owner,,,,Closed
24/08/2026 20:46,2-0069,Sale,BATH ESSENTIALS,10022,REJOICE 4W,,,1.000,11.00,0.00,11.00,0.00,11.00,0.00,Dine in,POS 2,Route 98 - Minimart,Owner,,,,Closed
24/08/2026 20:46,2-0069,Sale,BATH ESSENTIALS,10271,SUNSILK SMTH&MNGBL 15ML,,,3.000,27.00,0.00,27.00,18.00,9.00,0.00,Dine in,POS 2,Route 98 - Minimart,Owner,,,,Closed
24/08/2026 20:46,2-0069,Sale,BATH ESSENTIALS,10270,CREAM SILK CONDITIONER SS/PINK,,,3.000,27.00,0.00,27.00,18.75,8.25,0.00,Dine in,POS 2,Route 98 - Minimart,Owner,,,,Closed
24/08/2026 20:46,2-0069,Sale,FOOD,10171,ENERGEN VNLA,,,3.000,36.00,0.00,36.00,25.35,10.65,0.00,Dine in,POS 2,Route 98 - Minimart,Owner,,,,Closed
24/08/2026 20:46,2-0069,Sale,FOOD,10128,NESCAFE ORIGINAL TWIN PACK,,,3.000,51.00,0.00,51.00,42.00,9.00,0.00,Dine in,POS 2,Route 98 - Minimart,Owner,,,,Closed
24/08/2026 20:46,2-0069,Sale,FOOD,10127,NESCAFE CREAMY WHITE TWIN PACK,,,3.000,45.00,0.00,45.00,0.00,45.00,0.00,Dine in,POS 2,Route 98 - Minimart,Owner,,,,Closed
24/08/2026 20:30,2-0068,Sale,SNACKS,98000121,PRESTO PEANUT BUTTER,,,1.000,10.00,0.00,10.00,6.13,3.87,0.00,Dine in,POS 2,Route 98 - Minimart,Owner,,,,Closed
24/08/2026 20:30,2-0068,Sale,DRINKS,10118,MINUTE MAID 250,,,1.000,12.00,0.00,12.00,0.00,12.00,0.00,Dine in,POS 2,Route 98 - Minimart,Owner,,,,Closed
24/08/2026 20:30,2-0068,Sale,DRINKS,10251,PEPSI EXTRA FIZZ 1L,,,1.000,55.00,0.00,55.00,41.00,14.00,0.00,Dine in,POS 2,Route 98 - Minimart,Owner,,,,Closed
24/08/2026 10:30,1-0307,Sale,SNACKS,10236,FRUIT SALAD,,,1.000,8.00,0.00,8.00,5.75,2.25,0.00,Dine in,POS 1,Route 98 - Minimart,Owner,,,,Closed
24/08/2026 10:28,1-0306,Sale,ICE CREAM 🍦,10343,CREAMLINE JUMBO CONE MANGO PEANUT 140ML,,,1.000,29.98,0.00,29.98,24.10,5.88,0.00,Dine in,POS 1,Route 98 - Minimart,Owner,,,,Closed
24/08/2026 10:27,1-0305,Sale,SNACKS,10202,PIATTOS CHEESE 85G,,,1.000,39.50,0.00,39.50,33.22,6.28,0.00,Dine in,POS 1,Route 98 - Minimart,Owner,,,,Closed
24/08/2026 10:27,1-0305,Sale,SNACKS,10236,FRUIT SALAD,,,3.000,24.00,0.00,24.00,17.25,6.75,0.00,Dine in,POS 1,Route 98 - Minimart,Owner,,,,Closed
24/08/2026 10:27,1-0305,Sale,SNACKS,10195,MAGIC CHIPS CHEESE,,,1.000,10.00,0.00,10.00,7.92,2.08,0.00,Dine in,POS 1,Route 98 - Minimart,Owner,,,,Closed
24/08/2026 09:32,1-0304,Sale,DRINKS,10129,C2 SOLO APPLE 230ML,,,6.000,102.00,0.00,102.00,0.00,102.00,0.00,Dine in,POS 1,Route 98 - Minimart,Owner,,,,Closed
24/08/2026 09:32,1-0304,Sale,SNACKS,10378,LEMON SQUARE LAVA CAKE PACK,,,1.000,89.98,0.00,89.98,78.00,11.98,0.00,Dine in,POS 1,Route 98 - Minimart,Owner,,,,Closed
24/08/2026 08:54,1-0303,Sale,ICE CREAM 🍦,10368,CREAMLINE MINI CUP CHOCOLATE 75ML,,,1.000,19.98,0.00,19.98,12.70,7.28,0.00,Dine in,POS 1,Route 98 - Minimart,Owner,,,,Closed
24/08/2026 08:52,1-0302,Sale,DRINKS,10230,REFRESH 500ML,,,1.000,12.00,0.00,12.00,8.65,3.35,0.00,Dine in,POS 1,Route 98 - Minimart,Owner,,,,Closed
24/08/2026 08:27,1-0301,Sale,DRINKS,10110,LIFT CITRUS BLAST 320,,,1.000,18.00,0.00,18.00,0.00,18.00,0.00,Dine in,POS 1,Route 98 - Minimart,Owner,,,,Closed
24/08/2026 08:25,1-0300,Sale,DRINKS,98000108,VITAMILK(DOUBLECHOCO) 300ML,,,1.000,35.00,0.00,35.00,29.50,5.50,0.00,Dine in,POS 1,Route 98 - Minimart,Owner,,,,Closed
24/08/2026 08:20,1-0299,Sale,DRINKS,10192,STING STRWBRRY 320ML,,,2.000,50.00,0.00,50.00,0.00,50.00,0.00,Dine in,POS 1,Route 98 - Minimart,Owner,,,,Closed
24/08/2026 08:20,1-0299,Sale,SNACKS,10186,SUPER CRUNCH CHEESE 5G,,,1.000,12.00,0.00,12.00,0.00,12.00,0.00,Dine in,POS 1,Route 98 - Minimart,Owner,,,,Closed
24/08/2026 08:20,1-0299,Sale,SNACKS,10224,MAGIC CHIPS BBQ,,,1.000,10.00,0.00,10.00,7.92,2.08,0.00,Dine in,POS 1,Route 98 - Minimart,Owner,,,,Closed
24/08/2026 05:54,2-0067,Sale,DRINKS,10278,COCA COLA 1.5ML,,,1.000,74.98,0.00,74.98,65.75,9.23,0.00,Dine in,POS 2,Route 98 - Minimart,Owner,,,,Closed
24/08/2026 05:54,2-0067,Sale,SNACKS,10198,CHICK BOY ONION & GARLIC 30G,,,2.000,24.00,0.00,24.00,0.00,24.00,0.00,Dine in,POS 2,Route 98 - Minimart,Owner,,,,Closed
24/08/2026 05:54,2-0067,Sale,SNACKS,10136,OISHI PRAWN CRACKERS  NATURAL  24G,,,1.000,10.00,0.00,10.00,7.50,2.50,0.00,Dine in,POS 2,Route 98 - Minimart,Owner,,,,Closed
24/08/2026 05:54,2-0067,Sale,SNACKS,10137,OISHI ONION RNGS,,,1.000,10.00,0.00,10.00,7.50,2.50,0.00,Dine in,POS 2,Route 98 - Minimart,Owner,,,,Closed
24/08/2026 05:54,2-0067,Sale,ICE CREAM 🍦,10355,CREAMLINE FAMILY DOU ROCKY ROAD/VANILLA 950ML,,,1.000,164.98,0.00,164.98,112.75,52.23,0.00,Dine in,POS 2,Route 98 - Minimart,Owner,,,,Closed
24/08/2026 05:17,2-0066,Sale,DRINKS,98000047,WILKINS PURE 500,,,1.000,15.00,0.00,15.00,0.00,15.00,0.00,Dine in,POS 2,Route 98 - Minimart,Owner,,,,Closed
24/08/2026 05:11,2-0065,Sale,ICE CREAM 🍦,10337,CREAMLINE CONE BERRY CHOCO 110ML,,,1.000,23.98,0.00,23.98,18.25,5.73,0.00,Dine in,POS 2,Route 98 - Minimart,Owner,,,,Closed
24/08/2026 05:11,2-0065,Sale,ICE CREAM 🍦,10334,CREAMLINE CONE ROCKY ROAD 110ML,,,1.000,23.98,0.00,23.98,18.25,5.73,0.00,Dine in,POS 2,Route 98 - Minimart,Owner,,,,Closed
24/08/2026 05:04,2-0064,Sale,DRINKS,10253,STING 290ML,,,1.000,23.00,0.00,23.00,16.75,6.25,0.00,Dine in,POS 2,Route 98 - Minimart,Owner,,,,Closed
24/08/2026 03:09,2-0063,Sale,DRINKS,10114,SPRITE 1.5L,,,1.000,75.00,0.00,75.00,0.00,75.00,0.00,Dine in,POS 2,Route 98 - Minimart,Owner,,,,Closed
24/08/2026 03:06,2-0062,Sale,DRINKS,10110,LIFT CITRUS BLAST 320,,,1.000,18.00,0.00,18.00,0.00,18.00,0.00,Dine in,POS 2,Route 98 - Minimart,Owner,,,,Closed
24/08/2026 03:06,2-0062,Sale,SNACKS,10152,MOBY CARAMEL,,,1.000,10.00,0.00,10.00,0.00,10.00,0.00,Dine in,POS 2,Route 98 - Minimart,Owner,,,,Closed
24/08/2026 00:15,2-0061,Sale,FOOD,10189,NESCAFE STICK,,,48.000,240.00,0.00,240.00,156.00,84.00,0.00,Dine in,POS 2,Route 98 - Minimart,Owner,,,,Closed
24/08/2026 00:11,2-0060,Sale,DRINKS,10085,SM FLAVORED BEER APPLE,,,3.000,159.00,0.00,159.00,123.00,36.00,0.00,Dine in,POS 2,Route 98 - Minimart,Owner,,,,Closed
23/08/2026 23:24,2-0059,Sale,DRINKS,10239,MOUNTAIN DEW (290ML),,,1.000,20.00,0.00,20.00,16.35,3.65,0.00,Dine in,POS 2,Route 98 - Minimart,Owner,,,,Closed
23/08/2026 23:14,2-0058,Sale,DRINKS,10109,COCA COLA 190ML,,,1.000,15.00,0.00,15.00,11.00,4.00,0.00,Dine in,POS 2,Route 98 - Minimart,Owner,,,,Closed
23/08/2026 23:12,2-0057,Sale,DRINKS,10239,MOUNTAIN DEW (290ML),,,1.000,20.00,0.00,20.00,16.35,3.65,0.00,Dine in,POS 2,Route 98 - Minimart,Owner,,,,Closed
23/08/2026 23:12,2-0057,Sale,ICE CREAM 🍦,10366,CREAMLINE SUNDAE CARAMEL 120ML,,,1.000,24.98,0.00,24.98,15.85,9.13,0.00,Dine in,POS 2,Route 98 - Minimart,Owner,,,,Closed
23/08/2026 23:12,2-0057,Sale,DRINKS,10239,MOUNTAIN DEW (290ML),,,1.000,20.00,0.00,20.00,16.35,3.65,0.00,Dine in,POS 2,Route 98 - Minimart,Owner,,,,Closed
23/08/2026 23:10,2-0056,Sale,DRINKS,10109,COCA COLA 190ML,,,1.000,15.00,0.00,15.00,11.00,4.00,0.00,Dine in,POS 2,Route 98 - Minimart,Owner,,,,Closed
23/08/2026 23:02,2-0055,Sale,DRINKS,98000048,WILKINS PURE 1L,,,1.000,30.00,0.00,30.00,0.00,30.00,0.00,Dine in,POS 2,Route 98 - Minimart,Owner,,,,Closed
23/08/2026 23:02,2-0055,Sale,FOOD,10169,BEAR BRAND SWAK,,,1.000,15.00,0.00,15.00,0.00,15.00,0.00,Dine in,POS 2,Route 98 - Minimart,Owner,,,,Closed
23/08/2026 22:33,2-0054,Sale,SNACKS,98000123,PRESTO CHOCO VANILLA,,,1.000,10.00,0.00,10.00,5.87,4.13,0.00,Dine in,POS 2,Route 98 - Minimart,Owner,,,,Closed
23/08/2026 22:22,1-0298,Sale,DRINKS,10257,SUMMIT (1000ML),,,1.000,25.00,0.00,25.00,0.00,25.00,0.00,Dine in,POS 1,Route 98 - Minimart,Owner,,,,Closed
23/08/2026 22:22,1-0298,Sale,DRINKS,10238,GATORADE (BLUE BOLT) 500ML,,,1.000,45.00,0.00,45.00,42.00,3.00,0.00,Dine in,POS 1,Route 98 - Minimart,Owner,,,,Closed
23/08/2026 22:17,1-0297,Sale,ICE CREAM 🍦,10357,CREAMLINE FAMILY DOU COOKIES&CREAM/CHOCO 950ML,,,1.000,164.98,0.00,164.98,112.75,52.23,0.00,Dine in,POS 1,Route 98 - Minimart,Owner,,,,Closed
23/08/2026 21:49,1-0296,Sale,SNACKS,10216,MANG JUAN SUKANG PAOMBONG 90G,,,1.000,29.50,0.00,29.50,22.50,7.00,0.00,Dine in,POS 1,Route 98 - Minimart,Owner,,,,Closed
23/08/2026 21:49,1-0296,Sale,SNACKS,10226,KROPEK NI MANGJUAN 90G,,,1.000,29.50,0.00,29.50,23.01,6.49,0.00,Dine in,POS 1,Route 98 - Minimart,Owner,,,,Closed
23/08/2026 21:49,1-0296,Sale,SNACKS,10375,LEMON SQUARE CHEESE CAKE PACK,,,1.000,99.98,0.00,99.98,77.00,22.98,0.00,Dine in,POS 1,Route 98 - Minimart,Owner,,,,Closed
23/08/2026 21:46,1-0295,Sale,DRINKS,10296,ESCOBAR LIGHT 1L,,,1.000,205.00,0.00,205.00,168.30,36.70,0.00,Dine in,POS 1,Route 98 - Minimart,Owner,,,,Closed
23/08/2026 21:46,1-0295,Sale,DRINKS,10372,PEPSI EXTRA FIZZ 1.5L,,,1.000,64.98,0.00,64.98,59.75,5.23,0.00,Dine in,POS 1,Route 98 - Minimart,Owner,,,,Closed
23/08/2026 21:46,1-0295,Sale,FOOD,10228,NISSIN CUP NOODLES SPCYHTBF,,,2.000,60.00,0.00,60.00,44.02,15.98,0.00,Dine in,POS 1,Route 98 - Minimart,Owner,,,,Closed
23/08/2026 21:44,1-0294,Sale,ICE CREAM 🍦,10369,CREAMLINE MINI CUP CHOCO MARBLE 75ML,,,1.000,19.98,0.00,19.98,12.70,7.28,0.00,Dine in,POS 1,Route 98 - Minimart,Owner,,,,Closed
23/08/2026 21:17,1-0293,Sale,FOOD,10167,LUCKYME PANCITCANTON XTRAHOT,,,4.000,60.00,0.00,60.00,0.00,60.00,0.00,Dine in,POS 1,Route 98 - Minimart,Owner,,,,Closed
23/08/2026 21:17,1-0293,Sale,FOOD,10201,OSAKA SARDINES,,,2.000,54.00,0.00,54.00,46.78,7.22,0.00,Dine in,POS 1,Route 98 - Minimart,Owner,,,,Closed
23/08/2026 21:17,1-0293,Sale,SNACKS,10219,MR CHIPS MANAMIS MAIS 45G,,,1.000,12.00,0.00,12.00,8.19,3.81,0.00,Dine in,POS 1,Route 98 - Minimart,Owner,,,,Closed
23/08/2026 21:17,1-0293,Sale,SNACKS,10157,SWEETCHILI CHPS BBQ,,,1.000,12.00,0.00,12.00,0.00,12.00,0.00,Dine in,POS 1,Route 98 - Minimart,Owner,,,,Closed
23/08/2026 21:17,1-0293,Sale,SNACKS,10226,KROPEK NI MANGJUAN 90G,,,1.000,29.50,0.00,29.50,23.01,6.49,0.00,Dine in,POS 1,Route 98 - Minimart,Owner,,,,Closed
23/08/2026 20:56,1-0292,Sale,ICE,10298,ICE CUBE 1KG,,,1.000,25.00,0.00,25.00,13.00,12.00,0.00,Dine in,POS 1,Route 98 - Minimart,Owner,,,,Closed
23/08/2026 20:48,1-0291,Sale,DRINKS,10239,MOUNTAIN DEW (290ML),,,1.000,20.00,0.00,20.00,16.35,3.65,0.00,Dine in,POS 1,Route 98 - Minimart,Owner,,,,Closed
23/08/2026 20:48,1-0291,Sale,DRINKS,10119,VINO KULAFU 350,,,1.000,50.00,0.00,50.00,0.00,50.00,0.00,Dine in,POS 1,Route 98 - Minimart,Owner,,,,Closed
23/08/2026 20:48,1-0291,Sale,SNACKS,10144,CHIPPY CHILI CHEESE 25G,,,2.000,20.00,0.00,20.00,0.00,20.00,0.00,Dine in,POS 1,Route 98 - Minimart,Owner,,,,Closed
23/08/2026 20:48,1-0291,Sale,ICE CREAM 🍦,10370,CREAMLINE MINI CUP UBE 75ML,,,2.000,39.96,0.00,39.96,25.40,14.56,0.00,Dine in,POS 1,Route 98 - Minimart,Owner,,,,Closed
23/08/2026 20:48,1-0291,Sale,SNACKS,10155,DINGDONG MIXED NUT 30G,,,1.000,10.00,0.00,10.00,7.00,3.00,0.00,Dine in,POS 1,Route 98 - Minimart,Owner,,,,Closed
23/08/2026 20:48,1-0291,Sale,Cleaning/Laundry Supplies,10012,ZONROXCSAFE95,,,1.000,15.00,0.00,15.00,0.00,15.00,0.00,Dine in,POS 1,Route 98 - Minimart,Owner,,,,Closed
23/08/2026 20:48,1-0291,Sale,DRINKS,98000108,VITAMILK(DOUBLECHOCO) 300ML,,,1.000,35.00,0.00,35.00,29.50,5.50,0.00,Dine in,POS 1,Route 98 - Minimart,Owner,,,,Closed
23/08/2026 20:48,1-0291,Sale,,10235,"#misc",,,1.000,20.00,0.00,20.00,0.00,20.00,0.00,Dine in,POS 1,Route 98 - Minimart,Owner,,,,Closed
23/08/2026 20:31,2-0053,Sale,ICE CREAM 🍦,10279,OREO ICE CREAM 450ML,,,1.000,199.98,0.00,199.98,160.00,39.98,0.00,Dine in,POS 2,Route 98 - Minimart,Owner,,,,Closed
23/08/2026 20:25,2-0052,Sale,DRINKS,10257,SUMMIT (1000ML),,,1.000,25.00,0.00,25.00,0.00,25.00,0.00,,POS 2,Route 98 - Minimart,Owner,,,,Closed
23/08/2026 20:08,1-0290,Sale,DRINKS,10275,MOUNTAIN DEW 1.5L,,,1.000,72.00,0.00,72.00,62.00,10.00,0.00,Dine in,POS 1,Route 98 - Minimart,Owner,,,,Closed
23/08/2026 20:02,1-0289,Sale,DRINKS,10109,COCA COLA 190ML,,,2.000,30.00,0.00,30.00,22.00,8.00,0.00,Dine in,POS 1,Route 98 - Minimart,Owner,,,,Closed
23/08/2026 20:02,1-0288,Sale,ICE CREAM 🍦,10349,CREAMLINE FROOTEES ORANGE 50ML,,,1.000,12.98,0.00,12.98,8.30,4.68,0.00,Dine in,POS 1,Route 98 - Minimart,Owner,,,,Closed
23/08/2026 20:02,1-0288,Sale,ICE CREAM 🍦,10350,CREAMLINE FROOTEES GRAPES 50ML,,,1.000,12.98,0.00,12.98,8.30,4.68,0.00,Dine in,POS 1,Route 98 - Minimart,Owner,,,,Closed
23/08/2026 19:55,1-0287,Sale,FOOD,10173,MILO,,,3.000,36.00,0.00,36.00,27.75,8.25,0.00,Dine in,POS 1,Route 98 - Minimart,Owner,,,,Closed
23/08/2026 19:55,1-0287,Sale,SNACKS,10225,MAGIC FLAKES,,,3.000,27.00,0.00,27.00,16.53,10.47,0.00,Dine in,POS 1,Route 98 - Minimart,Owner,,,,Closed
23/08/2026 19:55,1-0287,Sale,FOOD,10128,NESCAFE ORIGINAL TWIN PACK,,,1.000,17.00,0.00,17.00,14.00,3.00,0.00,Dine in,POS 1,Route 98 - Minimart,Owner,,,,Closed
23/08/2026 19:25,1-0286,Sale,DRINKS,10084,RED HORSE LITRO,,,1.000,140.00,0.00,140.00,120.00,20.00,0.00,Dine in,POS 1,Route 98 - Minimart,Owner,,,,Closed
23/08/2026 19:25,1-0286,Sale,SNACKS,10216,MANG JUAN SUKANG PAOMBONG 90G,,,1.000,29.50,0.00,29.50,22.50,7.00,0.00,Dine in,POS 1,Route 98 - Minimart,Owner,,,,Closed
23/08/2026 17:31,2-0051,Sale,SNACKS,10226,KROPEK NI MANGJUAN 90G,,,1.000,29.50,0.00,29.50,23.01,6.49,0.00,Dine in,POS 2,Route 98 - Minimart,Owner,,,,Closed
23/08/2026 17:29,2-0050,Sale,DRINKS,10372,PEPSI EXTRA FIZZ 1.5L,,,1.000,64.98,0.00,64.98,59.75,5.23,0.00,Dine in,POS 2,Route 98 - Minimart,Owner,,,,Closed
23/08/2026 17:29,2-0050,Sale,DRINKS,10257,SUMMIT (1000ML),,,2.000,50.00,0.00,50.00,0.00,50.00,0.00,Dine in,POS 2,Route 98 - Minimart,Owner,,,,Closed
23/08/2026 17:29,2-0050,Sale,SNACKS,10210,MAGIC FLAKES CHEESE,,,3.000,27.00,0.00,27.00,16.65,10.35,0.00,Dine in,POS 2,Route 98 - Minimart,Owner,,,,Closed
23/08/2026 17:29,2-0050,Sale,SNACKS,10231,CLOUD 9 CLASSIC,,,1.000,10.00,0.00,10.00,6.35,3.65,0.00,Dine in,POS 2,Route 98 - Minimart,Owner,,,,Closed
23/08/2026 17:29,2-0050,Sale,ICE CREAM 🍦,10363,CREAMLINE  CUP CHOCO MALLOW 210ML,,,1.000,29.98,0.00,29.98,23.44,6.54,0.00,Dine in,POS 2,Route 98 - Minimart,Owner,,,,Closed
23/08/2026 17:13,2-0049,Sale,DRINKS,98000108,VITAMILK(DOUBLECHOCO) 300ML,,,1.000,35.00,0.00,35.00,29.50,5.50,0.00,Dine in,POS 2,Route 98 - Minimart,Owner,,,,Closed
23/08/2026 17:09,2-0048,Sale,HOME ESSENTIALS,10316,GILLETTE RUBIE BLADE,,,1.000,15.00,0.00,15.00,0.00,15.00,0.00,Dine in,POS 2,Route 98 - Minimart,Owner,,,,Closed
23/08/2026 16:42,2-0047,Sale,DRINKS,10257,SUMMIT (1000ML),,,1.000,25.00,0.00,25.00,0.00,25.00,0.00,Dine in,POS 2,Route 98 - Minimart,Owner,,,,Closed
23/08/2026 15:15,2-0046,Sale,DRINKS,10241,COBRA ASTIG 330ML,,,1.000,25.00,0.00,25.00,20.00,5.00,0.00,Dine in,POS 2,Route 98 - Minimart,Owner,,,,Closed
23/08/2026 15:15,2-0046,Sale,SNACKS,10130,OISHI CRACKLINGS,,,2.000,20.00,0.00,20.00,0.00,20.00,0.00,Dine in,POS 2,Route 98 - Minimart,Owner,,,,Closed
23/08/2026 14:50,2-0045,Sale,SNACKS,10317@,VCUT SPICY BARBEQUE 25G,,,1.000,21.98,0.00,21.98,16.00,5.98,0.00,Dine in,POS 2,Route 98 - Minimart,Owner,,,,Closed
23/08/2026 14:50,2-0045,Sale,SNACKS,10266,CHIZ CURLS 18G,,,2.000,18.00,0.00,18.00,14.50,3.50,0.00,Dine in,POS 2,Route 98 - Minimart,Owner,,,,Closed
23/08/2026 13:21,2-0044,Sale,DRINKS,10257,SUMMIT (1000ML),,,1.000,25.00,0.00,25.00,0.00,25.00,0.00,Dine in,POS 2,Route 98 - Minimart,Owner,,,,Closed
23/08/2026 12:16,1-0285,Sale,FOOD,10326,NISSIN EGGNOG COOKIES,,,10.000,89.80,0.00,89.80,67.20,22.60,0.00,Dine in,POS 1,Route 98 - Minimart,Owner,,,,Closed
23/08/2026 12:16,1-0285,Sale,FOOD,10065,SILVER SWAN SOY SAUCE 200ML,,,1.000,13.00,0.00,13.00,0.00,13.00,0.00,Dine in,POS 1,Route 98 - Minimart,Owner,,,,Closed
23/08/2026 12:16,1-0285,Sale,FOOD,10189,NESCAFE STICK,,,12.000,60.00,0.00,60.00,0.00,60.00,0.00,Dine in,POS 1,Route 98 - Minimart,Owner,,,,Closed
23/08/2026 12:16,1-0285,Sale,FOOD,10058,WHITE SUGAR 1/4,,,1.000,24.00,0.00,24.00,0.00,24.00,0.00,Dine in,POS 1,Route 98 - Minimart,Owner,,,,Closed
23/08/2026 05:25,2-0043,Sale,SNACKS,10179,HAPPY CLASSIC,,,10.000,20.00,0.00,20.00,0.00,20.00,0.00,Dine in,POS 2,Route 98 - Minimart,Owner,,,,Closed
23/08/2026 05:25,2-0043,Sale,SNACKS,10181,HAPPY HOT N SPICY,,,10.000,20.00,0.00,20.00,0.00,20.00,0.00,Dine in,POS 2,Route 98 - Minimart,Owner,,,,Closed
23/08/2026 05:23,2-0042,Sale,HOME ESSENTIALS,10249,UNILOVE SQUALANE WIPES,,,1.000,40.00,0.00,40.00,24.50,15.50,0.00,Dine in,POS 2,Route 98 - Minimart,Owner,,,,Closed
23/08/2026 05:23,2-0042,Sale,DRINKS,98000046,COCA COLA 1.75L,,,1.000,84.98,0.00,84.98,0.00,84.98,0.00,Dine in,POS 2,Route 98 - Minimart,Owner,,,,Closed
23/08/2026 04:24,2-0041,Sale,DRINKS,10239,MOUNTAIN DEW (290ML),,,1.000,20.00,0.00,20.00,16.35,3.65,0.00,Dine in,POS 2,Route 98 - Minimart,Owner,,,,Closed
23/08/2026 04:05,2-0040,Sale,DRINKS,98000047,WILKINS PURE 500,,,2.000,30.00,0.00,30.00,0.00,30.00,0.00,Dine in,POS 2,Route 98 - Minimart,Owner,,,,Closed
23/08/2026 03:32,2-0039,Sale,DRINKS,10084,RED HORSE LITRO,,,1.000,140.00,0.00,140.00,120.00,20.00,0.00,Dine in,POS 2,Route 98 - Minimart,Owner,,,,Closed
23/08/2026 03:22,2-0038,Sale,DRINKS,98000108,VITAMILK(DOUBLECHOCO) 300ML,,,1.000,35.00,0.00,35.00,29.50,5.50,0.00,Dine in,POS 2,Route 98 - Minimart,Owner,,,,Closed
23/08/2026 03:20,2-0037,Sale,DRINKS,10084,RED HORSE LITRO,,,1.000,140.00,0.00,140.00,120.00,20.00,0.00,Dine in,POS 2,Route 98 - Minimart,Owner,,,,Closed
23/08/2026 02:57,2-0036,Sale,ICE,10300,ICE CUBE 3KG,,,4.000,180.00,0.00,180.00,132.00,48.00,0.00,Dine in,POS 2,Route 98 - Minimart,Owner,,,,Closed
23/08/2026 01:25,2-0035,Sale,FOOD,10201,OSAKA SARDINES,,,1.000,26.00,0.00,26.00,23.39,2.61,0.00,Dine in,POS 2,Route 98 - Minimart,Owner,,,,Closed
23/08/2026 01:25,2-0035,Sale,FOOD,9800030,LUCKYME PANCITCANTON CHILIMANSI,,,2.000,30.00,0.00,30.00,0.00,30.00,0.00,Dine in,POS 2,Route 98 - Minimart,Owner,,,,Closed
23/08/2026 01:25,2-0035,Sale,DRINKS,10117,ROYAL 190,,,1.000,15.00,0.00,15.00,0.00,15.00,0.00,Dine in,POS 2,Route 98 - Minimart,Owner,,,,Closed
23/08/2026 00:33,1-0284,Sale,DRINKS,10085,SM FLAVORED BEER APPLE,,,2.000,106.00,0.00,106.00,82.00,24.00,0.00,Dine in,POS 1,Route 98 - Minimart,Owner,,,,Closed
23/08/2026 00:33,1-0284,Sale,SNACKS,10219,MR CHIPS MANAMIS MAIS 45G,,,1.000,12.00,0.00,12.00,8.19,3.81,0.00,Dine in,POS 1,Route 98 - Minimart,Owner,,,,Closed
22/08/2026 23:40,1-0283,Sale,DRINKS,10084,RED HORSE LITRO,,,1.000,140.00,0.00,140.00,120.00,20.00,0.00,Dine in,POS 1,Route 98 - Minimart,Owner,,,,Closed
22/08/2026 22:52,1-0282,Sale,SNACKS,10215,MANG JUAN SUKAT SILI 90G,,,1.000,29.50,0.00,29.50,22.50,7.00,0.00,Dine in,POS 1,Route 98 - Minimart,Owner,,,,Closed
22/08/2026 22:37,1-0281,Sale,DRINKS,10084,RED HORSE LITRO,,,1.000,140.00,0.00,140.00,120.00,20.00,0.00,Dine in,POS 1,Route 98 - Minimart,Owner,,,,Closed
22/08/2026 22:09,1-0280,Sale,SNACKS,10226,KROPEK NI MANGJUAN 90G,,,1.000,29.50,0.00,29.50,23.01,6.49,0.00,Dine in,POS 1,Route 98 - Minimart,Owner,,,,Closed
22/08/2026 22:09,1-0280,Sale,DRINKS,10085,SM FLAVORED BEER APPLE,,,1.000,53.00,0.00,53.00,41.00,12.00,0.00,Dine in,POS 1,Route 98 - Minimart,Owner,,,,Closed
22/08/2026 22:08,1-0279,Sale,SNACKS,10223,OVERLOAD CHOCO STRWBRRY,,,1.000,10.00,0.00,10.00,7.92,2.08,0.00,Dine in,POS 1,Route 98 - Minimart,Owner,,,,Closed
22/08/2026 21:55,1-0278,Sale,SNACKS,10160,TATTOOS CORN CHIPS SWEET CORN 58G,,,1.000,15.00,0.00,15.00,0.00,15.00,0.00,Dine in,POS 1,Route 98 - Minimart,Owner,,,,Closed
22/08/2026 21:55,1-0278,Sale,SNACKS,10161,TATTOOS CORN CHIPS CHEESE 58G,,,1.000,15.00,0.00,15.00,0.00,15.00,0.00,Dine in,POS 1,Route 98 - Minimart,Owner,,,,Closed
22/08/2026 21:55,1-0278,Sale,SNACKS,10160,TATTOOS CORN CHIPS SWEET CORN 58G,,,1.000,15.00,0.00,15.00,0.00,15.00,0.00,Dine in,POS 1,Route 98 - Minimart,Owner,,,,Closed
22/08/2026 21:55,1-0278,Sale,SNACKS,10161,TATTOOS CORN CHIPS CHEESE 58G,,,1.000,15.00,0.00,15.00,0.00,15.00,0.00,Dine in,POS 1,Route 98 - Minimart,Owner,,,,Closed
22/08/2026 21:55,1-0278,Sale,SNACKS,10185,DINGDONG MIXNUTS 5G,,,20.000,40.00,0.00,40.00,0.00,40.00,0.00,Dine in,POS 1,Route 98 - Minimart,Owner,,,,Closed
22/08/2026 21:55,1-0278,Sale,SNACKS,10182,HAPPY BBQ,,,20.000,40.00,0.00,40.00,0.00,40.00,0.00,Dine in,POS 1,Route 98 - Minimart,Owner,,,,Closed
22/08/2026 21:51,1-0277,Sale,HOME ESSENTIALS,10303,EVEREADY BATTERY AA,,,1.000,25.00,0.00,25.00,19.50,5.50,0.00,Dine in,POS 1,Route 98 - Minimart,Owner,,,,Closed
22/08/2026 21:48,1-0276,Sale,DRINKS,10084,RED HORSE LITRO,,,1.000,140.00,0.00,140.00,120.00,20.00,0.00,Dine in,POS 1,Route 98 - Minimart,Owner,,,,Closed
22/08/2026 21:45,1-0275,Sale,ICE CREAM 🍦,10346,CREAMLINE BAR COOKIES & CREAM,,,1.000,17.98,0.00,17.98,11.60,6.38,0.00,Dine in,POS 1,Route 98 - Minimart,Owner,,,,Closed
22/08/2026 21:41,1-0274,Sale,SNACKS,10215,MANG JUAN SUKAT SILI 90G,,,1.000,29.50,0.00,29.50,22.50,7.00,0.00,Dine in,POS 1,Route 98 - Minimart,Owner,,,,Closed
22/08/2026 21:27,1-0273,Sale,DRINKS,10084,RED HORSE LITRO,,,1.000,140.00,0.00,140.00,120.00,20.00,0.00,Dine in,POS 1,Route 98 - Minimart,Owner,,,,Closed
22/08/2026 21:26,1-0272,Sale,DRINKS,10083,RED HORSE 500,,,1.000,75.00,0.00,75.00,60.00,15.00,0.00,Dine in,POS 1,Route 98 - Minimart,Owner,,,,Closed
22/08/2026 21:26,1-0272,Sale,DRINKS,10109,COCA COLA 190ML,,,1.000,15.00,0.00,15.00,11.00,4.00,0.00,Dine in,POS 1,Route 98 - Minimart,Owner,,,,Closed
22/08/2026 21:26,1-0272,Sale,SNACKS,10130,OISHI CRACKLINGS,,,1.000,10.00,0.00,10.00,0.00,10.00,0.00,Dine in,POS 1,Route 98 - Minimart,Owner,,,,Closed
22/08/2026 21:26,1-0272,Sale,SNACKS,10146,CRISPY PATATA 24G,,,1.000,10.00,0.00,10.00,0.00,10.00,0.00,Dine in,POS 1,Route 98 - Minimart,Owner,,,,Closed
22/08/2026 21:15,1-0271,Sale,DRINKS,10257,SUMMIT (1000ML),,,1.000,25.00,0.00,25.00,0.00,25.00,0.00,Dine in,POS 1,Route 98 - Minimart,Owner,,,,Closed
22/08/2026 21:14,1-0270,Sale,ICE CREAM 🍦,19,OREO ICE CREAM 110ML,,,1.000,65.00,0.00,65.00,55.00,10.00,0.00,Dine in,POS 1,Route 98 - Minimart,Owner,,,,Closed
22/08/2026 21:02,1-0269,Sale,ICE CREAM 🍦,10344,CREAMLINE PINIPIG CHOCOLATE 70ML,,,1.000,19.98,0.00,19.98,16.15,3.83,0.00,Dine in,POS 1,Route 98 - Minimart,Owner,,,,Closed
22/08/2026 20:53,1-0268,Sale,DRINKS,10084,RED HORSE LITRO,,,1.000,140.00,0.00,140.00,120.00,20.00,0.00,Dine in,POS 1,Route 98 - Minimart,Owner,,,,Closed
22/08/2026 20:51,1-0267,Sale,ICE CREAM 🍦,10344,CREAMLINE PINIPIG CHOCOLATE 70ML,,,2.000,39.96,0.00,39.96,32.30,7.66,0.00,Dine in,POS 1,Route 98 - Minimart,Owner,,,,Closed
22/08/2026 20:41,1-0266,Sale,SNACKS,10145,PIATTOS SOUR CREAM 40G,,,4.000,80.00,0.00,80.00,63.00,17.00,0.00,Dine in,POS 1,Route 98 - Minimart,Owner,,,,Closed
22/08/2026 20:41,1-0266,Sale,FEMININE CARE,10033,SISTERS NIGHT PLUS W/ WINGS 8PCS,,,1.000,40.00,0.00,40.00,0.00,40.00,0.00,Dine in,POS 1,Route 98 - Minimart,Owner,,,,Closed
22/08/2026 20:41,1-0266,Sale,SNACKS,10211,MAGIC CREAMS PEANUT BUTTER,,,2.000,18.00,0.00,18.00,11.10,6.90,0.00,Dine in,POS 1,Route 98 - Minimart,Owner,,,,Closed
22/08/2026 20:40,1-0265,Sale,Perfume cologne,10255,DAILY SCENT 25ML,,,1.000,25.00,0.00,25.00,0.00,25.00,0.00,Dine in,POS 1,Route 98 - Minimart,Owner,,,,Closed
22/08/2026 20:28,1-0264,Sale,HOME ESSENTIALS,10249,UNILOVE SQUALANE WIPES,,,1.000,40.00,0.00,40.00,24.50,15.50,0.00,Dine in,POS 1,Route 98 - Minimart,Owner,,,,Closed
22/08/2026 20:28,1-0264,Sale,FOOD,10322,NESTLE KOKO CRUNCH,,,2.000,19.96,0.00,19.96,12.16,7.80,0.00,Dine in,POS 1,Route 98 - Minimart,Owner,,,,Closed
22/08/2026 20:28,1-0264,Sale,FOOD,10325,NISSIN BREAD STIX,,,4.000,35.92,0.00,35.92,24.60,11.32,0.00,Dine in,POS 1,Route 98 - Minimart,Owner,,,,Closed
22/08/2026 20:14,2-0034,Sale,DRINKS,10257,SUMMIT (1000ML),,,1.000,25.00,0.00,25.00,0.00,25.00,0.00,Dine in,POS 2,Route 98 - Minimart,Owner,,,,Closed
22/08/2026 20:14,2-0034,Sale,ICE CREAM 🍦,10366,CREAMLINE SUNDAE CARAMEL 120ML,,,1.000,24.98,0.00,24.98,15.85,9.13,0.00,Dine in,POS 2,Route 98 - Minimart,Owner,,,,Closed
22/08/2026 19:47,1-0263,Sale,DRINKS,10118,MINUTE MAID 250,,,1.000,12.00,0.00,12.00,0.00,12.00,0.00,Dine in,POS 1,Route 98 - Minimart,Owner,,,,Closed
22/08/2026 19:45,1-0262,Sale,SNACKS,10185,DINGDONG MIXNUTS 5G,,,1.000,2.00,0.00,2.00,0.00,2.00,0.00,Dine in,POS 1,Route 98 - Minimart,Owner,,,,Closed
22/08/2026 19:45,1-0262,Sale,SNACKS,10184,HIHO GARLIC,,,1.000,2.00,0.00,2.00,0.00,2.00,0.00,Dine in,POS 1,Route 98 - Minimart,Owner,,,,Closed
22/08/2026 19:45,1-0262,Sale,SNACKS,10206,NIPS MILK CHOCO 14G,,,1.000,8.00,0.00,8.00,5.87,2.13,0.00,Dine in,POS 1,Route 98 - Minimart,Owner,,,,Closed
22/08/2026 19:31,1-0261,Sale,SNACKS,10222,OVERLOAD BLKFRST,,,2.000,20.00,0.00,20.00,15.84,4.16,0.00,Dine in,POS 1,Route 98 - Minimart,Owner,,,,Closed
22/08/2026 19:31,1-0261,Sale,DRINKS,10109,COCA COLA 190ML,,,1.000,15.00,0.00,15.00,11.00,4.00,0.00,Dine in,POS 1,Route 98 - Minimart,Owner,,,,Closed
22/08/2026 19:31,1-0261,Sale,SNACKS,10231,CLOUD 9 CLASSIC,,,1.000,10.00,0.00,10.00,6.35,3.65,0.00,Dine in,POS 1,Route 98 - Minimart,Owner,,,,Closed
22/08/2026 19:17,1-0260,Sale,DRINKS,10241,COBRA ASTIG 330ML,,,1.000,25.00,0.00,25.00,20.00,5.00,0.00,Dine in,POS 1,Route 98 - Minimart,Owner,,,,Closed
22/08/2026 18:46,1-0259,Sale,FOOD,10166,LUCKYME PANCITCANTON ORIG,,,2.000,30.00,0.00,30.00,0.00,30.00,0.00,Dine in,POS 1,Route 98 - Minimart,Owner,,,,Closed
22/08/2026 18:34,1-0258,Sale,DRINKS,10117,ROYAL 190,,,1.000,15.00,0.00,15.00,0.00,15.00,0.00,Dine in,POS 1,Route 98 - Minimart,Owner,,,,Closed
22/08/2026 18:06,1-0257,Sale,DRINKS,98000047,WILKINS PURE 500,,,1.000,15.00,0.00,15.00,0.00,15.00,0.00,Dine in,POS 1,Route 98 - Minimart,Owner,,,,Closed
22/08/2026 18:06,1-0257,Sale,DRINKS,10129,C2 SOLO APPLE 230ML,,,1.000,17.00,0.00,17.00,0.00,17.00,0.00,Dine in,POS 1,Route 98 - Minimart,Owner,,,,Closed
22/08/2026 17:56,1-0256,Sale,DRINKS,10278,COCA COLA 1.5ML,,,1.000,74.98,0.00,74.98,65.75,9.23,0.00,Dine in,POS 1,Route 98 - Minimart,Owner,,,,Closed
22/08/2026 17:56,1-0256,Sale,SNACKS,10140,OISHI RINBEE,,,1.000,10.00,0.00,10.00,0.00,10.00,0.00,Dine in,POS 1,Route 98 - Minimart,Owner,,,,Closed
22/08/2026 17:53,1-0255,Sale,SNACKS,10149,NOVA COUNTRY CHEDDAR 20G,,,1.000,8.00,0.00,8.00,0.00,8.00,0.00,Dine in,POS 1,Route 98 - Minimart,Owner,,,,Closed
22/08/2026 17:53,1-0255,Sale,SNACKS,10143,CHIPPY BBQ 25G,,,1.000,9.98,0.00,9.98,7.50,2.48,0.00,Dine in,POS 1,Route 98 - Minimart,Owner,,,,Closed
22/08/2026 17:53,1-0255,Sale,DRINKS,10129,C2 SOLO APPLE 230ML,,,1.000,17.00,0.00,17.00,0.00,17.00,0.00,Dine in,POS 1,Route 98 - Minimart,Owner,,,,Closed
22/08/2026 17:31,1-0254,Sale,FOOD,10260,HOLIDAY BEEF LOAF,,,2.000,50.00,0.00,50.00,42.00,8.00,0.00,Dine in,POS 1,Route 98 - Minimart,Owner,,,,Closed
22/08/2026 16:40,1-0253,Sale,DRINKS,10275,MOUNTAIN DEW 1.5L,,,1.000,72.00,0.00,72.00,62.00,10.00,0.00,Dine in,POS 1,Route 98 - Minimart,Owner,,,,Closed
22/08/2026 16:13,1-0252,Sale,DRINKS,10192,STING STRWBRRY 320ML,,,1.000,25.00,0.00,25.00,0.00,25.00,0.00,Dine in,POS 1,Route 98 - Minimart,Owner,,,,Closed
22/08/2026 16:06,1-0251,Sale,DRINKS,10110,LIFT CITRUS BLAST 320,,,1.000,18.00,0.00,18.00,0.00,18.00,0.00,Dine in,POS 1,Route 98 - Minimart,Owner,,,,Closed
22/08/2026 16:06,1-0251,Sale,SNACKS,10152,MOBY CARAMEL,,,1.000,10.00,0.00,10.00,0.00,10.00,0.00,Dine in,POS 1,Route 98 - Minimart,Owner,,,,Closed
22/08/2026 15:33,1-0250,Sale,DRINKS,98000108,VITAMILK(DOUBLECHOCO) 300ML,,,1.000,35.00,0.00,35.00,29.50,5.50,0.00,Dine in,POS 1,Route 98 - Minimart,Owner,,,,Closed
22/08/2026 12:54,1-0249,Sale,DRINKS,98000108,VITAMILK(DOUBLECHOCO) 300ML,,,1.000,35.00,0.00,35.00,29.50,5.50,0.00,Dine in,POS 1,Route 98 - Minimart,Owner,,,,Closed
22/08/2026 12:13,1-0248,Sale,DRINKS,10110,LIFT CITRUS BLAST 320,,,1.000,18.00,0.00,18.00,0.00,18.00,0.00,Dine in,POS 1,Route 98 - Minimart,Owner,,,,Closed
22/08/2026 11:47,1-0247,Sale,SNACKS,10219,MR CHIPS MANAMIS MAIS 45G,,,2.000,24.00,0.00,24.00,16.38,7.62,0.00,Dine in,POS 1,Route 98 - Minimart,Owner,,,,Closed
22/08/2026 11:20,1-0246,Sale,DRINKS,10118,MINUTE MAID 250,,,1.000,12.00,0.00,12.00,0.00,12.00,0.00,Dine in,POS 1,Route 98 - Minimart,Owner,,,,Closed
22/08/2026 11:20,1-0246,Sale,SNACKS,98000121,PRESTO PEANUT BUTTER,,,1.000,10.00,0.00,10.00,6.13,3.87,0.00,Dine in,POS 1,Route 98 - Minimart,Owner,,,,Closed
22/08/2026 11:20,1-0246,Sale,SNACKS,10226,KROPEK NI MANGJUAN 90G,,,1.000,29.50,0.00,29.50,23.01,6.49,0.00,Dine in,POS 1,Route 98 - Minimart,Owner,,,,Closed
22/08/2026 10:59,1-0245,Sale,DRINKS,10257,SUMMIT (1000ML),,,1.000,25.00,0.00,25.00,0.00,25.00,0.00,Dine in,POS 1,Route 98 - Minimart,Owner,,,,Closed
22/08/2026 10:55,1-0244,Sale,ICE CREAM 🍦,19,OREO ICE CREAM 110ML,,,1.000,65.00,0.00,65.00,55.00,10.00,0.00,Dine in,POS 1,Route 98 - Minimart,Owner,,,,Closed
22/08/2026 10:55,1-0244,Sale,DRINKS,10257,SUMMIT (1000ML),,,1.000,25.00,0.00,25.00,0.00,25.00,0.00,Dine in,POS 1,Route 98 - Minimart,Owner,,,,Closed
22/08/2026 09:56,1-0243,Sale,DRINKS,10109,COCA COLA 190ML,,,1.000,15.00,0.00,15.00,0.00,15.00,0.00,Dine in,POS 1,Route 98 - Minimart,Owner,,,,Closed
22/08/2026 09:56,1-0243,Sale,SNACKS,10211,MAGIC CREAMS PEANUT BUTTER,,,1.000,9.00,0.00,9.00,5.55,3.45,0.00,Dine in,POS 1,Route 98 - Minimart,Owner,,,,Closed
22/08/2026 09:05,1-0242,Sale,HOME ESSENTIALS,10315,MIGHTY BOND,,,1.000,15.00,0.00,15.00,0.00,15.00,0.00,Dine in,POS 1,Route 98 - Minimart,Owner,,,,Closed
22/08/2026 09:05,1-0242,Sale,DRINKS,10268,CHUCKIE 110ML,,,2.000,32.00,0.00,32.00,26.40,5.60,0.00,Dine in,POS 1,Route 98 - Minimart,Owner,,,,Closed
22/08/2026 09:05,1-0242,Sale,SNACKS,10231,CLOUD 9 CLASSIC,,,1.000,10.00,0.00,10.00,6.35,3.65,0.00,Dine in,POS 1,Route 98 - Minimart,Owner,,,,Closed
22/08/2026 09:05,1-0242,Sale,SNACKS,10223,OVERLOAD CHOCO STRWBRRY,,,1.000,10.00,0.00,10.00,7.92,2.08,0.00,Dine in,POS 1,Route 98 - Minimart,Owner,,,,Closed
22/08/2026 09:05,1-0242,Sale,SNACKS,10203,NIPS PEANUT 14G,,,1.000,8.00,0.00,8.00,5.87,2.13,0.00,Dine in,POS 1,Route 98 - Minimart,Owner,,,,Closed
22/08/2026 09:05,1-0242,Sale,HOME ESSENTIALS,10046,TOOTHPICK,,,1.000,15.00,0.00,15.00,0.00,15.00,0.00,Dine in,POS 1,Route 98 - Minimart,Owner,,,,Closed
22/08/2026 09:05,1-0242,Sale,SNACKS,10272,PILLOWS CHOCO 38G,,,1.000,12.00,0.00,12.00,9.00,3.00,0.00,Dine in,POS 1,Route 98 - Minimart,Owner,,,,Closed
22/08/2026 08:38,1-0241,Sale,DRINKS,10111,LIFT BERRY BOLT 320,,,1.000,18.00,0.00,18.00,0.00,18.00,0.00,Dine in,POS 1,Route 98 - Minimart,Owner,,,,Closed
22/08/2026 07:16,1-0240,Sale,ICE,10298,ICE CUBE 1KG,,,2.000,50.00,0.00,50.00,26.00,24.00,0.00,Dine in,POS 1,Route 98 - Minimart,Owner,,,,Closed
21/08/2026 22:31,1-0239,Sale,DRINKS,10257,SUMMIT (1000ML),,,1.000,25.00,0.00,25.00,0.00,25.00,0.00,Dine in,POS 1,Route 98 - Minimart,Owner,,,,Closed
21/08/2026 22:31,1-0239,Sale,DRINKS,10109,COCA COLA 190ML,,,1.000,15.00,0.00,15.00,0.00,15.00,0.00,Dine in,POS 1,Route 98 - Minimart,Owner,,,,Closed
21/08/2026 20:49,1-0238,Sale,DRINKS,10275,MOUNTAIN DEW 1.5L,,,1.000,72.00,0.00,72.00,62.00,10.00,0.00,Dine in,POS 1,Route 98 - Minimart,Owner,,,,Closed
21/08/2026 20:49,1-0238,Sale,FOOD,10167,LUCKYME PANCITCANTON XTRAHOT,,,1.000,15.00,0.00,15.00,0.00,15.00,0.00,Dine in,POS 1,Route 98 - Minimart,Owner,,,,Closed
21/08/2026 20:27,1-0237,Sale,SNACKS,10187,BLACK CHILI CORN CHIPS BBQ,,,1.000,12.00,0.00,12.00,0.00,12.00,0.00,Dine in,POS 1,Route 98 - Minimart,Owner,,,,Closed
21/08/2026 20:27,1-0237,Sale,SNACKS,10140,OISHI RINBEE,,,1.000,10.00,0.00,10.00,0.00,10.00,0.00,Dine in,POS 1,Route 98 - Minimart,Owner,,,,Closed
21/08/2026 20:02,1-0236,Sale,DRINKS,10083,RED HORSE 500,,,1.000,75.00,0.00,75.00,60.00,15.00,0.00,Dine in,POS 1,Route 98 - Minimart,Owner,,,,Closed
21/08/2026 19:58,1-0235,Sale,DRINKS,10083,RED HORSE 500,,,2.000,150.00,0.00,150.00,120.00,30.00,0.00,Dine in,POS 1,Route 98 - Minimart,Owner,,,,Closed
21/08/2026 19:58,1-0235,Sale,,10235,"#misc",,,1.000,60.00,0.00,60.00,0.00,60.00,0.00,Dine in,POS 1,Route 98 - Minimart,Owner,,,,Closed
21/08/2026 19:25,1-0234,Sale,SNACKS,10227,PIATTOS ROADHOUSE BBQ 85G,,,1.000,39.50,0.00,39.50,33.22,6.28,0.00,Dine in,POS 1,Route 98 - Minimart,Owner,,,,Closed
21/08/2026 19:25,1-0234,Sale,SNACKS,10220,PIATTOS SOUR CREAM 85G,,,1.000,39.50,0.00,39.50,33.22,6.28,0.00,Dine in,POS 1,Route 98 - Minimart,Owner,,,,Closed
21/08/2026 19:25,1-0234,Sale,ICE CREAM 🍦,10288,NESTLE 2in1 ROCKY ROAD & DOUBLE DUTCH 750ML,,,1.000,215.00,0.00,215.00,168.00,47.00,0.00,Dine in,POS 1,Route 98 - Minimart,Owner,,,,Closed
21/08/2026 19:25,1-0234,Sale,,10235,"#misc",,,1.000,90.00,0.00,90.00,0.00,90.00,0.00,Dine in,POS 1,Route 98 - Minimart,Owner,,,,Closed
21/08/2026 19:25,1-0234,Sale,,10235,"#misc",,,1.000,110.00,0.00,110.00,0.00,110.00,0.00,Dine in,POS 1,Route 98 - Minimart,Owner,,,,Closed
21/08/2026 19:18,1-0233,Sale,DRINKS,98000047,WILKINS PURE 500,,,1.000,15.00,0.00,15.00,0.00,15.00,0.00,Dine in,POS 1,Route 98 - Minimart,Owner,,,,Cancelled
21/08/2026 19:18,1-0233,Sale,SNACKS,10207,PRESTO CHOCO,,,2.000,20.00,0.00,20.00,12.26,7.74,0.00,Dine in,POS 1,Route 98 - Minimart,Owner,,,,Cancelled
21/08/2026 19:18,1-0233,Sale,DRINKS,10085,SM FLAVORED BEER APPLE,,,3.000,159.00,0.00,159.00,123.00,36.00,0.00,Dine in,POS 1,Route 98 - Minimart,Owner,,,,Cancelled
21/08/2026 19:18,1-0233,Sale,DRINKS,10268,CHUCKIE 110ML,,,2.000,32.00,0.00,32.00,26.40,5.60,0.00,Dine in,POS 1,Route 98 - Minimart,Owner,,,,Cancelled
21/08/2026 19:18,1-0233,Sale,SNACKS,10147,PIATTOS CHEESE 40G,,,2.000,40.00,0.00,40.00,0.00,40.00,0.00,Dine in,POS 1,Route 98 - Minimart,Owner,,,,Cancelled
21/08/2026 19:18,1-0233,Sale,SNACKS,10148,MR. CHIPS  NACHO CHEEZE 4G,,,1.000,10.00,0.00,10.00,0.00,10.00,0.00,Dine in,POS 1,Route 98 - Minimart,Owner,,,,Cancelled
21/08/2026 19:18,1-0233,Sale,DRINKS,10192,STING STRWBRRY 320ML,,,1.000,25.00,0.00,25.00,0.00,25.00,0.00,Dine in,POS 1,Route 98 - Minimart,Owner,,,,Cancelled
21/08/2026 19:14,1-0232,Sale,DRINKS,10239,MOUNTAIN DEW (290ML),,,1.000,20.00,0.00,20.00,16.35,3.65,0.00,Dine in,POS 1,Route 98 - Minimart,Owner,,,,Cancelled
21/08/2026 19:14,1-0232,Sale,SNACKS,10226,KROPEK NI MANGJUAN 90G,,,1.000,29.50,0.00,29.50,23.01,6.49,0.00,Dine in,POS 1,Route 98 - Minimart,Owner,,,,Cancelled
21/08/2026 19:14,1-0232,Sale,FOOD,10066,SAN MARINO CORNED TUNA,,,1.000,44.00,0.00,44.00,0.00,44.00,0.00,Dine in,POS 1,Route 98 - Minimart,Owner,,,,Cancelled
21/08/2026 19:14,1-0232,Sale,ICE,10300,ICE CUBE 3KG,,,2.000,90.00,0.00,90.00,66.00,24.00,0.00,Dine in,POS 1,Route 98 - Minimart,Owner,,,,Cancelled
21/08/2026 19:14,1-0232,Sale,ICE,10298,ICE CUBE 1KG,,,2.000,50.00,0.00,50.00,26.00,24.00,0.00,Dine in,POS 1,Route 98 - Minimart,Owner,,,,Cancelled
21/08/2026 18:54,1-0231,Sale,DRINKS,10083,RED HORSE 500,,,1.000,75.00,0.00,75.00,60.00,15.00,0.00,Dine in,POS 1,Route 98 - Minimart,Owner,,,,Closed
21/08/2026 18:54,1-0231,Sale,SNACKS,10187,BLACK CHILI CORN CHIPS BBQ,,,1.000,12.00,0.00,12.00,0.00,12.00,0.00,Dine in,POS 1,Route 98 - Minimart,Owner,,,,Closed
21/08/2026 18:52,1-0230,Sale,SNACKS,10088,OISHI Potato Fries,,,1.000,10.00,0.00,10.00,0.00,10.00,0.00,Dine in,POS 1,Route 98 - Minimart,Owner,,,,Closed
21/08/2026 18:52,1-0230,Sale,SNACKS,10218,MR CHIPS NACHO CHEESE 98G,,,1.000,30.00,0.00,30.00,22.50,7.50,0.00,Dine in,POS 1,Route 98 - Minimart,Owner,,,,Closed
21/08/2026 18:52,1-0230,Sale,SNACKS,10217,CHIPPY BBQ 108G,,,1.000,30.00,0.00,30.00,24.63,5.37,0.00,Dine in,POS 1,Route 98 - Minimart,Owner,,,,Closed
21/08/2026 18:52,1-0230,Sale,SNACKS,10185,DINGDONG MIXNUTS 5G,,,10.000,20.00,0.00,20.00,0.00,20.00,0.00,Dine in,POS 1,Route 98 - Minimart,Owner,,,,Closed
21/08/2026 18:52,1-0230,Sale,SNACKS,10155,DINGDONG MIXED NUT 30G,,,3.000,15.00,0.00,15.00,0.00,15.00,0.00,Dine in,POS 1,Route 98 - Minimart,Owner,,,,Closed
21/08/2026 18:52,1-0230,Sale,SNACKS,10206,NIPS MILK CHOCO 14G,,,12.000,96.00,0.00,96.00,70.44,25.56,0.00,Dine in,POS 1,Route 98 - Minimart,Owner,,,,Closed
21/08/2026 18:52,1-0230,Sale,SNACKS,10215,MANG JUAN SUKAT SILI 90G,,,1.000,29.50,0.00,29.50,22.50,7.00,0.00,Dine in,POS 1,Route 98 - Minimart,Owner,,,,Closed
21/08/2026 18:52,1-0230,Sale,,10235,"#misc",,,1.000,60.00,0.00,60.00,0.00,60.00,0.00,Dine in,POS 1,Route 98 - Minimart,Owner,,,,Closed
21/08/2026 18:52,1-0230,Sale,SNACKS,10220,PIATTOS SOUR CREAM 85G,,,1.000,39.50,0.00,39.50,33.22,6.28,0.00,Dine in,POS 1,Route 98 - Minimart,Owner,,,,Closed
21/08/2026 18:42,1-0229,Sale,DRINKS,10083,RED HORSE 500,,,2.000,150.00,0.00,150.00,120.00,30.00,0.00,Dine in,POS 1,Route 98 - Minimart,Owner,,,,Closed
21/08/2026 18:41,1-0228,Sale,DRINKS,10239,MOUNTAIN DEW (290ML),,,2.000,40.00,0.00,40.00,32.70,7.30,0.00,Dine in,POS 1,Route 98 - Minimart,Owner,,,,Closed
21/08/2026 16:20,1-0227,Sale,DRINKS,10114,SPRITE 1.5L,,,1.000,75.00,0.00,75.00,0.00,75.00,0.00,Dine in,POS 1,Route 98 - Minimart,Owner,,,,Closed
21/08/2026 16:20,1-0227,Sale,DRINKS,98000046,COCA COLA 1.75L,,,1.000,75.00,0.00,75.00,0.00,75.00,0.00,Dine in,POS 1,Route 98 - Minimart,Owner,,,,Closed
21/08/2026 15:49,1-0226,Sale,SNACKS,10272,PILLOWS CHOCO 38G,,,2.000,24.00,0.00,24.00,18.00,6.00,0.00,Dine in,POS 1,Route 98 - Minimart,Owner,,,,Closed
21/08/2026 15:47,1-0225,Sale,SNACKS,10146,CRISPY PATATA 24G,,,1.000,10.00,0.00,10.00,0.00,10.00,0.00,Dine in,POS 1,Route 98 - Minimart,Owner,,,,Closed
21/08/2026 15:47,1-0225,Sale,SNACKS,10266,CHIZ CURLS 18G,,,2.000,18.00,0.00,18.00,14.50,3.50,0.00,Dine in,POS 1,Route 98 - Minimart,Owner,,,,Closed
21/08/2026 15:47,1-0225,Sale,FOOD,10055,DON FRANK WHITE,,,1.000,19.50,0.00,19.50,0.00,19.50,0.00,Dine in,POS 1,Route 98 - Minimart,Owner,,,,Closed
21/08/2026 15:47,1-0225,Sale,DRINKS,10193,YAKULT,,,1.000,15.00,0.00,15.00,0.00,15.00,0.00,Dine in,POS 1,Route 98 - Minimart,Owner,,,,Closed
21/08/2026 15:01,1-0224,Sale,SNACKS,10210,MAGIC FLAKES CHEESE,,,1.000,9.00,0.00,9.00,5.55,3.45,0.00,Dine in,POS 1,Route 98 - Minimart,Owner,,,,Closed
21/08/2026 14:57,1-0223,Sale,DRINKS,10110,LIFT CITRUS BLAST 320,,,1.000,18.00,0.00,18.00,0.00,18.00,0.00,Dine in,POS 1,Route 98 - Minimart,Owner,,,,Closed
21/08/2026 14:57,1-0223,Sale,SNACKS,10155,DINGDONG MIXED NUT 30G,,,1.000,5.00,0.00,5.00,0.00,5.00,0.00,Dine in,POS 1,Route 98 - Minimart,Owner,,,,Closed
21/08/2026 14:31,1-0222,Sale,DRINKS,10192,STING STRWBRRY 320ML,,,1.000,25.00,0.00,25.00,0.00,25.00,0.00,Dine in,POS 1,Route 98 - Minimart,Owner,,,,Closed
21/08/2026 14:06,1-0221,Sale,SNACKS,10147,PIATTOS CHEESE 40G,,,2.000,40.00,0.00,40.00,0.00,40.00,0.00,Dine in,POS 1,Route 98 - Minimart,Owner,,,,Closed
21/08/2026 14:06,1-0221,Sale,SNACKS,10148,MR. CHIPS  NACHO CHEEZE 4G,,,1.000,10.00,0.00,10.00,0.00,10.00,0.00,Dine in,POS 1,Route 98 - Minimart,Owner,,,,Closed
21/08/2026 14:04,1-0220,Sale,DRINKS,10085,SM FLAVORED BEER APPLE,,,3.000,159.00,0.00,159.00,123.00,36.00,0.00,Dine in,POS 1,Route 98 - Minimart,Owner,,,,Closed
21/08/2026 14:04,1-0220,Sale,DRINKS,10268,CHUCKIE 110ML,,,2.000,32.00,0.00,32.00,26.40,5.60,0.00,Dine in,POS 1,Route 98 - Minimart,Owner,,,,Closed
21/08/2026 13:42,1-0219,Sale,DRINKS,10110,LIFT CITRUS BLAST 320,,,1.000,18.00,0.00,18.00,0.00,18.00,0.00,Dine in,POS 1,Route 98 - Minimart,Owner,,,,Closed
21/08/2026 13:42,1-0219,Sale,DRINKS,98000047,WILKINS PURE 500,,,1.000,15.00,0.00,15.00,0.00,15.00,0.00,Dine in,POS 1,Route 98 - Minimart,Owner,,,,Closed
21/08/2026 13:42,1-0219,Sale,SNACKS,10207,PRESTO CHOCO,,,2.000,20.00,0.00,20.00,12.26,7.74,0.00,Dine in,POS 1,Route 98 - Minimart,Owner,,,,Closed
21/08/2026 13:36,1-0218,Sale,ICE,10300,ICE CUBE 3KG,,,1.000,45.00,0.00,45.00,33.00,12.00,0.00,Dine in,POS 1,Route 98 - Minimart,Owner,,,,Closed
21/08/2026 12:51,1-0217,Sale,ICE,10298,ICE CUBE 1KG,,,1.000,25.00,0.00,25.00,13.00,12.00,0.00,Dine in,POS 1,Route 98 - Minimart,Owner,,,,Closed
21/08/2026 12:51,1-0217,Sale,ICE,10300,ICE CUBE 3KG,,,1.000,45.00,0.00,45.00,33.00,12.00,0.00,Dine in,POS 1,Route 98 - Minimart,Owner,,,,Closed
21/08/2026 12:36,1-0216,Sale,SNACKS,10215,MANG JUAN SUKAT SILI 90G,,,1.000,29.50,0.00,29.50,22.50,7.00,0.00,Dine in,POS 1,Route 98 - Minimart,Owner,,,,Closed
21/08/2026 12:36,1-0216,Sale,FOOD,10066,SAN MARINO CORNED TUNA,,,1.000,44.00,0.00,44.00,0.00,44.00,0.00,Dine in,POS 1,Route 98 - Minimart,Owner,,,,Closed
21/08/2026 12:01,1-0215,Sale,DRINKS,10239,MOUNTAIN DEW (290ML),,,1.000,20.00,0.00,20.00,16.35,3.65,0.00,Dine in,POS 1,Route 98 - Minimart,Owner,,,,Closed
21/08/2026 12:01,1-0214,Sale,ICE CREAM 🍦,19,OREO ICE CREAM 110ML,,,1.000,65.00,0.00,65.00,55.00,10.00,0.00,Dine in,POS 1,Route 98 - Minimart,Owner,,,,Closed
21/08/2026 12:00,1-0213,Sale,SNACKS,10146,CRISPY PATATA 24G,,,1.000,10.00,0.00,10.00,0.00,10.00,0.00,Dine in,POS 1,Route 98 - Minimart,Owner,,,,Closed
21/08/2026 12:00,1-0212,Sale,DRINKS,10110,LIFT CITRUS BLAST 320,,,1.000,18.00,0.00,18.00,0.00,18.00,0.00,Dine in,POS 1,Route 98 - Minimart,Owner,,,,Closed
21/08/2026 12:00,1-0211,Sale,DRINKS,10111,LIFT BERRY BOLT 320,,,1.000,18.00,0.00,18.00,0.00,18.00,0.00,Dine in,POS 1,Route 98 - Minimart,Owner,,,,Closed
21/08/2026 12:00,1-0210,Sale,DRINKS,10111,LIFT BERRY BOLT 320,,,1.000,18.00,0.00,18.00,0.00,18.00,0.00,Dine in,POS 1,Route 98 - Minimart,Owner,,,,Closed
21/08/2026 11:59,1-0209,Sale,DRINKS,10192,STING STRWBRRY 320ML,,,1.000,25.00,0.00,25.00,0.00,25.00,0.00,Dine in,POS 1,Route 98 - Minimart,Owner,,,,Closed
21/08/2026 11:49,1-0208,Sale,DRINKS,10109,COCA COLA 190ML,,,1.000,15.00,0.00,15.00,0.00,15.00,0.00,Dine in,POS 1,Route 98 - Minimart,Owner,,,,Closed
21/08/2026 11:46,1-0207,Sale,DRINKS,10117,ROYAL 190,,,1.000,15.00,0.00,15.00,0.00,15.00,0.00,Dine in,POS 1,Route 98 - Minimart,Owner,,,,Closed
21/08/2026 11:24,1-0206,Sale,DRINKS,10239,MOUNTAIN DEW (290ML),,,1.000,20.00,0.00,20.00,16.35,3.65,0.00,Dine in,POS 1,Route 98 - Minimart,Owner,,,,Closed
21/08/2026 10:33,1-0205,Sale,ICE CREAM 🍦,19,OREO ICE CREAM 110ML,,,1.000,65.00,0.00,65.00,55.00,10.00,0.00,Dine in,POS 1,Route 98 - Minimart,Owner,,,,Closed
21/08/2026 10:06,1-0204,Sale,DRINKS,10110,LIFT CITRUS BLAST 320,,,1.000,18.00,0.00,18.00,0.00,18.00,0.00,Dine in,POS 1,Route 98 - Minimart,Owner,,,,Closed
21/08/2026 10:06,1-0204,Sale,SNACKS,10146,CRISPY PATATA 24G,,,1.000,10.00,0.00,10.00,0.00,10.00,0.00,Dine in,POS 1,Route 98 - Minimart,Owner,,,,Closed
21/08/2026 07:55,1-0203,Sale,DRINKS,10111,LIFT BERRY BOLT 320,,,1.000,18.00,0.00,18.00,0.00,18.00,0.00,Dine in,POS 1,Route 98 - Minimart,Owner,,,,Closed
21/08/2026 07:52,1-0202,Sale,DRINKS,10192,STING STRWBRRY 320ML,,,1.000,25.00,0.00,25.00,0.00,25.00,0.00,Dine in,POS 1,Route 98 - Minimart,Owner,,,,Closed
21/08/2026 07:52,1-0202,Sale,DRINKS,10111,LIFT BERRY BOLT 320,,,1.000,18.00,0.00,18.00,0.00,18.00,0.00,Dine in,POS 1,Route 98 - Minimart,Owner,,,,Closed
20/08/2026 22:12,1-0201,Sale,DRINKS,10239,MOUNTAIN DEW (290ML),,,1.000,20.00,0.00,20.00,16.35,3.65,0.00,Dine in,POS 1,Route 98 - Minimart,Owner,,,,Closed
20/08/2026 22:12,1-0201,Sale,DRINKS,10193,YAKULT,,,5.000,75.00,0.00,75.00,0.00,75.00,0.00,Dine in,POS 1,Route 98 - Minimart,Owner,,,,Closed
20/08/2026 22:12,1-0201,Sale,FOOD,10234,LA MIA TUNA FLKSNOIL,,,2.000,76.00,0.00,76.00,66.36,9.64,0.00,Dine in,POS 1,Route 98 - Minimart,Owner,,,,Closed
20/08/2026 22:12,1-0201,Sale,FOOD,10071,HOLIDAY LUNCHEON MEAT,,,2.000,76.00,0.00,76.00,0.00,76.00,0.00,Dine in,POS 1,Route 98 - Minimart,Owner,,,,Closed
20/08/2026 22:12,1-0201,Sale,FEMININE CARE,10080,MODESS W/ WINGS 8PCS,,,1.000,52.00,0.00,52.00,0.00,52.00,0.00,Dine in,POS 1,Route 98 - Minimart,Owner,,,,Closed
20/08/2026 21:30,1-0200,Sale,DRINKS,10257,SUMMIT (1000ML),,,1.000,25.00,0.00,25.00,0.00,25.00,0.00,Dine in,POS 1,Route 98 - Minimart,Owner,,,,Closed
20/08/2026 21:30,1-0200,Sale,SNACKS,10157,SWEETCHILI CHPS BBQ,,,1.000,12.00,0.00,12.00,0.00,12.00,0.00,Dine in,POS 1,Route 98 - Minimart,Owner,,,,Closed
20/08/2026 21:30,1-0200,Sale,,10235,"#misc",,,1.000,45.00,0.00,45.00,0.00,45.00,0.00,Dine in,POS 1,Route 98 - Minimart,Owner,,,,Closed
20/08/2026 21:30,1-0200,Sale,SNACKS,10236,FRUIT SALAD,,,1.000,8.00,0.00,8.00,5.75,2.25,0.00,Dine in,POS 1,Route 98 - Minimart,Owner,,,,Closed
20/08/2026 21:30,1-0200,Sale,DRINKS,10129,C2 SOLO APPLE 230ML,,,2.000,34.00,0.00,34.00,0.00,34.00,0.00,Dine in,POS 1,Route 98 - Minimart,Owner,,,,Closed
20/08/2026 21:27,1-0199,Sale,SNACKS,10155,DINGDONG MIXED NUT 30G,,,2.000,10.00,0.00,10.00,0.00,10.00,0.00,Dine in,POS 1,Route 98 - Minimart,Owner,,,,Closed
20/08/2026 21:27,1-0199,Sale,SNACKS,10179,HAPPY CLASSIC,,,10.000,20.00,0.00,20.00,0.00,20.00,0.00,Dine in,POS 1,Route 98 - Minimart,Owner,,,,Closed
20/08/2026 21:27,1-0199,Sale,SNACKS,10187,BLACK CHILI CORN CHIPS BBQ,,,1.000,12.00,0.00,12.00,0.00,12.00,0.00,Dine in,POS 1,Route 98 - Minimart,Owner,,,,Closed
20/08/2026 21:27,1-0199,Sale,SNACKS,10156,PEEWEE PZZA SUPREME,,,1.000,10.00,0.00,10.00,0.00,10.00,0.00,Dine in,POS 1,Route 98 - Minimart,Owner,,,,Closed
20/08/2026 21:27,1-0199,Sale,DRINKS,10110,LIFT CITRUS BLAST 320,,,1.000,18.00,0.00,18.00,0.00,18.00,0.00,Dine in,POS 1,Route 98 - Minimart,Owner,,,,Closed
20/08/2026 21:13,1-0198,Sale,SNACKS,10236,FRUIT SALAD,,,1.000,8.00,0.00,8.00,5.75,2.25,0.00,Dine in,POS 1,Route 98 - Minimart,Owner,,,,Closed
20/08/2026 20:56,1-0197,Sale,DRINKS,10083,RED HORSE 500,,,1.000,75.00,0.00,75.00,60.00,15.00,0.00,Dine in,POS 1,Route 98 - Minimart,Owner,,,,Closed
20/08/2026 16:11,2-0033,Sale,DRINKS,10110,LIFT CITRUS BLAST 320,,,1.000,18.00,0.00,18.00,0.00,18.00,0.00,Dine in,POS 2,Route 98 - Minimart,Owner,,,,Closed
20/08/2026 16:11,2-0033,Sale,SNACKS,10156,PEEWEE PZZA SUPREME,,,1.000,10.00,0.00,10.00,0.00,10.00,0.00,Dine in,POS 2,Route 98 - Minimart,Owner,,,,Closed
20/08/2026 15:35,2-0032,Sale,SNACKS,10187,BLACK CHILI CORN CHIPS BBQ,,,1.000,12.00,0.00,12.00,0.00,12.00,0.00,Dine in,POS 2,Route 98 - Minimart,Owner,,,,Closed
20/08/2026 15:35,2-0032,Sale,SNACKS,10181,HAPPY HOT N SPICY,,,10.000,20.00,0.00,20.00,0.00,20.00,0.00,Dine in,POS 2,Route 98 - Minimart,Owner,,,,Closed
20/08/2026 15:35,2-0032,Sale,SNACKS,10155,DINGDONG MIXED NUT 30G,,,2.000,10.00,0.00,10.00,0.00,10.00,0.00,Dine in,POS 2,Route 98 - Minimart,Owner,,,,Closed
20/08/2026 14:30,2-0031,Sale,FOOD,10063,SUKAMOD,,,1.000,40.00,0.00,40.00,0.00,40.00,0.00,Dine in,POS 2,Route 98 - Minimart,Owner,,,,Closed
20/08/2026 14:30,2-0031,Sale,DRINKS,10252,STING 290ML,,,1.000,20.00,0.00,20.00,16.75,3.25,0.00,Dine in,POS 2,Route 98 - Minimart,Owner,,,,Closed
20/08/2026 14:30,2-0031,Sale,DRINKS,10239,MOUNTAIN DEW (290ML),,,1.000,20.00,0.00,20.00,16.35,3.65,0.00,Dine in,POS 2,Route 98 - Minimart,Owner,,,,Closed
20/08/2026 14:24,2-0030,Sale,DRINKS,98000047,WILKINS PURE 500,,,1.000,15.00,0.00,15.00,0.00,15.00,0.00,Dine in,POS 2,Route 98 - Minimart,Owner,,,,Closed
20/08/2026 13:52,2-0029,Sale,SNACKS,10147,PIATTOS CHEESE 40G,,,1.000,20.00,0.00,20.00,0.00,20.00,0.00,Dine in,POS 2,Route 98 - Minimart,Owner,,,,Closed
20/08/2026 13:52,2-0029,Sale,SNACKS,10266,CHIZ CURLS 18G,,,1.000,9.00,0.00,9.00,7.25,1.75,0.00,Dine in,POS 2,Route 98 - Minimart,Owner,,,,Closed
20/08/2026 13:52,2-0029,Sale,DRINKS,10109,COCA COLA 190ML,,,1.000,15.00,0.00,15.00,0.00,15.00,0.00,Dine in,POS 2,Route 98 - Minimart,Owner,,,,Closed
20/08/2026 13:26,2-0028,Sale,SNACKS,10149,NOVA COUNTRY CHEDDAR 20G,,,1.000,8.00,0.00,8.00,0.00,8.00,0.00,Dine in,POS 2,Route 98 - Minimart,Owner,,,,Closed
20/08/2026 13:26,2-0028,Sale,SNACKS,10231,CLOUD 9 CLASSIC,,,3.000,30.00,0.00,30.00,19.05,10.95,0.00,Dine in,POS 2,Route 98 - Minimart,Owner,,,,Closed
20/08/2026 13:26,2-0028,Sale,ICE CREAM 🍦,19,OREO ICE CREAM 110ML,,,1.000,65.00,0.00,65.00,55.00,10.00,0.00,Dine in,POS 2,Route 98 - Minimart,Owner,,,,Closed
20/08/2026 13:09,2-0027,Sale,DRINKS,10117,ROYAL 190,,,1.000,15.00,0.00,15.00,0.00,15.00,0.00,Dine in,POS 2,Route 98 - Minimart,Owner,,,,Closed
20/08/2026 13:08,2-0026,Sale,DRINKS,98000108,VITAMILK(DOUBLECHOCO) 300ML,,,1.000,35.00,0.00,35.00,29.50,5.50,0.00,Dine in,POS 2,Route 98 - Minimart,Owner,,,,Closed
19/08/2026 22:41,2-0025,Sale,DRINKS,10129,C2 SOLO APPLE 230ML,,,2.000,34.00,0.00,34.00,0.00,34.00,0.00,Dine in,POS 2,Route 98 - Minimart,Owner,,,,Closed
19/08/2026 22:41,2-0025,Sale,SNACKS,10236,FRUIT SALAD,,,1.000,8.00,0.00,8.00,5.75,2.25,0.00,Dine in,POS 2,Route 98 - Minimart,Owner,,,,Closed
19/08/2026 22:41,2-0025,Sale,,10235,"#misc",,,1.000,45.00,0.00,45.00,0.00,45.00,0.00,Dine in,POS 2,Route 98 - Minimart,Owner,,,,Closed
19/08/2026 22:03,2-0024,Sale,SNACKS,10157,SWEETCHILI CHPS BBQ,,,1.000,12.00,0.00,12.00,0.00,12.00,0.00,Dine in,POS 2,Route 98 - Minimart,Owner,,,,Closed
19/08/2026 21:59,2-0023,Sale,DRINKS,10257,SUMMIT (1000ML),,,1.000,25.00,0.00,25.00,0.00,25.00,0.00,Dine in,POS 2,Route 98 - Minimart,Owner,,,,Closed
19/08/2026 21:43,1-0196,Sale,DRINKS,10239,MOUNTAIN DEW (290ML),,,3.000,60.00,0.00,60.00,49.05,10.95,0.00,Dine in,POS 1,Route 98 - Minimart,Owner,,,,Closed
19/08/2026 21:43,1-0196,Sale,SNACKS,10219,MR CHIPS MANAMIS MAIS 45G,,,1.000,12.00,0.00,12.00,8.19,3.81,0.00,Dine in,POS 1,Route 98 - Minimart,Owner,,,,Closed
19/08/2026 21:43,1-0196,Sale,FOOD,10189,NESCAFE STICK,,,12.000,60.00,0.00,60.00,0.00,60.00,0.00,Dine in,POS 1,Route 98 - Minimart,Owner,,,,Closed
19/08/2026 21:43,1-0196,Sale,Cleaning/Laundry Supplies,10024,DOWNY ANTIBAC,,,6.000,54.00,0.00,54.00,0.00,54.00,0.00,Dine in,POS 1,Route 98 - Minimart,Owner,,,,Closed
19/08/2026 21:43,1-0196,Sale,HOME ESSENTIALS,10244,SURF(CHERRY BLOSSOM),,,6.000,60.00,0.00,60.00,40.20,19.80,0.00,Dine in,POS 1,Route 98 - Minimart,Owner,,,,Closed
19/08/2026 21:43,1-0196,Sale,Cleaning/Laundry Supplies,10012,ZONROXCSAFE95,,,3.000,45.00,0.00,45.00,0.00,45.00,0.00,Dine in,POS 1,Route 98 - Minimart,Owner,,,,Closed
19/08/2026 20:40,1-0195,Sale,SNACKS,10215,MANG JUAN SUKAT SILI 90G,,,1.000,29.50,0.00,29.50,22.50,7.00,0.00,Dine in,POS 1,Route 98 - Minimart,Owner,,,,Closed
19/08/2026 20:40,1-0195,Sale,SNACKS,10216,MANG JUAN SUKANG PAOMBONG 90G,,,1.000,29.50,0.00,29.50,22.50,7.00,0.00,Dine in,POS 1,Route 98 - Minimart,Owner,,,,Closed
19/08/2026 19:23,1-0194,Sale,FOOD,10221,GREAT TASTE CHOCO,,,3.000,45.00,0.00,45.00,37.50,7.50,0.00,Dine in,POS 1,Route 98 - Minimart,Owner,,,,Closed
19/08/2026 19:23,1-0194,Sale,FOOD,10204,GREAT TASTE PREMIUM ROAST,,,2.000,30.00,0.00,30.00,24.70,5.30,0.00,Dine in,POS 1,Route 98 - Minimart,Owner,,,,Closed
19/08/2026 19:23,1-0194,Sale,FOOD,10127,NESCAFE CREAMY WHITE TWIN PACK,,,2.000,30.00,0.00,30.00,0.00,30.00,0.00,Dine in,POS 1,Route 98 - Minimart,Owner,,,,Closed
19/08/2026 19:23,1-0194,Sale,FOOD,10128,NESCAFE ORIGINAL TWIN PACK,,,2.000,30.00,0.00,30.00,0.00,30.00,0.00,Dine in,POS 1,Route 98 - Minimart,Owner,,,,Closed
19/08/2026 19:23,1-0194,Sale,FOOD,10171,ENERGEN VNLA,,,3.000,36.00,0.00,36.00,25.35,10.65,0.00,Dine in,POS 1,Route 98 - Minimart,Owner,,,,Closed
19/08/2026 18:51,1-0193,Sale,ICE CREAM 🍦,19,OREO ICE CREAM 110ML,,,2.000,130.00,0.00,130.00,110.00,20.00,0.00,Dine in,POS 1,Route 98 - Minimart,Owner,,,,Closed
19/08/2026 18:18,1-0192,Sale,ICE CREAM 🍦,19,OREO ICE CREAM 110ML,,,2.000,130.00,0.00,130.00,110.00,20.00,0.00,Dine in,POS 1,Route 98 - Minimart,Owner,,,,Closed
19/08/2026 18:16,1-0191,Sale,ICE CREAM 🍦,19,OREO ICE CREAM 110ML,,,1.000,65.00,0.00,65.00,55.00,10.00,0.00,Dine in,POS 1,Route 98 - Minimart,Owner,,,,Closed
19/08/2026 18:16,1-0191,Sale,DRINKS,10257,SUMMIT (1000ML),,,1.000,25.00,0.00,25.00,0.00,25.00,0.00,Dine in,POS 1,Route 98 - Minimart,Owner,,,,Closed
19/08/2026 16:47,1-0190,Sale,DRINKS,98000046,COCA COLA 1.75L,,,2.000,150.00,0.00,150.00,0.00,150.00,0.00,Dine in,POS 1,Route 98 - Minimart,Owner,,,,Closed
19/08/2026 16:17,1-0189,Sale,DRINKS,10083,RED HORSE 500,,,2.000,150.00,0.00,150.00,120.00,30.00,0.00,Dine in,POS 1,Route 98 - Minimart,Owner,,,,Closed
19/08/2026 16:10,1-0188,Sale,DRINKS,10083,RED HORSE 500,,,1.000,75.00,0.00,75.00,60.00,15.00,0.00,Dine in,POS 1,Route 98 - Minimart,Owner,,,,Closed
19/08/2026 15:08,1-0187,Sale,DRINKS,10257,SUMMIT (1000ML),,,1.000,25.00,0.00,25.00,0.00,25.00,0.00,Dine in,POS 1,Route 98 - Minimart,Owner,,,,Closed
19/08/2026 15:05,1-0186,Sale,SNACKS,10156,PEEWEE PZZA SUPREME,,,1.000,10.00,0.00,10.00,0.00,10.00,0.00,Dine in,POS 1,Route 98 - Minimart,Owner,,,,Closed
19/08/2026 15:05,1-0186,Sale,SNACKS,10184,HIHO GARLIC,,,5.000,10.00,0.00,10.00,0.00,10.00,0.00,Dine in,POS 1,Route 98 - Minimart,Owner,,,,Closed
19/08/2026 15:05,1-0186,Sale,SNACKS,10203,NIPS PEANUT 14G,,,2.000,16.00,0.00,16.00,11.74,4.26,0.00,Dine in,POS 1,Route 98 - Minimart,Owner,,,,Closed
19/08/2026 11:44,1-0185,Sale,DRINKS,98000108,VITAMILK(DOUBLECHOCO) 300ML,,,1.000,35.00,0.00,35.00,29.50,5.50,0.00,Dine in,POS 1,Route 98 - Minimart,Owner,,,,Closed
19/08/2026 11:05,1-0184,Sale,DRINKS,10192,STING STRWBRRY 320ML,,,1.000,25.00,0.00,25.00,0.00,25.00,0.00,Dine in,POS 1,Route 98 - Minimart,Owner,,,,Closed
19/08/2026 10:57,1-0183,Sale,SNACKS,10263,PILLOWS UBE 24G,,,1.000,9.00,0.00,9.00,6.75,2.25,0.00,Dine in,POS 1,Route 98 - Minimart,Owner,,,,Closed
19/08/2026 10:57,1-0183,Sale,DRINKS,10110,LIFT CITRUS BLAST 320,,,1.000,18.00,0.00,18.00,0.00,18.00,0.00,Dine in,POS 1,Route 98 - Minimart,Owner,,,,Closed
19/08/2026 10:18,1-0182,Sale,SNACKS,10186,SUPER CRUNCH CHEESE 5G,,,2.000,24.00,0.00,24.00,0.00,24.00,0.00,Dine in,POS 1,Route 98 - Minimart,Owner,,,,Closed
19/08/2026 10:17,1-0181,Sale,SNACKS,10207,PRESTO CHOCO,,,2.000,20.00,0.00,20.00,12.26,7.74,0.00,Dine in,POS 1,Route 98 - Minimart,Owner,,,,Closed
19/08/2026 08:16,1-0180,Sale,DRINKS,10110,LIFT CITRUS BLAST 320,,,1.000,18.00,0.00,18.00,0.00,18.00,0.00,Dine in,POS 1,Route 98 - Minimart,Owner,,,,Closed
19/08/2026 08:05,1-0179,Sale,BABY ESSENTIALS,10028,LAMPEIN - M 12PCS,,,1.000,125.00,0.00,125.00,0.00,125.00,0.00,Dine in,POS 1,Route 98 - Minimart,Owner,,,,Closed
18/08/2026 21:18,1-0178,Sale,DRINKS,10083,RED HORSE 500,,,1.000,75.00,0.00,75.00,60.00,15.00,0.00,Dine in,POS 1,Route 98 - Minimart,Owner,,,,Closed
18/08/2026 21:18,1-0177,Sale,SNACKS,10219,MR CHIPS MANAMIS MAIS 45G,,,1.000,12.00,0.00,12.00,8.19,3.81,0.00,Dine in,POS 1,Route 98 - Minimart,Owner,,,,Closed
18/08/2026 21:18,1-0177,Sale,SNACKS,10163,SUPER CRUNCH SPECIAL CHIP CHARON 32G,,,1.000,12.00,0.00,12.00,0.00,12.00,0.00,Dine in,POS 1,Route 98 - Minimart,Owner,,,,Closed
18/08/2026 21:14,1-0176,Sale,SNACKS,10231,CLOUD 9 CLASSIC,,,5.000,50.00,0.00,50.00,31.75,18.25,0.00,Dine in,POS 1,Route 98 - Minimart,Owner,,,,Closed
18/08/2026 21:14,1-0176,Sale,SNACKS,10220,PIATTOS SOUR CREAM 85G,,,1.000,39.50,0.00,39.50,33.22,6.28,0.00,Dine in,POS 1,Route 98 - Minimart,Owner,,,,Closed
18/08/2026 21:14,1-0176,Sale,SNACKS,10218,MR CHIPS NACHO CHEESE 98G,,,1.000,30.00,0.00,30.00,22.50,7.50,0.00,Dine in,POS 1,Route 98 - Minimart,Owner,,,,Closed
18/08/2026 21:14,1-0176,Sale,SNACKS,10217,CHIPPY BBQ 108G,,,1.000,30.00,0.00,30.00,24.63,5.37,0.00,Dine in,POS 1,Route 98 - Minimart,Owner,,,,Closed
18/08/2026 21:14,1-0176,Sale,SNACKS,10153,DINGDONG MIXED NUTS 100G,,,3.000,84.00,0.00,84.00,0.00,84.00,0.00,Dine in,POS 1,Route 98 - Minimart,Owner,,,,Closed
18/08/2026 21:14,1-0176,Sale,SNACKS,10154,PEEWEE SPICY CHILI 25G,,,1.000,10.00,0.00,10.00,0.00,10.00,0.00,Dine in,POS 1,Route 98 - Minimart,Owner,,,,Closed
18/08/2026 21:14,1-0176,Sale,SNACKS,10140,OISHI RINBEE,,,1.000,10.00,0.00,10.00,0.00,10.00,0.00,Dine in,POS 1,Route 98 - Minimart,Owner,,,,Closed
18/08/2026 21:12,1-0175,Sale,HOME ESSENTIALS,980000035,COLGATE,,,1.000,12.00,0.00,12.00,8.75,3.25,0.00,Dine in,POS 1,Route 98 - Minimart,Owner,,,,Closed
18/08/2026 21:12,1-0175,Sale,SNACKS,10155,DINGDONG MIXED NUT 30G,,,1.000,5.00,0.00,5.00,0.00,5.00,0.00,Dine in,POS 1,Route 98 - Minimart,Owner,,,,Closed
18/08/2026 21:12,1-0175,Sale,HOME ESSENTIALS,10248,SAFEGUARD EXTRA STRONG COOLING,,,1.000,23.00,0.00,23.00,19.50,3.50,0.00,Dine in,POS 1,Route 98 - Minimart,Owner,,,,Closed
18/08/2026 20:56,1-0174,Sale,SNACKS,10163,SUPER CRUNCH SPECIAL CHIP CHARON 32G,,,4.000,48.00,0.00,48.00,0.00,48.00,0.00,Dine in,POS 1,Route 98 - Minimart,Owner,,,,Closed
18/08/2026 20:56,1-0174,Sale,SNACKS,10231,CLOUD 9 CLASSIC,,,4.000,40.00,0.00,40.00,25.40,14.60,0.00,Dine in,POS 1,Route 98 - Minimart,Owner,,,,Closed
18/08/2026 19:49,1-0173,Sale,SNACKS,10206,NIPS MILK CHOCO 14G,,,2.000,16.00,0.00,16.00,11.74,4.26,0.00,Dine in,POS 1,Route 98 - Minimart,Owner,,,,Closed
18/08/2026 19:49,1-0173,Sale,SNACKS,10153,DINGDONG MIXED NUTS 100G,,,1.000,28.00,0.00,28.00,0.00,28.00,0.00,Dine in,POS 1,Route 98 - Minimart,Owner,,,,Closed
18/08/2026 19:49,1-0173,Sale,DRINKS,10193,YAKULT,,,2.000,30.00,0.00,30.00,0.00,30.00,0.00,Dine in,POS 1,Route 98 - Minimart,Owner,,,,Closed
18/08/2026 19:49,1-0173,Sale,SNACKS,10138,CHEEZ IT,,,1.000,9.00,0.00,9.00,0.00,9.00,0.00,Dine in,POS 1,Route 98 - Minimart,Owner,,,,Closed
18/08/2026 19:49,1-0173,Sale,SNACKS,10152,MOBY CARAMEL,,,1.000,10.00,0.00,10.00,0.00,10.00,0.00,Dine in,POS 1,Route 98 - Minimart,Owner,,,,Closed
18/08/2026 19:37,1-0172,Sale,SNACKS,10224,MAGIC CHIPS BBQ,,,1.000,10.00,0.00,10.00,7.92,2.08,0.00,Dine in,POS 1,Route 98 - Minimart,Owner,,,,Closed
18/08/2026 19:26,1-0171,Sale,DRINKS,98000108,VITAMILK(DOUBLECHOCO) 300ML,,,1.000,35.00,0.00,35.00,29.50,5.50,0.00,Dine in,POS 1,Route 98 - Minimart,Owner,,,,Closed
18/08/2026 19:26,1-0171,Sale,SNACKS,10214,MAGIC CREAMS BUTTER,,,1.000,9.00,0.00,9.00,5.55,3.45,0.00,Dine in,POS 1,Route 98 - Minimart,Owner,,,,Closed
18/08/2026 19:14,1-0170,Sale,Cleaning/Laundry Supplies,10014,ZONROX ORIG 500,,,1.000,35.50,0.00,35.50,0.00,35.50,0.00,Dine in,POS 1,Route 98 - Minimart,Owner,,,,Closed
18/08/2026 19:14,1-0170,Sale,Cleaning/Laundry Supplies,98000003,ARIEL TWIN JUMBO POWDER SUNRISE FRESH 66G,,,3.000,51.00,0.00,51.00,42.00,9.00,0.00,Dine in,POS 1,Route 98 - Minimart,Owner,,,,Closed
18/08/2026 19:14,1-0170,Sale,Cleaning/Laundry Supplies,10024,DOWNY ANTIBAC,,,6.000,54.00,0.00,54.00,0.00,54.00,0.00,Dine in,POS 1,Route 98 - Minimart,Owner,,,,Closed
18/08/2026 16:01,2-0022,Sale,SNACKS,10263,PILLOWS UBE 24G,,,2.000,18.00,0.00,18.00,13.50,4.50,0.00,Dine in,POS 2,Route 98 - Minimart,Owner,,,,Closed
18/08/2026 16:01,2-0022,Sale,SNACKS,10223,OVERLOAD CHOCO STRWBRRY,,,1.000,10.00,0.00,10.00,7.92,2.08,0.00,Dine in,POS 2,Route 98 - Minimart,Owner,,,,Closed
18/08/2026 16:01,2-0022,Sale,SNACKS,10266,CHIZ CURLS 18G,,,1.000,9.00,0.00,9.00,7.25,1.75,0.00,Dine in,POS 2,Route 98 - Minimart,Owner,,,,Closed
18/08/2026 14:02,1-0169,Sale,DRINKS,10241,COBRA ASTIG 330ML,,,1.000,25.00,0.00,25.00,20.00,5.00,0.00,Dine in,POS 1,Route 98 - Minimart,Owner,,,,Closed
18/08/2026 12:40,1-0168,Sale,DRINKS,10110,LIFT CITRUS BLAST 320,,,1.000,18.00,0.00,18.00,0.00,18.00,0.00,Dine in,POS 1,Route 98 - Minimart,Owner,,,,Closed
18/08/2026 11:59,1-0167,Sale,DRINKS,10230,REFRESH 500ML,,,1.000,12.00,0.00,12.00,8.65,3.35,0.00,Dine in,POS 1,Route 98 - Minimart,Owner,,,,Closed
18/08/2026 11:48,1-0166,Sale,DRINKS,10192,STING STRWBRRY 320ML,,,1.000,25.00,0.00,25.00,0.00,25.00,0.00,Dine in,POS 1,Route 98 - Minimart,Owner,,,,Closed
18/08/2026 11:38,1-0165,Sale,DRINKS,98000047,WILKINS PURE 500,,,1.000,15.00,0.00,15.00,0.00,15.00,0.00,Dine in,POS 1,Route 98 - Minimart,Owner,,,,Closed
18/08/2026 11:37,1-0164,Sale,DRINKS,10110,LIFT CITRUS BLAST 320,,,1.000,18.00,0.00,18.00,0.00,18.00,0.00,Dine in,POS 1,Route 98 - Minimart,Owner,,,,Closed
18/08/2026 11:16,1-0163,Sale,DRINKS,10118,MINUTE MAID 250,,,1.000,12.00,0.00,12.00,0.00,12.00,0.00,Dine in,POS 1,Route 98 - Minimart,Owner,,,,Closed
18/08/2026 11:16,1-0163,Sale,SNACKS,98000121,PRESTO PEANUT BUTTER,,,1.000,10.00,0.00,10.00,6.13,3.87,0.00,Dine in,POS 1,Route 98 - Minimart,Owner,,,,Closed
18/08/2026 10:51,1-0162,Sale,DRINKS,10239,MOUNTAIN DEW (290ML),,,1.000,20.00,0.00,20.00,16.35,3.65,0.00,Dine in,POS 1,Route 98 - Minimart,Owner,,,,Closed
18/08/2026 10:51,1-0161,Sale,DRINKS,10109,COCA COLA 190ML,,,1.000,15.00,0.00,15.00,0.00,15.00,0.00,Dine in,POS 1,Route 98 - Minimart,Owner,,,,Closed
18/08/2026 09:52,1-0160,Sale,SNACKS,10207,PRESTO CHOCO,,,2.000,20.00,0.00,20.00,12.26,7.74,0.00,Dine in,POS 1,Route 98 - Minimart,Owner,,,,Closed
17/08/2026 20:46,1-0159,Sale,SNACKS,10186,SUPER CRUNCH CHEESE 5G,,,1.000,12.00,0.00,12.00,0.00,12.00,0.00,Dine in,POS 1,Route 98 - Minimart,Owner,,,,Closed
17/08/2026 20:46,1-0159,Sale,SNACKS,10140,OISHI RINBEE,,,1.000,10.00,0.00,10.00,0.00,10.00,0.00,Dine in,POS 1,Route 98 - Minimart,Owner,,,,Closed
17/08/2026 20:46,1-0159,Sale,DRINKS,10129,C2 SOLO APPLE 230ML,,,2.000,34.00,0.00,34.00,0.00,34.00,0.00,Dine in,POS 1,Route 98 - Minimart,Owner,,,,Closed
17/08/2026 20:46,1-0159,Sale,,10235,"#misc",,,1.000,60.00,0.00,60.00,0.00,60.00,0.00,Dine in,POS 1,Route 98 - Minimart,Owner,,,,Closed
17/08/2026 19:06,1-0158,Sale,DRINKS,10239,MOUNTAIN DEW (290ML),,,1.000,20.00,0.00,20.00,16.35,3.65,0.00,Dine in,POS 1,Route 98 - Minimart,Owner,,,,Closed
17/08/2026 16:50,1-0157,Sale,DRINKS,10241,COBRA ASTIG 330ML,,,1.000,25.00,0.00,25.00,20.00,5.00,0.00,Dine in,POS 1,Route 98 - Minimart,Owner,,,,Closed
17/08/2026 16:31,1-0156,Sale,FOOD,10204,GREAT TASTE PREMIUM ROAST,,,1.000,15.00,0.00,15.00,12.35,2.65,0.00,Dine in,POS 1,Route 98 - Minimart,Owner,,,,Closed
17/08/2026 16:04,1-0155,Sale,SNACKS,10181,HAPPY HOT N SPICY,,,5.000,10.00,0.00,10.00,0.00,10.00,0.00,Dine in,POS 1,Route 98 - Minimart,Owner,,,,Closed
17/08/2026 15:58,1-0154,Sale,DRINKS,10083,RED HORSE 500,,,2.000,150.00,0.00,150.00,120.00,30.00,0.00,Dine in,POS 1,Route 98 - Minimart,Owner,,,,Closed
17/08/2026 15:17,1-0153,Sale,FOOD,10036,HOLIDAY P&B 170G,,,2.000,46.00,0.00,46.00,0.00,46.00,0.00,Dine in,POS 1,Route 98 - Minimart,Owner,,,,Closed
17/08/2026 15:01,1-0152,Sale,SNACKS,10152,MOBY CARAMEL,,,1.000,10.00,0.00,10.00,0.00,10.00,0.00,Dine in,POS 1,Route 98 - Minimart,Owner,,,,Closed
17/08/2026 15:01,1-0152,Sale,DRINKS,10110,LIFT CITRUS BLAST 320,,,1.000,18.00,0.00,18.00,0.00,18.00,0.00,Dine in,POS 1,Route 98 - Minimart,Owner,,,,Closed
17/08/2026 14:19,1-0151,Sale,DRINKS,10120,TANDUAY RHUM 65P 375,,,1.000,65.00,0.00,65.00,0.00,65.00,0.00,Dine in,POS 1,Route 98 - Minimart,Owner,,,,Closed
17/08/2026 13:31,1-0150,Sale,SNACKS,10211,MAGIC CREAMS PEANUT BUTTER,,,3.000,27.00,0.00,27.00,16.65,10.35,0.00,Dine in,POS 1,Route 98 - Minimart,Owner,,,,Closed
17/08/2026 13:30,1-0149,Sale,SNACKS,10155,DINGDONG MIXED NUT 30G,,,3.000,15.00,0.00,15.00,0.00,15.00,0.00,Dine in,POS 1,Route 98 - Minimart,Owner,,,,Closed
17/08/2026 13:07,1-0148,Sale,DRINKS,10241,COBRA ASTIG 330ML,,,1.000,25.00,0.00,25.00,20.00,5.00,0.00,Dine in,POS 1,Route 98 - Minimart,Owner,,,,Closed
17/08/2026 12:08,1-0147,Sale,DRINKS,10239,MOUNTAIN DEW (290ML),,,1.000,20.00,0.00,20.00,16.35,3.65,0.00,Dine in,POS 1,Route 98 - Minimart,Owner,,,,Closed
17/08/2026 11:46,1-0146,Sale,DRINKS,10117,ROYAL 190,,,1.000,15.00,0.00,15.00,0.00,15.00,0.00,Dine in,POS 1,Route 98 - Minimart,Owner,,,,Closed
17/08/2026 11:17,1-0145,Sale,DRINKS,10107,COCA COLA 290ML,,,1.000,20.00,0.00,20.00,0.00,20.00,0.00,Dine in,POS 1,Route 98 - Minimart,Owner,,,,Closed
17/08/2026 11:17,1-0145,Sale,FOOD,10126,SAN MARINO SPANISH STYLE TUNA,,,1.000,45.00,0.00,45.00,0.00,45.00,0.00,Dine in,POS 1,Route 98 - Minimart,Owner,,,,Closed
17/08/2026 09:26,1-0144,Sale,DRINKS,10192,STING STRWBRRY 320ML,,,1.000,25.00,0.00,25.00,0.00,25.00,0.00,Dine in,POS 1,Route 98 - Minimart,Owner,,,,Closed
17/08/2026 08:24,1-0143,Sale,DRINKS,10257,SUMMIT (1000ML),,,2.000,50.00,0.00,50.00,0.00,50.00,0.00,Dine in,POS 1,Route 98 - Minimart,Owner,,,,Closed
16/08/2026 22:20,1-0142,Sale,SNACKS,10161,TATTOOS CORN CHIPS CHEESE 58G,,,1.000,15.00,0.00,15.00,0.00,15.00,0.00,Dine in,POS 1,Route 98 - Minimart,Owner,,,,Closed
16/08/2026 22:20,1-0142,Sale,SNACKS,10160,TATTOOS CORN CHIPS SWEET CORN 58G,,,1.000,15.00,0.00,15.00,0.00,15.00,0.00,Dine in,POS 1,Route 98 - Minimart,Owner,,,,Closed
16/08/2026 22:20,1-0142,Sale,DRINKS,10119,VINO KULAFU 350,,,1.000,50.00,0.00,50.00,0.00,50.00,0.00,Dine in,POS 1,Route 98 - Minimart,Owner,,,,Closed
16/08/2026 21:43,1-0141,Sale,DRINKS,10194,GREAT TASTE STICK,,,2.000,10.00,0.00,10.00,5.42,4.58,0.00,Dine in,POS 1,Route 98 - Minimart,Owner,,,,Closed
16/08/2026 21:43,1-0141,Sale,DRINKS,10239,MOUNTAIN DEW (290ML),,,1.000,20.00,0.00,20.00,16.35,3.65,0.00,Dine in,POS 1,Route 98 - Minimart,Owner,,,,Closed
16/08/2026 21:15,1-0140,Sale,SNACKS,10154,PEEWEE SPICY CHILI 25G,,,1.000,10.00,0.00,10.00,0.00,10.00,0.00,Dine in,POS 1,Route 98 - Minimart,Owner,,,,Closed
16/08/2026 21:15,1-0140,Sale,SNACKS,10146,CRISPY PATATA 24G,,,1.000,10.00,0.00,10.00,0.00,10.00,0.00,Dine in,POS 1,Route 98 - Minimart,Owner,,,,Closed
16/08/2026 21:14,1-0139,Sale,DRINKS,10084,RED HORSE LITRO,,,1.000,140.00,0.00,140.00,120.00,20.00,0.00,Dine in,POS 1,Route 98 - Minimart,Owner,,,,Closed
16/08/2026 20:31,1-0138,Sale,DRINKS,10239,MOUNTAIN DEW (290ML),,,1.000,20.00,0.00,20.00,16.35,3.65,0.00,Dine in,POS 1,Route 98 - Minimart,Owner,,,,Closed
16/08/2026 20:31,1-0138,Sale,SNACKS,10196,natalicious,,,1.000,10.00,0.00,10.00,0.00,10.00,0.00,Dine in,POS 1,Route 98 - Minimart,Owner,,,,Closed
16/08/2026 20:25,1-0137,Sale,DRINKS,10129,C2 SOLO APPLE 230ML,,,1.000,17.00,0.00,17.00,0.00,17.00,0.00,Dine in,POS 1,Route 98 - Minimart,Owner,,,,Closed
16/08/2026 20:25,1-0137,Sale,DRINKS,98000108,VITAMILK(DOUBLECHOCO) 300ML,,,1.000,35.00,0.00,35.00,29.50,5.50,0.00,Dine in,POS 1,Route 98 - Minimart,Owner,,,,Closed
16/08/2026 18:40,2-0021,Sale,FOOD,10127,NESCAFE CREAMY WHITE TWIN PACK,,,3.000,45.00,0.00,45.00,0.00,45.00,0.00,Dine in,POS 2,Route 98 - Minimart,Owner,,,,Closed
16/08/2026 18:40,2-0021,Sale,FOOD,10171,ENERGEN VNLA,,,3.000,36.00,0.00,36.00,25.35,10.65,0.00,Dine in,POS 2,Route 98 - Minimart,Owner,,,,Closed
16/08/2026 18:40,2-0021,Sale,FOOD,10128,NESCAFE ORIGINAL TWIN PACK,,,3.000,45.00,0.00,45.00,0.00,45.00,0.00,Dine in,POS 2,Route 98 - Minimart,Owner,,,,Closed
16/08/2026 18:12,2-0020,Sale,DRINKS,10129,C2 SOLO APPLE 230ML,,,1.000,17.00,0.00,17.00,0.00,17.00,0.00,Dine in,POS 2,Route 98 - Minimart,Owner,,,,Closed
16/08/2026 18:01,1-0136,Sale,DRINKS,10257,SUMMIT (1000ML),,,1.000,25.00,0.00,25.00,0.00,25.00,0.00,Dine in,POS 1,Route 98 - Minimart,Owner,,,,Closed
16/08/2026 17:49,1-0135,Sale,SNACKS,10156,PEEWEE PZZA SUPREME,,,1.000,10.00,0.00,10.00,0.00,10.00,0.00,Dine in,POS 1,Route 98 - Minimart,Owner,,,,Closed
16/08/2026 17:32,1-0134,Sale,HOME ESSENTIALS,10249,UNILOVE SQUALANE WIPES,,,1.000,40.00,0.00,40.00,24.50,15.50,0.00,Dine in,POS 1,Route 98 - Minimart,Owner,,,,Closed
16/08/2026 17:32,1-0134,Sale,SNACKS,10203,NIPS PEANUT 14G,,,3.000,24.00,0.00,24.00,17.61,6.39,0.00,Dine in,POS 1,Route 98 - Minimart,Owner,,,,Closed
16/08/2026 17:31,1-0133,Sale,SNACKS,10156,PEEWEE PZZA SUPREME,,,1.000,10.00,0.00,10.00,0.00,10.00,0.00,Dine in,POS 1,Route 98 - Minimart,Owner,,,,Closed
16/08/2026 17:31,1-0133,Sale,SNACKS,98000071,MANG JUAN SUKAT SILI 26G,,,1.000,10.00,0.00,10.00,0.00,10.00,0.00,Dine in,POS 1,Route 98 - Minimart,Owner,,,,Closed
16/08/2026 17:01,1-0132,Sale,DRINKS,10257,SUMMIT (1000ML),,,2.000,50.00,0.00,50.00,0.00,50.00,0.00,Dine in,POS 1,Route 98 - Minimart,Owner,,,,Cancelled
16/08/2026 16:51,2-0019,Sale,DRINKS,10252,STING 290ML,,,1.000,20.00,0.00,20.00,16.75,3.25,0.00,Dine in,POS 2,Route 98 - Minimart,Owner,,,,Closed
16/08/2026 16:51,2-0019,Sale,DRINKS,98000047,WILKINS PURE 500,,,1.000,15.00,0.00,15.00,0.00,15.00,0.00,Dine in,POS 2,Route 98 - Minimart,Owner,,,,Closed
16/08/2026 16:32,2-0018,Sale,FOOD,10229,NISSIN CUP NOODLES SPCYSF,,,2.000,60.00,0.00,60.00,44.02,15.98,0.00,Dine in,POS 2,Route 98 - Minimart,Owner,,,,Closed
16/08/2026 16:23,2-0017,Sale,SNACKS,10137,OISHI ONION RNGS,,,1.000,10.00,0.00,10.00,0.00,10.00,0.00,Dine in,POS 2,Route 98 - Minimart,Owner,,,,Closed
16/08/2026 16:19,2-0016,Sale,DRINKS,10112,NUTRIBOOST CHOCO 110,,,1.000,15.00,0.00,15.00,0.00,15.00,0.00,Dine in,POS 2,Route 98 - Minimart,Owner,,,,Closed
16/08/2026 16:19,2-0015,Sale,DRINKS,98000046,COCA COLA 1.75L,,,1.000,75.00,0.00,75.00,0.00,75.00,0.00,Dine in,POS 2,Route 98 - Minimart,Owner,,,,Closed
16/08/2026 16:17,2-0014,Sale,DRINKS,98000047,WILKINS PURE 500,,,1.000,15.00,0.00,15.00,0.00,15.00,0.00,Dine in,POS 2,Route 98 - Minimart,Owner,,,,Closed
16/08/2026 15:57,2-0013,Sale,,10235,"#misc",,,1.000,35.00,0.00,35.00,0.00,35.00,0.00,Dine in,POS 2,Route 98 - Minimart,Owner,,,,Closed
16/08/2026 15:57,2-0013,Sale,SNACKS,10140,OISHI RINBEE,,,1.000,10.00,0.00,10.00,0.00,10.00,0.00,Dine in,POS 2,Route 98 - Minimart,Owner,,,,Closed
16/08/2026 15:57,2-0013,Sale,SNACKS,10156,PEEWEE PZZA SUPREME,,,1.000,10.00,0.00,10.00,0.00,10.00,0.00,Dine in,POS 2,Route 98 - Minimart,Owner,,,,Closed
16/08/2026 15:57,2-0013,Sale,SNACKS,10154,PEEWEE SPICY CHILI 25G,,,1.000,10.00,0.00,10.00,0.00,10.00,0.00,Dine in,POS 2,Route 98 - Minimart,Owner,,,,Closed
16/08/2026 15:57,2-0013,Sale,SNACKS,10231,CLOUD 9 CLASSIC,,,2.000,20.00,0.00,20.00,12.70,7.30,0.00,Dine in,POS 2,Route 98 - Minimart,Owner,,,,Closed
16/08/2026 15:57,2-0013,Sale,SNACKS,10203,NIPS PEANUT 14G,,,2.000,16.00,0.00,16.00,11.74,4.26,0.00,Dine in,POS 2,Route 98 - Minimart,Owner,,,,Closed
16/08/2026 15:49,2-0012,Sale,DRINKS,10116,COCA COLA 1L,,,1.000,50.00,0.00,50.00,0.00,50.00,0.00,Dine in,POS 2,Route 98 - Minimart,Owner,,,,Closed
16/08/2026 15:37,2-0011,Sale,DRINKS,10129,C2 SOLO APPLE 230ML,,,1.000,17.00,0.00,17.00,0.00,17.00,0.00,Dine in,POS 2,Route 98 - Minimart,Owner,,,,Closed
16/08/2026 15:35,2-0010,Sale,DRINKS,10109,COCA COLA 190ML,,,1.000,15.00,0.00,15.00,0.00,15.00,0.00,Dine in,POS 2,Route 98 - Minimart,Owner,,,,Closed
16/08/2026 15:28,2-0009,Sale,DRINKS,10113,NUTRIBOOST STRWBRRY 110,,,1.000,15.00,0.00,15.00,0.00,15.00,0.00,Dine in,POS 2,Route 98 - Minimart,Owner,,,,Closed
16/08/2026 15:27,2-0008,Sale,DRINKS,10257,SUMMIT (1000ML),,,1.000,25.00,0.00,25.00,0.00,25.00,0.00,Dine in,POS 2,Route 98 - Minimart,Owner,,,,Closed
16/08/2026 15:19,2-0007,Sale,SNACKS,10138,CHEEZ IT,,,1.000,9.00,0.00,9.00,0.00,9.00,0.00,Dine in,POS 2,Route 98 - Minimart,Owner,,,,Closed
16/08/2026 15:17,2-0006,Sale,DRINKS,10238,GATORADE (BLUE BOLT) 500ML,,,1.000,45.00,0.00,45.00,42.00,3.00,0.00,Dine in,POS 2,Route 98 - Minimart,Owner,,,,Closed
16/08/2026 15:17,2-0006,Sale,DRINKS,10257,SUMMIT (1000ML),,,3.000,75.00,0.00,75.00,0.00,75.00,0.00,Dine in,POS 2,Route 98 - Minimart,Owner,,,,Closed
16/08/2026 15:17,2-0006,Sale,SNACKS,10203,NIPS PEANUT 14G,,,3.000,24.00,0.00,24.00,17.61,6.39,0.00,Dine in,POS 2,Route 98 - Minimart,Owner,,,,Closed
16/08/2026 15:17,2-0006,Sale,SNACKS,10206,NIPS MILK CHOCO 14G,,,3.000,24.00,0.00,24.00,17.61,6.39,0.00,Dine in,POS 2,Route 98 - Minimart,Owner,,,,Closed
16/08/2026 14:48,2-0005,Sale,DRINKS,10241,COBRA ASTIG 330ML,,,1.000,25.00,0.00,25.00,20.00,5.00,0.00,Dine in,POS 2,Route 98 - Minimart,Owner,,,,Closed
16/08/2026 14:37,2-0004,Sale,DRINKS,98000108,VITAMILK(DOUBLECHOCO) 300ML,,,1.000,32.00,0.00,32.00,29.50,2.50,0.00,Dine in,POS 2,Route 98 - Minimart,Owner,,,,Closed
16/08/2026 14:32,2-0003,Sale,SNACKS,10152,MOBY CARAMEL,,,2.000,20.00,0.00,20.00,0.00,20.00,0.00,Dine in,POS 2,Route 98 - Minimart,Owner,,,,Closed
16/08/2026 14:32,2-0003,Sale,DRINKS,98000108,VITAMILK(DOUBLECHOCO) 300ML,,,1.000,38.00,0.00,38.00,29.50,8.50,0.00,Dine in,POS 2,Route 98 - Minimart,Owner,,,,Closed
16/08/2026 14:23,2-0002,Sale,DRINKS,10116,COCA COLA 1L,,,1.000,50.00,0.00,50.00,0.00,50.00,0.00,Dine in,POS 2,Route 98 - Minimart,Owner,,,,Closed
16/08/2026 14:23,2-0002,Sale,SNACKS,10152,MOBY CARAMEL,,,1.000,10.00,0.00,10.00,0.00,10.00,0.00,Dine in,POS 2,Route 98 - Minimart,Owner,,,,Closed
16/08/2026 14:11,2-0001,Sale,,10235,"#misc",,,1.000,90.00,0.00,90.00,0.00,90.00,0.00,,POS 2,Route 98 - Minimart,Owner,,,,Closed
16/08/2026 12:34,1-0131,Sale,SNACKS,98000121,PRESTO PEANUT BUTTER,,,1.000,10.00,0.00,10.00,6.13,3.87,0.00,Dine in,POS 1,Route 98 - Minimart,Owner,,,,Closed
16/08/2026 12:34,1-0131,Sale,DRINKS,10118,MINUTE MAID 250,,,1.000,12.00,0.00,12.00,0.00,12.00,0.00,Dine in,POS 1,Route 98 - Minimart,Owner,,,,Closed
16/08/2026 12:30,1-0130,Sale,DRINKS,10188,NATURE'S SPRING PURE 1000ML,,,1.000,25.00,0.00,25.00,15.50,9.50,0.00,Dine in,POS 1,Route 98 - Minimart,Owner,,,,Closed
16/08/2026 12:27,1-0129,Sale,DRINKS,10188,NATURE'S SPRING PURE 1000ML,,,1.000,25.00,0.00,25.00,15.50,9.50,0.00,Dine in,POS 1,Route 98 - Minimart,Owner,,,,Closed
16/08/2026 12:25,1-0128,Sale,SNACKS,10236,FRUIT SALAD,,,2.000,16.00,0.00,16.00,11.50,4.50,0.00,Dine in,POS 1,Route 98 - Minimart,Owner,,,,Closed
16/08/2026 12:25,1-0128,Sale,SNACKS,10195,MAGIC CHIPS CHEESE,,,2.000,20.00,0.00,20.00,15.84,4.16,0.00,Dine in,POS 1,Route 98 - Minimart,Owner,,,,Closed
16/08/2026 08:59,1-0127,Sale,SNACKS,10186,SUPER CRUNCH CHEESE 5G,,,1.000,12.00,0.00,12.00,0.00,12.00,0.00,Dine in,POS 1,Route 98 - Minimart,Owner,,,,Closed
16/08/2026 08:59,1-0127,Sale,DRINKS,10192,STING STRWBRRY 320ML,,,1.000,25.00,0.00,25.00,0.00,25.00,0.00,Dine in,POS 1,Route 98 - Minimart,Owner,,,,Closed
16/08/2026 08:59,1-0127,Sale,HOME ESSENTIALS,10044,FUEGO MATCH - PIECE,,,1.000,3.00,0.00,3.00,0.00,3.00,0.00,Dine in,POS 1,Route 98 - Minimart,Owner,,,,Closed
15/08/2026 22:17,1-0126,Sale,DRINKS,10121,FUNDADOR LIGHT,,,1.000,420.00,0.00,420.00,0.00,420.00,0.00,Dine in,POS 1,Route 98 - Minimart,Owner,,,,Closed
15/08/2026 21:25,1-0125,Sale,Cleaning/Laundry Supplies,10024,DOWNY ANTIBAC,,,10.000,90.00,0.00,90.00,0.00,90.00,0.00,Dine in,POS 1,Route 98 - Minimart,Owner,,,,Closed
15/08/2026 20:54,1-0124,Sale,SNACKS,10196,natalicious,,,4.000,40.00,0.00,40.00,0.00,40.00,0.00,Dine in,POS 1,Route 98 - Minimart,Owner,,,,Closed
15/08/2026 20:54,1-0124,Sale,SNACKS,10184,HIHO GARLIC,,,10.000,20.00,0.00,20.00,0.00,20.00,0.00,Dine in,POS 1,Route 98 - Minimart,Owner,,,,Closed
15/08/2026 18:44,1-0123,Sale,DRINKS,10188,NATURE'S SPRING PURE 1000ML,,,1.000,25.00,0.00,25.00,15.50,9.50,0.00,Dine in,POS 1,Route 98 - Minimart,Owner,,,,Closed
15/08/2026 17:52,1-0122,Sale,SNACKS,10149,NOVA COUNTRY CHEDDAR 20G,,,1.000,8.00,0.00,8.00,0.00,8.00,0.00,Dine in,POS 1,Route 98 - Minimart,Owner,,,,Closed
15/08/2026 17:51,1-0121,Sale,DRINKS,10118,MINUTE MAID 250,,,1.000,12.00,0.00,12.00,0.00,12.00,0.00,Dine in,POS 1,Route 98 - Minimart,Owner,,,,Closed
15/08/2026 17:34,1-0120,Sale,DRINKS,10113,NUTRIBOOST STRWBRRY 110,,,1.000,15.00,0.00,15.00,0.00,15.00,0.00,Dine in,POS 1,Route 98 - Minimart,Owner,,,,Closed
15/08/2026 17:34,1-0120,Sale,DRINKS,10129,C2 SOLO APPLE 230ML,,,1.000,17.00,0.00,17.00,0.00,17.00,0.00,Dine in,POS 1,Route 98 - Minimart,Owner,,,,Closed
15/08/2026 17:33,1-0119,Sale,DRINKS,10107,COCA COLA 290ML,,,1.000,20.00,0.00,20.00,0.00,20.00,0.00,Dine in,POS 1,Route 98 - Minimart,Owner,,,,Closed
15/08/2026 17:33,1-0119,Sale,SNACKS,10152,MOBY CARAMEL,,,1.000,10.00,0.00,10.00,0.00,10.00,0.00,Dine in,POS 1,Route 98 - Minimart,Owner,,,,Closed
15/08/2026 15:20,1-0118,Sale,DRINKS,10188,NATURE'S SPRING PURE 1000ML,,,1.000,25.00,0.00,25.00,15.50,9.50,0.00,Dine in,POS 1,Route 98 - Minimart,Owner,,,,Closed
15/08/2026 15:20,1-0118,Sale,SNACKS,10219,MR CHIPS MANAMIS MAIS 45G,,,1.000,12.00,0.00,12.00,8.19,3.81,0.00,Dine in,POS 1,Route 98 - Minimart,Owner,,,,Closed
15/08/2026 14:45,1-0117,Sale,DRINKS,10129,C2 SOLO APPLE 230ML,,,2.000,34.00,0.00,34.00,0.00,34.00,0.00,Dine in,POS 1,Route 98 - Minimart,Owner,,,,Closed
15/08/2026 14:32,1-0116,Sale,DRINKS,10129,C2 SOLO APPLE 230ML,,,2.000,34.00,0.00,34.00,0.00,34.00,0.00,Dine in,POS 1,Route 98 - Minimart,Owner,,,,Closed
15/08/2026 14:32,1-0116,Sale,DRINKS,10113,NUTRIBOOST STRWBRRY 110,,,2.000,30.00,0.00,30.00,0.00,30.00,0.00,Dine in,POS 1,Route 98 - Minimart,Owner,,,,Closed
15/08/2026 14:32,1-0116,Sale,DRINKS,10188,NATURE'S SPRING PURE 1000ML,,,1.000,25.00,0.00,25.00,15.50,9.50,0.00,Dine in,POS 1,Route 98 - Minimart,Owner,,,,Closed
15/08/2026 14:32,1-0116,Sale,SNACKS,10147,PIATTOS CHEESE 40G,,,1.000,20.00,0.00,20.00,0.00,20.00,0.00,Dine in,POS 1,Route 98 - Minimart,Owner,,,,Closed
15/08/2026 14:32,1-0116,Sale,SNACKS,10215,MANG JUAN SUKAT SILI 90G,,,1.000,29.50,0.00,29.50,22.50,7.00,0.00,Dine in,POS 1,Route 98 - Minimart,Owner,,,,Closed
15/08/2026 13:45,1-0115,Sale,SNACKS,10214,MAGIC CREAMS BUTTER,,,1.000,9.00,0.00,9.00,5.55,3.45,0.00,Dine in,POS 1,Route 98 - Minimart,Owner,,,,Closed
15/08/2026 13:07,1-0114,Sale,DRINKS,10237,1 Case Softdrinks,,,3.000,660.00,0.00,660.00,630.00,30.00,0.00,Dine in,POS 1,Route 98 - Minimart,Owner,,,,Closed
15/08/2026 12:52,1-0113,Sale,DRINKS,10191,GATORADE TROPICAL FRUIT 500ML,,,1.000,50.00,0.00,50.00,0.00,50.00,0.00,Dine in,POS 1,Route 98 - Minimart,Owner,,,,Closed
15/08/2026 12:31,1-0112,Sale,DRINKS,10107,COCA COLA 290ML,,,2.000,40.00,0.00,40.00,0.00,40.00,0.00,Dine in,POS 1,Route 98 - Minimart,Owner,,,,Closed
15/08/2026 12:31,1-0112,Sale,HOME ESSENTIALS,10044,FUEGO MATCH - PIECE,,,1.000,3.00,0.00,3.00,0.00,3.00,0.00,Dine in,POS 1,Route 98 - Minimart,Owner,,,,Closed
15/08/2026 11:42,1-0111,Sale,DRINKS,10118,MINUTE MAID 250,,,1.000,12.00,0.00,12.00,0.00,12.00,0.00,Dine in,POS 1,Route 98 - Minimart,Owner,,,,Closed
15/08/2026 10:46,1-0110,Sale,FOOD,10166,LUCKYME PANCITCANTON ORIG,,,2.000,30.00,0.00,30.00,0.00,30.00,0.00,Dine in,POS 1,Route 98 - Minimart,Owner,,,,Closed
15/08/2026 10:38,1-0109,Sale,DRINKS,10118,MINUTE MAID 250,,,1.000,12.00,0.00,12.00,0.00,12.00,0.00,Dine in,POS 1,Route 98 - Minimart,Owner,,,,Closed
15/08/2026 10:35,1-0108,Sale,DRINKS,10192,STING STRWBRRY 320ML,,,1.000,25.00,0.00,25.00,0.00,25.00,0.00,Dine in,POS 1,Route 98 - Minimart,Owner,,,,Closed
15/08/2026 10:35,1-0107,Sale,DRINKS,10192,STING STRWBRRY 320ML,,,1.000,25.00,0.00,25.00,0.00,25.00,0.00,Dine in,POS 1,Route 98 - Minimart,Owner,,,,Closed
15/08/2026 10:35,1-0107,Sale,DRINKS,10111,LIFT BERRY BOLT 320,,,1.000,18.00,0.00,18.00,0.00,18.00,0.00,Dine in,POS 1,Route 98 - Minimart,Owner,,,,Closed
15/08/2026 10:35,1-0107,Sale,SNACKS,10207,PRESTO CHOCO,,,2.000,20.00,0.00,20.00,12.26,7.74,0.00,Dine in,POS 1,Route 98 - Minimart,Owner,,,,Closed
14/08/2026 21:34,1-0106,Sale,DRINKS,10116,COCA COLA 1L,,,1.000,50.00,0.00,50.00,0.00,50.00,0.00,Dine in,POS 1,Route 98 - Minimart,Owner,,,,Closed
14/08/2026 21:16,1-0105,Sale,DRINKS,10085,SM FLAVORED BEER APPLE,,,1.000,53.00,0.00,53.00,41.00,12.00,0.00,Dine in,POS 1,Route 98 - Minimart,Owner,,,,Closed
14/08/2026 21:00,1-0104,Sale,DRINKS,10230,REFRESH 500ML,,,1.000,12.00,0.00,12.00,8.65,3.35,0.00,Dine in,POS 1,Route 98 - Minimart,Owner,,,,Closed
14/08/2026 20:52,1-0103,Sale,DRINKS,10085,SM FLAVORED BEER APPLE,,,2.000,106.00,0.00,106.00,82.00,24.00,0.00,Dine in,POS 1,Route 98 - Minimart,Owner,,,,Closed
14/08/2026 20:52,1-0103,Sale,,10235,"#misc",,,1.000,60.00,0.00,60.00,0.00,60.00,0.00,Dine in,POS 1,Route 98 - Minimart,Owner,,,,Closed
14/08/2026 20:30,1-0102,Sale,DRINKS,10188,NATURE'S SPRING PURE 1000ML,,,1.000,25.00,0.00,25.00,15.50,9.50,0.00,Dine in,POS 1,Route 98 - Minimart,Owner,,,,Closed
14/08/2026 20:11,1-0101,Sale,DRINKS,10107,COCA COLA 290ML,,,1.000,20.00,0.00,20.00,0.00,20.00,0.00,Dine in,POS 1,Route 98 - Minimart,Owner,,,,Closed
14/08/2026 19:27,1-0100,Sale,DRINKS,10107,COCA COLA 290ML,,,1.000,20.00,0.00,20.00,0.00,20.00,0.00,Dine in,POS 1,Route 98 - Minimart,Owner,,,,Closed
14/08/2026 19:18,1-0099,Sale,SNACKS,98000121,PRESTO PEANUT BUTTER,,,2.000,20.00,0.00,20.00,12.26,7.74,0.00,Dine in,POS 1,Route 98 - Minimart,Owner,,,,Closed
14/08/2026 18:28,1-0098,Sale,DRINKS,98000046,COCA COLA 1.75L,,,1.000,75.00,0.00,75.00,0.00,75.00,0.00,Dine in,POS 1,Route 98 - Minimart,Owner,,,,Closed
14/08/2026 18:28,1-0098,Sale,DRINKS,10188,NATURE'S SPRING PURE 1000ML,,,1.000,25.00,0.00,25.00,15.50,9.50,0.00,Dine in,POS 1,Route 98 - Minimart,Owner,,,,Closed
14/08/2026 18:28,1-0098,Sale,SNACKS,10207,PRESTO CHOCO,,,2.000,20.00,0.00,20.00,12.26,7.74,0.00,Dine in,POS 1,Route 98 - Minimart,Owner,,,,Closed
14/08/2026 18:21,1-0097,Sale,SNACKS,10196,natalicious,,,1.000,10.00,0.00,10.00,0.00,10.00,0.00,Dine in,POS 1,Route 98 - Minimart,Owner,,,,Closed
14/08/2026 17:57,1-0096,Sale,SNACKS,10180,BLACK CHILI BBQ 7G,,,6.000,12.00,0.00,12.00,0.00,12.00,0.00,Dine in,POS 1,Route 98 - Minimart,Owner,,,,Closed
14/08/2026 17:57,1-0096,Sale,SNACKS,10181,HAPPY HOT N SPICY,,,10.000,20.00,0.00,20.00,0.00,20.00,0.00,Dine in,POS 1,Route 98 - Minimart,Owner,,,,Closed
14/08/2026 17:55,1-0095,Sale,DRINKS,10190,GATORADE BLUE BOLT 350ML,,,1.000,38.00,0.00,38.00,0.00,38.00,0.00,Dine in,POS 1,Route 98 - Minimart,Owner,,,,Closed
14/08/2026 17:55,1-0095,Sale,SNACKS,10207,PRESTO CHOCO,,,1.000,10.00,0.00,10.00,6.13,3.87,0.00,Dine in,POS 1,Route 98 - Minimart,Owner,,,,Closed
14/08/2026 17:36,1-0094,Sale,DRINKS,10118,MINUTE MAID 250,,,1.000,12.00,0.00,12.00,0.00,12.00,0.00,Dine in,POS 1,Route 98 - Minimart,Owner,,,,Closed
14/08/2026 17:15,1-0093,Sale,DRINKS,10107,COCA COLA 290ML,,,1.000,20.00,0.00,20.00,0.00,20.00,0.00,Dine in,POS 1,Route 98 - Minimart,Owner,,,,Closed
14/08/2026 17:15,1-0093,Sale,DRINKS,10118,MINUTE MAID 250,,,1.000,12.00,0.00,12.00,0.00,12.00,0.00,Dine in,POS 1,Route 98 - Minimart,Owner,,,,Closed
14/08/2026 12:09,1-0092,Sale,DRINKS,10190,GATORADE BLUE BOLT 350ML,,,1.000,38.00,0.00,38.00,0.00,38.00,0.00,Dine in,POS 1,Route 98 - Minimart,Owner,,,,Closed
14/08/2026 12:09,1-0092,Sale,DRINKS,10129,C2 SOLO APPLE 230ML,,,1.000,17.00,0.00,17.00,0.00,17.00,0.00,Dine in,POS 1,Route 98 - Minimart,Owner,,,,Closed
14/08/2026 12:09,1-0092,Sale,SNACKS,10155,DINGDONG MIXED NUT 30G,,,1.000,5.00,0.00,5.00,0.00,5.00,0.00,Dine in,POS 1,Route 98 - Minimart,Owner,,,,Closed
14/08/2026 11:46,1-0091,Sale,FOOD,10233,LA MIA TUNA AFRTDA,,,1.000,38.00,0.00,38.00,33.18,4.82,0.00,Dine in,POS 1,Route 98 - Minimart,Owner,,,,Closed
14/08/2026 10:55,1-0090,Sale,DRINKS,10230,REFRESH 500ML,,,2.000,24.00,0.00,24.00,17.30,6.70,0.00,Dine in,POS 1,Route 98 - Minimart,Owner,,,,Closed
14/08/2026 10:32,1-0089,Sale,SNACKS,10218,MR CHIPS NACHO CHEESE 98G,,,1.000,30.00,0.00,30.00,22.50,7.50,0.00,Dine in,POS 1,Route 98 - Minimart,Owner,,,,Closed
14/08/2026 10:32,1-0089,Sale,SNACKS,10217,CHIPPY BBQ 108G,,,1.000,30.00,0.00,30.00,24.63,5.37,0.00,Dine in,POS 1,Route 98 - Minimart,Owner,,,,Closed
14/08/2026 10:32,1-0089,Sale,DRINKS,10118,MINUTE MAID 250,,,1.000,12.00,0.00,12.00,0.00,12.00,0.00,Dine in,POS 1,Route 98 - Minimart,Owner,,,,Closed
14/08/2026 10:21,1-0088,Sale,DRINKS,98000047,WILKINS PURE 500,,,2.000,30.00,0.00,30.00,0.00,30.00,0.00,Dine in,POS 1,Route 98 - Minimart,Owner,,,,Closed
13/08/2026 21:55,1-0087,Sale,DRINKS,10116,COCA COLA 1L,,,1.000,50.00,0.00,50.00,0.00,50.00,0.00,Dine in,POS 1,Route 98 - Minimart,Owner,,,,Closed
13/08/2026 21:55,1-0087,Sale,DRINKS,10188,NATURE'S SPRING PURE 1000ML,,,1.000,25.00,0.00,25.00,15.50,9.50,0.00,Dine in,POS 1,Route 98 - Minimart,Owner,,,,Closed
13/08/2026 21:55,1-0086,Sale,HOME ESSENTIALS,10076,MEGASOFT TISSUE,,,2.000,35.00,0.00,35.00,0.00,35.00,0.00,Dine in,POS 1,Route 98 - Minimart,Owner,,,,Closed
13/08/2026 21:55,1-0086,Sale,DRINKS,10129,C2 SOLO APPLE 230ML,,,2.000,34.00,0.00,34.00,0.00,34.00,0.00,Dine in,POS 1,Route 98 - Minimart,Owner,,,,Closed
13/08/2026 15:06,1-0085,Sale,HOME ESSENTIALS,10076,MEGASOFT TISSUE,,,2.000,35.00,0.00,35.00,0.00,35.00,0.00,Dine in,POS 1,Route 98 - Minimart,Owner,,,,Closed
12/08/2026 21:34,1-0084,Sale,DRINKS,10190,GATORADE BLUE BOLT 350ML,,,3.000,114.00,0.00,114.00,0.00,114.00,0.00,Dine in,POS 1,Route 98 - Minimart,Owner,,,,Closed
12/08/2026 21:34,1-0084,Sale,SNACKS,10157,SWEETCHILI CHPS BBQ,,,1.000,12.00,0.00,12.00,0.00,12.00,0.00,Dine in,POS 1,Route 98 - Minimart,Owner,,,,Closed
12/08/2026 21:07,1-0083,Sale,Cleaning/Laundry Supplies,10024,DOWNY ANTIBAC,,,5.000,45.00,0.00,45.00,0.00,45.00,0.00,Dine in,POS 1,Route 98 - Minimart,Owner,,,,Closed
12/08/2026 21:07,1-0083,Sale,Cleaning/Laundry Supplies,10105,SURF POWDER KALAMANSI,,,9.000,90.00,0.00,90.00,0.00,90.00,0.00,Dine in,POS 1,Route 98 - Minimart,Owner,,,,Closed
12/08/2026 21:07,1-0083,Sale,FOOD,10171,ENERGEN VNLA,,,3.000,36.00,0.00,36.00,0.00,36.00,0.00,Dine in,POS 1,Route 98 - Minimart,Owner,,,,Closed
12/08/2026 21:07,1-0083,Sale,FOOD,10127,NESCAFE CREAMY WHITE TWIN PACK,,,3.000,45.00,0.00,45.00,0.00,45.00,0.00,Dine in,POS 1,Route 98 - Minimart,Owner,,,,Closed
12/08/2026 21:07,1-0083,Sale,FOOD,10128,NESCAFE ORIGINAL TWIN PACK,,,3.000,45.00,0.00,45.00,0.00,45.00,0.00,Dine in,POS 1,Route 98 - Minimart,Owner,,,,Closed
12/08/2026 21:04,1-0082,Sale,DRINKS,98000046,COCA COLA 1.75L,,,1.000,75.00,0.00,75.00,0.00,75.00,0.00,Dine in,POS 1,Route 98 - Minimart,Owner,,,,Closed
12/08/2026 21:04,1-0082,Sale,SNACKS,10149,NOVA COUNTRY CHEDDAR 20G,,,3.000,24.00,0.00,24.00,0.00,24.00,0.00,Dine in,POS 1,Route 98 - Minimart,Owner,,,,Closed
12/08/2026 21:02,1-0081,Sale,DRINKS,10107,COCA COLA 290ML,,,1.000,20.00,0.00,20.00,0.00,20.00,0.00,Dine in,POS 1,Route 98 - Minimart,Owner,,,,Closed
12/08/2026 15:37,1-0080,Sale,DRINKS,10117,ROYAL 190,,,1.000,15.00,0.00,15.00,0.00,15.00,0.00,Dine in,POS 1,Route 98 - Minimart,Owner,,,,Closed
12/08/2026 15:37,1-0080,Sale,SNACKS,10211,MAGIC CREAMS PEANUT BUTTER,,,1.000,9.00,0.00,9.00,5.55,3.45,0.00,Dine in,POS 1,Route 98 - Minimart,Owner,,,,Closed
12/08/2026 14:31,1-0079,Sale,DRINKS,10111,LIFT BERRY BOLT 320,,,1.000,18.00,0.00,18.00,0.00,18.00,0.00,Dine in,POS 1,Route 98 - Minimart,Owner,,,,Closed
12/08/2026 14:24,1-0078,Sale,DRINKS,10188,NATURE'S SPRING PURE 1000ML,,,1.000,25.00,0.00,25.00,15.50,9.50,0.00,Dine in,POS 1,Route 98 - Minimart,Owner,,,,Closed
12/08/2026 12:19,1-0077,Sale,SNACKS,10231,CLOUD 9 CLASSIC,,,1.000,10.00,0.00,10.00,6.35,3.65,0.00,Dine in,POS 1,Route 98 - Minimart,Owner,,,,Closed
12/08/2026 11:49,1-0076,Sale,DRINKS,10116,COCA COLA 1L,,,1.000,50.00,0.00,50.00,0.00,50.00,0.00,Dine in,POS 1,Route 98 - Minimart,Owner,,,,Closed
12/08/2026 11:43,1-0075,Sale,DRINKS,10107,COCA COLA 290ML,,,1.000,20.00,0.00,20.00,0.00,20.00,0.00,Dine in,POS 1,Route 98 - Minimart,Owner,,,,Closed
12/08/2026 10:40,1-0074,Sale,DRINKS,10129,C2 SOLO APPLE 230ML,,,1.000,17.00,0.00,17.00,0.00,17.00,0.00,Dine in,POS 1,Route 98 - Minimart,Owner,,,,Closed
12/08/2026 10:40,1-0074,Sale,SNACKS,10150,RICHEE,,,2.000,20.00,0.00,20.00,0.00,20.00,0.00,Dine in,POS 1,Route 98 - Minimart,Owner,,,,Closed
12/08/2026 10:40,1-0074,Sale,FEMININE CARE,10032,SISTERS DRY MAXI 8,,,1.000,28.00,0.00,28.00,0.00,28.00,0.00,Dine in,POS 1,Route 98 - Minimart,Owner,,,,Closed
12/08/2026 10:40,1-0074,Sale,SNACKS,10195,MAGIC CHIPS CHEESE,,,1.000,10.00,0.00,10.00,7.92,2.08,0.00,Dine in,POS 1,Route 98 - Minimart,Owner,,,,Closed
12/08/2026 08:53,1-0073,Sale,DRINKS,10188,NATURE'S SPRING PURE 1000ML,,,1.000,25.00,0.00,25.00,15.50,9.50,0.00,Dine in,POS 1,Route 98 - Minimart,Owner,,,,Closed
12/08/2026 08:46,1-0072,Sale,DRINKS,10192,STING STRWBRRY 320ML,,,1.000,25.00,0.00,25.00,0.00,25.00,0.00,Dine in,POS 1,Route 98 - Minimart,Owner,,,,Closed
11/08/2026 20:44,1-0071,Sale,DRINKS,10109,COCA COLA 190ML,,,1.000,15.00,0.00,15.00,0.00,15.00,0.00,Dine in,POS 1,Route 98 - Minimart,Owner,,,,Closed
11/08/2026 20:26,1-0070,Sale,DRINKS,10230,REFRESH 500ML,,,1.000,8.65,0.00,8.65,15.00,-6.35,0.00,Dine in,POS 1,Route 98 - Minimart,Owner,,,,Closed
11/08/2026 20:26,1-0070,Sale,DRINKS,10116,COCA COLA 1L,,,1.000,50.00,0.00,50.00,0.00,50.00,0.00,Dine in,POS 1,Route 98 - Minimart,Owner,,,,Closed
11/08/2026 19:02,1-0069,Sale,FOOD,10166,LUCKYME PANCITCANTON ORIG,,,1.000,15.00,0.00,15.00,0.00,15.00,0.00,Dine in,POS 1,Route 98 - Minimart,Owner,,,,Closed
11/08/2026 18:55,1-0068,Sale,Cleaning/Laundry Supplies,10104,WINGS POWDER BLUE 57G,,,3.000,24.00,0.00,24.00,0.00,24.00,0.00,Dine in,POS 1,Route 98 - Minimart,Owner,,,,Closed
11/08/2026 18:55,1-0068,Sale,DRINKS,10112,NUTRIBOOST CHOCO 110,,,2.000,30.00,0.00,30.00,0.00,30.00,0.00,Dine in,POS 1,Route 98 - Minimart,Owner,,,,Closed
11/08/2026 18:55,1-0068,Sale,DRINKS,10192,STING STRWBRRY 320ML,,,1.000,25.00,0.00,25.00,0.00,25.00,0.00,Dine in,POS 1,Route 98 - Minimart,Owner,,,,Closed
11/08/2026 18:55,1-0068,Sale,DRINKS,10118,MINUTE MAID 250,,,1.000,12.00,0.00,12.00,0.00,12.00,0.00,Dine in,POS 1,Route 98 - Minimart,Owner,,,,Closed
11/08/2026 16:38,1-0067,Sale,SNACKS,10150,RICHEE,,,1.000,10.00,0.00,10.00,0.00,10.00,0.00,Dine in,POS 1,Route 98 - Minimart,Owner,,,,Closed
11/08/2026 16:38,1-0067,Sale,SNACKS,10143,CHIPPY BBQ 25G,,,1.000,10.00,0.00,10.00,0.00,10.00,0.00,Dine in,POS 1,Route 98 - Minimart,Owner,,,,Closed
11/08/2026 16:38,1-0067,Sale,SNACKS,10153,DINGDONG MIXED NUTS 100G,,,1.000,28.00,0.00,28.00,0.00,28.00,0.00,Dine in,POS 1,Route 98 - Minimart,Owner,,,,Closed
11/08/2026 16:38,1-0067,Sale,DRINKS,10107,COCA COLA 290ML,,,2.000,40.00,0.00,40.00,0.00,40.00,0.00,Dine in,POS 1,Route 98 - Minimart,Owner,,,,Closed
11/08/2026 16:38,1-0067,Sale,DRINKS,10129,C2 SOLO APPLE 230ML,,,2.000,34.00,0.00,34.00,0.00,34.00,0.00,Dine in,POS 1,Route 98 - Minimart,Owner,,,,Closed
11/08/2026 16:38,1-0067,Sale,DRINKS,10188,NATURE'S SPRING PURE 1000ML,,,1.000,25.00,0.00,25.00,15.50,9.50,0.00,Dine in,POS 1,Route 98 - Minimart,Owner,,,,Closed
11/08/2026 16:38,1-0067,Sale,SNACKS,10163,SUPER CRUNCH SPECIAL CHIP CHARON 32G,,,1.000,12.00,0.00,12.00,0.00,12.00,0.00,Dine in,POS 1,Route 98 - Minimart,Owner,,,,Closed
11/08/2026 16:35,1-0066,Sale,DRINKS,10193,YAKULT,,,2.000,30.00,0.00,30.00,0.00,30.00,0.00,Dine in,POS 1,Route 98 - Minimart,Owner,,,,Closed
11/08/2026 16:35,1-0066,Sale,DRINKS,10188,NATURE'S SPRING PURE 1000ML,,,1.000,25.00,0.00,25.00,15.50,9.50,0.00,Dine in,POS 1,Route 98 - Minimart,Owner,,,,Closed
11/08/2026 16:35,1-0066,Sale,DRINKS,10107,COCA COLA 290ML,,,1.000,20.00,0.00,20.00,0.00,20.00,0.00,Dine in,POS 1,Route 98 - Minimart,Owner,,,,Closed
11/08/2026 16:35,1-0066,Sale,DRINKS,10188,NATURE'S SPRING PURE 1000ML,,,2.000,50.00,0.00,50.00,31.00,19.00,0.00,Dine in,POS 1,Route 98 - Minimart,Owner,,,,Closed
11/08/2026 16:35,1-0066,Sale,DRINKS,10192,STING STRWBRRY 320ML,,,1.000,25.00,0.00,25.00,0.00,25.00,0.00,Dine in,POS 1,Route 98 - Minimart,Owner,,,,Closed
11/08/2026 16:35,1-0066,Sale,SNACKS,10177,SWTCHLI CRNCHPS BBQ 7G,,,1.000,12.00,0.00,12.00,0.00,12.00,0.00,Dine in,POS 1,Route 98 - Minimart,Owner,,,,Closed
11/08/2026 16:35,1-0066,Sale,SNACKS,10137,OISHI ONION RNGS,,,1.000,10.00,0.00,10.00,0.00,10.00,0.00,Dine in,POS 1,Route 98 - Minimart,Owner,,,,Closed
11/08/2026 16:35,1-0066,Sale,DRINKS,98000047,WILKINS PURE 500,,,1.000,15.00,0.00,15.00,0.00,15.00,0.00,Dine in,POS 1,Route 98 - Minimart,Owner,,,,Closed
11/08/2026 16:35,1-0066,Sale,SNACKS,10147,PIATTOS CHEESE 40G,,,1.000,20.00,0.00,20.00,0.00,20.00,0.00,Dine in,POS 1,Route 98 - Minimart,Owner,,,,Closed
11/08/2026 16:35,1-0066,Sale,DRINKS,10129,C2 SOLO APPLE 230ML,,,1.000,17.00,0.00,17.00,0.00,17.00,0.00,Dine in,POS 1,Route 98 - Minimart,Owner,,,,Closed
11/08/2026 16:35,1-0066,Sale,SNACKS,10160,TATTOOS CORN CHIPS SWEET CORN 58G,,,1.000,15.00,0.00,15.00,0.00,15.00,0.00,Dine in,POS 1,Route 98 - Minimart,Owner,,,,Closed
11/08/2026 16:35,1-0066,Sale,DRINKS,98000047,WILKINS PURE 500,,,1.000,15.00,0.00,15.00,0.00,15.00,0.00,Dine in,POS 1,Route 98 - Minimart,Owner,,,,Closed
11/08/2026 16:13,1-0065,Sale,DRINKS,10188,NATURE'S SPRING PURE 1000ML,,,1.000,25.00,0.00,25.00,15.50,9.50,0.00,Dine in,POS 1,Route 98 - Minimart,Owner,,,,Closed
11/08/2026 16:13,1-0065,Sale,SNACKS,10187,BLACK CHILI CORN CHIPS BBQ,,,1.000,12.00,0.00,12.00,0.00,12.00,0.00,Dine in,POS 1,Route 98 - Minimart,Owner,,,,Closed
10/08/2026 22:16,1-0064,Sale,SNACKS,10160,TATTOOS CORN CHIPS SWEET CORN 58G,,,1.000,15.00,0.00,15.00,0.00,15.00,0.00,Dine in,POS 1,Route 98 - Minimart,Owner,,,,Closed
10/08/2026 22:16,1-0064,Sale,SNACKS,10198,CHICK BOY ONION & GARLIC 30G,,,1.000,12.00,0.00,12.00,0.00,12.00,0.00,Dine in,POS 1,Route 98 - Minimart,Owner,,,,Closed
10/08/2026 22:16,1-0064,Sale,,10197,CHICK BOY TEXAS BBQ 30G,,,1.000,12.00,0.00,12.00,0.00,12.00,0.00,Dine in,POS 1,Route 98 - Minimart,Owner,,,,Closed
10/08/2026 22:16,1-0064,Sale,SNACKS,10148,MR. CHIPS  NACHO CHEEZE 4G,,,1.000,10.00,0.00,10.00,0.00,10.00,0.00,Dine in,POS 1,Route 98 - Minimart,Owner,,,,Closed
10/08/2026 22:16,1-0064,Sale,FOOD,10039,ODONG PACK,,,1.000,40.00,0.00,40.00,0.00,40.00,0.00,Dine in,POS 1,Route 98 - Minimart,Owner,,,,Closed
10/08/2026 22:16,1-0064,Sale,FOOD,10041,MISUA PACK 12S,,,1.000,52.00,0.00,52.00,0.00,52.00,0.00,Dine in,POS 1,Route 98 - Minimart,Owner,,,,Closed
10/08/2026 22:16,1-0064,Sale,Cleaning/Laundry Supplies,10098,SPEED BAR SPECKLED BLUE,,,1.000,26.00,0.00,26.00,0.00,26.00,0.00,Dine in,POS 1,Route 98 - Minimart,Owner,,,,Closed
10/08/2026 22:16,1-0064,Sale,Cleaning/Laundry Supplies,10013,ZONROXLEMON500,,,1.000,35.50,0.00,35.50,0.00,35.50,0.00,Dine in,POS 1,Route 98 - Minimart,Owner,,,,Closed
10/08/2026 22:16,1-0064,Sale,BATH ESSENTIALS,10018,PALMOLIVE AD+SH,,,9.000,81.00,0.00,81.00,0.00,81.00,0.00,Dine in,POS 1,Route 98 - Minimart,Owner,,,,Closed
10/08/2026 20:23,1-0063,Sale,DRINKS,10129,C2 SOLO APPLE 230ML,,,1.000,17.00,0.00,17.00,0.00,17.00,0.00,Dine in,POS 1,Route 98 - Minimart,Owner,,,,Closed
10/08/2026 20:23,1-0063,Sale,DRINKS,10116,COCA COLA 1L,,,2.000,100.00,0.00,100.00,0.00,100.00,0.00,Dine in,POS 1,Route 98 - Minimart,Owner,,,,Closed
10/08/2026 20:21,1-0062,Sale,DRINKS,10107,COCA COLA 290ML,,,1.000,20.00,0.00,20.00,0.00,20.00,0.00,Dine in,POS 1,Route 98 - Minimart,Owner,,,,Closed
10/08/2026 20:21,1-0062,Sale,DRINKS,10118,MINUTE MAID 250,,,1.000,12.00,0.00,12.00,0.00,12.00,0.00,Dine in,POS 1,Route 98 - Minimart,Owner,,,,Closed
10/08/2026 20:21,1-0062,Sale,DRINKS,98000047,WILKINS PURE 500,,,1.000,15.00,0.00,15.00,0.00,15.00,0.00,Dine in,POS 1,Route 98 - Minimart,Owner,,,,Closed
10/08/2026 19:08,1-0061,Sale,ESSENTIAL OILS,10005,EFFICASCENT25,,,1.000,28.50,0.00,28.50,0.00,28.50,0.00,Dine in,POS 1,Route 98 - Minimart,Owner,,,,Closed
10/08/2026 15:32,1-0060,Sale,DRINKS,10118,MINUTE MAID 250,,,1.000,12.00,0.00,12.00,0.00,12.00,0.00,Dine in,POS 1,Route 98 - Minimart,Owner,,,,Closed
10/08/2026 14:50,1-0059,Sale,DRINKS,10112,NUTRIBOOST CHOCO 110,,,1.000,15.00,0.00,15.00,0.00,15.00,0.00,Dine in,POS 1,Route 98 - Minimart,Owner,,,,Closed
10/08/2026 11:28,1-0058,Sale,DRINKS,10188,NATURE'S SPRING PURE 1000ML,,,1.000,30.00,0.00,30.00,0.00,30.00,0.00,Dine in,POS 1,Route 98 - Minimart,Owner,,,,Closed
10/08/2026 11:28,1-0058,Sale,DRINKS,10107,COCA COLA 290ML,,,1.000,20.00,0.00,20.00,0.00,20.00,0.00,Dine in,POS 1,Route 98 - Minimart,Owner,,,,Closed
10/08/2026 09:27,1-0057,Sale,DRINKS,10116,COCA COLA 1L,,,1.000,50.00,0.00,50.00,0.00,50.00,0.00,Dine in,POS 1,Route 98 - Minimart,Owner,,,,Closed
09/08/2026 21:10,1-0056,Sale,DRINKS,98000048,WILKINS PURE 1L,,,1.000,30.00,0.00,30.00,0.00,30.00,0.00,Dine in,POS 1,Route 98 - Minimart,Owner,,,,Closed
09/08/2026 21:10,1-0056,Sale,DRINKS,10129,C2 SOLO APPLE 230ML,,,1.000,17.00,0.00,17.00,0.00,17.00,0.00,Dine in,POS 1,Route 98 - Minimart,Owner,,,,Closed
09/08/2026 21:09,1-0055,Sale,SNACKS,10150,RICHEE,,,2.000,20.00,0.00,20.00,0.00,20.00,0.00,Dine in,POS 1,Route 98 - Minimart,Owner,,,,Closed
09/08/2026 21:09,1-0055,Sale,DRINKS,10109,COCA COLA 190ML,,,1.000,15.00,0.00,15.00,0.00,15.00,0.00,Dine in,POS 1,Route 98 - Minimart,Owner,,,,Closed
09/08/2026 21:09,1-0055,Sale,DRINKS,10117,ROYAL 190,,,1.000,15.00,0.00,15.00,0.00,15.00,0.00,Dine in,POS 1,Route 98 - Minimart,Owner,,,,Closed
09/08/2026 19:42,1-0054,Sale,SNACKS,10150,RICHEE,,,1.000,10.00,0.00,10.00,0.00,10.00,0.00,Dine in,POS 1,Route 98 - Minimart,Owner,,,,Closed
09/08/2026 19:42,1-0054,Sale,SNACKS,10138,CHEEZ IT,,,1.000,9.00,0.00,9.00,0.00,9.00,0.00,Dine in,POS 1,Route 98 - Minimart,Owner,,,,Closed
09/08/2026 18:02,1-0053,Sale,DRINKS,98000047,WILKINS PURE 500,,,2.000,30.00,0.00,30.00,0.00,30.00,0.00,Dine in,POS 1,Route 98 - Minimart,Owner,,,,Closed
09/08/2026 18:02,1-0053,Sale,DRINKS,10109,COCA COLA 190ML,,,3.000,45.00,0.00,45.00,0.00,45.00,0.00,Dine in,POS 1,Route 98 - Minimart,Owner,,,,Closed
09/08/2026 18:02,1-0053,Sale,SNACKS,10156,PEEWEE PZZA SUPREME,,,1.000,10.00,0.00,10.00,0.00,10.00,0.00,Dine in,POS 1,Route 98 - Minimart,Owner,,,,Closed
09/08/2026 18:02,1-0053,Sale,SNACKS,10148,MR. CHIPS  NACHO CHEEZE 4G,,,1.000,10.00,0.00,10.00,0.00,10.00,0.00,Dine in,POS 1,Route 98 - Minimart,Owner,,,,Closed
09/08/2026 18:02,1-0053,Sale,SNACKS,10157,SWEETCHILI CHPS BBQ,,,1.000,12.00,0.00,12.00,0.00,12.00,0.00,Dine in,POS 1,Route 98 - Minimart,Owner,,,,Closed
09/08/2026 18:02,1-0053,Sale,SNACKS,10153,DINGDONG MIXED NUTS 100G,,,1.000,28.00,0.00,28.00,0.00,28.00,0.00,Dine in,POS 1,Route 98 - Minimart,Owner,,,,Closed
09/08/2026 18:02,1-0053,Sale,SNACKS,10152,MOBY CARAMEL,,,1.000,10.00,0.00,10.00,0.00,10.00,0.00,Dine in,POS 1,Route 98 - Minimart,Owner,,,,Closed
09/08/2026 18:02,1-0053,Sale,DRINKS,98000047,WILKINS PURE 500,,,1.000,15.00,0.00,15.00,0.00,15.00,0.00,Dine in,POS 1,Route 98 - Minimart,Owner,,,,Closed
09/08/2026 18:02,1-0053,Sale,DRINKS,10107,COCA COLA 290ML,,,2.000,40.00,0.00,40.00,0.00,40.00,0.00,Dine in,POS 1,Route 98 - Minimart,Owner,,,,Closed
09/08/2026 15:21,1-0052,Sale,DRINKS,10109,COCA COLA 190ML,,,1.000,15.00,0.00,15.00,0.00,15.00,0.00,Dine in,POS 1,Route 98 - Minimart,Owner,,,,Closed
09/08/2026 15:21,1-0052,Sale,DRINKS,10112,NUTRIBOOST CHOCO 110,,,2.000,30.00,0.00,30.00,0.00,30.00,0.00,Dine in,POS 1,Route 98 - Minimart,Owner,,,,Closed
09/08/2026 15:16,1-0051,Sale,SNACKS,10157,SWEETCHILI CHPS BBQ,,,1.000,12.00,0.00,12.00,0.00,12.00,0.00,Dine in,POS 1,Route 98 - Minimart,Owner,,,,Closed
09/08/2026 14:56,1-0050,Sale,DRINKS,98000047,WILKINS PURE 500,,,1.000,15.00,0.00,15.00,0.00,15.00,0.00,Dine in,POS 1,Route 98 - Minimart,Owner,,,,Closed
09/08/2026 14:47,1-0049,Sale,SNACKS,10143,CHIPPY BBQ 25G,,,1.000,10.00,0.00,10.00,0.00,10.00,0.00,Dine in,POS 1,Route 98 - Minimart,Owner,,,,Closed
09/08/2026 14:43,1-0048,Sale,DRINKS,98000047,WILKINS PURE 500,,,1.000,15.00,0.00,15.00,0.00,15.00,0.00,Dine in,POS 1,Route 98 - Minimart,Owner,,,,Closed
09/08/2026 14:38,1-0047,Sale,DRINKS,98000046,COCA COLA 1.75L,,,1.000,75.00,0.00,75.00,0.00,75.00,0.00,Dine in,POS 1,Route 98 - Minimart,Owner,,,,Closed
09/08/2026 14:35,1-0046,Sale,DRINKS,10109,COCA COLA 190ML,,,1.000,15.00,0.00,15.00,0.00,15.00,0.00,Dine in,POS 1,Route 98 - Minimart,Owner,,,,Closed
09/08/2026 14:35,1-0046,Sale,DRINKS,98000047,WILKINS PURE 500,,,1.000,15.00,0.00,15.00,0.00,15.00,0.00,Dine in,POS 1,Route 98 - Minimart,Owner,,,,Closed
09/08/2026 12:47,1-0045,Sale,SNACKS,10149,NOVA COUNTRY CHEDDAR 20G,,,1.000,8.00,0.00,8.00,0.00,8.00,0.00,Dine in,POS 1,Route 98 - Minimart,Owner,,,,Closed
09/08/2026 12:17,1-0044,Sale,DRINKS,10107,COCA COLA 290ML,,,1.000,20.00,0.00,20.00,0.00,20.00,0.00,Dine in,POS 1,Route 98 - Minimart,Owner,,,,Closed
09/08/2026 11:25,1-0043,Sale,DRINKS,98000047,WILKINS PURE 500,,,1.000,15.00,0.00,15.00,0.00,15.00,0.00,Dine in,POS 1,Route 98 - Minimart,Owner,,,,Closed
09/08/2026 10:09,1-0042,Sale,DRINKS,10118,MINUTE MAID 250,,,1.000,12.00,0.00,12.00,0.00,12.00,0.00,Dine in,POS 1,Route 98 - Minimart,Owner,,,,Closed
09/08/2026 10:06,1-0041,Sale,DRINKS,10113,NUTRIBOOST STRWBRRY 110,,,1.000,15.00,0.00,15.00,0.00,15.00,0.00,Dine in,POS 1,Route 98 - Minimart,Owner,,,,Closed
08/08/2026 23:35,1-0040,Sale,DRINKS,10084,RED HORSE LITRO,,,1.000,140.00,0.00,140.00,120.00,20.00,0.00,Dine in,POS 1,Route 98 - Minimart,Owner,,,,Closed
08/08/2026 23:07,1-0039,Sale,SNACKS,10150,RICHEE,,,1.000,10.00,0.00,10.00,0.00,10.00,0.00,Dine in,POS 1,Route 98 - Minimart,Owner,,,,Closed
08/08/2026 23:06,1-0038,Sale,DRINKS,98000046,COCA COLA 1.75L,,,2.000,150.00,0.00,150.00,0.00,150.00,0.00,Dine in,POS 1,Route 98 - Minimart,Owner,,,,Closed
08/08/2026 23:02,1-0037,Sale,DRINKS,10107,COCA COLA 290ML,,,1.000,20.00,0.00,20.00,0.00,20.00,0.00,Dine in,POS 1,Route 98 - Minimart,Owner,,,,Closed
08/08/2026 22:53,1-0036,Sale,DRINKS,98000048,WILKINS PURE 1L,,,5.000,150.00,0.00,150.00,0.00,150.00,0.00,Dine in,POS 1,Route 98 - Minimart,Owner,,,,Closed
08/08/2026 22:53,1-0036,Sale,DRINKS,10111,LIFT BERRY BOLT 320,,,3.000,54.00,0.00,54.00,0.00,54.00,0.00,Dine in,POS 1,Route 98 - Minimart,Owner,,,,Closed
08/08/2026 22:51,1-0035,Sale,SNACKS,10156,PEEWEE PZZA SUPREME,,,2.000,20.00,0.00,20.00,0.00,20.00,0.00,Dine in,POS 1,Route 98 - Minimart,Owner,,,,Closed
08/08/2026 22:51,1-0035,Sale,DRINKS,10084,RED HORSE LITRO,,,1.000,140.00,0.00,140.00,120.00,20.00,0.00,Dine in,POS 1,Route 98 - Minimart,Owner,,,,Closed
08/08/2026 22:36,1-0034,Sale,SNACKS,10156,PEEWEE PZZA SUPREME,,,1.000,10.00,0.00,10.00,0.00,10.00,0.00,Dine in,POS 1,Route 98 - Minimart,Owner,,,,Closed
08/08/2026 22:36,1-0034,Sale,DRINKS,98000048,WILKINS PURE 1L,,,1.000,30.00,0.00,30.00,0.00,30.00,0.00,Dine in,POS 1,Route 98 - Minimart,Owner,,,,Closed
08/08/2026 22:36,1-0034,Sale,SNACKS,10136,OISHI PRAWN CRACKERS  NATURAL  24G,,,1.000,10.00,0.00,10.00,0.00,10.00,0.00,Dine in,POS 1,Route 98 - Minimart,Owner,,,,Closed
08/08/2026 22:26,1-0033,Sale,DRINKS,10084,RED HORSE LITRO,,,1.000,140.00,0.00,140.00,120.00,20.00,0.00,Dine in,POS 1,Route 98 - Minimart,Owner,,,,Closed
08/08/2026 22:26,1-0033,Sale,SNACKS,98000071,MANG JUAN SUKAT SILI 26G,,,2.000,20.00,0.00,20.00,0.00,20.00,0.00,Dine in,POS 1,Route 98 - Minimart,Owner,,,,Closed
08/08/2026 22:21,1-0032,Sale,DRINKS,98000047,WILKINS PURE 500,,,1.000,15.00,0.00,15.00,0.00,15.00,0.00,Dine in,POS 1,Route 98 - Minimart,Owner,,,,Closed
08/08/2026 22:18,1-0031,Sale,DRINKS,98000048,WILKINS PURE 1L,,,1.000,30.00,0.00,30.00,0.00,30.00,0.00,Dine in,POS 1,Route 98 - Minimart,Owner,,,,Closed
08/08/2026 22:13,1-0030,Sale,DRINKS,98000047,WILKINS PURE 500,,,1.000,15.00,0.00,15.00,0.00,15.00,0.00,Dine in,POS 1,Route 98 - Minimart,Owner,,,,Closed
08/08/2026 21:49,1-0029,Sale,DRINKS,10084,RED HORSE LITRO,,,1.000,140.00,0.00,140.00,120.00,20.00,0.00,Dine in,POS 1,Route 98 - Minimart,Owner,,,,Closed
08/08/2026 21:48,1-0028,Sale,DRINKS,10084,RED HORSE LITRO,,,1.000,140.00,0.00,140.00,120.00,20.00,0.00,Dine in,POS 1,Route 98 - Minimart,Owner,,,,Cancelled
08/08/2026 21:47,1-0027,Sale,SNACKS,10151,PTATO FRS,,,1.000,10.00,0.00,10.00,0.00,10.00,0.00,Dine in,POS 1,Route 98 - Minimart,Owner,,,,Closed
08/08/2026 21:42,1-0026,Sale,SNACKS,10151,PTATO FRS,,,1.000,10.00,0.00,10.00,0.00,10.00,0.00,Dine in,POS 1,Route 98 - Minimart,Owner,,,,Closed
08/08/2026 21:42,1-0026,Sale,SNACKS,10159,SPRCRNCH CHEESE,,,1.000,12.00,0.00,12.00,0.00,12.00,0.00,Dine in,POS 1,Route 98 - Minimart,Owner,,,,Closed
08/08/2026 21:36,1-0025,Sale,DRINKS,98000048,WILKINS PURE 1L,,,1.000,30.00,0.00,30.00,0.00,30.00,0.00,Dine in,POS 1,Route 98 - Minimart,Owner,,,,Closed
08/08/2026 21:02,1-0024,Sale,DRINKS,10084,RED HORSE LITRO,,,1.000,140.00,0.00,140.00,120.00,20.00,0.00,Dine in,POS 1,Route 98 - Minimart,Owner,,,,Closed
08/08/2026 21:02,1-0024,Sale,DRINKS,10129,C2 SOLO APPLE 230ML,,,1.000,17.00,0.00,17.00,0.00,17.00,0.00,Dine in,POS 1,Route 98 - Minimart,Owner,,,,Closed
08/08/2026 21:01,1-0023,Sale,DRINKS,10084,RED HORSE LITRO,,,1.000,140.00,0.00,140.00,120.00,20.00,0.00,Dine in,POS 1,Route 98 - Minimart,Owner,,,,Cancelled
08/08/2026 21:01,1-0023,Sale,DRINKS,10129,C2 SOLO APPLE 230ML,,,1.000,17.00,0.00,17.00,0.00,17.00,0.00,Dine in,POS 1,Route 98 - Minimart,Owner,,,,Cancelled
08/08/2026 20:35,1-0022,Sale,DRINKS,10129,C2 SOLO APPLE 230ML,,,1.000,17.00,0.00,17.00,0.00,17.00,0.00,Dine in,POS 1,Route 98 - Minimart,Owner,,,,Closed
08/08/2026 20:14,1-0021,Sale,DRINKS,98000048,WILKINS PURE 1L,,,1.000,30.00,0.00,30.00,0.00,30.00,0.00,Dine in,POS 1,Route 98 - Minimart,Owner,,,,Closed
08/08/2026 20:12,1-0020,Sale,DRINKS,10129,C2 SOLO APPLE 230ML,,,1.000,17.00,0.00,17.00,0.00,17.00,0.00,Dine in,POS 1,Route 98 - Minimart,Owner,,,,Closed
08/08/2026 20:12,1-0020,Sale,DRINKS,98000048,WILKINS PURE 1L,,,1.000,30.00,0.00,30.00,0.00,30.00,0.00,Dine in,POS 1,Route 98 - Minimart,Owner,,,,Closed
08/08/2026 20:06,1-0019,Sale,DRINKS,10085,SM FLAVORED BEER APPLE,,,2.000,106.00,0.00,106.00,82.00,24.00,0.00,Dine in,POS 1,Route 98 - Minimart,Owner,,,,Closed
08/08/2026 20:02,1-0018,Sale,DRINKS,10085,SM FLAVORED BEER APPLE,,,1.000,53.00,0.00,53.00,41.00,12.00,0.00,Dine in,POS 1,Route 98 - Minimart,Owner,,,,Closed
08/08/2026 20:02,1-0018,Sale,FOOD,10128,NESCAFE ORIGINAL TWIN PACK,,,4.000,60.00,0.00,60.00,0.00,60.00,0.00,Dine in,POS 1,Route 98 - Minimart,Owner,,,,Closed
08/08/2026 20:02,1-0018,Sale,FOOD,10127,NESCAFE CREAMY WHITE TWIN PACK,,,4.000,60.00,0.00,60.00,0.00,60.00,0.00,Dine in,POS 1,Route 98 - Minimart,Owner,,,,Closed
08/08/2026 20:02,1-0018,Sale,DRINKS,98000048,WILKINS PURE 1L,,,1.000,30.00,0.00,30.00,0.00,30.00,0.00,Dine in,POS 1,Route 98 - Minimart,Owner,,,,Closed
08/08/2026 19:58,1-0017,Sale,FOOD,10126,SAN MARINO SPANISH STYLE TUNA,,,1.000,45.00,0.00,45.00,0.00,45.00,0.00,Dine in,POS 1,Route 98 - Minimart,Owner,,,,Closed
08/08/2026 18:53,1-0016,Sale,FEMININE CARE,10033,SISTERS NIGHT PLUS W/ WINGS 8PCS,,,1.000,40.00,0.00,40.00,0.00,40.00,0.00,,POS 1,Route 98 - Minimart,Owner,,,,Cancelled
08/08/2026 18:49,1-0015,Sale,FEMININE CARE,10033,SISTERS NIGHT PLUS W/ WINGS 8PCS,,,1.000,40.00,0.00,40.00,0.00,40.00,0.00,Dine in,POS 1,Route 98 - Minimart,Owner,,,,Cancelled
08/08/2026 15:47,1-0014,Sale,FEMININE CARE,10032,SISTERS DRY MAXI 8,,,1.000,28.00,0.00,28.00,0.00,28.00,0.00,Dine in,POS 1,Route 98 - Minimart,Owner,,,,Cancelled
08/08/2026 15:43,1-0013,Sale,FEMININE CARE,10032,SISTERS DRY MAXI 8,,,1.000,28.00,0.00,28.00,0.00,28.00,0.00,Dine in,POS 1,Route 98 - Minimart,Owner,,,,Cancelled
08/08/2026 12:44,1-0012,Sale,FOOD,10039,ODONG PACK,,,1.000,40.00,0.00,40.00,0.00,40.00,0.00,Dine in,POS 1,Route 98 - Minimart,Owner,,,,Cancelled
08/08/2026 12:43,1-0011,Sale,FEMININE CARE,10032,SISTERS DRY MAXI 8,,,1.000,28.00,0.00,28.00,0.00,28.00,0.00,Dine in,POS 1,Route 98 - Minimart,Owner,,,,Cancelled
08/08/2026 12:42,1-0010,Sale,FEMININE CARE,10032,SISTERS DRY MAXI 8,,,1.000,28.00,0.00,28.00,0.00,28.00,0.00,Dine in,POS 1,Route 98 - Minimart,Owner,,,,Cancelled
08/08/2026 12:36,1-0009,Sale,FEMININE CARE,10032,SISTERS DRY MAXI 8,,,1.000,28.00,0.00,28.00,0.00,28.00,0.00,Dine in,POS 1,Route 98 - Minimart,Owner,,,,Cancelled
08/08/2026 12:35,1-0008,Sale,FEMININE CARE,10032,SISTERS DRY MAXI 8,,,1.000,28.00,0.00,28.00,0.00,28.00,0.00,Dine in,POS 1,Route 98 - Minimart,Owner,,,,Cancelled
08/08/2026 03:06,1-0007,Sale,BATH ESSENTIALS,980000034,HEAD& SHOULDERS(SMOOTH & SILKY),,,1.000,9.00,0.00,9.00,0.00,9.00,0.00,Dine in,POS 1,Route 98 - Minimart,Owner,,,,Cancelled
08/08/2026 03:06,1-0007,Sale,BATH ESSENTIALS,10022,REJOICE 4W,,,1.000,11.00,0.00,11.00,0.00,11.00,0.00,Dine in,POS 1,Route 98 - Minimart,Owner,,,,Cancelled
08/08/2026 03:06,1-0007,Sale,FOOD,10066,SAN MARINO CORNED TUNA,,,1.000,44.00,0.00,44.00,0.00,44.00,0.00,Dine in,POS 1,Route 98 - Minimart,Owner,,,,Cancelled
08/08/2026 03:06,1-0007,Sale,FOOD,10068,SENORITA DRY PEAS,,,1.000,28.00,0.00,28.00,0.00,28.00,0.00,Dine in,POS 1,Route 98 - Minimart,Owner,,,,Cancelled
08/08/2026 03:06,1-0007,Sale,FOOD,10061,SILVER SWAN SOY SAUCE 1L,,,1.000,56.00,0.00,56.00,0.00,56.00,0.00,Dine in,POS 1,Route 98 - Minimart,Owner,,,,Cancelled
08/08/2026 03:06,1-0007,Sale,FOOD,10062,SILVER SWAN SUKA 1L,,,1.000,45.00,0.00,45.00,0.00,45.00,0.00,Dine in,POS 1,Route 98 - Minimart,Owner,,,,Cancelled
08/08/2026 03:06,1-0007,Sale,FOOD,10038,SILVER SWAN SOY SAUCE 25ML,,,1.000,3.00,0.00,3.00,0.00,3.00,0.00,Dine in,POS 1,Route 98 - Minimart,Owner,,,,Cancelled
08/08/2026 03:06,1-0007,Sale,FOOD,10062,SILVER SWAN SUKA 1L,,,2.000,90.00,0.00,90.00,0.00,90.00,0.00,Dine in,POS 1,Route 98 - Minimart,Owner,,,,Cancelled
30/07/2026 21:57,1-0006,Sale,,10002,i love you,,,1.000,143.00,0.00,143.00,0.00,143.00,0.00,Dine in,POS 1,Route 98 - Minimart,Owner,,,,Cancelled
30/07/2026 21:47,1-0005,Sale,Cleaning/Laundry Supplies,10001,CASINO ALCOHOL,,,1.000,55.00,0.00,55.00,40.00,15.00,0.00,Dine in,POS 1,Route 98 - Minimart,Owner,,,,Cancelled
30/07/2026 21:47,1-0005,Sale,Cleaning/Laundry Supplies,10000,Zonrox,,,1.000,50.00,0.00,50.00,40.00,10.00,0.00,Dine in,POS 1,Route 98 - Minimart,Owner,,,,Cancelled
30/07/2026 21:42,1-0004,Sale,Cleaning/Laundry Supplies,10000,Zonrox,,,2.000,100.00,0.00,100.00,80.00,20.00,0.00,Dine in,POS 1,Route 98 - Minimart,Owner,,,,Cancelled
26/07/2026 20:57,1-0003,Sale,Cleaning/Laundry Supplies,10000,Zonrox,,,31.000,1550.00,0.00,1550.00,1240.00,310.00,0.00,Dine in,POS 1,Route 98 - Minimart,Owner,,,,Cancelled
26/07/2026 20:57,1-0002,Sale,Cleaning/Laundry Supplies,10000,Zonrox,,,12.000,600.00,0.00,600.00,480.00,120.00,0.00,Dine in,POS 1,Route 98 - Minimart,Owner,,,,Cancelled
26/07/2026 20:57,1-0001,Sale,Cleaning/Laundry Supplies,10000,Zonrox,,,3.000,150.00,0.00,150.00,120.00,30.00,0.00,Dine in,POS 1,Route 98 - Minimart,Owner,,,,Cancelled
